Temperature [K]	Pressure [Pa]	Height [m]	Kzz [cm2/s]	MMW [g/mol]	Density [kg/m3]	OH [VMR]	H2 [VMR]	H2O [VMR]	H [VMR]	O [VMR]	CH [VMR]	C [VMR]	CH2 [VMR]	CH3 [VMR]	CH4 [VMR]	C2 [VMR]	C2H2 [VMR]	C2H [VMR]	C2H3 [VMR]	C2H4 [VMR]	C2H5 [VMR]	C2H6 [VMR]	CO [VMR]	CO2 [VMR]	CH2OH [VMR]	H2CO [VMR]	HCO [VMR]	CH3O [VMR]	CH3OH [VMR]	CH3CO [VMR]	O2 [VMR]	H2CCO [VMR]	HCCO [VMR]	N [VMR]	NH [VMR]	CN [VMR]	HCN [VMR]	NO [VMR]	NH2 [VMR]	N2 [VMR]	NH3 [VMR]	N2H2 [VMR]	N2H [VMR]	N2H3 [VMR]	N2H4 [VMR]	HNO [VMR]	H2CN [VMR]	HNCO [VMR]	NO2 [VMR]	N2O [VMR]	C4H2 [VMR]	CH2NH2 [VMR]	CH2NH [VMR]	CH3NH2 [VMR]	CH3CHO [VMR]	HNO2 [VMR]	NCO [VMR]	HO2 [VMR]	H2O2 [VMR]	HC3N [VMR]	CH3CN [VMR]	CH2CN [VMR]	C2H3CN [VMR]	SH [VMR]	HSO [VMR]	H2S [VMR]	C3H3 [VMR]	C3H2 [VMR]	C3H4 [VMR]	C6H5 [VMR]	C6H6 [VMR]	S [VMR]	S2 [VMR]	SO [VMR]	CS [VMR]	COS [VMR]	CS2 [VMR]	NS [VMR]	HS2 [VMR]	SO2 [VMR]	S4 [VMR]	S8 [VMR]	HCS [VMR]	S3 [VMR]	C4H3 [VMR]	C4H5 [VMR]	S2O [VMR]	CH3SH [VMR]	CH3S [VMR]	O_1 [VMR]	CH2_1 [VMR]	N_2D [VMR]	He [VMR]	S8_l_s [VMR]
1734.873283	825629962.489999	0.0	243491.09301633167	30.399264566450555	1740.0861217524612	2.3882958882444774e-06	0.0092504053665336	0.4988702285933988	6.809026049546788e-07	1.2020259462042728e-10	4.2237218386051083e-19	9.066507502236623e-21	1.6898367899399736e-15	1.863714022065917e-11	1.2409941422928884e-08	4.538367031268887e-26	2.9993644645198575e-14	1.4542846861629872e-20	3.4352908126499973e-18	8.677789905361537e-15	1.6388281542927757e-18	1.2400843935903235e-16	0.0293026018221819	0.4441325024986926	4.042476826771792e-12	9.53631162148743e-08	1.159338400876376e-08	2.719000299683489e-13	2.4005146245833477e-10	4.760563590873303e-15	2.894974154241455e-09	1.3420367032961022e-11	2.291821082157641e-15	5.594519686003766e-15	2.7742597661837413e-13	1.0598623244778853e-15	1.275618776664069e-09	6.394766542760394e-09	8.362672620308147e-11	0.0002141324673472	3.635939930409887e-07	6.93227360573942e-16	1.8171983183411238e-13	2.004066218895976e-18	1.4451116160800692e-17	5.653352250802061e-12	5.8421405298745015e-15	1.993152572982822e-08	6.28247466103444e-14	1.763748170708487e-13	1.6796874915774895e-26	1.2635114067949649e-17	6.073857516012951e-14	2.889717416166066e-16	4.4825926790866895e-14	7.599003782157968e-13	5.18174636531629e-13	1.2899213767353305e-11	5.268276279293885e-10	3.5400727766686595e-22	2.6925585110152816e-16	1.0551977479756717e-17	9.579379143560924e-23	3.801194223840597e-05	3.2638395943374035e-06	0.0047689438097427	3.7543441052635313e-22	8.2245256611545e-25	1.670609913858542e-21	0.0	0.0	1.888970252592429e-07	0.000161198121139	7.729860519338362e-05	1.420849868795881e-09	0.0006359553759106	1.3287543587176509e-07	6.864078991158247e-10	1.592677001881507e-05	0.0124847769679463	5.324299814790001e-10	4.451344841012154e-18	1.506991484144767e-11	6.686084523978427e-07	9.70035287590352e-31	9.93301390089888e-30	4.017706625643546e-05	3.351854859544973e-11	1.0264218239009222e-12	1.3638347151729726e-16	5.347637945734592e-17	1.1785810487309229e-17	0.0	0.0
1367.9713531084149	434960417.0534191	1074542.0673341786	735400.9286820522	30.639310232630116	1171.7681721013944	2.1501285120714222e-08	0.0052359417672828	0.4994089966647448	1.0759524845117308e-08	3.4001774571410604e-14	8.684055008060192e-24	3.390281428560901e-26	9.606374817305793e-19	5.781043236963185e-13	1.3907241859929751e-08	2.688879048371147e-32	4.1979075101597916e-16	6.59879073253044e-25	8.15240094394099e-21	1.1720087385698545e-15	3.731959262656421e-20	7.049705669879369e-17	0.0099830778965531	0.4668354564789092	4.5205526075476736e-14	1.0566050564399708e-08	1.3114149505135343e-10	1.5141677902283939e-15	5.0202217783531596e-11	5.541991214624936e-17	1.5586098854213019e-12	5.786413545211404e-13	2.504902865892521e-18	5.774483183238721e-18	1.501130751701094e-15	3.0554487295785228e-18	5.852384835233402e-10	1.4846811986816662e-10	6.190282058558058e-12	0.0002153743958753	1.2753104011839682e-06	8.104062719430357e-18	9.74929156046033e-16	2.1769497960873494e-20	7.743406273549088e-18	6.237442905878982e-14	2.265543115893765e-16	1.677929765796604e-08	7.067835947961508e-17	7.683010734020878e-16	4.6185945941453535e-30	8.28369718205978e-19	2.273735495899746e-14	2.624062515792262e-16	5.8938078999578415e-15	3.759643210868665e-15	6.984788639958493e-15	3.261155623052056e-15	1.180187075155541e-12	2.3380222569927995e-24	1.61314303869754e-16	3.34992630391213e-19	1.0152513849206985e-23	8.026444949332882e-06	2.531605868729606e-07	0.0123097203425754	3.7053205759062987e-25	1.117868018543184e-28	2.0128014545956816e-23	2.167945910145888e-37	3.0459066135292025e-32	5.351305535327307e-09	0.0002191601891809	6.356228502150255e-06	5.704937384938879e-11	0.0009958995833421	2.771711854675881e-07	9.882270304320915e-11	1.9609627317339914e-05	0.0047302364150235	4.392747597791091e-09	1.952842219263913e-15	3.264724959970396e-13	1.8521730194938288e-06	3.5601135152345456e-35	7.486845160541383e-33	2.8401773090489813e-05	3.834298065480132e-11	1.361271103559934e-13	1.1478476988562409e-21	1.531520293236924e-20	1.2618664661489431e-22	0.0	0.0
1127.622283812033	229146921.742894	1918058.945031405	671297.4019551369	30.743561133775298	751.4403810227312	2.037336034724356e-10	0.0025250215598996	0.5000380604246641	1.5602346730656095e-10	1.0878442400378504e-17	1.0284572674425674e-28	7.798827702097051e-32	3.2092276814489263e-22	1.038148395183031e-14	8.86754714562177e-09	7.935423772602831e-39	2.8069132140547695e-18	1.4722014397381284e-29	8.372504260276801e-24	6.674682669642477e-17	3.282812203883788e-22	1.4932464840500016e-17	0.0026685337028203	0.4760186466251809	3.140453026226516e-16	7.958996813386781e-10	1.0575006765292632e-12	5.467263409780455e-18	6.287040281531267e-12	3.135291266911555e-19	1.1217948137681225e-15	1.2928375261484192e-14	1.4389830672308586e-21	3.0558939812114003e-21	3.839896176861578e-18	2.9952332893377384e-21	8.981610107215261e-11	2.121372292249116e-12	2.0405776837881801e-13	0.000215801428412	1.9031183907077973e-06	1.9669032102940412e-19	4.656052302375935e-18	4.90177786528751e-22	8.927209179472941e-19	3.95446924921728e-16	2.6704990900927682e-18	5.664529165796411e-09	5.775625948148739e-20	3.043953224151435e-18	5.986815393262731e-34	1.616215221274917e-20	2.464907311459548e-15	6.787409943895529e-17	3.534293087330807e-16	1.2835829674444261e-17	3.978489845900997e-17	1.011324821536865e-18	3.0756156408391177e-15	7.205460242058653e-21	2.1558380737307586e-17	2.4885924326807857e-21	1.7650329793654417e-25	9.0961424625844e-07	1.2541940963167136e-08	0.0161592366866382	1.1914350321076469e-28	5.12471391111649e-33	7.539943109308549e-26	6.564879689243977e-35	5.886989102833217e-28	8.760360061567624e-11	0.0001038082111212	3.593283137139752e-07	8.773490757088969e-13	0.0007531769697221	1.3864898815742128e-07	4.4037204471094695e-12	7.818093656963163e-06	0.0014971838403709	4.5917180701493076e-09	1.6809764882654837e-14	2.4943801051797468e-15	1.0600488398245455e-06	5.586252896987752e-40	1.3475196189082444e-36	8.3086703499966e-06	1.4564951117020512e-11	6.432039525505037e-15	1.0625011386794198e-26	2.5644742789979363e-24	7.163827900579995e-28	0.0	0.0
959.4554327214342	120719747.55761562	2612865.090136148	379093.745104979	30.77828152127179	465.7875325290636	2.002364164962973e-12	0.0011936037413414	0.5004517609660937	2.31085396086532e-12	3.7554765657897694e-21	2.220936880696725e-33	1.9927652609749336e-37	3.138955235667025e-24	8.203744911307947e-15	2.455369486470798e-07	4.694662879578889e-42	3.626005500392411e-17	6.513772652033167e-31	1.7397490237363384e-23	7.581699721648788e-15	5.7107498055698006e-21	6.153825959692923e-15	0.0006869779435195	0.4788155285744543	4.0215148118696265e-18	5.7941125468819636e-11	8.206131856907935e-15	5.891367700330059e-20	1.93862640412379e-12	7.78992265591965e-20	9.123057305830245e-19	1.2667321536439062e-14	1.7048684698885726e-23	1.3586775243668615e-24	7.71959842216786e-21	2.1383995994245947e-24	2.4237628964259e-11	2.5195735009321976e-14	4.686949811632584e-15	0.0002160363493889	1.9272728498654744e-06	7.644812342621641e-21	2.2259452093762036e-20	9.906424018336265e-24	5.0560737822188936e-20	2.0506188035303736e-18	5.485311173134964e-20	1.3266234326372986e-09	4.212470462329069e-23	1.3693519426110338e-20	1.7819049076570556e-31	9.937732760214971e-21	4.961315233093458e-16	5.440374512682637e-16	9.05586641988913e-16	3.819174062169297e-20	1.6235185047247033e-19	3.480930534584906e-22	8.607794775808321e-18	1.179397011878422e-24	2.2962969291577057e-16	1.5093230553966388e-21	8.374744568681273e-24	8.772732616457193e-08	5.634754524675364e-10	0.0176654601669404	3.360167682728581e-27	1.8472620289312856e-32	2.4293535388453302e-23	3.847903631559335e-34	2.1601909034686025e-25	1.2565973354297537e-12	3.637718096874073e-05	1.8621493993825183e-08	1.0593221346255752e-14	0.0004791665670452	4.722194973794021e-08	1.403599236583602e-13	2.280219211829551e-06	0.000448202136267	2.6709194423489044e-09	5.043080736708521e-14	1.4740987852576166e-17	3.862450363890414e-07	1.983337241544905e-38	8.506206223931983e-34	1.8886719542741523e-06	2.0621606116238588e-10	1.1670301953175492e-14	1.0697176924956463e-31	1.455094011702662e-26	3.495277712479535e-33	0.0	0.0
835.9378568642411	63597875.71890598	3204682.493023924	152075.5721349977	30.71824187635453	281.0961852201195	6.127185118456286e-14	0.0007161593083228	0.5072334961439472	1.3580912423141126e-13	6.016150106446243e-23	1.6543155606594584e-35	4.860439667271325e-42	4.591670321239382e-26	7.696517857162498e-16	2.607660759712425e-07	2.1029270768600719e-47	3.732447701363209e-19	7.056120596477191e-35	3.41414741821128e-26	2.6341639419980283e-16	1.1640480484165598e-22	9.639702167821284e-16	0.0070187569586857	0.4662093972907888	4.582505909386768e-18	2.295192223717729e-10	9.742189863097596e-15	1.4487811601060234e-20	1.1910624805512615e-11	9.258140802849256e-20	1.1941860543310473e-18	1.4660709087891956e-14	6.394787654442547e-24	4.071741708753805e-26	1.0889086640586717e-22	2.8761645883908616e-24	4.033804495249232e-12	4.894322157111207e-16	3.299204252139736e-16	0.0002156147681954	1.920093113493569e-06	2.6322958720093457e-21	4.15467390079767e-22	5.381694379599271e-24	2.59823438965766e-20	6.026837399311566e-20	2.6423117948086457e-21	5.1858034674418455e-09	2.5770663148542133e-24	1.2710386547895067e-20	1.2144178352613888e-32	4.185173307665573e-21	4.1999464883381487e-17	9.753608800827625e-16	3.847962315733029e-15	5.650169396642761e-22	3.361052181052631e-20	4.198612026898754e-23	2.255260451681236e-19	3.118838609835671e-26	1.0335373647408379e-17	1.1667709715617513e-23	1.165272448797119e-24	1.3941218166747644e-08	4.471519686540685e-09	0.0103491577295562	3.715011850530851e-29	1.5141172076812218e-35	9.973669016260292e-25	7.321667431049277e-28	3.072641786042863e-23	9.131527442099913e-14	2.977693222742959e-05	4.438003457125443e-08	5.5431935471051654e-17	0.0058173568035861	3.274541014027015e-09	1.4678908068750933e-14	5.199649783130082e-07	0.0024035095079608	8.448809332663869e-09	4.735164541886383e-12	1.2734064499825039e-20	1.5802882397068558e-07	6.085429828526482e-40	5.144399166466849e-37	3.835697220842944e-06	5.4055298673974696e-11	1.2079706536536634e-15	3.4516471039351893e-35	7.948801238547697e-29	3.860629488452855e-37	0.0	0.0
737.4757155735028	33504790.04296303	3722275.0693576857	39493.17243986149	30.550634639782636	166.94345340127919	1.921539688869543e-15	0.0064945589337902	0.4997366867539956	1.3424299635361192e-13	1.5970009643762151e-24	9.385603086999231e-37	2.286673816505101e-45	1.7515732752998286e-26	7.387599512149852e-17	2.577852568788648e-07	5.813345095545506e-53	2.199539392894892e-21	4.426656791621998e-39	1.1448953547254773e-29	4.2574289746311153e-19	3.59603037309532e-25	2.0599065305335202e-17	0.0175927542994248	0.4574342456273057	3.238891633596852e-17	2.610333921946964e-09	4.9351832578258694e-14	2.0116047011651121e-19	1.6535225239598595e-10	2.892672991097431e-20	8.208671234722925e-16	3.4927024291354224e-16	6.0817645294817545e-25	2.4902185800222917e-29	2.1511408723882518e-24	1.8262106230675583e-26	5.910855700051455e-14	7.88470304264115e-19	2.531697767538304e-17	0.0002144382782629	1.9144364103628625e-06	8.753011179961842e-23	1.2547633060114057e-22	3.998614490275522e-24	1.9746432623957325e-20	1.625201480717864e-22	2.0066452738113943e-22	3.469951468584849e-10	2.140761872739736e-26	9.528263331383082e-21	1.766514460568765e-34	2.671834903424813e-23	8.33894988524796e-19	2.3210264510187362e-17	3.278658237391382e-15	8.264810160235172e-25	1.2943086287738877e-22	5.1357243951869706e-24	7.222530175936333e-21	4.1947745527505415e-28	1.0986637046994144e-19	2.4591808610055779e-26	8.279386360440272e-27	3.864350758167016e-09	6.665497077423267e-08	0.009239725558501	1.3527022230683735e-31	1.1524912235937847e-38	1.176012334416341e-26	1.010324359207736e-36	2.1397064680911485e-25	1.3437971278197334e-14	4.331517164934233e-06	2.0137692791981105e-08	5.808967332087686e-19	0.0014046394733386	4.0300295477164586e-11	5.009639880634227e-16	1.6725779053440572e-08	0.0078686638092174	9.282064952076068e-10	6.332231533006307e-13	1.959656821782973e-23	9.66585570574797e-10	7.231228316075018e-41	3.6456867085961213e-40	7.671084863754787e-06	1.004453951078194e-12	1.0315648537825165e-17	2.105581278186083e-38	1.0892143975485e-29	6.114993217739427e-41	0.0	0.0
651.5251282703966	17651076.284130063	4182163.533603165	126963.51697187302	30.54210431973754	99.52426008473394	5.671458979409441e-17	0.0061048964904351	0.4992788530290709	1.4318710062142156e-14	5.242873940972791e-23	6.281365103014381e-40	8.3614243599454e-51	5.544721186655426e-29	7.307457683344598e-18	2.5737782821153293e-07	5.872814142743391e-59	6.3784749490082365e-24	1.0946100232792828e-43	7.642133081160404e-33	9.820346332420172e-22	4.578133101642715e-28	1.7027170649384392e-19	0.0188131950158484	0.4570646069703966	1.6853735597221091e-18	7.166395353366513e-10	1.3318988655132612e-14	1.8955807175808886e-20	3.311261031808226e-12	4.471672432459002e-21	5.503402685004008e-12	6.236816760523434e-18	1.6650541002579828e-27	7.41601887600559e-33	1.5241164157334432e-26	2.1474310326192894e-29	1.7664971990129686e-16	1.885915425935981e-21	1.9289876229603828e-18	0.0002143784007527	1.914237885522171e-06	4.520314807905075e-24	3.785786816303355e-24	1.3636131788790643e-24	8.667001858897223e-21	1.5937304277412212e-24	4.323169174464324e-25	1.0947029778303744e-11	7.247421153441286e-31	2.47551642122797e-21	5.3848348298881024e-37	7.195215781160675e-26	2.389477719853294e-21	2.0093699455627398e-19	4.784135620700672e-16	2.7335086240737757e-27	2.3218209727853866e-25	1.594820314152583e-23	1.3382207807329056e-21	1.353337873807438e-30	2.696371507472043e-22	1.3715252511823417e-29	1.8724088076929526e-29	1.511185890301902e-09	2.145569264124628e-09	0.0099433302737057	1.3042536376521284e-34	4.4463417912133344e-42	3.1276186017901316e-29	3.501853186271452e-41	1.4609090171524607e-28	3.385529320951957e-15	4.540396591439477e-06	2.7800277542908022e-09	4.135083617210218e-22	0.0004208064387403	1.3219588746078796e-13	1.5479490976758134e-17	2.236919387051761e-09	0.0081476815160301	7.057661988871782e-09	6.147861291125895e-10	1.2955370594415274e-27	1.0705701148841764e-10	2.6388426682934736e-43	3.0002295203842082e-43	5.522662896773315e-06	4.5099533944457465e-14	2.612826294756472e-19	1.1266650283658725e-38	1.4541852236237523e-32	2.8028478470207565e-45	0.0	0.0
570.0988848049443	9298983.625585085	4589157.120749322	171549.4317304789	30.541145021625994	59.91845224274793	1.1899745527627062e-18	0.0059146646068035	0.4992548333189297	1.4887843191493874e-15	2.4089583571376018e-21	1.4758252021068473e-43	9.479564100047453e-57	8.07007126076003e-33	6.72003834870432e-19	2.573612665205671e-07	8.107702707809542e-65	6.368398923930818e-26	4.944827884366807e-48	2.4537233994844643e-35	8.961340405471456e-24	1.5533318481953608e-30	3.683668329912943e-21	0.0192167888150383	0.4570455955957131	2.02371681578578e-20	2.7213034771522872e-11	4.597701357702536e-15	2.7065208126880893e-22	5.810346771388604e-14	7.774129997884178e-22	5.298315001087004e-10	1.363277390916718e-19	1.9917038830189078e-29	7.595680033720326e-36	1.9470843531274915e-28	1.498177488035599e-32	1.6003432953137005e-18	2.608269182288062e-23	1.278820580346155e-19	0.0002143716672664	1.9141884118460832e-06	1.1284007566638055e-25	9.469453811016936e-26	4.504347789615909e-26	2.573790160233109e-22	2.930688915214384e-26	4.755987761000092e-27	2.9549780920002454e-13	1.0432870946472023e-34	1.5457892148079832e-22	4.923820447822878e-39	5.595932855986317e-28	2.0389958170346254e-23	4.255513495595606e-21	1.525917091253142e-17	5.693950594036378e-29	2.912579358448115e-28	3.167808496082118e-22	8.175615225538503e-20	1.3261733617899252e-32	2.0836638109492114e-24	2.715399361531856e-32	1.5454572079051986e-31	6.931343535143617e-10	1.3430079603211235e-10	0.0101413989456848	4.8437049140367045e-37	1.1734554951047553e-43	2.5742669988027656e-31	2.4955707356820864e-45	2.6002053237722634e-31	1.4249258923916393e-15	7.266430787355085e-06	7.505431621130792e-10	3.011441530697937e-24	2.126453206005039e-05	1.474525382207969e-15	4.580618934203699e-19	6.416755795391412e-11	0.0081564388860603	2.26664352300196e-07	2.4484914544191755e-05	6.950097046319956e-31	5.0640716359123876e-12	5.44315335124093e-45	1.0287814021049824e-45	4.918684641356772e-07	3.1799372431539006e-16	1.266644537881021e-21	3.513171325905682e-39	1.077776428465517e-36	1.1969213531605386e-49	0.0	0.0
503.1039281479969	4898913.532351845	4945753.564653481	222233.83683300333	30.541266054292777	35.77001167914728	1.960427778934871e-21	0.0059021146124889	0.4992563232989485	1.396983315849466e-17	2.3360086451115506e-23	2.1388884982188102e-48	1.2321285945104553e-63	4.971012519199297e-37	5.4165279023119125e-21	2.573621317319629e-07	9.25163454702354e-73	9.134523514529334e-28	2.262157760434542e-53	1.0415948299032325e-38	1.1923721165828786e-25	5.3724096695114625e-34	9.027451847662492e-23	0.0192376043791065	0.457047290722829	1.4417263353465885e-23	7.598787027651342e-13	1.5462582272796852e-16	1.8751761149907088e-25	1.1524745402057585e-15	1.2614127709448545e-23	7.04696189675455e-10	3.1921499310166036e-21	4.4031636261661305e-31	1.0466060470700697e-38	2.083501715081802e-31	7.570369340127639e-37	2.0052584256314566e-20	5.824705320052811e-25	7.217719088760176e-22	0.0002143725167965	1.9141962854317863e-06	2.767520519033621e-27	1.9845334231429182e-28	9.35479024245318e-28	6.997190617847893e-24	4.510250075627309e-29	8.29866526228584e-30	7.464948913234402e-15	1.3134781788699926e-37	4.944462445918575e-24	6.156949454012128e-41	5.931403080140478e-31	2.3930979455643817e-25	1.026788931636708e-22	4.065909878564894e-19	1.1422576085662498e-30	2.825846269421837e-32	1.2795063689969689e-23	3.052929634503061e-21	1.7614612465051176e-34	2.2680625958178434e-26	3.0006003051087e-35	1.932306173495101e-33	3.012229805030848e-11	5.375988941131133e-12	0.0101545014816921	2.438239656711222e-40	4.871318020250799e-41	2.949788202002512e-33	1.9496815078020985e-50	6.1649673112971285e-34	5.720750719458748e-18	6.977601319610484e-07	4.906916659146618e-11	4.1818158494603216e-26	6.413678163511221e-07	2.3968335666734777e-17	1.2762759398667591e-20	1.0683070107445131e-13	0.0081570112774764	3.264539802989856e-08	2.722076709075857e-05	1.720270577075462e-33	2.8215488143687287e-14	1.7274840975804243e-47	7.351356217950495e-48	1.682164001210776e-08	2.8518753637215525e-18	6.074048173143513e-25	1.6646266574453685e-43	1.8890313862615702e-41	3.045249228568304e-56	0.0	0.0
462.59187299741046	2580857.732820238	5260796.5991942	287845.3633122138	30.541278446508443	20.494779909654262	1.5627014529234822e-23	0.0059017240639268	0.4992565099755893	4.095266712764565e-19	5.325533735912508e-25	4.304954150503838e-52	7.183069600789701e-69	1.6369002147562144e-40	1.4274455755631737e-22	2.573622330369057e-07	4.5109709065102777e-79	1.7753394209296546e-29	1.0280243129793551e-57	1.3283888630986242e-41	2.186687084304077e-27	6.115901048732813e-37	2.582014522559668e-24	0.019238235422383	0.4570474733435815	2.6033492151418533e-26	2.3495087945671637e-14	9.824946584787536e-18	2.3371382484567277e-28	2.7563342715268638e-17	4.741444497106008e-25	7.11978493242147e-10	8.696501966298814e-23	1.149264444662698e-32	4.2601601287657916e-41	2.8578855106703963e-30	2.0157751838466987e-40	3.3695471045142543e-22	1.878208435572552e-26	1.4515278027480073e-23	0.0002143726037708	1.9141970691514458e-06	7.644319969496993e-29	1.595380458156905e-30	3.1595612094922275e-29	2.094569340084449e-25	8.115310595341344e-28	5.46761036584485e-32	2.160955055372407e-16	8.858803765256206e-40	1.6591314991580058e-25	1.0250800240443349e-42	2.6556982207319763e-33	3.7542919490511026e-27	2.9048253066045047e-24	1.2145554827936791e-20	2.79495531385339e-32	1.2278288517110205e-35	8.067030938240086e-25	1.1147328089737488e-22	3.071821062500791e-36	3.3486115432944103e-28	2.147825985979056e-37	3.4405843156013595e-35	2.770447161921834e-12	2.4115885914896613e-13	0.0101549144030208	3.5080767050313893e-43	1.516765862459853e-38	4.5467619874715734e-35	8.24789491779036e-55	1.9390974777225848e-36	8.389296583359165e-20	1.338826810458626e-07	2.816669591355609e-12	1.83133547644177e-27	2.0979227482559e-08	5.253879216361391e-19	3.9196561982141547e-22	3.8455464894787965e-16	0.0081570320589529	7.963147211700283e-09	2.740241585890703e-05	1.925994412450401e-35	8.640718957679759e-16	2.703101418586274e-46	9.996621270342752e-50	6.107260405077559e-10	1.672800674492327e-19	3.7405701850670326e-27	7.189441854930473e-47	2.9910169930230115e-45	7.954826389339822e-58	0.0	0.0
435.3909686529941	1359653.8483626435	5550757.916760032	372764.0285620656	30.541280622452103	11.471657267423321	4.14070604856534e-25	0.0059017112850861	0.4992565448649592	2.9723053587084837e-20	3.4431740464294795e-26	5.628241977628018e-55	6.775778448539511e-73	1.729679163873022e-43	9.579610408369334e-24	2.5736225122850485e-07	5.84576383201939e-84	6.7135893341471955e-31	3.9707083426356504e-61	6.568106854837178e-44	1.214174293112865e-28	1.8830535696424333e-39	8.626426003379737e-26	0.019238257065444	0.4570475058712583	1.180684568656502e-28	8.3507309660975145e-16	1.1162513824172466e-18	5.939059927675785e-31	7.915024410217628e-19	3.622480716404002e-26	7.122925041990061e-10	2.7831736276052367e-24	3.5648630242923846e-34	2.0274443464827354e-40	9.782790700927387e-29	2.007924091786694e-43	7.298289710144696e-24	4.442263924176462e-25	7.877669694698666e-25	0.0002143726190261	1.91419720525176e-06	2.444351414331676e-30	3.65021002772452e-32	1.2091790116345178e-30	7.165935488957564e-27	3.4307656858713644e-26	1.1187924147392502e-33	7.292658939837453e-18	5.756973644076712e-39	6.2117078370107365e-27	1.8643484188560435e-43	4.965193427961302e-35	7.572060245402974e-29	9.629388266632368e-26	4.1884313232262122e-22	8.178159520521598e-34	1.7906908671273723e-38	9.126263728902738e-26	4.4558381646147306e-24	3.063575023177181e-37	6.421948217854074e-30	4.1330015517453375e-39	1.5590444969407254e-34	4.890423990257427e-13	1.3458394869566447e-14	0.0101549288866608	6.246459086285751e-45	2.9098565646831195e-36	3.4208298551947886e-36	1.318959508663517e-58	7.806740072874563e-39	3.966053929717689e-21	4.12013665232073e-08	1.4870296665810348e-13	1.633693062893193e-28	7.861667463745483e-10	1.4606130258270518e-20	1.4142511765296366e-23	3.0401713627724866e-18	0.0081570332578628	2.840150444319017e-09	2.7429023716155505e-05	5.746677906174882e-37	8.112982532230642e-17	3.2437367668973903e-43	4.961995481103843e-49	2.5901311037671947e-11	1.1125348856455703e-20	5.383774843545938e-29	2.141639492167655e-49	2.921060881495011e-48	2.3881912406136358e-58	0.0	0.0
411.5135649949908	716296.2002354224	5823917.908704373	482649.54566956335	30.541281302219538	6.394192762176947	1.146002633868267e-26	0.0059017108937729	0.4992565556950449	2.2111689205627786e-21	2.2436231836523045e-27	7.652335058507289e-58	6.84996450749433e-77	2.2477097192021502e-46	6.619683617178962e-25	2.573622567997281e-07	9.218442672219494e-86	2.8178546363677066e-29	1.7975382766632316e-61	3.513929345675053e-43	8.428256338571199e-27	7.010606724375022e-42	3.403361943765125e-27	0.0192382582444398	0.4570475161418235	1.3229897046291155e-30	3.4783852660624336e-17	1.268055653948884e-19	1.66788329664408e-33	2.738615823272611e-20	2.814589301650425e-27	7.123088048451664e-10	1.0572085038824444e-25	1.3593680535690903e-35	5.0190836143337797e-39	2.365036700661128e-28	2.451157570158584e-46	2.3527094282037984e-25	5.34253018192807e-23	4.405701172302073e-26	0.000214372623758	1.914197246794107e-06	1.5785089435655515e-31	8.571881455268821e-34	5.300801692987358e-32	2.863188565758174e-28	1.0201296546949368e-25	3.4973503583566826e-35	2.90753910455812e-19	6.607186342862211e-38	2.8321521106006704e-28	3.697481364816749e-42	2.1544600185449207e-36	1.9330578969595277e-30	3.77281446304454e-27	1.696740736361171e-23	5.880914276075374e-35	3.1875866632034606e-41	1.0348587118365213e-26	2.0404109805112567e-25	3.139786941497219e-35	1.7618400343748658e-31	2.4871440200227114e-40	2.0233081666821363e-32	8.758007217286795e-14	8.783532514466635e-16	0.010154929643183	1.8522431730548266e-41	3.531169053434396e-34	3.2426523106029063e-34	2.750567083996911e-62	3.9590772197331435e-41	1.8998143563550917e-22	1.2921901930340814e-08	8.284538304311716e-15	1.5837018336186698e-29	3.453191868502945e-11	5.028165981713624e-22	5.102873362183365e-23	3.4419910393617747e-20	0.0081570334701777	1.0262015352158372e-09	2.7437031922981834e-05	5.6167501828454e-38	2.6982611591656248e-17	6.492650287696142e-41	6.379043515440749e-47	1.332381476147313e-12	7.419442583466519e-22	7.906664013662392e-31	6.695075204246371e-52	4.2695490996090857e-51	5.386871204293854e-60	0.0	0.0
390.413043921377	377360.9342477716	6082319.016808249	624813.3193812403	30.541281522543738	3.550666275920785	2.547624558349186e-28	0.0059017108844501	0.4992565588233849	1.2982048196627004e-22	9.325712871549383e-29	8.306505415648405e-61	4.477199803653397e-81	4.265057383559309e-49	3.625793762570151e-26	2.573622583733949e-07	1.7816398021076988e-87	2.2291300026289077e-27	1.2475109718381953e-61	2.6132933521952025e-42	6.568505486176717e-25	9.147483504575865e-44	4.669790646335142e-28	0.0192382584096049	0.4570475196226098	1.1158217070970634e-28	2.0300639523168707e-18	1.09359052983583e-20	4.929706260954359e-36	1.1615765808717897e-21	1.7104458431928035e-28	7.123098001908907e-10	4.877256958862783e-27	2.892891342950674e-35	8.135317345265693e-38	5.696133103895046e-27	4.0387609150297346e-49	2.8700148184137904e-24	4.1067233208137026e-21	1.9555283425940303e-27	0.0002143726252329	1.9141972586509997e-06	4.965080055512359e-30	1.5927091524083542e-35	2.7512934218132306e-33	1.3721144427482384e-29	3.0329339035457442e-24	1.4675819355123942e-34	1.958630611058658e-20	2.847320972341467e-37	1.7080819087159893e-27	7.396068226436221e-41	1.3624133503864706e-37	6.28181299592272e-32	1.7845783037877993e-28	8.27392534451865e-25	1.6325362486458118e-33	7.6235999326707285e-44	8.9186058648273e-28	8.24212774730404e-26	2.6469643585289424e-33	1.5964921670727288e-30	1.1421021480097907e-38	1.6909573705830497e-30	1.2239528565257744e-14	6.474848417046759e-17	0.0101549297398643	3.3638075549651297e-37	2.731257938972417e-32	2.6756396786366453e-32	8.266324495052617e-63	2.5599700879721732e-43	5.4641974405515114e-24	4.154226985842297e-09	4.273662513958567e-15	1.6725658927295015e-30	1.824461211506709e-12	2.1526021009260404e-23	3.8936351373022165e-21	7.023701898002193e-22	0.0081570335399417	3.7660746701921884e-10	2.7439550321468923e-05	1.1434631905816657e-36	1.1602940332522953e-15	6.122972998141811e-39	5.282343608265934e-45	8.60506012078383e-14	5.364911705224457e-23	9.71085433472107e-33	1.3947858466044143e-54	5.002648101269477e-54	9.908617526839158e-61	0.0	0.0
371.7045116776044	198802.2198771242	6327669.437367293	808697.9288161009	30.54128160628022	1.9647198560893628	1.6455994023172656e-29	0.0059017108556244	0.4992565593260288	1.745074208113514e-23	1.8343064554959438e-29	2.0299330951770745e-63	1.5204677171270876e-82	1.13266697856838e-49	4.566337361758479e-27	2.573622585601937e-07	1.463468471019665e-88	1.1314371784851062e-25	1.5823415070008654e-61	5.406375164740036e-41	3.2803380501447105e-23	5.283752676007655e-43	1.6049821857968586e-26	0.0192382584522624	0.4570475212127755	9.433714083734775e-27	1.4184719708731206e-17	1.9686161070322687e-21	4.43277250622326e-36	6.099594118673505e-23	2.3518758690871146e-29	7.123097742994716e-10	7.513924255771612e-28	1.4674950511661562e-33	8.693210552873206e-37	2.595825980987669e-25	1.5236445738004098e-48	1.512166798921126e-22	2.020779778855114e-19	2.0003834903082782e-28	0.0002143726256894	1.914197260317347e-06	2.392245166489565e-28	6.809799298517666e-37	3.431319893679581e-34	8.065231370148844e-31	1.6902372619107421e-22	6.262431863175879e-33	2.980388438763508e-19	7.614088598598348e-36	1.2040492535840702e-25	2.2777700263950565e-39	4.887011177965871e-37	2.6282312275586528e-33	1.0784684174380187e-29	4.9284025480376485e-26	6.080688332149939e-32	4.149277841228372e-43	1.604952028904884e-28	3.2168700224136913e-24	1.4344454976449212e-31	8.504096929884692e-29	6.380526730503481e-37	9.083107245967265e-29	3.8596691905006656e-15	5.579337154410566e-18	0.0101549297593313	1.2236792629401625e-33	1.3497008528542701e-30	1.4176369766351611e-30	2.5955978621479583e-59	9.457998483504304e-44	9.270428492020786e-25	1.4220576629019823e-09	1.5965004895105414e-13	1.2613255824231869e-30	1.1801484864271833e-13	1.771479462317001e-24	1.9251133399025025e-19	3.492309312723659e-23	0.0081570335800129	1.4153982415070343e-10	2.744035251812184e-05	2.4708297686048954e-35	4.230748956620217e-14	3.591329450682052e-37	2.816725266986136e-43	7.0783844003873225e-15	1.1317980079868938e-23	7.744957958062399e-34	1.4525700270533372e-56	1.3153914106158148e-55	1.0243988530078896e-60	0.0	0.0
354.94044125594144	104733.47673588932	6561442.609224906	1046494.9305586726	30.54128165726417	1.0839450682304825	1.0119931763764156e-27	0.005901711027927	0.4992565585481586	1.0075147117902442e-22	7.263327909111916e-27	3.8426578949097e-64	3.0032345084402187e-76	9.354674912074608e-48	2.4789724448417844e-26	2.573622580248602e-07	2.9102768236436145e-85	3.695028401262796e-24	1.0977099875375421e-58	2.2726164642002427e-37	1.0529414421790109e-21	1.1944995808353206e-40	5.439754693766072e-25	0.0192382584625586	0.4570475226025059	3.52592036968428e-25	4.3783360865868974e-16	1.2225586901317026e-20	1.208043324745652e-32	4.0109439435810206e-24	1.3761854733093942e-28	7.123074659654508e-10	1.5500145075934172e-26	4.900100023340738e-32	6.104429035290431e-36	7.952649661526438e-24	4.408243947993658e-43	5.149610802736147e-21	6.389052535443342e-18	8.83495040935323e-28	0.0002143726258029	1.9141972568462927e-06	7.410501769250936e-27	1.2547503266871263e-36	6.211928863779772e-33	2.5677144732669243e-31	6.132760846660692e-21	1.683530846382442e-31	1.0194415180643675e-17	6.2646247812003895e-34	5.657124479848622e-24	6.616693420099807e-38	1.6751601543498518e-35	9.744262548964393e-34	1.6782729690515598e-29	4.796586941601287e-27	1.8046406112021845e-30	1.724018824547622e-37	9.965779564802787e-28	9.158822729221074e-23	5.012248032991716e-30	2.928039478566542e-27	2.3009847804495428e-35	3.1456165022950196e-27	5.1705753726721766e-14	1.8185539325360012e-18	0.0101549295152564	9.203209275425056e-31	4.272031583396629e-29	4.759192955840517e-29	3.3591064425989373e-56	4.008504995512419e-42	3.439902397570575e-22	6.354585169329528e-10	4.2303932018989695e-12	6.4081150724859e-30	1.0767764009979683e-14	1.873299893534201e-23	6.1230434624055625e-18	9.262145396186319e-24	0.0081570336248414	5.5758574758379336e-11	2.744062467106672e-05	2.579052473451826e-34	9.44301816751075e-13	1.359536295814915e-35	9.710087858243317e-42	7.408591327742641e-16	2.1195197099977737e-22	2.302263997646359e-31	3.1761074877998808e-55	1.55040703929344e-53	6.892842749529561e-58	0.0	0.0
339.75531868772083	55175.94902092569	6784836.234058667	1353940.5827711588	30.541281698077515	0.5965691430966801	2.147019857949904e-25	0.0059017156632891	0.4992565562529425	6.634199980368932e-22	3.2136065309141046e-24	5.458328494906721e-63	1.3177350426102264e-70	6.455906042343326e-44	1.5385594130448122e-25	2.5736225659996365e-07	9.720684711852036e-81	7.801618732458286e-23	1.9918488109942137e-55	4.419535879669227e-34	2.1827126821489634e-20	2.0495315338876718e-38	1.197721778419687e-23	0.0192382584484151	0.4570475243598942	7.647245172893438e-24	8.777366078557671e-15	7.990382070681819e-20	4.113311007894546e-29	6.030979802000094e-25	9.12555988718536e-28	7.122724938588109e-10	3.256107069070125e-25	1.0599571698883049e-30	2.809145281718865e-35	1.9287052348152267e-22	4.202556434602486e-38	1.1355533695819392e-19	1.30543760337801e-16	4.4638254902802076e-27	0.0002143726256418	1.914197247097942e-06	1.4831995948564915e-25	2.639378379103877e-36	1.4647154715529148e-31	4.587216757735311e-30	1.4326433277516462e-19	2.823790139814421e-30	2.2654867271304677e-16	5.063047555024333e-32	1.767552072698931e-22	1.329675725055072e-36	3.7933441746698e-34	1.955968969836648e-32	3.5943224475972397e-28	2.6316997347650806e-26	4.650919441553381e-29	2.354157504041196e-32	6.512820817135479e-27	1.6532975824399925e-21	1.134149534202353e-28	6.523702082428043e-26	5.3905987109865055e-34	7.053709767854936e-26	7.844834599587226e-13	1.7362885643075578e-17	0.0101549247276624	1.5328124957488604e-28	8.694844283973985e-28	9.212513513364053e-28	1.816548691378072e-53	1.1487240425071656e-40	1.1876401011225558e-19	6.334212995022345e-10	6.971614836223864e-11	1.3997834300800891e-30	6.458066718225097e-15	3.644491694648456e-22	1.259810817062756e-16	6.974583950294379e-23	0.0081570336701679	3.6605716791929896e-11	2.744122647964766e-05	9.72212114031133e-34	1.3187374758317603e-11	3.3492978804460087e-34	2.175933728045001e-40	9.766007608935896e-17	4.1400183925088855e-21	7.99762615835352e-29	7.963054209528813e-54	3.02310151692942e-50	1.2821827034264182e-54	0.0	0.0
326.08584270344784	29067.92980850757	6998822.430549036	1751340.323435369	30.54128153797754	0.3274608578131898	2.0113979281363857e-23	0.00590177274779	0.4992565488042069	3.070237853263756e-21	5.6731608736409285e-22	4.3516446464940615e-60	1.0145438263282902e-65	1.1987885115346006e-40	6.375263528411461e-25	2.573622524335308e-07	4.238850365468461e-75	1.0749498519544693e-21	1.0677141205738361e-52	2.482255723171229e-31	2.949778036491796e-19	1.5631414129273473e-36	1.7290166642640506e-22	0.0192382582886238	0.4570475237587886	1.0527925650352546e-22	1.1472064471903924e-13	9.411488934627205e-19	2.731854142655992e-26	2.713040774850649e-24	3.973798249526748e-27	7.119345800673572e-10	4.476359339288956e-24	1.4992342731299542e-29	8.80253820475134e-35	6.786432557324143e-21	1.0324893558657429e-33	1.635085109911388e-18	1.7430785958391732e-15	1.509892788801929e-26	0.00021437262381	1.914197216192409e-06	1.939441645867808e-24	3.929753940574204e-36	2.2813171905676468e-30	6.922877134749951e-29	2.1570688305221912e-18	2.962582601576794e-29	3.2893489137889962e-15	4.2876910584083314e-30	3.704863602251387e-21	1.7540632371951162e-35	5.62538600872837e-33	3.004983332443299e-31	5.261916967853771e-27	3.713748501138893e-25	1.047143028583068e-27	8.22916948766243e-28	7.667188882580905e-26	1.9022347390137646e-20	1.675800858070429e-27	9.483223225183567e-25	8.273483013974926e-33	1.0327672927785757e-24	7.78976685084353e-12	2.0384205005766006e-16	0.0101548674089276	6.64378518915806e-27	1.147659451082804e-26	8.913434023462796e-27	4.182848673990909e-51	2.1988601973652067e-39	1.6467136138502677e-17	1.6609114483201234e-09	7.133734876746156e-10	1.7564506893303577e-32	3.0550743926026706e-14	4.722930661895061e-21	1.6944377311054306e-15	3.638393405837061e-21	0.008157033491815	9.423193828887368e-11	2.7448011495077404e-05	4.557818787381704e-34	1.1668081994003174e-10	5.41601409992985e-33	3.201195453779286e-39	1.5985898107885137e-17	5.2482935872109355e-20	1.1669563830506188e-26	8.4386984722144e-53	2.12494982173335e-47	1.5624191303297728e-51	0.0	0.0
313.5288226458184	15313.63861148767	7204337.057357265	2264887.2174801887	30.54127968658391	0.17942300757943747	7.70979277317038e-22	0.0059022212832241	0.49925651598133	3.905694804111068e-20	3.7709175618663774e-20	2.65335579773102e-56	9.243458014507774e-61	5.587888254271713e-38	1.6376475257201876e-24	2.573622359618268e-07	6.973030324018662e-70	9.827097746378031e-21	1.5604815681292441e-50	4.4546965429929345e-29	2.6430842751860162e-18	5.458675322174858e-35	1.663944824925809e-21	0.0192382571496068	0.4570474963057436	9.543109080933794e-22	9.955287581145123e-13	1.3816422126111341e-17	3.5488482962692404e-24	2.0061631957226792e-23	1.0669615530089875e-26	7.098081957392211e-10	4.092142899870714e-23	1.4093191276880786e-28	1.248641359495084e-33	4.703109135531875e-19	6.630404507608835e-30	1.5606372222892084e-17	1.550837239298088e-14	3.15118115637382e-26	0.0002143726106413	1.9141970800105763e-06	1.689097029339902e-23	1.6086568687325988e-35	2.3773303879431367e-29	6.9782570562194195e-28	2.075284984078775e-17	1.967626183728027e-28	3.1672162092394584e-14	2.1814204211040844e-28	5.276389243765711e-20	1.5302756572678726e-34	5.547127168821027e-32	3.0762890067611946e-30	5.113250080124287e-26	3.536350891212691e-24	1.969572568293129e-26	7.510922098683631e-24	1.1222524152780656e-24	1.4138317662266704e-19	1.641077195927189e-26	9.12837237948279e-24	8.434145712435598e-32	1.0021525158684147e-23	4.718306757060223e-11	1.6532814384204737e-15	0.0101544189992157	1.025265552278442e-25	9.983330767790024e-26	4.7025847760448414e-26	4.270885831582402e-49	2.8495112298583034e-38	8.656962735514789e-16	5.5140281316503916e-09	4.591978050689038e-09	1.440124004716666e-31	1.941095562291677e-13	4.145611085676727e-20	1.5169632353718793e-14	1.562409088798206e-19	0.008157031864882	3.5318154786353304e-10	2.75023602805626e-05	2.5456578798912615e-35	6.683261144798496e-10	5.828838075128998e-32	3.144010836216628e-38	3.199767059591652e-18	4.379464839614694e-19	6.787669734168118e-25	3.409719374938215e-52	4.494540589413542e-45	1.5435735919913583e-48	0.0	0.0
302.0744805099132	8067.568934840712	7402064.960976761	2928357.9882372594	30.54126930164483	0.09810829087355628	1.3508072517634492e-20	0.0059045850674881	0.4992563757218339	1.6257800333655478e-18	1.0435039672976582e-18	1.5647071923907997e-52	2.05025451549819e-54	7.456150316562016e-36	3.0270039681019123e-24	2.573621699329696e-07	3.787390959532465e-65	6.131065477293517e-20	7.212428530432649e-49	2.8398065507017368e-27	1.6160997685311826e-17	1.845599919942983e-33	1.0973015630811403e-20	0.019238251383886	0.4570473251246079	5.8861397977505736e-21	5.914044007362518e-12	1.4923747645988366e-16	1.0126129992449752e-22	1.066308413331262e-22	2.036030351599819e-26	7.008415431638978e-10	2.5601204187438567e-22	9.048922581223417e-28	1.6227880515767064e-30	2.017697189596441e-17	1.1314565542394247e-26	1.0134952139195717e-16	9.492201741717924e-14	4.5575653044125416e-26	0.0002143725434646	1.9141964831101027e-06	1.0112935789924944e-22	2.164758243369586e-34	1.6986134360321355e-28	4.811369873401866e-27	1.1683293801735964e-16	8.537156378364302e-28	2.0751743353168562e-13	4.877580920794999e-27	5.191359563125418e-19	9.077490184998722e-34	3.7311001748025592e-31	2.1492551146467158e-29	3.3827213130535877e-25	2.309464120527945e-23	2.844207927727154e-25	1.8127950355038347e-20	1.1971706362249709e-23	6.977283560881469e-19	1.0927358411334328e-25	5.970351462669574e-23	5.8454980778966205e-31	6.613144550205524e-23	1.8369986084993435e-10	9.096256360988305e-15	0.0101520589961727	7.940967063961644e-25	5.88928623494479e-25	1.8621239860018944e-25	3.120700692786665e-47	2.526032388498755e-37	1.9285168438335483e-14	1.8843123601060143e-08	1.965666944893304e-08	4.959244097320887e-30	9.168498515722028e-13	2.534464954698132e-19	9.312176594751377e-14	3.1891580504954423e-18	0.008157025317847	1.3773157641474655e-09	2.779093664683301e-05	5.71951615960065e-35	2.5804939681580195e-09	4.273223079057311e-31	2.118860994972467e-37	7.721825721063711e-19	2.4764219935894288e-18	1.7238272748614577e-23	5.985696262917286e-52	3.0545624882366833e-43	4.3869171531283994e-46	0.0	0.0
291.5033434575509	4250.1766020247	7592687.243224678	3785293.773868464	30.54122991733955	0.05355992226196764	1.3680291324151442e-19	0.0059133323250331	0.4992558998279313	3.6351827592428496e-17	1.529520100071235e-17	3.2895477378948778e-49	2.8736976805490934e-49	3.7741514129771197e-34	6.844816716425473e-24	2.5736195392040084e-07	7.142970166908288e-61	2.7228144497899187e-19	1.3805992369484816e-47	7.102654990323541e-26	7.039686258335497e-17	7.508963955746972e-32	5.163126558668767e-20	0.0192382304278197	0.4570466532514887	2.5798120943184822e-20	2.5184718987737116e-11	1.1092797693819269e-15	8.806790609882667e-22	4.062548478249148e-22	4.930767930515922e-26	6.744928430854443e-10	1.143534673943574e-21	4.132719744091426e-27	4.9448719669557895e-28	2.565106336421425e-16	5.2009630529282895e-24	4.660448278643407e-16	4.183006550232326e-13	6.82368489467403e-26	0.0002143722975264	1.9141943783602346e-06	4.355411499134988e-22	1.579325374116384e-33	8.629208456921197e-28	2.3553328161373334e-26	3.383872405123634e-16	2.5729134589479395e-27	9.623352525956594e-13	5.504976025531233e-26	3.4807995695316695e-18	3.825792040938317e-33	1.778671501863147e-30	1.0634844879701542e-28	1.5836588609629924e-24	1.0781660556538746e-22	2.885242556208697e-24	1.1760847428881615e-17	8.571457009620903e-23	2.3942212758207682e-18	5.144876358328825e-25	2.760271213107892e-22	2.854275454516708e-30	3.0869600695617344e-22	5.289010687233639e-10	3.534604642710432e-14	0.0101433318989044	3.881931229152587e-24	2.4618512661323783e-24	6.786697794412838e-25	1.0137661896369925e-44	1.5328775172780895e-36	2.359386480279094e-13	6.408809386894335e-08	6.26939864496079e-08	1.358384811000079e-28	2.964371713105321e-12	1.1180468964680753e-18	4.0917938713154514e-13	3.281427541137987e-17	0.0081570074373434	5.285833223391986e-09	2.886051217498481e-05	3.2363674854339856e-33	7.1639252988894396e-09	2.210596450286527e-30	1.0198275199765132e-36	2.215786278173317e-19	9.923488212817437e-18	3.4741459361245065e-22	5.67897950455368e-52	8.389853526365695e-42	2.1536247003133882e-44	0.0	0.0
281.6306538496814	2239.088540091276	7776748.749740864	4891802.802315011	30.541118839298434	0.029205608987361346	9.855295544124037e-19	0.0059374541575941	0.4992546358166752	5.256935043358298e-16	1.4799628078555523e-16	2.0205177123718208e-39	2.6075201203262048e-45	9.521201465013492e-33	5.941563318874228e-23	2.573613935908245e-07	4.892459524299017e-57	9.08265462124979e-19	1.4098441951397711e-46	7.7779777857913875e-25	2.307383827965622e-16	1.96281937961136e-30	1.8244268212637128e-19	0.019238172773415	0.4570447261082613	8.482509210211413e-20	8.150354172372641e-11	5.946824988316657e-15	3.7540396746660385e-21	1.1747501408583517e-21	7.335492545237031e-25	6.176269858225987e-10	3.846773225807354e-21	1.4124110313467208e-26	3.5640114720260046e-26	1.1285948346951967e-15	6.535380996495453e-22	1.5975730138143769e-15	1.4019780544880378e-12	1.972161095500432e-25	0.0002143716166701	1.914188543486289e-06	1.4257112236271259e-21	7.617699060267696e-33	3.267314257802651e-27	8.594600988044189e-26	6.660698994399718e-16	5.904833393766432e-27	3.323872041460297e-12	3.6505010210281977e-25	1.4323801152495622e-17	1.2122178803425091e-32	6.317071772809305e-30	3.912417873638571e-28	5.5195108811773246e-24	3.790779127118085e-22	2.0565611422979724e-23	2.0879204766593785e-15	4.2177827218606944e-22	6.082864865008445e-18	1.803067653653989e-24	9.502341551079436e-22	1.0295657286648216e-29	1.0733291387009096e-21	1.2834252984422367e-09	1.0306675543205309e-13	0.0101192781524029	1.3620941701720182e-23	7.71922284166844e-24	2.2364671070932406e-24	2.2838832175132628e-42	6.413313526218427e-36	2.056270139792594e-12	2.162327743887036e-07	1.69257051815716e-07	1.462971955613979e-26	7.165056432289323e-12	3.7132737117957154e-18	1.3573204805107685e-12	2.397514669055208e-16	0.0081569654957137	1.989550479038808e-08	3.1801355609898444e-05	2.126386557158716e-31	1.5590413313111607e-08	8.455850714463324e-30	3.678402592254287e-36	7.462142903204022e-20	2.985139994675592e-17	2.729977180043533e-20	3.53933020656771e-52	2.8659836592562147e-39	2.6013862496860012e-43	0.0	0.0
272.52632150563755	1179.602157703219	7954679.571011404	6320160.537700416	30.540866815949737	0.0159000482773127	5.360888938670695e-18	0.0059904897623738	0.4992518616069549	5.3921172509252544e-15	1.0060179339573127e-15	1.541694586879403e-33	2.549645442408687e-42	3.15692855412967e-30	1.4238221184624842e-21	2.573601809590058e-07	1.269939982381508e-53	2.4130042515984872e-18	8.754927857498916e-46	4.320192047506936e-24	6.037757888798527e-16	2.9359755740172504e-29	5.120072569015905e-19	0.0192380438519534	0.4570403163126043	2.2194117499005865e-19	2.1339006341624803e-10	2.3407460256377552e-14	1.0901745318791203e-20	2.744300875600857e-21	1.4957848261460922e-23	5.21900313680526e-10	1.032404722666128e-20	3.8098261557795056e-26	9.7134480679434e-25	2.54399512712494e-15	2.334767434454721e-20	4.275213654973441e-15	3.781293536964657e-12	1.2497045616488943e-24	0.0002143700876654	1.914175232618269e-06	3.756543904442108e-21	2.784548148800057e-32	9.724993043602488e-27	2.4700901794443133e-25	1.3656505448448118e-15	1.144921683084712e-26	8.973090137592642e-12	1.4717151923364334e-24	3.469928572290549e-17	3.0696634901241637e-32	1.768099096416616e-29	1.1307849398805902e-27	1.5164058192893206e-23	1.0622740686076834e-21	1.1113511671785128e-22	1.0493128075991152e-13	1.4102516842700793e-21	1.2268166941044277e-17	4.98338455909018e-24	2.582408998696757e-21	2.898269695359916e-29	2.9458304527582357e-21	2.8673946179750133e-09	2.413111061977156e-13	0.0100664133919136	3.7336332855803257e-23	1.9315700606196277e-23	6.3081857271335466e-24	1.5278254586672163e-40	1.9102000460156958e-35	1.5032662580236924e-11	7.298123196207357e-07	4.218161996613164e-07	1.3015526057320772e-24	1.4245008422106554e-11	9.747051102773324e-18	3.598086782456413e-12	2.862830151406231e-15	0.0081568666946002	7.448253573372662e-08	3.820752653007894e-05	1.345909921628349e-29	2.947023249105343e-08	2.524742281675336e-29	1.0420420323989583e-35	2.911950728645184e-20	7.16801037422282e-17	1.3585900282271094e-18	1.6082311738247613e-52	2.069841455544972e-33	1.2328917510351008e-42	0.0	0.0
264.92865127695563	621.4409236364412	8126955.715000214	8163431.76868931	30.54036870834893	0.008616585000368467	2.069528267437386e-17	0.006089871539329	0.4992464224336452	7.811670776801731e-14	4.251188386635891e-15	3.060873261864052e-30	7.095716534563968e-40	5.954808017515334e-27	1.5296295364826052e-20	2.5735780845792016e-07	1.3024178077705388e-50	5.400015615636208e-18	3.5706938040732254e-45	1.4638833781256026e-23	1.3341910294728184e-15	5.161426848558886e-28	1.2048546488509834e-18	0.0192377899723575	0.4570315912167247	4.888427619094313e-19	4.78675542147029e-10	7.15404598270639e-14	2.528750086849267e-20	5.486250157826157e-21	6.39623334167879e-23	3.8972723633967757e-10	2.3356683425014367e-20	8.517784999493208e-26	2.282814045325219e-23	3.504319696358865e-15	2.710017276099315e-19	8.965132875723116e-15	8.64720083418945e-12	8.416686400253201e-24	0.0002143670733207	1.91414848236467e-06	8.402850656700723e-21	1.609470701318882e-31	2.396277734674912e-26	5.90856680707022e-25	2.8907698188021008e-15	2.0454543137897434e-26	1.906794300752329e-11	3.2146730972348734e-24	5.264195344001687e-17	6.580038027859853e-32	4.12383844462947e-29	2.7137749065008528e-27	3.47530053508673e-23	2.505647436551169e-21	5.073043186173858e-22	1.6491398542352517e-12	3.2508726383621727e-21	2.0963022954760905e-17	1.1496086826783025e-23	5.867394373718176e-21	6.72847462129962e-29	6.755474783649398e-21	6.8693556536459675e-09	4.839734474834129e-13	0.0099673777098602	8.535294571280774e-23	4.0895295540031297e-23	1.521205512973727e-23	3.1896840980875e-39	4.2776089004442784e-35	1.0325723350019132e-10	2.483056978168902e-06	1.0126395448480269e-06	4.1633151943508665e-23	2.4866220438614907e-11	2.1288234875090264e-17	8.046911058370731e-12	4.415411920410303e-14	0.0081566236058103	2.769864081136504e-07	4.9950008415474936e-05	7.584766621559506e-28	5.434732253488533e-08	6.21967441154629e-29	2.427083272267128e-35	1.2988318436174011e-20	1.4500301567100123e-16	2.0206195810536104e-17	6.16388772617073e-53	4.0804295411114075e-30	2.823343209108482e-42	0.0	0.0
257.77704152183645	327.38904303299506	8294522.059129869	10541401.43111943	30.53944601269518	0.004665208303354315	9.819620604738627e-17	0.0062570231335544	0.4992361209457696	3.712277539595334e-12	1.893581915963443e-14	2.5964232016126674e-28	1.764286681738646e-37	5.012046815519081e-25	6.673340171372931e-20	2.573532544309644e-07	5.3739848345631975e-48	1.065015931640932e-17	2.457789408071681e-43	3.5863476743777633e-23	2.6043593046364378e-15	2.6020306378317007e-26	2.4849027610829888e-18	0.0192373147620867	0.4570155543979665	9.472904845717989e-19	9.607809886657806e-10	2.0077247897385362e-13	5.055614062111149e-20	9.824978385551021e-21	9.730167937636268e-23	2.3801550507886284e-10	4.6564455599655645e-20	1.649739205617383e-25	9.826953704967753e-22	2.747656542715788e-15	1.2510444035634493e-18	1.4547233751966598e-14	1.7491375908842223e-11	3.466379398844334e-23	0.0002143614504753	1.9140977747314e-06	1.664670796327534e-20	3.545583006457874e-30	5.0843396936794356e-26	1.231941420435986e-24	5.592802455412506e-15	3.519053025470099e-26	3.1142365411983667e-11	6.532212439679959e-24	5.462759982894777e-17	1.2498424183162566e-31	8.393733171335293e-29	5.664147652798281e-27	6.962683980463252e-23	5.200149567533077e-21	2.1325270438373807e-21	1.0295903402296e-11	5.673570174423495e-21	3.196902413875454e-17	2.3178582863611083e-23	1.168159306873332e-20	1.3227572907617123e-28	1.355777580979622e-20	2.6680543575757963e-08	8.731987580827247e-13	0.0098008129747695	1.709055477217717e-22	7.675403046621696e-23	3.2179139268335336e-23	2.573879584328243e-38	7.630212973465942e-35	9.174895516562385e-10	8.370290069352003e-06	2.375793185977387e-06	7.094382342911788e-22	3.9456286961284006e-11	4.048659468384773e-17	1.586535787244931e-11	4.443590689830585e-13	0.0081560180435352	1.0058268812137134e-06	6.873257096837044e-05	3.436280238371973e-26	1.0944335189808803e-07	1.3250867151872175e-28	4.865856436990585e-35	6.523927609780417e-21	2.585838378771762e-16	1.1308900571535587e-16	2.5187861993150747e-53	3.4347626529988048e-28	4.5450456508132e-42	0.0	0.0
250.9219480204519	172.47590466180088	8457655.447383394	13608180.274629708	30.537742544232888	0.0025247401716375715	8.178858541438289e-16	0.0065174749665552	0.4992160405748858	7.060828888880492e-11	2.089920819479563e-13	4.47132587801529e-27	1.5896910868735815e-35	8.559856218964813e-24	1.835398497467606e-19	2.573441223170783e-07	8.323200025464659e-46	1.9128513057557772e-17	5.004855638967152e-38	7.004155676889924e-23	4.6390877472996445e-15	4.782437417186331e-25	4.633522150537636e-18	0.0192364140421791	0.4569864765677768	1.630065515166269e-18	1.7777333116705135e-09	5.338927427829254e-13	8.765133688056905e-20	1.6280049478893185e-20	9.859562487113244e-23	1.212599753203434e-10	8.448463276470865e-20	2.876097281326741e-25	1.1539824421855556e-20	1.3679983187250896e-15	3.097725008876223e-18	1.9483021022916512e-14	3.2296569946251056e-11	1.5288720159102465e-22	0.0002143508834683	1.914001611931796e-06	3.0112722730694674e-20	6.910951310596504e-29	9.547503278142358e-26	2.3174555797407653e-24	9.459486948030466e-15	5.502763906769739e-26	4.0613118224566986e-11	3.010986063875797e-23	4.650032211493354e-17	2.1738616603909568e-31	1.5384151320358275e-28	1.0643648103631614e-26	1.2625079845570908e-22	9.809518026070018e-21	7.969096885327817e-21	3.4612802837672506e-11	7.92826520675353e-21	4.520992907770365e-17	4.225145694721346e-23	2.109390358250833e-20	2.133507827646679e-28	2.463597020748328e-20	9.54525589723825e-08	1.4546780030609866e-12	0.0095411969347223	3.1020718997338434e-22	1.3217125181003278e-22	6.137162610039863e-23	1.066933495243292e-37	1.1374333780828067e-34	6.590362494125923e-09	2.7273684376065084e-05	5.453207266069165e-06	5.392882033934137e-21	5.650688044229829e-11	6.948235875617356e-17	2.847822895432765e-11	3.1865409895789598e-12	0.0081545411895659	3.399000242125418e-06	9.483708651859712e-05	8.950523791280111e-25	2.6630625799856384e-07	2.5298683541303996e-28	8.751010625099634e-35	3.647228904077383e-21	4.239169217877917e-16	3.3960655273820073e-16	2.4775257248831555e-53	5.865474112064688e-27	8.079040647864567e-42	0.0	0.0
244.52544572534268	90.86418229918756	8616540.50365251	17561952.319641374	30.534496847000014	0.0013647383990489268	5.234980074599441e-15	0.0069017183011538	0.4991749275030499	6.499653602550925e-10	1.7928974447938897e-12	3.445038146127233e-26	8.941969299858265e-34	6.537078866620793e-23	5.140528413667735e-19	2.573247909464238e-07	3.174546400770292e-44	3.208662851857969e-17	3.866084654778717e-33	1.1170499887224537e-22	7.73075442901808e-15	4.007433944411878e-24	7.978457915808197e-18	0.0192346347529869	0.456932447885831	2.3864187938309946e-18	3.100954780147944e-09	1.2141350267528998e-12	1.2573769435541603e-19	2.5563646221529736e-20	8.291178378143853e-23	1.0367628144783038e-10	1.430212833420162e-19	4.570678559568584e-25	6.871548942446757e-20	7.919501751758795e-16	5.3922337135886726e-18	2.3908150097289043e-14	5.574229600774203e-11	2.195590792512178e-20	0.0002143302457776	1.913813453033093e-06	5.0931305850555344e-20	1.6606103782635948e-27	1.621286137568461e-25	4.04108432483571e-24	1.3815339517129704e-14	7.029662659545218e-26	4.5869683514005377e-11	1.0462102997158404e-22	3.830988107655401e-17	3.5511637984184004e-31	2.575229566272589e-28	1.8502445481035443e-26	2.12853876409396e-22	1.7254661524789214e-20	2.5457989252264294e-20	8.141498003389804e-11	1.617085447099262e-20	6.104985836517778e-17	7.155165306631157e-23	3.5476801486024073e-20	2.84318622673653e-28	4.163499816693033e-20	2.571208809865549e-07	2.2367889840026525e-12	0.0091579020489979	5.234280293192369e-22	2.149788370581644e-22	1.0801727963587775e-22	2.9715039836876203e-37	1.4749471535364115e-34	2.6721817279193032e-08	8.300152546354164e-05	1.2216501873974026e-05	1.676132680021043e-20	7.398745756198473e-11	1.1075390406116563e-16	4.772662072181885e-11	1.7234263823557697e-11	0.0081510782919654	9.94731080843143e-06	0.00012465381069	9.886423550491104e-24	6.826585901739252e-07	4.452021285311579e-28	1.461152201507108e-34	2.243584086546153e-21	6.588150983078872e-16	7.274886306824514e-16	1.9711261280804786e-53	4.479099770689435e-26	1.3019076034526875e-41	0.0	0.0
238.4419434756792	47.86929305336501	8771468.66004183	22657459.093647595	30.528303578458168	0.0007371689129056927	2.443926789118493e-14	0.0074475968972082	0.4990914510459306	4.0716070643841585e-09	1.1303117944648377e-11	1.6839147788395085e-25	2.722856638615304e-32	3.163895430948965e-22	1.5951901912977893e-18	2.572845111541217e-07	5.761113959711589e-43	5.1227165482072475e-17	2.9672978939188926e-29	1.4719904861923834e-22	1.2278664634452432e-14	2.212119170664304e-23	1.2884900372614444e-17	0.0192311281776128	0.4568317360512461	2.8857114867902585e-18	5.182490157784266e-09	2.4067068542490783e-12	1.4551172178566645e-19	3.8697269835840894e-20	6.087920947125833e-23	2.8120237378027147e-10	2.3018866241689902e-19	6.9578566221808485e-25	2.775008269402694e-19	5.256205793513389e-16	7.68287921723498e-18	2.9074492868742685e-14	9.146815520430752e-11	1.3386885524445672e-18	0.0002142899741988	1.9134469939158208e-06	8.201134464859588e-20	9.885375355987192e-26	2.521554151828668e-25	6.669079503766256e-24	1.7462441697360914e-14	7.35814140656029e-26	4.7857340050911e-11	2.6480596577614867e-22	3.185743834591071e-17	5.556700388017434e-31	3.9485390014803555e-28	3.037117918583807e-26	3.4052958281491444e-22	2.885033221982777e-20	7.162102064323399e-20	1.5682426607817958e-10	9.329337424025176e-20	8.045780991861267e-17	1.149418183741243e-22	5.669012500878787e-20	3.307143148069668e-28	6.679059274785168e-20	5.793762372408462e-07	3.0965849978413484e-12	0.0086127181324341	8.364493521101914e-22	3.37911178747828e-22	1.7865828088282613e-22	6.5944227805693005e-37	1.7207801109637742e-34	9.173528218344736e-08	0.0002246743149517	2.6610372920614258e-05	3.7210151972448423e-20	9.302183666389245e-11	1.6767775206421214e-16	7.612143241478707e-11	6.842944821375883e-11	0.0081433831302926	2.294955897539289e-05	0.0001491422977011	7.278887863828801e-23	1.4681175883861871e-06	7.378592149842982e-28	2.322608286356165e-34	1.501143545609406e-21	9.891557712697594e-16	1.299552252343724e-15	1.1709341328655395e-53	2.1683717507202715e-25	1.7542274572323702e-41	0.0	0.0
232.56637850983432	25.218619256197588	8922646.226252355	29221978.017770957	30.517453650577195	0.00039802710530675763	1.407881110035054e-13	0.0082034054434926	0.4989399607695429	2.231962589600888e-08	1.0434845622353916e-10	6.288393130416645e-25	5.805573689965666e-31	1.1661571430545677e-21	5.772255530107205e-18	2.572104037369243e-07	3.893926557263401e-40	7.890715571120013e-17	6.904667555418861e-27	1.6319943972302294e-22	1.8837037364380925e-14	1.0602345176357152e-22	1.97794069459186e-17	0.0192248683766884	0.4566577820420016	2.9533793968049207e-18	8.390096700796216e-09	4.3886366460266665e-12	1.3617485063502528e-19	5.713777653117246e-20	4.003930380820696e-23	1.2766625443625743e-09	3.5705066073178013e-19	1.221000024228052e-24	8.241801617656781e-19	3.0603679383127977e-16	9.705610360741761e-18	3.6505455787459874e-14	1.4440656119747791e-10	3.532855406885706e-17	0.0002142184902074	1.912797726582797e-06	1.2739857408900538e-19	5.0823079056185876e-24	3.5895495186575617e-25	1.0578779278572717e-23	1.9043594903140477e-14	7.299103247140475e-26	4.799567514914725e-11	9.794060718153605e-22	2.703119673680815e-17	8.45504886841516e-31	5.572926242660286e-28	4.777480884886048e-26	5.2460251988945285e-22	4.648948861720388e-20	1.8372370655620373e-19	2.6914804189537493e-10	8.585230890721578e-19	1.0509177658996795e-16	1.777856591164512e-22	8.730747154113936e-20	3.78655610195455e-28	1.0320182166527658e-19	1.1639372323024536e-06	3.682684748795423e-12	0.0078569921139099	1.2835618574770558e-21	5.208406713394552e-22	2.816043075977587e-22	1.2781705842881766e-36	1.859127673145516e-34	3.664706337719717e-07	0.000514840559585	5.607483538112521e-05	8.828649931215437e-20	1.1575942945486132e-10	2.451228209652921e-16	1.1716445716863604e-10	1.9715243390899548e-10	0.0081274191601779	3.784745727081369e-05	0.0001605277971543	5.35383615910317e-22	2.329547940056663e-06	1.1700218133415003e-27	3.5717082538348083e-34	1.0804657796394736e-21	1.4518094769690701e-15	2.094288025429265e-15	6.694508141335081e-47	8.008951462793586e-25	2.5276313814470336e-41	0.0	0.0
227.03749630718696	13.285735314287283	9070220.675379002	37675757.96283013	30.50075381098433	0.00021467850376019683	9.68843424307183e-13	0.0092310086766693	0.4987041879665612	1.3683342838914796e-07	9.287924118919915e-10	1.99807770764466e-24	1.1587989991161573e-29	3.600105043125872e-21	5.181172186385463e-17	2.570945692507244e-07	6.562909921247428e-38	1.1845721644870064e-16	2.43699475288695e-25	1.5404081512663252e-22	2.8190489797279232e-14	5.813661161830926e-22	2.91727314610036e-17	0.019215175121313	0.4563913246977689	2.7124452925479153e-18	1.3261968586123021e-08	7.106291143965874e-12	1.0259601189680108e-19	8.297339217653546e-20	2.5468644712049946e-23	7.488892650698054e-09	5.392121988533221e-19	1.9428974607342112e-24	3.902501798443262e-18	1.4238491887725183e-16	1.1480000082092717e-17	4.7844112920120985e-14	2.2122287030830606e-10	5.554463903688734e-16	0.0002141080063936	1.9117946501125744e-06	1.9287688467827225e-19	1.6549213015719037e-22	4.584332396187722e-25	1.6324867664757913e-23	1.73417296401621e-14	1.0218770924617788e-25	4.730612969627789e-11	3.536181955464084e-21	2.3614641818578886e-17	1.2671147309554394e-30	7.328902562550781e-28	7.279949053745462e-26	7.867498005303666e-22	7.294239201918159e-20	4.30353527311508e-19	4.310410599128688e-10	9.736776382680842e-18	1.3746261643236447e-16	2.6766817028852583e-22	1.3096867787869958e-19	5.472299339851509e-28	1.5524934549828904e-19	2.1176235506837093e-06	3.9035482453165095e-12	0.0068290421380324	1.9112438311288508e-21	7.948084554614863e-22	4.2758035377118375e-22	2.274208842101714e-36	1.9065071387133488e-34	1.851568447881544e-06	0.0009910834128766	0.000112978783438	2.619713624697898e-19	1.4470157539185734e-10	3.50304742181515e-16	1.7599637738725904e-10	4.2483283410861165e-10	0.0080968774886984	4.3268949552023246e-05	0.0001620490238548	4.405183589326431e-21	2.597683361871128e-06	1.7962955036548893e-27	5.366927751609552e-34	8.276403806044824e-22	2.098293996538616e-15	3.171983394743377e-15	1.1367695674923099e-38	2.507322305058256e-24	3.5134829611375585e-41	0.0	0.0
221.81566719078796	6.999223908657184	9214432.13734288	48558135.05043677	30.477233164707243	0.00011567065282408108	1.6883238912557067e-11	0.0105972190488834	0.4983729116806638	1.5457470869345912e-06	5.4784438877169895e-09	6.36132530416756e-24	2.5122680707062667e-28	9.704082356977057e-21	9.187061324247758e-16	2.569319202643029e-07	1.4192687636592996e-39	1.7464464921316355e-16	3.746788282777622e-24	1.244654280194401e-22	4.14650407030606e-14	6.194707486373589e-21	4.149244791013316e-17	0.019201539613542	0.4560158244857555	2.3565663748267906e-18	2.0585210768138204e-08	7.619116431242223e-12	6.029704534084501e-20	1.192082244664412e-19	1.899436723044023e-23	2.7321901148607566e-08	7.990362723277872e-19	1.2823057905281131e-24	1.1011254810868276e-16	4.4182827913199167e-17	1.3046970522154728e-17	6.505833963161315e-14	3.3038715264066725e-10	5.894603736964147e-15	0.0002139525534431	1.910382443861481e-06	2.8704381139455303e-19	3.581065056189633e-21	4.995173504523335e-25	2.4747188453776457e-23	1.2158463637117186e-14	3.3442947921464347e-25	4.633678343346931e-11	8.487397668716697e-21	2.1340219310219682e-17	1.8985780991590068e-30	9.173128418173483e-28	1.082454532228245e-25	1.158038683939539e-21	1.1227238657577511e-19	9.205448515816651e-19	6.614777297152918e-10	6.392183972811899e-17	1.812214548885922e-16	3.9544113090972895e-22	1.928889909421876e-19	8.934282858876238e-28	2.2920202795133245e-19	3.388304581314038e-06	5.7041163935638434e-12	0.0054623794236952	2.7792978022589248e-21	1.2137550629138898e-21	6.291598876540974e-22	3.814738619334431e-36	1.892121591477604e-34	1.515870083622472e-05	0.0016613412848461	0.0002116692762538	1.3282172188735436e-18	1.829824422487977e-10	4.943158114630723e-16	2.6094375200944296e-10	6.997667589933671e-10	0.0080446006071343	3.368870689032894e-05	0.000160569915007	3.694647405253607e-20	1.987739225427018e-06	2.69440921282271e-27	7.93207589243149e-34	6.676957327446834e-22	2.932146065460167e-15	4.610628079031455e-15	7.751421472037458e-31	7.752190345300919e-24	8.321396744983185e-41	0.0	0.0
216.8087593425761	3.687348435342992	9355499.018735295	62560880.104149535	30.444349195958132	6.227790982817474e-05	1.235090887014995e-10	0.0122343869193602	0.4979112659476082	2.335437503203877e-05	2.350054373417279e-08	2.8754624515246906e-23	1.978803832104684e-27	1.4869646953211624e-20	1.1611955050271354e-14	2.567054422592851e-07	1.8271347503388985e-39	2.5418805183177816e-16	3.591112050421791e-23	8.581501986939523e-23	6.026855043593322e-14	7.304879025599049e-20	5.5003917720089047e-17	0.019182510169822	0.4554903854975619	1.995919013705804e-18	3.1504685524098703e-08	4.140925996412957e-12	3.0978207472044807e-20	1.7004505962633892e-19	1.9776454557577813e-23	1.913070812402764e-08	1.1688985222784444e-18	4.22133454197655e-25	3.2254512763753787e-15	8.591403808979171e-18	1.4393977547797258e-17	9.074930878621845e-14	4.813903034459647e-10	4.5795499298716035e-14	0.0002137354979732	1.9084098484490528e-06	4.2495530984298393e-19	4.547859789231958e-20	4.677121993187989e-25	3.716549998374218e-23	8.187238489563171e-15	3.064783443919561e-24	4.534726245397448e-11	1.1396523605149163e-20	1.9963644839784466e-17	3.0000955492571225e-30	1.1830678611591572e-27	1.5668273784110794e-25	1.6818992458021277e-21	1.699233615287845e-19	1.6088897281207057e-18	9.879186048918856e-10	1.8263277414947015e-16	2.416364563657973e-16	5.76520396668842e-22	2.8048541561503737e-19	8.224882015039408e-28	3.3396736951057403e-19	2.2134331866116537e-06	1.194909266911869e-11	0.0038173901666222	3.9183323189076775e-21	1.9297350466801264e-21	8.836052953207933e-22	6.027332679868764e-36	1.8418910860272426e-34	0.0002527097321589	0.0023750844851078	0.0003575012631728	1.3840124058599421e-17	2.336079341622735e-10	6.967130778066986e-16	3.862196267208943e-10	4.293502406413175e-10	0.0079676518621986	1.0135936141494496e-05	0.0001588702249411	1.4200798658380786e-19	5.62534220210979e-07	3.9744845979440945e-27	1.157907403570807e-33	5.618875915024146e-22	3.3426982181210725e-15	6.413458464781424e-15	1.8898641820964357e-23	3.881957166005102e-23	5.170800783193372e-41	0.0	0.0
211.99348716670988	1.9425780145151743	9493591.434731564	80570742.95613204	30.401803236429494	3.350775058675509e-05	3.4936502861055587e-10	0.0134093597902001	0.4973241251873238	8.653567243919379e-05	9.54122437202227e-08	1.274473001397742e-22	8.455300153235106e-27	2.666573134895259e-20	5.963057835371425e-14	2.564188601044984e-07	3.7904704851698314e-39	3.662952484937405e-16	2.3947762352516664e-22	5.571518793607232e-23	8.690872537030167e-14	1.326740532454206e-19	6.067608975899675e-17	0.019158112959154	0.4548064346118027	1.6643779743320396e-18	4.777992138849418e-08	3.4746328529710665e-12	1.6467317859338992e-20	2.4015178020603983e-19	2.23718192886179e-23	1.7497084510400277e-08	1.6997944136194836e-18	5.202515170703945e-25	3.28281746565878e-14	5.977148372143614e-18	1.5501504034691053e-17	1.2853314499090436e-13	6.834398499522702e-10	2.396342431386285e-13	0.0002134564495367	1.9058747797961817e-06	6.520949643953034e-19	2.663977734106197e-19	5.612387210057023e-25	5.594177926652103e-23	2.336173527956764e-14	3.724784073936819e-23	4.4460673578428224e-11	1.4795519784628883e-20	1.9313529189681032e-17	6.289558449237028e-30	1.6243022480162595e-27	2.1002488453550304e-25	2.402651521742268e-21	2.4428804684253244e-19	2.216737918222412e-18	1.4496905937244067e-09	3.86822215435355e-16	3.2695167379810293e-16	8.328379157208564e-22	4.0431781965978984e-19	1.1700061449831944e-27	4.8221982658815605e-19	8.595148502414371e-07	8.088246965055358e-12	0.0026192932581789	5.043150391708726e-21	3.5993472024348624e-21	1.0766674376615085e-21	8.794515784812929e-36	1.775342066038453e-34	0.0014873899756573	0.00232296303493	0.0005374774189372	5.307246587656368e-17	2.9491490800771856e-10	9.979280929161608e-16	5.709076270701526e-10	1.2816494438529759e-10	0.0078728081993824	1.4520437276238586e-06	0.000157331611409	4.26940390968507e-19	7.375649032735271e-08	5.7917705573269925e-27	1.6604676432415466e-33	4.890446217014759e-22	2.9511694030635578e-15	7.912555026878874e-15	6.929694544333521e-19	2.935935419252559e-22	4.425034655658081e-41	0.0	0.0
207.36954715068143	1.0233937499119743	9628864.119964868	103723679.33800437	30.363946142965368	1.8023783967768233e-05	1.010375243766882e-09	0.0140173715023067	0.4968602955635969	0.0001654225479844	3.530011850488355e-07	6.135816867509539e-22	4.333450512658424e-25	8.050051315211512e-20	1.7035949990123005e-13	2.562019748435583e-07	2.39339264205528e-38	5.234973770558412e-16	1.2823128559912937e-21	5.619410636754516e-23	1.247121083923953e-13	1.2281304012028788e-19	6.209465038303847e-17	0.0191376777095123	0.4541725741525783	1.369300342220944e-18	7.193245919827385e-08	4.2028658234530194e-12	8.753462875575777e-21	3.3459510080253135e-19	2.3480951369785573e-23	3.104430619845716e-08	2.464619193100879e-18	1.1318435285503382e-24	9.649750885063068e-14	1.3005159547612473e-17	1.6544370492805314e-17	1.835795518822473e-13	9.394149535107283e-10	8.278586038062593e-13	0.0002132184781603	1.9037574053165824e-06	1.0383111598781488e-18	9.472766356835169e-19	7.569535627131642e-25	8.123781112276186e-23	1.2251069621805797e-13	1.5889530971570289e-22	4.373788657725478e-11	2.3378126243441803e-20	1.93196183271803e-17	1.531851096129219e-29	2.0748568580779542e-27	2.533364496846773e-25	3.3002185814666487e-21	3.2191012316048563e-19	2.7972774203974292e-18	2.1035270021738054e-09	7.452883221579591e-16	4.487353036458934e-16	1.1959581433141458e-21	5.795935491299772e-19	1.9402982545759264e-27	6.922008134115599e-19	5.87130697120077e-07	2.693518372044093e-12	0.0019966302193762	5.839375944371393e-21	6.95052578233891e-21	1.1644764572786213e-21	1.1780486355599816e-35	1.7082425771114771e-34	0.0029008667923339	0.001873034718075	0.000726927236659	1.0227744694889852e-16	3.7224758302023215e-10	1.475720703323354e-15	7.949193828062967e-10	5.152818676369135e-11	0.0077765314889266	2.9891526128176095e-07	0.0001559278874936	1.328991051518189e-18	1.4395520073861112e-08	8.368474656911677e-27	2.3000394064115528e-33	4.373090396519058e-22	2.625641812133768e-15	8.807722093355859e-15	2.90925364831634e-16	1.7067884143492977e-21	1.207070718597007e-40	0.0	0.0
202.9366266126741	0.5391468242372163	9761407.205923188	133473899.48179376	30.334171076091955	9.69323464990054e-06	3.087095508746148e-09	0.0143232742859116	0.4965958815388442	0.0002564876325322	1.157964457072819e-06	1.0194116567916436e-19	6.052398365376483e-21	3.4593779703920304e-19	4.142681213258616e-13	2.560960302665641e-07	3.084030658003777e-35	7.426852043480588e-16	6.919088192314336e-21	6.037483142508245e-22	1.7838983306520851e-13	9.792301857944646e-20	6.234899469731895e-17	0.0191237542684657	0.4536308525192961	1.1118545985986561e-18	1.0736899667857685e-07	6.259060572665458e-12	4.624567472252705e-21	4.601166709312954e-19	2.2861004747761932e-23	6.004761577925127e-08	3.5601697638295085e-18	2.6742721391359134e-24	1.269352031810858e-13	5.602062859873588e-17	2.259762848179889e-17	2.631789132772584e-13	1.2377337316359187e-09	2.1064655466827786e-12	0.0002130487381991	1.902439871526099e-06	1.6563355417064056e-18	2.407011099052352e-18	1.0059449725948338e-24	1.0785311136719937e-22	5.371302206912684e-13	3.1729188262591015e-22	4.317320557734304e-11	3.646506801946908e-20	1.9993206097425372e-17	3.425331505238232e-29	2.36978970421168e-27	2.8171432113026275e-25	4.286831171320206e-21	3.919370146324552e-19	3.3861201635777658e-18	3.029559433646776e-09	1.183807595088999e-15	6.219815658862729e-16	1.7103933417184902e-21	8.277687441807355e-19	1.1426922349262032e-26	9.896318087496924e-19	5.209550640613004e-07	7.062054250938837e-13	0.0016927702474734	6.279024193694424e-21	1.2485229469173942e-20	1.1948434700811917e-21	1.466705261788313e-35	1.6482661136333035e-34	0.0039799630990243	0.0014304407598323	0.0009041318384902	2.8341094527964535e-15	4.80161121363684e-10	2.257432091191197e-15	9.908063900437788e-10	2.2778960714179888e-11	0.0076907403028575	7.434458940164194e-08	0.0001545632089768	5.420866834614467e-18	3.4415389273091423e-09	1.2018656291368337e-26	3.0605932199263522e-33	3.995852812289224e-22	2.4585211862494304e-15	9.298569676255251e-15	1.2872801303205434e-14	1.0486518398404058e-20	6.879298259580698e-40	0.0	0.0
198.75383592586425	0.2840346622305227	9891297.96431599	171829616.269203	30.309557917046316	5.209852226707338e-06	1.0437441070208529e-08	0.0144942801731653	0.4965131164572336	0.0003615641627414	3.4649230766024093e-06	2.813735331308768e-17	1.2148505477787022e-18	4.202538140298661e-18	9.852752100836262e-13	2.560945817898779e-07	7.71473598597814e-32	1.0470794613731914e-15	3.79206629944557e-20	9.56749990042663e-21	2.546637316475098e-13	7.436970674347672e-20	6.232098310346451e-17	0.0191150904222698	0.453125248588003	9.004996827350097e-19	1.5887213847865945e-07	1.0607835856440712e-11	2.4538065909405946e-21	6.2508805764330475e-19	2.1079181775806995e-23	1.1564524285436734e-07	5.121569132854722e-18	6.327963662185343e-24	3.4726222885208097e-14	5.198316070589124e-16	1.2414807222460312e-16	3.776841380647481e-13	1.5532939997516102e-09	4.43992699948064e-12	0.0002129315546427	1.901938640759936e-06	2.5966560266957288e-18	4.880779483853837e-18	1.2970076761353314e-24	1.302246319108769e-22	1.7739970343302425e-12	1.5309858404312534e-22	4.2729158505190894e-11	5.33221801230362e-20	2.142490216864688e-17	6.620019391650462e-29	2.4813905877034187e-27	2.978076124796369e-25	5.2710421668993545e-21	4.4838082802457075e-19	4.002070526040164e-18	4.341447255130276e-09	1.7549333898925117e-15	8.673079388287034e-16	2.4392405023597106e-21	1.179280805602417e-18	6.182598236034968e-25	1.4109695003160296e-18	5.322895580062436e-07	1.714847321767244e-13	0.0015439506974925	6.470352398648306e-21	2.0800706598157622e-20	1.2028605457130813e-21	1.7273339636538847e-35	1.5970204924877447e-34	0.0047059699534552	0.0010905798530214	0.0010573697903132	1.3630235890830457e-13	6.337153037338241e-10	3.53111912224512e-15	1.1139217425401456e-09	1.0591429636207114e-11	0.00762033035073	2.0306570625522383e-08	0.0001530988583602	6.150296498120936e-17	9.16632153392647e-10	1.7189438058057356e-26	3.8854228651980116e-33	3.714723190080613e-22	2.392091026689701e-15	9.563994776854123e-15	1.8808204792454002e-13	1.518006732452614e-19	9.471939809591119e-39	0.0	0.0
194.7425458683281	0.1496358426344195	10018666.415851053	222739404.5416805	30.28633374734555	2.7990552695439115e-06	4.089038494845636e-08	0.0146152691248328	0.4965937178826754	0.0004838481547904	9.67513543249104e-06	8.932948906806868e-16	2.8066180494790807e-17	7.072618527605886e-17	2.3711141905148124e-12	2.5619168538883565e-07	9.119106955738235e-29	1.4671542353309917e-15	1.579507286027713e-19	9.200314663571407e-20	3.630650556613336e-13	5.510106203757843e-20	6.22355341739846e-17	0.0191101111839103	0.452581922284317	7.257530814440074e-19	2.331941224120748e-07	1.948264508443734e-11	1.3176137096863282e-21	8.369744987136431e-19	1.873632029189816e-23	2.208952589774756e-07	7.3334699840474e-18	1.4601434510868437e-23	2.8479975663347785e-15	6.5067833950050406e-15	2.8089447007720256e-16	5.417143527422126e-13	1.8541100162692237e-09	8.393688784957618e-12	0.0002128472928371	1.902226537551642e-06	3.98283838288715e-18	8.432810593662049e-18	1.6383609166650327e-24	1.463035447275524e-22	4.504600109820225e-12	3.557619579427242e-23	4.2360312124560045e-11	7.214380794408416e-20	2.3782176368450202e-17	1.1048395855801068e-28	2.458010724298791e-27	3.061347389299169e-25	6.180102687096945e-21	4.889353742340082e-19	4.631350065931433e-18	6.199170551061131e-09	2.9656768301705863e-15	1.2126376469452639e-15	3.471359392759482e-21	1.6770260767361372e-18	2.810825263850575e-23	2.0075523614566657e-18	5.896852821202335e-07	4.0580410678059047e-14	0.0014694557687734	6.521893082184529e-21	3.281885775994916e-20	1.2035581084893609e-21	1.9521117279537502e-35	1.553692110836821e-34	0.0051732163712405	0.0008477882234671	0.0011822672597488	2.6592951207517048e-12	8.501616592915283e-10	5.52691215559177e-15	1.1712778107127223e-09	5.132066935400858e-12	0.0075652499059957	5.861099471722788e-09	0.0001513720412871	8.564894571455018e-16	2.6417258524386946e-10	2.4512568977927702e-26	4.629882477391784e-33	3.5022990107503044e-22	2.3731120070843268e-15	9.707686451368535e-15	1.5437126493911486e-12	3.037108525230345e-18	2.039348116750104e-37	0.0	0.0
190.82765347225828	0.0788315243818386	10143609.620587742	288691159.1860729	30.261275375561535	1.5036121352935386e-06	1.6064809468803678e-07	0.0147307458020442	0.4968443540796537	0.0006232827953871	2.3406888735867877e-05	1.2158605151300132e-14	2.8442337039574684e-16	6.291370199479858e-16	5.5723883347927236e-12	2.563944570529067e-07	4.74484798301341e-26	2.031450847060173e-15	4.553735607582911e-19	5.275821836045533e-19	5.160709815089041e-13	4.019660481589496e-20	6.214709157469349e-17	0.0191077729978811	0.4519299101036994	6.0806191881576105e-19	3.391683574749359e-07	3.775285758648116e-11	7.377157948497526e-22	1.0919623204300925e-18	1.645135898706036e-23	4.267379598194655e-07	1.0377506750609182e-17	2.967588903790084e-23	8.333733234778943e-16	5.637173927650056e-14	1.2351039078164492e-15	7.743879074223727e-13	2.104489439716697e-09	1.4918741994355933e-11	0.0002127822644738	1.9033388415164733e-06	5.972463553663329e-18	1.2840641013275581e-17	2.0307717620335443e-24	1.5668813424896814e-22	9.137297122560184e-12	7.106758057762913e-23	4.2022801935064677e-11	8.363021883197006e-20	2.7226258072716557e-17	1.6053131947270215e-28	2.3829849836056714e-27	3.1020155044381085e-25	6.94700854191313e-21	5.133563522723574e-19	5.189487581856697e-18	8.811045848587592e-09	7.594081858887507e-15	1.6887950301198862e-15	4.9221357039016926e-21	2.3761654037430506e-18	7.518820492477736e-22	2.8460176548991712e-18	6.871853345014143e-07	1.0351799348007684e-14	0.0014310820970419	6.502366187162648e-21	4.9828293513474595e-20	1.2020864037158321e-21	2.1365441372629269e-35	1.5171046089802684e-34	0.00546240233894	0.0006820224890104	0.001276709807321	2.359775220296384e-11	1.1391361411527207e-09	8.367594689999048e-15	1.2032673079579456e-09	2.606828732652197e-12	0.0075225357385495	1.784928343388528e-09	0.0001492038516987	7.473914016404674e-15	8.345824115456967e-11	3.480807203858295e-26	5.1544213492483765e-33	3.3425338090387033e-22	2.3695992039494343e-15	9.783083927490262e-15	9.171960221077484e-12	3.2060448211486996e-17	3.0059232645344933e-36	0.0	0.0
187.05878137504257	0.0415302184754428	10266190.240373682	374115121.5670924	30.231236166688763	8.072945133548386e-07	5.548851308736458e-07	0.014869638858899	0.4973031867011373	0.000775753326871	4.53298077614225e-05	2.8077684007284304e-13	5.043014970007548e-15	4.296791782611027e-15	1.2079668388516451e-11	2.567279601162268e-07	1.0482816654758667e-23	2.7556800196199764e-15	9.848766012584078e-19	2.0296502238666565e-18	7.319476801931289e-13	2.9482118529558253e-20	6.206491006560357e-17	0.0191075078186275	0.4510886959586733	9.06864081481137e-19	4.897046043595184e-07	7.832157612590025e-11	4.709563595794485e-22	1.3674358495942536e-18	1.481940315859752e-23	8.532663770770027e-07	1.4265697085917398e-17	4.8704891216334114e-23	8.249243457748869e-15	3.211708829697718e-13	9.407014990145157e-14	1.1037382848362582e-12	2.283681176836753e-09	2.569016695919649e-11	0.0002127274614295	1.9054174111295185e-06	8.774313164102418e-18	1.76118561847846e-17	2.4569722086613623e-24	1.6298136625146336e-22	1.54988165425302e-11	5.657745052642479e-22	4.166977324212796e-11	8.138714038318191e-20	3.176992249644516e-17	2.0748040068283507e-28	2.346813986766412e-27	3.1214169400716914e-25	7.530018967914213e-21	5.249415711737978e-19	5.590842755479704e-18	1.2481930790182129e-08	2.7350890456338144e-14	2.3234092943476477e-15	6.960261917290886e-21	3.349567471711934e-18	1.1307521008437722e-20	4.023764165086729e-18	8.386295341501889e-07	3.232911394044416e-15	0.0014100865651194	6.449485194339245e-21	7.378693732903121e-20	1.1999324690744827e-21	2.2802097315288656e-35	1.4856066623223326e-34	0.0056335041659045	0.0005725484218556	0.0013431991667798	1.1841548204856176e-10	1.485068931098478e-09	1.195742834053526e-14	1.2482235448407872e-09	1.4106863519606784e-12	0.0074865419298476	5.803454983353082e-10	0.0001463627360409	6.032918228937627e-14	2.939755886167277e-11	4.927017750293868e-26	5.453265818371517e-33	3.2221476663905443e-22	2.366073313551885e-15	9.817676088191156e-15	4.5631170256528255e-11	1.976301467977447e-16	2.557359422979335e-35	0.0	0.0
183.47928921888223	0.0218790523225676	10386515.253618885	484741557.83717954	30.192754125144766	4.3304613618186347e-07	1.691101805687978e-06	0.0150563067869027	0.4980413245676746	0.0009344580116698	7.17696316774409e-05	7.290771656433443e-12	1.0526615469446451e-13	3.929127296897719e-14	2.3083105294367606e-11	2.572378336288819e-07	9.66398850119912e-22	3.626562907545097e-15	1.7381917737860436e-18	5.76912008776476e-18	1.0358259484399365e-12	2.2386068592972762e-20	6.19870110682456e-17	0.0191091295071076	0.449958940496823	3.972127239553087e-18	7.026202990277924e-07	1.8980802821258623e-10	3.8883967234867273e-22	1.6250488945586716e-18	1.4110356947218848e-23	1.7180484119526671e-06	1.8562075176750556e-17	6.550980233440011e-23	5.3488588118997455e-14	1.3828546049897446e-12	3.0443935247320538e-12	1.568474692918617e-12	2.39551139216157e-09	4.3605556184382725e-11	0.0002126769724668	1.9087364947773675e-06	1.2611385283015892e-17	2.2066076471024797e-17	2.8831213542954453e-24	1.6660997699843206e-22	2.2871527157558727e-11	2.631095185282082e-21	4.125081427037645e-11	7.807354515655118e-20	3.712623537884737e-17	2.44755710175333e-28	2.3969652056283427e-27	3.130341211763631e-25	7.92203778870703e-21	5.28785270569241e-19	5.818738794275266e-18	1.7622179272607527e-08	9.147685140764099e-14	3.1203197602481005e-15	9.818624617732403e-21	4.648631280058118e-18	9.728710197859072e-20	5.676082701091307e-18	1.08692321274716e-06	1.3924742647532452e-15	0.0013974177177314	6.3824925920207325e-21	1.0746583297130873e-19	1.1973524983395676e-21	2.3848685974077908e-35	1.457330371236188e-34	0.0057292443369823	0.0005008610939156	0.0013877590442235	3.934200523001461e-10	1.843507293660989e-09	1.6013341271007374e-14	1.317022146359203e-09	8.358723354364765e-13	0.0074501667305126	2.0393710488786357e-10	0.0001425561079142	4.243377826693812e-13	1.1660735059328364e-11	6.95264430365422e-26	5.5956729417981866e-33	3.1284014335905105e-22	2.357032184680786e-15	9.824746775195258e-15	2.0257392519357848e-10	8.403125473788096e-16	1.466268225229165e-34	0.0	0.0
180.0458289360655	0.0115263764099075	10504732.528662069	627980608.0977912	30.141441600576858	2.3209390358599325e-07	4.743021906842078e-06	0.0153177284849625	0.4991661172670972	0.0010931941658229	9.85144900356492e-05	9.254011442317231e-11	1.107170686356596e-12	2.9176159239592465e-13	3.840772877652272e-11	2.579939908097784e-07	3.722228568542764e-20	4.602411109035832e-15	2.6459895303887245e-18	1.2801362748156926e-17	1.4558759524361896e-12	1.8212535166335702e-20	6.19086658697967e-17	0.0191126264875796	0.4484074844019645	1.5143569321375565e-17	9.979463601462272e-07	5.264591336226141e-10	4.1904589313615817e-22	1.830018104257818e-18	1.4182293205579582e-23	3.181114059819596e-06	2.2498364714490214e-17	7.589548319729045e-23	1.531415786217373e-13	4.922915456531462e-12	3.5641778981575093e-11	2.2100442341842063e-12	2.4580586084464807e-09	7.344840185152333e-11	0.0002126257799755	1.9137289115235053e-06	1.7634845802098918e-17	2.559310146997223e-17	3.2747346265929533e-24	1.6856923445514765e-22	3.0295087379776167e-11	6.657414225779717e-21	4.0711675300367916e-11	8.506677431123416e-20	4.2699379630716945e-17	2.701307926343529e-28	2.5294546559809656e-27	3.133883275890415e-25	8.153218091781816e-21	5.286993849115088e-19	5.907595479758674e-18	2.4581917759955642e-08	2.3321692693102965e-13	4.039075429331976e-15	1.3752910361176302e-20	6.1894472673592594e-18	4.954973240517729e-19	7.963567128270232e-18	1.5087283160255665e-06	9.367179833820713e-16	0.0013886391452575	6.3110973473433574e-21	1.5435076286680125e-19	1.1941448274100929e-21	2.4536380538080435e-35	1.4301153745524423e-34	0.0057790435085509	0.0004527048397277	0.0014160844826742	1.0279208641646503e-09	2.16967827626677e-09	2.0179352113646892e-14	1.3992993188828067e-09	5.59973472944648e-13	0.0074051851588721	7.807783737116473e-11	0.0001374158293461	1.8265104502258937e-12	5.306723085210183e-12	9.730584768167612e-26	5.647334379374642e-33	3.0493453279987967e-22	2.34167672425824e-15	9.809487890104991e-15	8.540190539757111e-10	2.7650621054477977e-15	6.410935593224137e-34	0.0	0.0
176.70800583145734	0.0060723541030995	10620977.903437795	813412562.8939725	30.07134512256135	1.2429214929417176e-07	1.2227002101801745e-05	0.0156894323479399	0.5008293201728418	0.0012483854112683	0.0001231922965222	6.690804396131978e-10	6.7578536615843305e-12	1.288286552382869e-12	5.6499750420974505e-11	2.59096412638946e-07	6.1638272721026e-19	5.622383922364032e-15	3.605325113197409e-18	2.315302472811165e-17	2.0024958459942042e-12	1.6381899146028876e-20	6.18236627003832e-17	0.0191177073450476	0.4462501314823047	3.6027318615997183e-17	1.3830764581397324e-06	1.3310276319767994e-09	5.10690554706705e-22	1.9656588171623163e-18	1.4589632716190956e-23	5.104096854283899e-06	2.5469388191119628e-17	7.952369086578927e-23	2.716884424395095e-13	1.4427468895629103e-11	2.2346474917380956e-10	3.035695000398371e-12	2.4897946796631072e-09	1.2294498972814656e-10	0.0002125679544338	1.921026398620204e-06	2.375051446286145e-17	2.796825300031192e-17	3.6095428051977514e-24	1.6948607300776888e-22	3.694773285215211e-11	1.1139481733025487e-20	4.001088964907111e-11	9.747162615843754e-20	4.767210732891087e-17	2.848278527927581e-28	2.70897313176985e-27	3.134418841715442e-25	8.27158214511512e-21	5.265309377859699e-19	5.899588449884023e-18	3.3114120947628466e-08	4.4268825819329773e-13	4.969588354595223e-15	1.8798098906847768e-20	7.68152838027587e-18	1.5925571359271869e-18	1.0959070359531021e-17	2.1671057344636627e-06	8.54566699966477e-16	0.0013814632191185	6.2405291658000045e-21	2.169728236260632e-19	1.1897962908258654e-21	2.4894295071946634e-35	1.401498739711025e-34	0.0058021676841228	0.0004185766818885	0.0014315682546301	2.28135017790872e-09	2.431782141666971e-09	2.3960686914536882e-14	1.4773447471562261e-09	4.2887602466673044e-13	0.0073418814765146	3.274775501497107e-11	0.0001304963265196	4.603658446876001e-12	2.8618718886366008e-12	1.3288118708491e-25	5.6465529094778867e-33	2.974633928232289e-22	2.320564830058556e-15	9.771623992237563e-15	3.599594307779445e-09	7.680785759177773e-15	2.095137901384076e-33	0.0	0.0
173.5015405709904	0.0031990525939908	10735375.6081169	1053420477.5550458	29.974168542934407	6.647451380851783e-08	2.7062116224957345e-05	0.0162223587993276	0.5032420202783235	0.0014014520653309	0.0001449756359497	3.041866872825682e-09	2.6470672122270213e-11	3.31638954844179e-12	7.533046730293335e-11	2.6068534382641535e-07	4.7377173927812195e-18	6.618399023700511e-15	4.5216629779095866e-18	3.562575498417158e-17	2.6370796229170337e-12	1.6289002634219454e-20	6.172352322332101e-17	0.0191229943575917	0.4432291911517002	5.855108562020268e-17	1.8303499500106476e-06	2.650350541676275e-09	6.240142525618281e-22	2.0363581468962843e-18	1.4891178003620306e-23	7.116750589445844e-06	2.7326214480275247e-17	7.871093614686291e-23	3.804124303777508e-13	3.3389619561976524e-11	8.972906764368551e-10	3.972518154758832e-12	2.5037948647280654e-09	2.0481155310233974e-10	0.0002124945023065	1.9315244714267487e-06	3.04421984506204e-17	2.9416916330830404e-17	3.879826399394865e-24	1.6973027292936805e-22	4.2360024686950594e-11	1.4733184996453092e-20	3.915129138335857e-11	1.06225363691848e-19	5.131234485128711e-17	2.914908742589424e-28	2.8935989967397044e-27	3.1329920751704907e-25	8.320642569367507e-21	5.228516552575387e-19	5.8291681947064576e-18	4.19801698018972e-08	6.535403795475818e-13	5.731962615150547e-15	2.4413590578352287e-20	8.806876287310124e-18	3.521651508501547e-18	1.4421088664929674e-17	3.023603905556228e-06	8.149311799416325e-16	0.0013745321310295	6.173026742374021e-21	2.9297635110386386e-19	1.1835708494709733e-21	2.493702824060169e-35	1.3686498811217422e-34	0.0058105106372142	0.0003925466437009	0.0014355996530438	4.171841136147311e-09	2.6088449095386942e-09	2.6736444589419268e-14	1.535813139146611e-09	3.6613894387183283e-13	0.0072487305954894	1.5092266947897518e-11	0.0001212951985316	7.566191975686165e-12	1.8666722979303928e-12	1.7293151110916402e-25	5.609595554053717e-33	2.8951093834962645e-22	2.2940479097203124e-15	9.706717331444242e-15	1.3472566860658261e-08	1.8983084225914887e-14	4.612373337838869e-33	0.0	0.0
170.45082269035362	0.001685332792746	10848101.813602338	1364006189.7741234	29.838255488001266	3.5485422269343837e-08	4.927237204243863e-05	0.0169920845489828	0.5066968364923647	0.0015626950936193	0.0001636598943828	9.745396812478668e-09	7.427937313937869e-11	5.556182268083808e-12	9.32324188897548e-11	2.629568986397479e-07	1.9432065119463148e-17	7.529207194246682e-15	5.335098441518674e-18	4.852256608883238e-17	3.2775913763225014e-12	1.7210666259717784e-20	6.159592117590258e-17	0.0191256424249967	0.4389821853013752	7.453217365889202e-17	2.2808083188330986e-06	4.176947397914346e-09	7.3283039719922675e-22	2.062453809381665e-18	1.4937000398862802e-23	8.886718010536814e-06	2.825410433953837e-17	7.59798250238534e-23	4.860399872373337e-13	6.138735234388478e-11	2.515617976839409e-09	4.8754221734977405e-12	2.50765444487411e-09	3.38484928202259e-10	0.0002123896971648	1.946478800009444e-06	3.6868202194069984e-17	3.0316455594006606e-17	4.0879528728122624e-24	1.694945537683522e-22	4.6385017028985934e-11	1.7172723009435844e-20	3.818700191394156e-11	1.0902251626131892e-19	5.337442364097472e-17	2.9257497064217697e-28	3.05172249811368e-27	3.129870525109965e-25	8.329345235652327e-21	5.17576395367768e-19	5.722089915679082e-18	4.9449788298255e-08	8.067328454975609e-13	6.197354289427698e-15	2.952223953395461e-20	9.454195342485103e-18	5.8485988535251495e-18	1.7711806314011268e-17	3.945761729548138e-06	7.39869767300252e-16	0.0013668025474112	6.106086518257018e-21	3.7336772623682182e-19	1.1746531044091692e-21	2.4657581756194626e-35	1.3282375343643584e-34	0.0058093352798233	0.0003708509882205	0.0014286413803017	6.2371105515446195e-09	2.6955502513654183e-09	2.813104877523693e-14	1.5676634680365484e-09	3.3389402348262613e-13	0.0071128409882785	7.632471992120538e-12	0.0001093199203724	9.473032460132012e-12	1.435664802031921e-12	2.1121592517811784e-25	5.5399082131198244e-33	2.8018418355790375e-22	2.261243252625728e-15	9.606789334619738e-15	4.0765245769385765e-08	4.2612029236596546e-14	6.651140358084987e-33	0.0	0.0
167.4666463893529	0.0008878711865008	10959389.423852738	1765842564.0913875	29.64735337862395	1.8905908369308437e-08	7.546744094754404e-05	0.0181117372009416	0.5115921707783033	0.0017530966996791	0.0001794026090004	2.461256011710824e-08	1.617848154691918e-10	7.013206155297914e-12	1.0933225179841754e-10	2.661814517170196e-07	5.035631204867519e-17	8.313240158650075e-15	6.0216177053571894e-18	6.044483159993586e-17	3.845079678346487e-12	1.8489487559765212e-20	6.14221480649827e-17	0.0191216112383879	0.4330032531981358	8.283279055719419e-17	2.677381755374615e-06	5.515967470504905e-09	8.245710025847002e-22	2.0649017804245047e-18	1.4783242873376324e-23	1.0261118678315063e-05	2.852039385996014e-17	7.28679314087396e-23	6.014434953714508e-13	9.420729596858455e-11	5.237728050324149e-09	5.60901258673862e-12	2.505077414159984e-09	5.43872650761914e-10	0.0002122245361319	1.967624219538435e-06	4.223425996947254e-17	3.089355128766606e-17	4.2405819498054095e-24	1.6884909624256085e-22	4.908469318552813e-11	1.8700169639928232e-20	3.717378211895437e-11	1.0776923169114748e-19	5.407286131830793e-17	2.896463410198328e-28	3.166915795309769e-27	3.1247243843167388e-25	8.312532101463237e-21	5.102424575479282e-19	5.590190176949484e-18	5.438864696258053e-08	8.922176681416779e-13	6.396371903749599e-15	3.3144779494582553e-20	9.709838028464205e-18	7.899639988160455e-18	2.0139920575598012e-17	4.7997208344548185e-06	6.436973061216791e-16	0.0013572127373407	6.031923690152605e-21	4.467001541090803e-19	1.1620171582429537e-21	2.4024605885912141e-35	1.276319504258033e-34	0.0057982614263053	0.0003508573602233	0.0014106225203009	7.853802157523907e-09	2.7013886032210693e-09	2.8209755767085366e-14	1.5733484871074988e-09	3.137292872348674e-13	0.0069196551210882	4.204711278776725e-12	9.424810790196866e-05	1.0275570342808024e-11	1.2234358313909286e-12	2.4196975998564704e-25	5.433519823484512e-33	2.6853599937181e-22	2.219451342167532e-15	9.460159289165703e-15	1.0158027515414317e-07	8.82562684277746e-14	6.739698521430391e-33	0.0	0.0
164.53431100198748	0.0004677504924911	11069470.831323398	2285629880.8672466	29.379103650513038	1.0045840946573665e-08	0.0001017933171234	0.0197524537518047	0.5184541488880037	0.0020042328399958	0.0001927759502685	5.312338644329834e-08	2.951366276797754e-10	7.630506161042446e-12	1.2355506918850547e-10	2.7072329967896333e-07	9.527058301491541e-17	8.953831547812353e-15	6.581827550798003e-18	7.060383327938807e-17	4.293680058067557e-12	1.9703609896759148e-20	6.11729971231222e-17	0.019105289233664	0.4245984722727061	8.598546706561829e-17	2.9864668432133666e-06	6.437367477845654e-09	8.956177013270821e-22	2.055338754866221e-18	1.4497780222298762e-23	1.1230323998350157e-05	2.832400532440344e-17	6.995700031062431e-23	7.530809242480146e-13	1.2743818520143764e-10	8.673849490720596e-09	6.120252483293002e-12	2.497214175293369e-09	8.26083456828735e-10	0.0002119450252879	1.9973027643102205e-06	4.6110343472778025e-17	3.122470895474074e-17	4.344516410397271e-24	1.6777506805109276e-22	5.065119792162303e-11	1.9638710167418504e-20	3.610791244547609e-11	1.0442798296686388e-19	5.373751099169674e-17	2.833388510202629e-28	3.236295342604422e-27	3.1165922729199857e-25	8.274797160638565e-21	5.000827354246956e-19	5.4309719931841844e-18	5.673708620239833e-08	9.28734777658034e-13	6.433377497890314e-15	3.49490738679827e-20	9.708830564645865e-18	9.28619309595034e-18	2.1396818993104892e-17	5.504941501187192e-06	5.518807965261481e-16	0.0013444569314616	5.93935048642853e-21	5.040812805604465e-19	1.1441821921842325e-21	2.2984061832654137e-35	1.2083449131336336e-34	0.0057734445931958	0.0003304501319512	0.0013805154617	8.59519770711467e-09	2.640848512158001e-09	2.7249112992994514e-14	1.555750660524303e-09	2.966742079630559e-13	0.0066514623292919	2.488119704471836e-12	7.620619409478728e-05	1.0422004888515856e-11	1.0871010470445756e-12	2.6187068200841634e-25	5.281180876967933e-33	2.535351577934659e-22	2.1642810551034587e-15	9.250556388627367e-15	2.215671221911529e-07	1.72950823725194e-13	5.5777251058439954e-33	0.0	0.0
161.7681384803041	0.0002464214703125	11178649.61285542	2957843652.268474	29.00297163546544	5.313956980970012e-09	0.0001259497029024	0.0221779282649205	0.5279556653168215	0.0023614841860139	0.0002046824424688	1.0040504631342327e-07	4.887069656537497e-10	7.776430756474093e-12	1.3636329811224563e-10	2.7706340563744294e-07	1.454144691458012e-16	9.454117963265492e-15	7.028665817435517e-18	7.873914681813375e-17	4.609040774457992e-12	2.0652400222579504e-20	6.080177248264065e-17	0.0190675438900315	0.4128295420044753	8.64207399198546e-17	3.1969157384826376e-06	6.893983373790712e-09	9.463757089949653e-22	2.037139566258156e-18	1.409502946942109e-23	1.1844524534878711e-05	2.7759685651762527e-17	6.719783994331226e-23	1.0062995261876805e-12	1.5864685164648455e-10	1.220060628480596e-08	6.432450427987255e-12	2.483348694879772e-09	1.1675198542938516e-09	0.0002114508904775	2.038588677180664e-06	4.8495047391075304e-17	3.13401390224382e-17	4.404361638526602e-24	1.6616411106197297e-22	5.132794161710342e-11	2.0221842823353412e-20	3.4911221487345955e-11	9.99337750852284e-20	5.257915116258759e-17	2.735528206463704e-28	3.2653446740619235e-27	3.103632565498948e-25	8.213262846624305e-21	4.860066043065284e-19	5.23228773437834e-18	5.7032235619524506e-08	9.36608291137541e-13	6.3835083179134445e-15	3.5131400189072785e-20	9.541850773868582e-18	9.994383814775764e-18	2.1563978454346625e-17	6.03117808401083e-06	4.76391595903446e-16	0.0013267557695084	5.814883257002194e-21	5.407497905877944e-19	1.1190351114382754e-21	2.1465293672797664e-35	1.119349772783032e-34	0.0057287694680947	0.0003077164797328	0.0013359411751445	8.322438728192937e-09	2.523613568047793e-09	2.5474546527531337e-14	1.5163922953467204e-09	2.7808655657650416e-13	0.0062864296410173	1.5478232707239793e-12	5.611326770378033e-05	1.0228400833387855e-11	9.653573562957764e-13	2.697570462907362e-25	5.069041194859076e-33	2.3409573873453584e-22	2.0898604739425145e-15	8.955906741429282e-15	4.457809422210785e-07	3.2949954226668694e-13	4.451570666355763e-33	0.0	0.0
159.09642601268476	0.0001298203679222	11287421.885214357	3826985977.540288	28.47807498772081	2.7950077798453022e-09	0.000147252949837	0.0257987669562818	0.5409032529132207	0.0028930940399384	0.0002161834404429	1.6545883653399716e-07	7.428636858043385e-10	7.561209626408883e-12	1.484678643934498e-10	2.858103234474787e-07	1.907073830363644e-16	9.82626780814308e-15	7.37730791837468e-18	8.488309489179922e-17	4.799802627913452e-12	2.1259745589724902e-20	6.023279939574451e-17	0.018991950680545	0.3964667167988484	8.554092207497233e-17	3.3139578574485627e-06	6.9690712092662515e-09	9.780686231576842e-22	2.0089572088592717e-18	1.354765490466076e-23	1.215774296398124e-05	2.6833539539339408e-17	6.426603141542087e-23	1.448008823801351e-12	1.8736362705038966e-10	1.5333972241125552e-08	6.598554634692282e-12	2.4609851850169404e-09	1.5366765459251202e-09	0.0002105572923922	2.095289412880772e-06	4.9635796213779855e-17	3.125750652036809e-17	4.420866972937245e-24	1.6379191207492354e-22	5.1314279013069664e-11	2.0566150517001895e-20	3.345122916712465e-11	9.445402626341086e-20	5.0639887095851524e-17	2.596745964747129e-28	3.26093134064321e-27	3.082592076730975e-25	8.118341933020695e-21	4.66565340356086e-19	4.976200297358393e-18	5.579499943547344e-08	9.280177417529849e-13	6.275001862457347e-15	3.400791981456248e-20	9.241982401714029e-18	1.017180193431959e-17	2.084739946493727e-17	6.374237155599248e-06	4.16026427381834e-16	0.0013015802219935	5.642244253328626e-21	5.558569699905379e-19	1.0836778461857957e-21	1.9396504346753863e-35	1.0046896890826695e-34	0.0056553398965676	0.0002808785563225	0.0012731392369307	7.209572778144049e-09	2.3513554427219453e-09	2.2985329018864328e-14	1.4541185019772732e-09	2.55269984208495e-13	0.0057999989560429	9.824246539357349e-13	3.595773088039923e-05	9.822898564936244e-12	8.320038771374876e-13	2.65928187822476e-25	4.7793718679251386e-33	2.092353786979166e-22	1.9889414488841816e-15	8.547670026565349e-15	8.435250981611488e-07	6.165646844614677e-13	3.771240503444266e-33	0.0	0.0
156.51896947148714	6.83922870279324e-05	11396406.255552469	4950484366.645613	27.750985997096258	1.4585070912990646e-09	0.0001660005486303	0.0312718979144702	0.5581386447078652	0.0037087858442382	0.0002283783373517	2.404110562664554e-07	1.0513422461860914e-09	7.138075682208441e-12	1.6065459488911683e-10	2.976732407338329e-07	2.249922486771364e-16	1.0079649151460554e-14	7.637330608672252e-18	8.913038739865373e-17	4.88576978782825e-12	2.149779361942145e-20	5.934180794567767e-17	0.0188481836351807	0.373973852221144	8.387142388285383e-17	3.350694958957943e-06	6.805611470083563e-09	9.910098197118008e-22	1.966433316142433e-18	1.2805473246071e-23	1.2202938155088108e-05	2.5487459105212908e-17	6.077397534895558e-23	2.2545953484145164e-12	2.142777951674472e-10	1.7819606472618904e-08	6.662126497536972e-12	2.4253460738024212e-09	1.905459239666882e-09	0.0002089242854906	2.1716309648806383e-06	4.9787464390319067e-17	3.09662468944954e-17	4.389300329211946e-24	1.602747078394202e-22	5.069650624928345e-11	2.0708960825903806e-20	3.156609955731147e-11	8.775121916572884e-20	4.7826846783107516e-17	2.407776943037642e-28	3.2256480114192247e-27	3.0478062998744286e-25	7.972494009805504e-21	4.399450436017659e-19	4.641164876782836e-18	5.3279500931542626e-08	9.074813077138372e-13	6.105481532930004e-15	3.17818062847681e-20	8.801368653284523e-18	9.954433841490564e-18	1.9396799816308788e-17	6.534650548551712e-06	3.650852797269953e-16	0.0012652748245558	5.4010850070055744e-21	5.5103250989819e-19	1.0342736871443944e-21	1.6735905185478442e-35	8.616185700702881e-35	0.0055396856880903	0.0002484401566312	0.0011872549927172	5.653739852526994e-09	2.120238392048582e-09	1.9811293830877764e-14	1.3652585755568415e-09	2.2656033517843437e-13	0.0051697009917505	6.113603353821043e-13	1.8621776919858105e-05	9.231760582105329e-12	6.78331281852047e-13	2.513824786163091e-25	4.392327368375307e-33	1.7842305442496272e-22	1.853148701866348e-15	7.991455223152325e-15	1.4631589920525973e-06	1.1059076511893364e-12	3.49905752878584e-33	0.0	0.0
154.0269808638677	3.60305936562555e-05	11506471.39912323	6402422704.400028	26.752765725567546	7.527196981016093e-10	0.0001829574826858	0.0396825356970893	0.5803096587448165	0.0049938420535378	0.0002423359465115	3.164817746365475e-07	1.3895126941834164e-09	6.6910505329643306e-12	1.7375883242925662e-10	3.133807538287465e-07	2.4699174273497576e-16	1.0208854364055544e-14	7.805948618566008e-18	9.146586972837308e-17	4.881680034494331e-12	2.1348681925512088e-20	5.79228709858463e-17	0.0185807580828673	0.3435291510980477	8.136010159279846e-17	3.3165837261167146e-06	6.5225094771855645e-09	9.836181579682726e-22	1.9021051041254644e-18	1.1804558580123092e-23	1.1982362292118074e-05	2.361746683996205e-17	5.631602045640451e-23	3.769680790595597e-12	2.405359960507456e-10	1.9549289907912105e-08	6.642285045545939e-12	2.368174554960108e-09	2.256294949926087e-09	0.0002059332789187	2.2714949541909677e-06	4.9059991479426985e-17	3.0400010843021133e-17	4.297317301120968e-24	1.5499691380958717e-22	4.9415950031819225e-11	2.0622803179139915e-20	2.9075207582084648e-11	7.940610275933467e-20	4.3956444568194084e-17	2.1582304161409913e-28	3.154548567057985e-27	2.989453969327362e-25	7.746669649123603e-21	4.0399644128010098e-19	4.203696907716829e-18	4.948213928659136e-08	8.743474142141931e-13	5.854184540430159e-15	2.852064792258198e-20	8.187296953788702e-18	9.411530593882573e-18	1.7276592993227473e-17	6.504419146045704e-06	3.1700754746068297e-16	0.0012124918587118	5.0654138591975926e-21	5.279924154159312e-19	9.658736335208673e-22	1.351722547585995e-35	6.916104528952594e-35	0.0053607930350847	0.000209512308896	0.0010728521527582	4.0658211780913306e-09	1.825928259831031e-09	1.6010751693923874e-14	1.2443679365968243e-09	1.911852384266485e-13	0.0043833535053111	3.532382414628821e-13	6.793120592441292e-06	8.433134081586662e-12	5.074696104184835e-13	2.2702990496395446e-25	3.889117368868063e-33	1.4208490272005233e-22	1.6735510089034401e-15	7.249110753343879e-15	2.2376805040685603e-06	1.8092518102068956e-12	3.5024949707633487e-33	0.0	0.0
151.54164214053316	1.898172638519887e-05	11618863.92404706	8278341164.272257	25.39852944787521	3.8265048821045025e-10	0.0001988455449903	0.0528376868613328	0.6073303341607064	0.0070651336966012	0.0002588818754584	3.883081427637748e-07	1.6801805947052724e-09	6.373513702236539e-12	1.885713181854706e-10	3.334400368698208e-07	2.579351864551178e-16	1.018025346398158e-14	7.858917985574277e-18	9.161387550148666e-17	4.783989897562348e-12	2.0764401962725827e-20	5.564264603354586e-17	0.0180920749772398	0.3032238028563622	7.758602777232655e-17	3.2085208642203062e-06	6.173468698899077e-09	9.51591254310074e-22	1.804454325784514e-18	1.0475586612306317e-23	1.1461036423820598e-05	2.109319937818707e-17	5.0481116084081526e-23	6.523570118999528e-12	2.6715711757595117e-10	2.044403387606582e-08	6.528435988782808e-12	2.2759303549124393e-09	2.5786550628434757e-09	0.0002004995992457	2.3964687490047225e-06	4.7353837420380757e-17	2.9410432827307026e-17	4.122078430091161e-24	1.4701708975092894e-22	4.725159780259905e-11	2.021190845624327e-20	2.5793880130515268e-11	6.897372966323681e-20	3.880687775587202e-17	1.8399237838271919e-28	3.0330616296580503e-27	2.891010187823196e-25	7.39502096219676e-21	3.5647218543452453e-19	3.642407773977335e-18	4.423497643774808e-08	8.243936335602963e-13	5.485842070670544e-15	2.4234676591525575e-20	7.35366264081437e-18	8.55182202007532e-18	1.4516806592558252e-17	6.2589280496406185e-06	2.6640752750143896e-16	0.0011356040964318	4.6033985693950964e-21	4.868538090568912e-19	8.725333771395271e-22	9.90930075602548e-36	5.033917022408081e-35	0.0050865138712832	0.0001644186398454	0.0009251501960434	2.738159009450941e-09	1.4701865446030671e-09	1.1772261610492394e-14	1.0856840281541095e-09	1.4965456062395541e-13	0.0034526896662133	1.750159323261985e-13	1.2401136311412332e-06	7.38881710673501e-12	3.3329649845523506e-13	1.9352150267057996e-25	3.2587935597882897e-33	1.0224262025256524e-22	1.4424442684856113e-15	6.2857114247468165e-15	2.993896566764947e-06	2.616063839013481e-12	3.6902462950357364e-33	0.0	0.0
