file,T_inf,weighted_mass_loss_kg_s,species,Mdot_kg_s,lambda_j,v_th_m_s,effusion_velocity_m_s,n_exo_m3,exobase_altitude_km,exobase_radius_m,T_exo_K,exobase_index,jeans_valid,escape_regime,atmosphere_type,mass_case,flux_case
H2_atmosphere_1_M_earth_1_F_earth.csv,200,3.208783220084817e-06,H2O,0.0,451.38834384342465,429.59964246426125,5.0524666907331985e-192,0.0,3257.679190437926,9569306.136637926,199.77270369451278,420,True,Jeans,H2,1_M_earth,1_F_earth
H2_atmosphere_1_M_earth_1_F_earth.csv,200,3.208783220084817e-06,CO,0.0,702.1596459786605,344.4460019103958,7.771600924335148e-301,0.0,3257.679190437926,9569306.136637926,199.77270369451278,420,True,Jeans,H2,1_M_earth,1_F_earth
H2_atmosphere_1_M_earth_1_F_earth.csv,200,3.208783220084817e-06,SO2,0.0,1604.9363336655097,227.82961528634655,0.0,0.0,3257.679190437926,9569306.136637926,199.77270369451278,420,True,Jeans,H2,1_M_earth,1_F_earth
H2_atmosphere_1_M_earth_1_F_earth.csv,200,3.208783220084817e-06,H,3.543057492657206e-06,25.07713021352359,1822.6369222907724,1.7238352361896105e-07,21512584162519.285,3257.679190437926,9569306.136637926,199.77270369451278,420,True,Jeans,H2,1_M_earth,1_F_earth
H2_atmosphere_1_M_earth_1_F_earth.csv,200,3.208783220084817e-06,NO2,0.0,1153.5479898220854,268.7331531826927,0.0,0.0,3257.679190437926,9569306.136637926,199.77270369451278,420,True,Jeans,H2,1_M_earth,1_F_earth
H2_atmosphere_1_M_earth_1_F_earth.csv,200,3.208783220084817e-06,H2S,0.0,852.6224272598021,312.5796534013643,0.0,0.0,3257.679190437926,9569306.136637926,199.77270369451278,420,True,Jeans,H2,1_M_earth,1_F_earth
H2_atmosphere_1_M_earth_1_F_earth.csv,200,3.208783220084817e-06,N2,0.0,702.1596459786605,344.4460019103958,7.771600924335148e-301,0.0,3257.679190437926,9569306.136637926,199.77270369451278,420,True,Jeans,H2,1_M_earth,1_F_earth
H2_atmosphere_1_M_earth_1_F_earth.csv,200,3.208783220084817e-06,OH,0.0,426.31121362990103,442.05438516209074,3.8195078593749964e-181,0.0,3257.679190437926,9569306.136637926,199.77270369451278,420,True,Jeans,H2,1_M_earth,1_F_earth
H2_atmosphere_1_M_earth_1_F_earth.csv,200,3.208783220084817e-06,N,5.927710752620862e-150,351.07982298933024,487.1202074068708,1.631708287452843e-148,2715980110.5026298,3257.679190437926,9569306.136637926,199.77270369451278,420,True,Jeans,H2,1_M_earth,1_F_earth
H2_atmosphere_1_M_earth_1_F_earth.csv,200,3.208783220084817e-06,NO,0.0,752.3139064057077,332.76645216014884,0.0,0.0,3257.679190437926,9569306.136637926,199.77270369451278,420,True,Jeans,H2,1_M_earth,1_F_earth
H2_atmosphere_1_M_earth_1_F_earth.csv,200,3.208783220084817e-06,CH4,0.0,401.2340834163774,455.6592305726931,2.8824761933579107e-170,0.0,3257.679190437926,9569306.136637926,199.77270369451278,420,True,Jeans,H2,1_M_earth,1_F_earth
H2_atmosphere_1_M_earth_1_F_earth.csv,200,3.208783220084817e-06,O2,0.0,802.4681668327548,322.19973184819594,0.0,0.0,3257.679190437926,9569306.136637926,199.77270369451278,420,True,Jeans,H2,1_M_earth,1_F_earth
H2_atmosphere_1_M_earth_1_F_earth.csv,200,3.208783220084817e-06,S2,0.0,1604.9363336655097,227.82961528634655,0.0,0.0,3257.679190437926,9569306.136637926,199.77270369451278,420,True,Jeans,H2,1_M_earth,1_F_earth
H2_atmosphere_1_M_earth_1_F_earth.csv,200,3.208783220084817e-06,S,0.0,802.4681668327548,322.19973184819594,0.0,65685116121.42876,3257.679190437926,9569306.136637926,199.77270369451278,420,True,Jeans,H2,1_M_earth,1_F_earth
H2_atmosphere_1_M_earth_1_F_earth.csv,200,3.208783220084817e-06,C,1.897419445539275e-125,300.92556256228306,526.1499588597642,9.143094499802537e-127,1810085248363.3103,3257.679190437926,9569306.136637926,199.77270369451278,420,True,Jeans,H2,1_M_earth,1_F_earth
H2_atmosphere_1_M_earth_1_F_earth.csv,200,3.208783220084817e-06,H2,0.0,50.15426042704718,1288.7989273927838,3.074280544779874e-18,0.0,3257.679190437926,9569306.136637926,199.77270369451278,420,True,Jeans,H2,1_M_earth,1_F_earth
H2_atmosphere_1_M_earth_1_F_earth.csv,200,3.208783220084817e-06,CO2,0.0,1103.393729395038,274.77285455848386,0.0,0.0,3257.679190437926,9569306.136637926,199.77270369451278,420,True,Jeans,H2,1_M_earth,1_F_earth
H2_atmosphere_1_M_earth_1_F_earth.csv,200,3.208783220084817e-06,O,1.597651899087051e-169,401.2340834163774,455.6592305726931,2.8824761933579107e-170,362582287609.94055,3257.679190437926,9569306.136637926,199.77270369451278,420,True,Jeans,H2,1_M_earth,1_F_earth
H2_atmosphere_1_M_earth_1_F_earth.csv,200,3.208783220084817e-06,N2O,0.0,1103.393729395038,274.77285455848386,0.0,0.0,3257.679190437926,9569306.136637926,199.77270369451278,420,True,Jeans,H2,1_M_earth,1_F_earth
H2_atmosphere_1_M_earth_1_F_earth.csv,200,3.208783220084817e-06,NH3,0.0,426.31121362990103,442.05438516209074,3.8195078593749964e-181,0.0,3257.679190437926,9569306.136637926,199.77270369451278,420,True,Jeans,H2,1_M_earth,1_F_earth
H2_atmosphere_1_M_earth_1_F_earth.csv,300,0.009237659650272685,H2O,0.0,297.2140959939812,525.279907288823,3.688690273170181e-125,0.0,3409.2989133702927,9720925.859570293,298.66883112826645,422,True,Jeans,H2,1_M_earth,1_F_earth
H2_atmosphere_1_M_earth_1_F_earth.csv,300,0.009237659650272685,CO,0.0,462.33303821285955,421.16088112096196,8.954659265070485e-197,0.0,3409.2989133702927,9720925.859570293,298.66883112826645,422,True,Jeans,H2,1_M_earth,1_F_earth
H2_atmosphere_1_M_earth_1_F_earth.csv,300,0.009237659650272685,SO2,0.0,1056.761230200822,278.57173834872583,0.0,0.0,3409.2989133702927,9720925.859570293,298.66883112826645,422,True,Jeans,H2,1_M_earth,1_F_earth
H2_atmosphere_1_M_earth_1_F_earth.csv,300,0.009237659650272685,H,0.010199990773340759,16.511894221887843,2228.5739067898066,0.0007425585246701782,13932365610706.414,3409.2989133702927,9720925.859570293,298.66883112826645,422,True,Jeans,H2,1_M_earth,1_F_earth
H2_atmosphere_1_M_earth_1_F_earth.csv,300,0.009237659650272685,NO2,0.0,759.5471342068408,328.58529625285047,0.0,0.0,3409.2989133702927,9720925.859570293,298.66883112826645,422,True,Jeans,H2,1_M_earth,1_F_earth
H2_atmosphere_1_M_earth_1_F_earth.csv,300,0.009237659650272685,H2S,0.0,561.4044035441867,382.1972718999652,9.287456396508272e-240,0.0,3409.2989133702927,9720925.859570293,298.66883112826645,422,True,Jeans,H2,1_M_earth,1_F_earth
H2_atmosphere_1_M_earth_1_F_earth.csv,300,0.009237659650272685,N2,0.0,462.33303821285955,421.16088112096196,8.954659265070485e-197,0.0,3409.2989133702927,9720925.859570293,298.66883112826645,422,True,Jeans,H2,1_M_earth,1_F_earth
H2_atmosphere_1_M_earth_1_F_earth.csv,300,0.009237659650272685,OH,0.0,280.70220177209336,540.5085654229282,5.315824106635231e-118,0.0,3409.2989133702927,9720925.859570293,298.66883112826645,422,True,Jeans,H2,1_M_earth,1_F_earth
H2_atmosphere_1_M_earth_1_F_earth.csv,300,0.009237659650272685,N,3.819839909831345e-98,231.16651910642977,595.6114300222672,1.5733090207262718e-96,1758971753.6983285,3409.2989133702927,9720925.859570293,298.66883112826645,422,True,Jeans,H2,1_M_earth,1_F_earth
H2_atmosphere_1_M_earth_1_F_earth.csv,300,0.009237659650272685,NO,0.0,495.3568266566353,406.8800666053975,4.216179489113273e-211,0.0,3409.2989133702927,9720925.859570293,298.66883112826645,422,True,Jeans,H2,1_M_earth,1_F_earth
H2_atmosphere_1_M_earth_1_F_earth.csv,300,0.009237659650272685,CH4,0.0,264.1903075502055,557.1434766974517,7.64763273600767e-111,0.0,3409.2989133702927,9720925.859570293,298.66883112826645,422,True,Jeans,H2,1_M_earth,1_F_earth
H2_atmosphere_1_M_earth_1_F_earth.csv,300,0.009237659650272685,O2,0.0,528.380615100411,393.95993046661727,1.9807500318737988e-225,0.0,3409.2989133702927,9720925.859570293,298.66883112826645,422,True,Jeans,H2,1_M_earth,1_F_earth
H2_atmosphere_1_M_earth_1_F_earth.csv,300,0.009237659650272685,S2,0.0,1056.761230200822,278.57173834872583,0.0,0.0,3409.2989133702927,9720925.859570293,298.66883112826645,422,True,Jeans,H2,1_M_earth,1_F_earth
H2_atmosphere_1_M_earth_1_F_earth.csv,300,0.009237659650272685,S,2.6584171513034326e-225,528.380615100411,393.95993046661727,1.9807500318737988e-225,42540173048.10304,3409.2989133702927,9720925.859570293,298.66883112826645,422,True,Jeans,H2,1_M_earth,1_F_earth
H2_atmosphere_1_M_earth_1_F_earth.csv,300,0.009237659650272685,C,4.443837520479094e-81,198.14273066265412,643.3338724970355,3.204065518040724e-82,1172279874710.8147,3409.2989133702927,9720925.859570293,298.66883112826645,422,True,Jeans,H2,1_M_earth,1_F_earth
H2_atmosphere_1_M_earth_1_F_earth.csv,300,0.009237659650272685,H2,0.0,33.023788443775686,1575.839721866469,6.880827780742581e-11,0.0,3409.2989133702927,9720925.859570293,298.66883112826645,422,True,Jeans,H2,1_M_earth,1_F_earth
H2_atmosphere_1_M_earth_1_F_earth.csv,300,0.009237659650272685,CO2,0.0,726.5233457630651,335.9701575635571,2.05808196657e-311,0.0,3409.2989133702927,9720925.859570293,298.66883112826645,422,True,Jeans,H2,1_M_earth,1_F_earth
H2_atmosphere_1_M_earth_1_F_earth.csv,300,0.009237659650272685,O,2.832892529804269e-110,264.1903075502055,557.1434766974517,7.64763273600767e-111,234822044473.35974,3409.2989133702927,9720925.859570293,298.66883112826645,422,True,Jeans,H2,1_M_earth,1_F_earth
H2_atmosphere_1_M_earth_1_F_earth.csv,300,0.009237659650272685,N2O,0.0,726.5233457630651,335.9701575635571,2.05808196657e-311,0.0,3409.2989133702927,9720925.859570293,298.66883112826645,422,True,Jeans,H2,1_M_earth,1_F_earth
H2_atmosphere_1_M_earth_1_F_earth.csv,300,0.009237659650272685,NH3,0.0,280.70220177209336,540.5085654229282,5.315824106635231e-118,0.0,3409.2989133702927,9720925.859570293,298.66883112826645,422,True,Jeans,H2,1_M_earth,1_F_earth
H2_atmosphere_1_M_earth_1_F_earth.csv,500,4.252354103423225,H2O,0.0,173.23331374143083,677.3404951407437,1.9411588027886134e-71,0.0,3718.654432187764,10030281.378387764,496.61794287755237,426,True,Jeans,H2,1_M_earth,1_F_earth
H2_atmosphere_1_M_earth_1_F_earth.csv,500,4.252354103423225,CO,0.0,269.4740435977813,543.0805857866748,3.857401001360973e-113,0.0,3718.654432187764,10030281.378387764,496.61794287755237,426,True,Jeans,H2,1_M_earth,1_F_earth
H2_atmosphere_1_M_earth_1_F_earth.csv,500,4.252354103423225,SO2,0.0,615.940671080643,359.2140429647052,1.978596087078827e-263,0.0,3718.654432187764,10030281.378387764,496.61794287755237,426,True,Jeans,H2,1_M_earth,1_F_earth
H2_atmosphere_1_M_earth_1_F_earth.csv,500,4.252354103423225,H,4.695342138808313,9.624072985635047,2873.7123437176415,0.56943953485362,7855329897086.933,3718.654432187764,10030281.378387764,496.61794287755237,426,True,Jeans,H2,1_M_earth,1_F_earth
H2_atmosphere_1_M_earth_1_F_earth.csv,500,4.252354103423225,NO2,0.0,442.7073573392122,423.70576938420317,2.8786819537136403e-188,0.0,3718.654432187764,10030281.378387764,496.61794287755237,426,True,Jeans,H2,1_M_earth,1_F_earth
H2_atmosphere_1_M_earth_1_F_earth.csv,500,4.252354103423225,H2S,0.0,327.21848151159156,492.8376010541386,3.548796021382785e-138,0.0,3718.654432187764,10030281.378387764,496.61794287755237,426,True,Jeans,H2,1_M_earth,1_F_earth
H2_atmosphere_1_M_earth_1_F_earth.csv,500,4.252354103423225,N2,0.0,269.4740435977813,543.0805857866748,3.857401001360973e-113,0.0,3718.654432187764,10030281.378387764,496.61794287755237,426,True,Jeans,H2,1_M_earth,1_F_earth
H2_atmosphere_1_M_earth_1_F_earth.csv,500,4.252354103423225,OH,0.0,163.60924075579578,696.9776194581835,2.8541557186056295e-67,0.0,3718.654432187764,10030281.378387764,496.61794287755237,426,True,Jeans,H2,1_M_earth,1_F_earth
H2_atmosphere_1_M_earth_1_F_earth.csv,500,4.252354103423225,N,1.3077033935903074e-56,134.73702179889065,768.0319298810406,8.972791668946395e-55,991741373.3630362,3718.654432187764,10030281.378387764,496.61794287755237,426,True,Jeans,H2,1_M_earth,1_F_earth
H2_atmosphere_1_M_earth_1_F_earth.csv,500,4.252354103423225,NO,0.0,288.7221895690514,524.6656914783972,1.7450415010408394e-121,0.0,3718.654432187764,10030281.378387764,496.61794287755237,426,True,Jeans,H2,1_M_earth,1_F_earth
H2_atmosphere_1_M_earth_1_F_earth.csv,500,4.252354103423225,CH4,0.0,153.98516777016076,718.4280859294104,4.1894773842203156e-63,0.0,3718.654432187764,10030281.378387764,496.61794287755237,426,True,Jeans,H2,1_M_earth,1_F_earth
H2_atmosphere_1_M_earth_1_F_earth.csv,500,4.252354103423225,O2,0.0,307.9703355403215,508.00537135555777,7.877036207165951e-130,0.0,3718.654432187764,10030281.378387764,496.61794287755237,426,True,Jeans,H2,1_M_earth,1_F_earth
H2_atmosphere_1_M_earth_1_F_earth.csv,500,4.252354103423225,S2,0.0,615.940671080643,359.2140429647052,1.978596087078827e-263,0.0,3718.654432187764,10030281.378387764,496.61794287755237,426,True,Jeans,H2,1_M_earth,1_F_earth
H2_atmosphere_1_M_earth_1_F_earth.csv,500,4.252354103423225,S,6.346098922263839e-130,307.9703355403215,508.00537135555777,7.877036207165951e-130,23984950044.321465,3718.654432187764,10030281.378387764,496.61794287755237,426,True,Jeans,H2,1_M_earth,1_F_earth
H2_atmosphere_1_M_earth_1_F_earth.csv,500,4.252354103423225,C,1.5840103682403618e-45,115.48887582762056,829.5692976094654,1.9026140495773037e-46,660953452189.9672,3718.654432187764,10030281.378387764,496.61794287755237,426,True,Jeans,H2,1_M_earth,1_F_earth
H2_atmosphere_1_M_earth_1_F_earth.csv,500,4.252354103423225,H2,0.0,19.248145971270095,2032.021485422231,5.073936695151813e-05,0.0,3718.654432187764,10030281.378387764,496.61794287755237,426,True,Jeans,H2,1_M_earth,1_F_earth
H2_atmosphere_1_M_earth_1_F_earth.csv,500,4.252354103423225,CO2,0.0,423.45921136794203,433.22843634201126,6.4409388769705705e-180,0.0,3718.654432187764,10030281.378387764,496.61794287755237,426,True,Jeans,H2,1_M_earth,1_F_earth
H2_atmosphere_1_M_earth_1_F_earth.csv,500,4.252354103423225,O,9.315656434337195e-63,153.98516777016076,718.4280859294104,4.1894773842203156e-63,132397087328.0243,3718.654432187764,10030281.378387764,496.61794287755237,426,True,Jeans,H2,1_M_earth,1_F_earth
H2_atmosphere_1_M_earth_1_F_earth.csv,500,4.252354103423225,N2O,0.0,423.45921136794203,433.22843634201126,6.4409388769705705e-180,0.0,3718.654432187764,10030281.378387764,496.61794287755237,426,True,Jeans,H2,1_M_earth,1_F_earth
H2_atmosphere_1_M_earth_1_F_earth.csv,500,4.252354103423225,NH3,0.0,163.60924075579578,696.9776194581835,2.8541557186056295e-67,0.0,3718.654432187764,10030281.378387764,496.61794287755237,426,True,Jeans,H2,1_M_earth,1_F_earth
H2_atmosphere_1_M_earth_1_F_earth.csv,1000,272.93720129722806,H2O,0.0,80.27048611433364,957.4178462312524,3.0227363228080964e-31,0.0,4522.6437228900395,10834270.66909004,992.2277335400906,435,True,Jeans,H2,1_M_earth,1_F_earth
H2_atmosphere_1_M_earth_1_F_earth.csv,1000,272.93720129722806,CO,0.0,124.86520062229674,767.6420478386493,1.6113574216550591e-50,0.0,4522.6437228900395,10834270.66909004,992.2277335400906,435,True,Jeans,H2,1_M_earth,1_F_earth
H2_atmosphere_1_M_earth_1_F_earth.csv,1000,272.93720129722806,SO2,0.0,285.406172850964,507.74748862435337,4.5993796113549864e-120,0.0,4522.6437228900395,10834270.66909004,992.2277335400906,435,True,Jeans,H2,1_M_earth,1_F_earth
H2_atmosphere_1_M_earth_1_F_earth.csv,1000,272.93720129722806,H,301.3703730523343,4.459471450796313,4061.979908994827,72.37017036422574,3400263956253.907,4522.6437228900395,10834270.66909004,992.2277335400906,435,True,Jeans,H2,1_M_earth,1_F_earth
H2_atmosphere_1_M_earth_1_F_earth.csv,1000,272.93720129722806,NO2,0.0,205.13568673663042,598.9062636440883,2.835373763916326e-85,0.0,4522.6437228900395,10834270.66909004,992.2277335400906,435,True,Jeans,H2,1_M_earth,1_F_earth
H2_atmosphere_1_M_earth_1_F_earth.csv,1000,272.93720129722806,H2S,0.0,151.62202932707464,696.6238072699095,4.2501076718892645e-62,0.0,4522.6437228900395,10834270.66909004,992.2277335400906,435,True,Jeans,H2,1_M_earth,1_F_earth
H2_atmosphere_1_M_earth_1_F_earth.csv,1000,272.93720129722806,N2,0.0,124.86520062229674,767.6420478386493,1.6113574216550591e-50,0.0,4522.6437228900395,10834270.66909004,992.2277335400906,435,True,Jeans,H2,1_M_earth,1_F_earth
H2_atmosphere_1_M_earth_1_F_earth.csv,1000,272.93720129722806,OH,0.0,75.81101466353732,985.1748361130873,2.5411280174032463e-29,0.0,4522.6437228900395,10834270.66909004,992.2277335400906,435,True,Jeans,H2,1_M_earth,1_F_earth
H2_atmosphere_1_M_earth_1_F_earth.csv,1000,272.93720129722806,N,1.099386828010109e-25,62.43260031114837,1085.6097951012741,1.4936454837950886e-23,429285910.32473624,4522.6437228900395,10834270.66909004,992.2277335400906,435,True,Jeans,H2,1_M_earth,1_F_earth
H2_atmosphere_1_M_earth_1_F_earth.csv,1000,272.93720129722806,NO,0.0,133.78414352388938,741.6126747630829,2.2309802021462722e-54,0.0,4522.6437228900395,10834270.66909004,992.2277335400906,435,True,Jeans,H2,1_M_earth,1_F_earth
H2_atmosphere_1_M_earth_1_F_earth.csv,1000,272.93720129722806,CH4,0.0,71.351543212741,1015.4949772487067,2.1327460872643653e-27,0.0,4522.6437228900395,10834270.66909004,992.2277335400906,435,True,Jeans,H2,1_M_earth,1_F_earth
H2_atmosphere_1_M_earth_1_F_earth.csv,1000,272.93720129722806,O2,0.0,142.703086425482,718.0633846734393,3.0822010255132214e-58,0.0,4522.6437228900395,10834270.66909004,992.2277335400906,435,True,Jeans,H2,1_M_earth,1_F_earth
H2_atmosphere_1_M_earth_1_F_earth.csv,1000,272.93720129722806,S2,0.0,285.406172850964,507.74748862435337,4.5993796113549864e-120,0.0,4522.6437228900395,10834270.66909004,992.2277335400906,435,True,Jeans,H2,1_M_earth,1_F_earth
H2_atmosphere_1_M_earth_1_F_earth.csv,1000,272.93720129722806,S,1.2540830246618785e-58,142.703086425482,718.0633846734393,3.0822010255132214e-58,10382143359.567968,4522.6437228900395,10834270.66909004,992.2277335400906,435,True,Jeans,H2,1_M_earth,1_F_earth
H2_atmosphere_1_M_earth_1_F_earth.csv,1000,272.93720129722806,C,4.356022059805765e-19,53.513657409555755,1172.5925969505074,1.0360039638499544e-19,286100804127.471,4522.6437228900395,10834270.66909004,992.2277335400906,435,True,Jeans,H2,1_M_earth,1_F_earth
H2_atmosphere_1_M_earth_1_F_earth.csv,1000,272.93720129722806,H2,0.0,8.918942901592626,2872.253538693757,1.0755622347879117,0.0,4522.6437228900395,10834270.66909004,992.2277335400906,435,True,Jeans,H2,1_M_earth,1_F_earth
H2_atmosphere_1_M_earth_1_F_earth.csv,1000,272.93720129722806,CO2,0.0,196.21674383503776,612.3665120044461,2.0725316918753422e-81,0.0,4522.6437228900395,10834270.66909004,992.2277335400906,435,True,Jeans,H2,1_M_earth,1_F_earth
H2_atmosphere_1_M_earth_1_F_earth.csv,1000,272.93720129722806,O,2.3950473263698228e-27,71.351543212741,1015.4949772487067,2.1327460872643653e-27,57309501937.20424,4522.6437228900395,10834270.66909004,992.2277335400906,435,True,Jeans,H2,1_M_earth,1_F_earth
H2_atmosphere_1_M_earth_1_F_earth.csv,1000,272.93720129722806,N2O,0.0,196.21674383503776,612.3665120044461,2.0725316918753422e-81,0.0,4522.6437228900395,10834270.66909004,992.2277335400906,435,True,Jeans,H2,1_M_earth,1_F_earth
H2_atmosphere_1_M_earth_1_F_earth.csv,1000,272.93720129722806,NH3,0.0,75.81101466353732,985.1748361130873,2.5411280174032463e-29,0.0,4522.6437228900395,10834270.66909004,992.2277335400906,435,True,Jeans,H2,1_M_earth,1_F_earth
H2_atmosphere_1_M_earth_1_F_earth.csv,2000,1302.2084931589707,H2O,0.0,34.50501531535575,1354.6198888077738,1.403345061254893e-11,0.0,6278.8299701945425,12590456.916394543,1986.2925800749954,454,True,Jeans,H2,1_M_earth,1_F_earth
H2_atmosphere_1_M_earth_1_F_earth.csv,2000,1302.2084931589707,CO,0.0,53.674468268331154,1086.1121814061075,8.194622137452376e-20,0.0,6278.8299701945425,12590456.916394543,1986.2925800749954,454,True,Jeans,H2,1_M_earth,1_F_earth
H2_atmosphere_1_M_earth_1_F_earth.csv,2000,1302.2084931589707,SO2,0.0,122.68449889904265,718.3956819796078,1.3118167388835555e-49,0.0,6278.8299701945425,12590456.916394543,1986.2925800749954,454,True,Jeans,H2,1_M_earth,1_F_earth
H2_atmosphere_1_M_earth_1_F_earth.csv,2000,1302.2084931589707,H,1437.86577078871,1.9169452952975414,5747.165455836863,695.4377936813967,1250109649576.3323,6278.8299701945425,12590456.916394543,1986.2925800749954,454,True,Jeans,H2,1_M_earth,1_F_earth
H2_atmosphere_1_M_earth_1_F_earth.csv,2000,1302.2084931589707,NO2,0.0,88.17948358368692,847.373317154438,1.078627945773194e-34,0.0,6278.8299701945425,12590456.916394543,1986.2925800749954,454,True,Jeans,H2,1_M_earth,1_F_earth
H2_atmosphere_1_M_earth_1_F_earth.csv,2000,1302.2084931589707,H2S,0.0,65.17614004011641,985.6307442559238,9.102753249066564e-25,0.0,6278.8299701945425,12590456.916394543,1986.2925800749954,454,True,Jeans,H2,1_M_earth,1_F_earth
H2_atmosphere_1_M_earth_1_F_earth.csv,2000,1302.2084931589707,N2,0.0,53.674468268331154,1086.1121814061075,8.194622137452376e-20,0.0,6278.8299701945425,12590456.916394543,1986.2925800749954,454,True,Jeans,H2,1_M_earth,1_F_earth
H2_atmosphere_1_M_earth_1_F_earth.csv,2000,1302.2084931589707,OH,0.0,32.588070020058204,1393.892366018615,9.289457921779185e-11,0.0,6278.8299701945425,12590456.916394543,1986.2925800749954,454,True,Jeans,H2,1_M_earth,1_F_earth
H2_atmosphere_1_M_earth_1_F_earth.csv,2000,1302.2084931589707,N,9.749228144230042e-11,26.837234134165577,1535.9945772031447,2.667768490036566e-08,157827293.94789356,6278.8299701945425,12590456.916394543,1986.2925800749954,454,True,Jeans,H2,1_M_earth,1_F_earth
H2_atmosphere_1_M_earth_1_F_earth.csv,2000,1302.2084931589707,NO,0.0,57.50835885892624,1049.28405395877,1.8320745491348112e-21,0.0,6278.8299701945425,12590456.916394543,1986.2925800749954,454,True,Jeans,H2,1_M_earth,1_F_earth
H2_atmosphere_1_M_earth_1_F_earth.csv,2000,1302.2084931589707,CH4,0.0,30.671124724760663,1436.7913639592157,6.139769141962201e-10,0.0,6278.8299701945425,12590456.916394543,1986.2925800749954,454,True,Jeans,H2,1_M_earth,1_F_earth
H2_atmosphere_1_M_earth_1_F_earth.csv,2000,1302.2084931589707,O2,0.0,61.342249449521326,1015.9649166058302,4.0874815389731075e-23,0.0,6278.8299701945425,12590456.916394543,1986.2925800749954,454,True,Jeans,H2,1_M_earth,1_F_earth
H2_atmosphere_1_M_earth_1_F_earth.csv,2000,1302.2084931589707,S2,0.0,122.68449889904265,718.3956819796078,1.3118167388835555e-49,0.0,6278.8299701945425,12590456.916394543,1986.2925800749954,454,True,Jeans,H2,1_M_earth,1_F_earth
H2_atmosphere_1_M_earth_1_F_earth.csv,2000,1302.2084931589707,S,8.257341165200022e-24,61.342249449521326,1015.9649166058302,4.0874815389731075e-23,3817002963.316885,6278.8299701945425,12590456.916394543,1986.2925800749954,454,True,Jeans,H2,1_M_earth,1_F_earth
H2_atmosphere_1_M_earth_1_F_earth.csv,2000,1302.2084931589707,C,2.3985703948496932e-06,23.003343543570498,1659.0637615023654,1.1489594986371858e-06,105185179913.30684,6278.8299701945425,12590456.916394543,1986.2925800749954,454,True,Jeans,H2,1_M_earth,1_F_earth
H2_atmosphere_1_M_earth_1_F_earth.csv,2000,1302.2084931589707,H2,0.0,3.833890590595083,4063.859666423321,119.83758796050347,0.0,6278.8299701945425,12590456.916394543,1986.2925800749954,454,True,Jeans,H2,1_M_earth,1_F_earth
H2_atmosphere_1_M_earth_1_F_earth.csv,2000,1302.2084931589707,CO2,0.0,84.34559299309183,866.4177920501241,4.880652874575577e-33,0.0,6278.8299701945425,12590456.916394543,1986.2925800749954,454,True,Jeans,H2,1_M_earth,1_F_earth
H2_atmosphere_1_M_earth_1_F_earth.csv,2000,1302.2084931589707,O,3.4233088524405024e-10,30.671124724760663,1436.7913639592157,6.139769141962201e-10,21069882310.85515,6278.8299701945425,12590456.916394543,1986.2925800749954,454,True,Jeans,H2,1_M_earth,1_F_earth
H2_atmosphere_1_M_earth_1_F_earth.csv,2000,1302.2084931589707,N2O,0.0,84.34559299309183,866.4177920501241,4.880652874575577e-33,0.0,6278.8299701945425,12590456.916394543,1986.2925800749954,454,True,Jeans,H2,1_M_earth,1_F_earth
H2_atmosphere_1_M_earth_1_F_earth.csv,2000,1302.2084931589707,NH3,0.0,32.588070020058204,1393.892366018615,9.289457921779185e-11,0.0,6278.8299701945425,12590456.916394543,1986.2925800749954,454,True,Jeans,H2,1_M_earth,1_F_earth
H2_atmosphere_1_M_earth_1_F_earth.csv,3000,1718.2540042333292,H2O,0.0,19.915122457228676,1660.0321291477107,2.197577418461723e-05,0.0,8214.259425921682,14525886.372121682,2982.9179819937585,472,True,Jeans,H2,1_M_earth,1_F_earth
H2_atmosphere_1_M_earth_1_F_earth.csv,3000,1718.2540042333292,CO,0.0,30.97907937791127,1330.9867453516297,4.220768447505305e-10,0.0,8214.259425921682,14525886.372121682,2982.9179819937585,472,True,Jeans,H2,1_M_earth,1_F_earth
H2_atmosphere_1_M_earth_1_F_earth.csv,3000,1718.2540042333292,SO2,0.0,70.80932429236861,880.3649816309166,3.156020822601879e-27,0.0,8214.259425921682,14525886.372121682,2982.9179819937585,472,True,Jeans,H2,1_M_earth,1_F_earth
H2_atmosphere_1_M_earth_1_F_earth.csv,3000,1718.2540042333292,H,1897.251094536954,1.1063956920682596,7042.919853047333,1384.1597883195143,622621813623.4762,8214.259425921682,14525886.372121682,2982.9179819937585,472,False,hydrodynamic_candidate,H2,1_M_earth,1_F_earth
H2_atmosphere_1_M_earth_1_F_earth.csv,3000,1718.2540042333292,NO2,0.0,50.89420183513995,1038.4218801754594,1.1989931919967678e-18,0.0,8214.259425921682,14525886.372121682,2982.9179819937585,472,True,Jeans,H2,1_M_earth,1_F_earth
H2_atmosphere_1_M_earth_1_F_earth.csv,3000,1718.2540042333292,H2S,0.0,37.61745353032083,1207.8507900697039,6.055353435197127e-13,0.0,8214.259425921682,14525886.372121682,2982.9179819937585,472,True,Jeans,H2,1_M_earth,1_F_earth
H2_atmosphere_1_M_earth_1_F_earth.csv,3000,1718.2540042333292,N2,0.0,30.97907937791127,1330.9867453516297,4.220768447505305e-10,0.0,8214.259425921682,14525886.372121682,2982.9179819937585,472,True,Jeans,H2,1_M_earth,1_F_earth
H2_atmosphere_1_M_earth_1_F_earth.csv,3000,1718.2540042333292,OH,0.0,18.808726765160415,1708.1589686396333,6.475207190668408e-05,0.0,8214.259425921682,14525886.372121682,2982.9179819937585,472,True,Jeans,H2,1_M_earth,1_F_earth
H2_atmosphere_1_M_earth_1_F_earth.csv,3000,1718.2540042333292,N,3.977144193728078e-06,15.489539688955634,1882.2995066150997,0.0016416127427797945,78606477.46413764,8214.259425921682,14525886.372121682,2982.9179819937585,472,True,Jeans,H2,1_M_earth,1_F_earth
H2_atmosphere_1_M_earth_1_F_earth.csv,3000,1718.2540042333292,NO,0.0,33.19187076204779,1285.8553580716648,4.769399854836778e-11,0.0,8214.259425921682,14525886.372121682,2982.9179819937585,472,True,Jeans,H2,1_M_earth,1_F_earth
H2_atmosphere_1_M_earth_1_F_earth.csv,3000,1718.2540042333292,CH4,0.0,17.702331073092154,1760.7299632618333,0.00019052802330168572,0.0,8214.259425921682,14525886.372121682,2982.9179819937585,472,True,Jeans,H2,1_M_earth,1_F_earth
H2_atmosphere_1_M_earth_1_F_earth.csv,3000,1718.2540042333292,O2,0.0,35.40466214618431,1245.0240968607832,5.378738446935298e-12,0.0,8214.259425921682,14525886.372121682,2982.9179819937585,472,True,Jeans,H2,1_M_earth,1_F_earth
H2_atmosphere_1_M_earth_1_F_earth.csv,3000,1718.2540042333292,S2,0.0,70.80932429236861,880.3649816309166,3.156020822601879e-27,0.0,8214.259425921682,14525886.372121682,2982.9179819937585,472,True,Jeans,H2,1_M_earth,1_F_earth
H2_atmosphere_1_M_earth_1_F_earth.csv,3000,1718.2540042333292,S,7.203496972535667e-13,35.40466214618431,1245.0240968607832,5.378738446935298e-12,1901072684.6496744,8214.259425921682,14525886.372121682,2982.9179819937585,472,True,Jeans,H2,1_M_earth,1_F_earth
H2_atmosphere_1_M_earth_1_F_earth.csv,3000,1718.2540042333292,C,0.01942201317326981,13.276748304819117,2033.115836518919,0.01403356362248742,52387874540.54913,8214.259425921682,14525886.372121682,2982.9179819937585,472,True,Jeans,H2,1_M_earth,1_F_earth
H2_atmosphere_1_M_earth_1_F_earth.csv,3000,1718.2540042333292,H2,0.0,2.212791384136519,4980.096387443133,493.7558510928234,0.0,8214.259425921682,14525886.372121682,2982.9179819937585,472,True,Jeans,H2,1_M_earth,1_F_earth
H2_atmosphere_1_M_earth_1_F_earth.csv,3000,1718.2540042333292,CO2,0.0,48.68141045100343,1061.7601173228634,1.0728708923534126e-17,0.0,8214.259425921682,14525886.372121682,2982.9179819937585,472,True,Jeans,H2,1_M_earth,1_F_earth
H2_atmosphere_1_M_earth_1_F_earth.csv,3000,1718.2540042333292,O,7.042574185555808e-05,17.702331073092154,1760.7299632618333,0.00019052802330168572,10493934145.42778,8214.259425921682,14525886.372121682,2982.9179819937585,472,True,Jeans,H2,1_M_earth,1_F_earth
H2_atmosphere_1_M_earth_1_F_earth.csv,3000,1718.2540042333292,N2O,0.0,48.68141045100343,1061.7601173228634,1.0728708923534126e-17,0.0,8214.259425921682,14525886.372121682,2982.9179819937585,472,True,Jeans,H2,1_M_earth,1_F_earth
H2_atmosphere_1_M_earth_1_F_earth.csv,3000,1718.2540042333292,NH3,0.0,18.808726765160415,1708.1589686396333,6.475207190668408e-05,0.0,8214.259425921682,14525886.372121682,2982.9179819937585,472,True,Jeans,H2,1_M_earth,1_F_earth
H2_atmosphere_1_M_earth_1_F_earth.csv,5000,1739.225523437416,H2O,0.0,9.192773310155228,2144.9552028261437,0.6276751541681203,0.0,12536.821567678435,18848448.513878435,4980.176993316986,504,True,Jeans,H2,1_M_earth,1_F_earth
H2_atmosphere_1_M_earth_1_F_earth.csv,5000,1739.225523437416,CO,0.0,14.2998695935748,1719.790174061494,0.004573027405404622,0.0,12536.821567678435,18848448.513878435,4980.176993316986,504,True,Jeans,H2,1_M_earth,1_F_earth
H2_atmosphere_1_M_earth_1_F_earth.csv,5000,1739.225523437416,SO2,0.0,32.685416213885254,1137.5342769447996,6.89772026000925e-11,0.0,12536.821567678435,18848448.513878435,4980.176993316986,504,True,Jeans,H2,1_M_earth,1_F_earth
H2_atmosphere_1_M_earth_1_F_earth.csv,5000,1739.225523437416,H,1919.5957595191683,0.5107096283419571,9100.274215558396,2327.1917607939577,222534540697.14392,12536.821567678435,18848448.513878435,4980.176993316986,504,False,hydrodynamic_candidate,H2,1_M_earth,1_F_earth
H2_atmosphere_1_M_earth_1_F_earth.csv,5000,1739.225523437416,NO2,0.0,23.492642903730033,1341.7622318879019,5.812742752654408e-07,0.0,12536.821567678435,18848448.513878435,4980.176993316986,504,True,Jeans,H2,1_M_earth,1_F_earth
H2_atmosphere_1_M_earth_1_F_earth.csv,5000,1739.225523437416,H2S,0.0,17.364127363626544,1560.6841523771195,0.00023256035809425245,0.0,12536.821567678435,18848448.513878435,4980.176993316986,504,True,Jeans,H2,1_M_earth,1_F_earth
H2_atmosphere_1_M_earth_1_F_earth.csv,5000,1739.225523437416,N2,0.0,14.2998695935748,1719.790174061494,0.004573027405404622,0.0,12536.821567678435,18848448.513878435,4980.176993316986,504,True,Jeans,H2,1_M_earth,1_F_earth
H2_atmosphere_1_M_earth_1_F_earth.csv,5000,1739.225523437416,OH,0.0,8.682063681813272,2207.1406948724803,1.0223996038182948,0.0,12536.821567678435,18848448.513878435,4980.176993316986,504,True,Jeans,H2,1_M_earth,1_F_earth
H2_atmosphere_1_M_earth_1_F_earth.csv,5000,1739.225523437416,N,0.006398852285813281,7.1499347967874,2432.150588593751,4.388968209137979,28095154.99706016,12536.821567678435,18848448.513878435,4980.176993316986,504,True,Jeans,H2,1_M_earth,1_F_earth
H2_atmosphere_1_M_earth_1_F_earth.csv,5000,1739.225523437416,NO,0.0,15.321288850258714,1661.4751557813215,0.0016970403447368093,0.0,12536.821567678435,18848448.513878435,4980.176993316986,504,True,Jeans,H2,1_M_earth,1_F_earth
H2_atmosphere_1_M_earth_1_F_earth.csv,5000,1739.225523437416,CH4,0.0,8.171354053471314,2275.068553889599,1.663600491199581,0.0,12536.821567678435,18848448.513878435,4980.176993316986,504,True,Jeans,H2,1_M_earth,1_F_earth
H2_atmosphere_1_M_earth_1_F_earth.csv,5000,1739.225523437416,O2,0.0,16.342708106942627,1608.716402119608,0.0006287000895306154,0.0,12536.821567678435,18848448.513878435,4980.176993316986,504,True,Jeans,H2,1_M_earth,1_F_earth
H2_atmosphere_1_M_earth_1_F_earth.csv,5000,1739.225523437416,S2,0.0,32.685416213885254,1137.5342769447996,6.89772026000925e-11,0.0,12536.821567678435,18848448.513878435,4980.176993316986,504,True,Jeans,H2,1_M_earth,1_F_earth
H2_atmosphere_1_M_earth_1_F_earth.csv,5000,1739.225523437416,S,5.066936963182318e-05,16.342708106942627,1608.716402119608,0.0006287000895306154,679472397.9366378,12536.821567678435,18848448.513878435,4980.176993316986,504,True,Jeans,H2,1_M_earth,1_F_earth
H2_atmosphere_1_M_earth_1_F_earth.csv,5000,1739.225523437416,C,9.590535278133482,6.1285155401034865,2627.022884026025,11.515360626426622,18724226077.358124,12536.821567678435,18848448.513878435,4980.176993316986,504,True,Jeans,H2,1_M_earth,1_F_earth
H2_atmosphere_1_M_earth_1_F_earth.csv,5000,1739.225523437416,H2,0.0,1.0214192566839142,6434.865608478432,1321.2779910018255,0.0,12536.821567678435,18848448.513878435,4980.176993316986,504,False,hydrodynamic_candidate,H2,1_M_earth,1_F_earth
H2_atmosphere_1_M_earth_1_F_earth.csv,5000,1739.225523437416,CO2,0.0,22.471223647046116,1371.9179573796825,1.5817232879584338e-06,0.0,12536.821567678435,18848448.513878435,4980.176993316986,504,True,Jeans,H2,1_M_earth,1_F_earth
H2_atmosphere_1_M_earth_1_F_earth.csv,5000,1739.225523437416,O,0.37005019388755134,8.171354053471314,2275.068553889599,1.663600491199581,3750692256.617709,12536.821567678435,18848448.513878435,4980.176993316986,504,True,Jeans,H2,1_M_earth,1_F_earth
H2_atmosphere_1_M_earth_1_F_earth.csv,5000,1739.225523437416,N2O,0.0,22.471223647046116,1371.9179573796825,1.5817232879584338e-06,0.0,12536.821567678435,18848448.513878435,4980.176993316986,504,True,Jeans,H2,1_M_earth,1_F_earth
H2_atmosphere_1_M_earth_1_F_earth.csv,5000,1739.225523437416,NH3,0.0,8.682063681813272,2207.1406948724803,1.0223996038182948,0.0,12536.821567678435,18848448.513878435,4980.176993316986,504,True,Jeans,H2,1_M_earth,1_F_earth
H2_atmosphere_1_M_earth_1_F_earth.csv,6000,1647.8844238642153,H2O,0.0,6.798340988201739,2350.4325236744426,5.768502693954428,0.0,14913.978708829736,21225605.655029736,5980.037408412508,519,True,Jeans,H2,1_M_earth,1_F_earth
H2_atmosphere_1_M_earth_1_F_earth.csv,6000,1647.8844238642153,CO,0.0,10.575197092758259,1884.5385459257561,0.1571732903288147,0.0,14913.978708829736,21225605.655029736,5980.037408412508,519,True,Jeans,H2,1_M_earth,1_F_earth
H2_atmosphere_1_M_earth_1_F_earth.csv,6000,1647.8844238642153,SO2,0.0,24.171879069161736,1246.5050821587065,2.8137859786489575e-07,0.0,14913.978708829736,21225605.655029736,5980.037408412508,519,True,Jeans,H2,1_M_earth,1_F_earth
H2_atmosphere_1_M_earth_1_F_earth.csv,6000,1647.8844238642153,H,1816.7081886331455,0.37768561045565213,9972.040657269652,2656.4549444072313,145490142861.49844,14913.978708829736,21225605.655029736,5980.037408412508,519,False,hydrodynamic_candidate,H2,1_M_earth,1_F_earth
H2_atmosphere_1_M_earth_1_F_earth.csv,6000,1647.8844238642153,NO2,0.0,17.37353808096,1470.2971813640036,0.00021715071654977892,0.0,14913.978708829736,21225605.655029736,5980.037408412508,519,True,Jeans,H2,1_M_earth,1_F_earth
H2_atmosphere_1_M_earth_1_F_earth.csv,6000,1647.8844238642153,H2S,0.0,12.841310755492172,1710.190863705319,0.01768912975788375,0.0,14913.978708829736,21225605.655029736,5980.037408412508,519,True,Jeans,H2,1_M_earth,1_F_earth
H2_atmosphere_1_M_earth_1_F_earth.csv,6000,1647.8844238642153,N2,0.0,10.575197092758259,1884.5385459257561,0.1571732903288147,0.0,14913.978708829736,21225605.655029736,5980.037408412508,519,True,Jeans,H2,1_M_earth,1_F_earth
H2_atmosphere_1_M_earth_1_F_earth.csv,6000,1647.8844238642153,OH,0.0,6.420655377746086,2418.5751136986196,8.24027508643183,0.0,14913.978708829736,21225605.655029736,5980.037408412508,519,True,Jeans,H2,1_M_earth,1_F_earth
H2_atmosphere_1_M_earth_1_F_earth.csv,6000,1647.8844238642153,N,0.028878177550249077,5.2875985463791295,2665.139970463076,23.890488184055474,18368241.179247573,14913.978708829736,21225605.655029736,5980.037408412508,519,True,Jeans,H2,1_M_earth,1_F_earth
H2_atmosphere_1_M_earth_1_F_earth.csv,6000,1647.8844238642153,NO,0.0,11.330568313669563,1820.637204115077,0.07599732032878968,0.0,14913.978708829736,21225605.655029736,5980.037408412508,519,True,Jeans,H2,1_M_earth,1_F_earth
H2_atmosphere_1_M_earth_1_F_earth.csv,6000,1647.8844238642153,CH4,0.0,6.042969767290434,2493.010164317413,11.761061394680162,0.0,14913.978708829736,21225605.655029736,5980.037408412508,519,True,Jeans,H2,1_M_earth,1_F_earth
H2_atmosphere_1_M_earth_1_F_earth.csv,6000,1647.8844238642153,O2,0.0,12.085939534580868,1762.824392755832,0.036690377496019076,0.0,14913.978708829736,21225605.655029736,5980.037408412508,519,True,Jeans,H2,1_M_earth,1_F_earth
H2_atmosphere_1_M_earth_1_F_earth.csv,6000,1647.8844238642153,S2,0.0,24.171879069161736,1246.5050821587065,2.8137859786489575e-07,0.0,14913.978708829736,21225605.655029736,5980.037408412508,519,True,Jeans,H2,1_M_earth,1_F_earth
H2_atmosphere_1_M_earth_1_F_earth.csv,6000,1647.8844238642153,S,0.002451654501882978,12.085939534580868,1762.824392755832,0.036690377496019076,444230077.43676114,14913.978708829736,21225605.655029736,5980.037408412508,519,True,Jeans,H2,1_M_earth,1_F_earth
H2_atmosphere_1_M_earth_1_F_earth.csv,6000,1647.8844238642153,C,33.36857010182277,4.532227325467826,2878.680178922263,48.32447947553713,12241651648.466053,14913.978708829736,21225605.655029736,5980.037408412508,519,True,Jeans,H2,1_M_earth,1_F_earth
H2_atmosphere_1_M_earth_1_F_earth.csv,6000,1647.8844238642153,H2,0.0,0.7553712209113043,7051.297571023328,1640.5124533092153,0.0,14913.978708829736,21225605.655029736,5980.037408412508,519,False,hydrodynamic_candidate,H2,1_M_earth,1_F_earth
H2_atmosphere_1_M_earth_1_F_earth.csv,6000,1647.8844238642153,CO2,0.0,16.618166860048692,1503.3416933787491,0.00045314304890913665,0.0,14913.978708829736,21225605.655029736,5980.037408412508,519,True,Jeans,H2,1_M_earth,1_F_earth
H2_atmosphere_1_M_earth_1_F_earth.csv,6000,1647.8844238642153,O,2.169018326229255,6.042969767290434,2493.010164317413,11.761061394680162,2452153047.950772,14913.978708829736,21225605.655029736,5980.037408412508,519,True,Jeans,H2,1_M_earth,1_F_earth
H2_atmosphere_1_M_earth_1_F_earth.csv,6000,1647.8844238642153,N2O,0.0,16.618166860048692,1503.3416933787491,0.00045314304890913665,0.0,14913.978708829736,21225605.655029736,5980.037408412508,519,True,Jeans,H2,1_M_earth,1_F_earth
H2_atmosphere_1_M_earth_1_F_earth.csv,6000,1647.8844238642153,NH3,0.0,6.420655377746086,2418.5751136986196,8.24027508643183,0.0,14913.978708829736,21225605.655029736,5980.037408412508,519,True,Jeans,H2,1_M_earth,1_F_earth
H2_atmosphere_1_M_earth_1_F_earth.csv,7000,1577.1909837528742,H2O,0.0,5.219568017996431,2539.358017565295,24.10180879588695,0.0,17373.525223349476,23685152.169549473,6980.012419164133,532,True,Jeans,H2,1_M_earth,1_F_earth
H2_atmosphere_1_M_earth_1_F_earth.csv,7000,1577.1909837528742,CO,0.0,8.119328027994447,2036.0159323043183,1.5594078590758913,0.0,17373.525223349476,23685152.169549473,6980.012419164133,532,True,Jeans,H2,1_M_earth,1_F_earth
H2_atmosphere_1_M_earth_1_F_earth.csv,7000,1577.1909837528742,SO2,0.0,18.55846406398731,1346.6979555606363,6.473832814514379e-05,0.0,17373.525223349476,23685152.169549473,6980.012419164133,532,True,Jeans,H2,1_M_earth,1_F_earth
H2_atmosphere_1_M_earth_1_F_earth.csv,7000,1577.1909837528742,H,1735.2966913153807,0.2899760009998017,10773.58364448509,2933.606838543627,101062608706.42447,17373.525223349476,23685152.169549473,6980.012419164133,532,False,hydrodynamic_candidate,H2,1_M_earth,1_F_earth
H2_atmosphere_1_M_earth_1_F_earth.csv,7000,1577.1909837528742,NO2,0.0,13.33889604599088,1588.4782473412874,0.010348635934459526,0.0,17373.525223349476,23685152.169549473,6980.012419164133,532,True,Jeans,H2,1_M_earth,1_F_earth
H2_atmosphere_1_M_earth_1_F_earth.csv,7000,1577.1909837528742,H2S,0.0,9.859184033993259,1847.6543519436668,0.2958174360411794,0.0,17373.525223349476,23685152.169549473,6980.012419164133,532,True,Jeans,H2,1_M_earth,1_F_earth
H2_atmosphere_1_M_earth_1_F_earth.csv,7000,1577.1909837528742,N2,0.0,8.119328027994447,2036.0159323043183,1.5594078590758913,0.0,17373.525223349476,23685152.169549473,6980.012419164133,532,True,Jeans,H2,1_M_earth,1_F_earth
H2_atmosphere_1_M_earth_1_F_earth.csv,7000,1577.1909837528742,OH,0.0,4.929592016996629,2612.977843096405,31.598102026158767,0.0,17373.525223349476,23685152.169549473,6980.012419164133,532,True,Jeans,H2,1_M_earth,1_F_earth
H2_atmosphere_1_M_earth_1_F_earth.csv,7000,1577.1909837528742,N,0.07414077214673852,4.0596640139972235,2879.3613446724685,70.91257188978126,12759231.205723014,17373.525223349476,23685152.169549473,6980.012419164133,532,True,Jeans,H2,1_M_earth,1_F_earth
H2_atmosphere_1_M_earth_1_F_earth.csv,7000,1577.1909837528742,NO,0.0,8.699280029994052,1966.978262417734,0.8971908029335505,0.0,17373.525223349476,23685152.169549473,6980.012419164133,532,True,Jeans,H2,1_M_earth,1_F_earth
H2_atmosphere_1_M_earth_1_F_earth.csv,7000,1577.1909837528742,CH4,0.0,4.639616015996827,2693.3959111212725,41.398553406344476,0.0,17373.525223349476,23685152.169549473,6980.012419164133,532,True,Jeans,H2,1_M_earth,1_F_earth
H2_atmosphere_1_M_earth_1_F_earth.csv,7000,1577.1909837528742,O2,0.0,9.279232031993654,1904.5185131739713,0.5154916896134647,0.0,17373.525223349476,23685152.169549473,6980.012419164133,532,True,Jeans,H2,1_M_earth,1_F_earth
H2_atmosphere_1_M_earth_1_F_earth.csv,7000,1577.1909837528742,S2,0.0,18.55846406398731,1346.6979555606363,6.473832814514379e-05,0.0,17373.525223349476,23685152.169549473,6980.012419164133,532,True,Jeans,H2,1_M_earth,1_F_earth
H2_atmosphere_1_M_earth_1_F_earth.csv,7000,1577.1909837528742,S,0.02979324895292727,9.279232031993654,1904.5185131739713,0.5154916896134647,308577953.1769005,17373.525223349476,23685152.169549473,6980.012419164133,532,True,Jeans,H2,1_M_earth,1_F_earth
H2_atmosphere_1_M_earth_1_F_earth.csv,7000,1577.1909837528742,C,72.33600583506393,3.4797120119976204,3110.065708640208,121.11418265928967,8503485020.610825,17373.525223349476,23685152.169549473,6980.012419164133,532,True,Jeans,H2,1_M_earth,1_F_earth
H2_atmosphere_1_M_earth_1_F_earth.csv,7000,1577.1909837528742,H2,0.0,0.5799520019996034,7618.074052695885,1901.1404280030686,0.0,17373.525223349476,23685152.169549473,6980.012419164133,532,False,hydrodynamic_candidate,H2,1_M_earth,1_F_earth
H2_atmosphere_1_M_earth_1_F_earth.csv,7000,1577.1909837528742,CO2,0.0,12.758944043991274,1624.1788452848511,0.01813322409753692,0.0,17373.525223349476,23685152.169549473,6980.012419164133,532,True,Jeans,H2,1_M_earth,1_F_earth
H2_atmosphere_1_M_earth_1_F_earth.csv,7000,1577.1909837528742,O,6.603755419632194,4.639616015996827,2693.3959111212725,41.398553406344476,1703352399.6827188,17373.525223349476,23685152.169549473,6980.012419164133,532,True,Jeans,H2,1_M_earth,1_F_earth
H2_atmosphere_1_M_earth_1_F_earth.csv,7000,1577.1909837528742,N2O,0.0,12.758944043991274,1624.1788452848511,0.01813322409753692,0.0,17373.525223349476,23685152.169549473,6980.012419164133,532,True,Jeans,H2,1_M_earth,1_F_earth
H2_atmosphere_1_M_earth_1_F_earth.csv,7000,1577.1909837528742,NH3,0.0,4.929592016996629,2612.977843096405,31.598102026158767,0.0,17373.525223349476,23685152.169549473,6980.012419164133,532,True,Jeans,H2,1_M_earth,1_F_earth
H2O_atmosphere_1_M_earth_1_F_earth.csv,200,69.42871546244393,H2O,0.0,132.8104879980012,429.68517194201814,3.397609896161717e-54,0.0,26198.611954219403,32510637.327619404,199.852257559129,543,True,Jeans,H2O,1_M_earth,1_F_earth
H2O_atmosphere_1_M_earth_1_F_earth.csv,200,69.42871546244393,CO,0.0,206.59409244133516,344.5145780537321,3.820703367250665e-86,0.0,26198.611954219403,32510637.327619404,199.852257559129,543,True,Jeans,H2O,1_M_earth,1_F_earth
H2O_atmosphere_1_M_earth_1_F_earth.csv,200,69.42871546244393,SO2,0.0,472.21506843733755,227.8749741416315,2.527852747058048e-201,0.0,26198.611954219403,32510637.327619404,199.852257559129,543,True,Jeans,H2O,1_M_earth,1_F_earth
H2O_atmosphere_1_M_earth_1_F_earth.csv,200,69.42871546244393,H,88.45015345979216,7.378360444333399,1822.999793133052,2.691283823857882,2980294330173.609,26198.611954219403,32510637.327619404,199.852257559129,543,True,Jeans,H2O,1_M_earth,1_F_earth
H2O_atmosphere_1_M_earth_1_F_earth.csv,200,69.42871546244393,NO2,0.0,339.40458043933637,268.78665556951,1.0239099168731007e-143,0.0,26198.611954219403,32510637.327619404,199.852257559129,543,True,Jeans,H2O,1_M_earth,1_F_earth
H2O_atmosphere_1_M_earth_1_F_earth.csv,200,69.42871546244393,H2S,0.0,250.86425510733557,312.6418852374047,2.498314250461959e-105,0.0,26198.611954219403,32510637.327619404,199.852257559129,543,True,Jeans,H2O,1_M_earth,1_F_earth
H2O_atmosphere_1_M_earth_1_F_earth.csv,200,69.42871546244393,N2,0.0,206.59409244133516,344.5145780537321,3.820703367250665e-86,0.0,26198.611954219403,32510637.327619404,199.852257559129,543,True,Jeans,H2O,1_M_earth,1_F_earth
H2O_atmosphere_1_M_earth_1_F_earth.csv,200,69.42871546244393,OH,0.0,125.43212755366778,442.1423942686305,5.288516003197349e-51,0.0,26198.611954219403,32510637.327619404,199.852257559129,543,True,Jeans,H2O,1_M_earth,1_F_earth
H2O_atmosphere_1_M_earth_1_F_earth.csv,200,69.42871546244393,N,7.954489639669223e-44,103.29704622066758,487.2171887188322,1.972661224604491e-41,26118717.238151524,26198.611954219403,32510637.327619404,199.852257559129,543,True,Jeans,H2O,1_M_earth,1_F_earth
H2O_atmosphere_1_M_earth_1_F_earth.csv,200,69.42871546244393,NO,0.0,221.35081333000196,332.8327030087413,1.5424922418174075e-92,0.0,26198.611954219403,32510637.327619404,199.852257559129,543,True,Jeans,H2O,1_M_earth,1_F_earth
H2O_atmosphere_1_M_earth_1_F_earth.csv,200,69.42871546244393,CH4,0.0,118.05376710933439,455.749948283263,8.217982545269116e-48,0.0,26198.611954219403,32510637.327619404,199.852257559129,543,True,Jeans,H2O,1_M_earth,1_F_earth
H2O_atmosphere_1_M_earth_1_F_earth.csv,200,69.42871546244393,O2,0.0,236.10753421866877,322.26387895651357,6.213736110692938e-99,0.0,26198.611954219403,32510637.327619404,199.852257559129,543,True,Jeans,H2O,1_M_earth,1_F_earth
H2O_atmosphere_1_M_earth_1_F_earth.csv,200,69.42871546244393,S2,0.0,472.21506843733755,227.8749741416315,2.527852747058048e-201,0.0,26198.611954219403,32510637.327619404,199.852257559129,543,True,Jeans,H2O,1_M_earth,1_F_earth
H2O_atmosphere_1_M_earth_1_F_earth.csv,200,69.42871546244393,S,5.157383517496329e-101,236.10753421866877,322.26387895651357,6.213736110692938e-99,23520508.7401841,26198.611954219403,32510637.327619404,199.852257559129,543,True,Jeans,H2O,1_M_earth,1_F_earth
H2O_atmosphere_1_M_earth_1_F_earth.csv,200,69.42871546244393,C,3.8625104385675746e-38,88.54032533200079,526.2547106489998,4.6885118146314644e-35,6225489.030788351,26198.611954219403,32510637.327619404,199.852257559129,543,True,Jeans,H2O,1_M_earth,1_F_earth
H2O_atmosphere_1_M_earth_1_F_earth.csv,200,69.42871546244393,H2,0.0,14.756720888666798,1289.0555158260543,0.002235476344964081,0.0,26198.611954219403,32510637.327619404,199.852257559129,543,True,Jeans,H2O,1_M_earth,1_F_earth
H2O_atmosphere_1_M_earth_1_F_earth.csv,200,69.42871546244393,CO2,0.0,324.6478595506695,274.8275593962657,2.5670221289267807e-137,0.0,26198.611954219403,32510637.327619404,199.852257559129,543,True,Jeans,H2O,1_M_earth,1_F_earth
H2O_atmosphere_1_M_earth_1_F_earth.csv,200,69.42871546244393,O,1.1838557497291703e-45,118.05376710933439,455.749948283263,8.217982545269116e-48,816457640362.163,26198.611954219403,32510637.327619404,199.852257559129,543,True,Jeans,H2O,1_M_earth,1_F_earth
H2O_atmosphere_1_M_earth_1_F_earth.csv,200,69.42871546244393,N2O,0.0,324.6478595506695,274.8275593962657,2.5670221289267807e-137,0.0,26198.611954219403,32510637.327619404,199.852257559129,543,True,Jeans,H2O,1_M_earth,1_F_earth
H2O_atmosphere_1_M_earth_1_F_earth.csv,200,69.42871546244393,NH3,0.0,125.43212755366778,442.1423942686305,5.288516003197349e-51,0.0,26198.611954219403,32510637.327619404,199.852257559129,543,True,Jeans,H2O,1_M_earth,1_F_earth
H2O_atmosphere_1_M_earth_1_F_earth.csv,300,553.024666161567,H2O,0.0,84.93900109241103,526.1610597960049,1.64878717317548e-33,0.0,27589.09358396553,33901118.95736553,299.67170034428375,548,True,Jeans,H2O,1_M_earth,1_F_earth
H2O_atmosphere_1_M_earth_1_F_earth.csv,300,553.024666161567,CO,0.0,132.12733503263937,421.867374861113,6.571518479976639e-54,0.0,27589.09358396553,33901118.95736553,299.67170034428375,548,True,Jeans,H2O,1_M_earth,1_F_earth
H2O_atmosphere_1_M_earth_1_F_earth.csv,300,553.024666161567,SO2,0.0,302.00533721746143,279.0390400335417,1.652946726090206e-127,0.0,27589.09358396553,33901118.95736553,299.67170034428375,548,True,Jeans,H2O,1_M_earth,1_F_earth
H2O_atmosphere_1_M_earth_1_F_earth.csv,300,553.024666161567,H,704.5372546968779,4.718833394022835,2232.3123202683337,32.14357406474957,1827901401359.6436,27589.09358396553,33901118.95736553,299.67170034428375,548,True,Jeans,H2O,1_M_earth,1_F_earth
H2O_atmosphere_1_M_earth_1_F_earth.csv,300,553.024666161567,NO2,0.0,217.0663361250504,329.1364952490403,1.0855447942431088e-90,0.0,27589.09358396553,33901118.95736553,299.67170034428375,548,True,Jeans,H2O,1_M_earth,1_F_earth
H2O_atmosphere_1_M_earth_1_F_earth.csv,300,553.024666161567,H2S,0.0,160.4403353967764,382.8384045222102,3.6565395839914036e-66,0.0,27589.09358396553,33901118.95736553,299.67170034428375,548,True,Jeans,H2O,1_M_earth,1_F_earth
H2O_atmosphere_1_M_earth_1_F_earth.csv,300,553.024666161567,N2,0.0,132.12733503263937,421.867374861113,6.571518479976639e-54,0.0,27589.09358396553,33901118.95736553,299.67170034428375,548,True,Jeans,H2O,1_M_earth,1_F_earth
H2O_atmosphere_1_M_earth_1_F_earth.csv,300,553.024666161567,OH,0.0,80.2201676983882,541.4152638725869,1.7964423161902119e-31,0.0,27589.09358396553,33901118.95736553,299.67170034428375,548,True,Jeans,H2O,1_M_earth,1_F_earth
H2O_atmosphere_1_M_earth_1_F_earth.csv,300,553.024666161567,N,6.181837301125628e-28,66.06366751631968,596.6105630513205,2.2987251622934234e-25,16019370.757435344,27589.09358396553,33901118.95736553,299.67170034428375,548,True,Jeans,H2O,1_M_earth,1_F_earth
H2O_atmosphere_1_M_earth_1_F_earth.csv,300,553.024666161567,NO,0.0,141.56500182068504,407.56260440255437,5.416306088591059e-58,0.0,27589.09358396553,33901118.95736553,299.67170034428375,548,True,Jeans,H2O,1_M_earth,1_F_earth
H2O_atmosphere_1_M_earth_1_F_earth.csv,300,553.024666161567,CH4,0.0,75.50133430436536,558.0780800670834,1.9540972704934256e-29,0.0,27589.09358396553,33901118.95736553,299.67170034428375,548,True,Jeans,H2O,1_M_earth,1_F_earth
H2O_atmosphere_1_M_earth_1_F_earth.csv,300,553.024666161567,O2,0.0,151.00266860873072,394.62079484700365,4.454515948534404e-62,0.0,27589.09358396553,33901118.95736553,299.67170034428375,548,True,Jeans,H2O,1_M_earth,1_F_earth
H2O_atmosphere_1_M_earth_1_F_earth.csv,300,553.024666161567,S2,0.0,302.00533721746143,279.0390400335417,1.652946726090206e-127,0.0,27589.09358396553,33901118.95736553,299.67170034428375,548,True,Jeans,H2O,1_M_earth,1_F_earth
H2O_atmosphere_1_M_earth_1_F_earth.csv,300,553.024666161567,S,2.4657432292193846e-64,151.00266860873072,394.62079484700365,4.454515948534404e-62,14425813.73644724,27589.09358396553,33901118.95736553,299.67170034428375,548,True,Jeans,H2O,1_M_earth,1_F_earth
H2O_atmosphere_1_M_earth_1_F_earth.csv,300,553.024666161567,C,1.4713757458866381e-24,56.62600072827402,644.4130595111202,2.6780472362779007e-21,3818273.9229196305,27589.09358396553,33901118.95736553,299.67170034428375,548,True,Jeans,H2O,1_M_earth,1_F_earth
H2O_atmosphere_1_M_earth_1_F_earth.csv,300,553.024666161567,H2,0.0,9.43766678804567,1578.4831793880146,0.37026430522350584,0.0,27589.09358396553,33901118.95736553,299.67170034428375,548,True,Jeans,H2O,1_M_earth,1_F_earth
H2O_atmosphere_1_M_earth_1_F_earth.csv,300,553.024666161567,CO2,0.0,207.62866933700474,336.53374460080624,1.3329452028454489e-86,0.0,27589.09358396553,33901118.95736553,299.67170034428375,548,True,Jeans,H2O,1_M_earth,1_F_earth
H2O_atmosphere_1_M_earth_1_F_earth.csv,300,553.024666161567,O,1.877372534118913e-27,75.50133430436536,558.0780800670834,1.9540972704934256e-29,500757274158.8412,27589.09358396553,33901118.95736553,299.67170034428375,548,True,Jeans,H2O,1_M_earth,1_F_earth
H2O_atmosphere_1_M_earth_1_F_earth.csv,300,553.024666161567,N2O,0.0,207.62866933700474,336.53374460080624,1.3329452028454489e-86,0.0,27589.09358396553,33901118.95736553,299.67170034428375,548,True,Jeans,H2O,1_M_earth,1_F_earth
H2O_atmosphere_1_M_earth_1_F_earth.csv,300,553.024666161567,NH3,0.0,80.2201676983882,541.4152638725869,1.7964423161902119e-31,0.0,27589.09358396553,33901118.95736553,299.67170034428375,548,True,Jeans,H2O,1_M_earth,1_F_earth
H2O_atmosphere_1_M_earth_1_F_earth.csv,500,2217.645421769116,H2O,0.0,46.9828006732745,679.2188282140082,3.623425203535272e-17,0.0,30467.003285166564,36779028.658566564,499.3761045608065,558,True,Jeans,H2O,1_M_earth,1_F_earth
H2O_atmosphere_1_M_earth_1_F_earth.csv,500,2217.645421769116,CO,0.0,73.08435660287142,544.5866026763325,2.0704071011364153e-28,0.0,30467.003285166564,36779028.658566564,499.3761045608065,558,True,Jeans,H2O,1_M_earth,1_F_earth
H2O_atmosphere_1_M_earth_1_F_earth.csv,500,2217.645421769116,SO2,0.0,167.04995794942042,360.2101795047795,4.825191102164683e-69,0.0,30467.003285166564,36779028.658566564,499.3761045608065,558,True,Jeans,H2O,1_M_earth,1_F_earth
H2O_atmosphere_1_M_earth_1_F_earth.csv,500,2217.645421769116,H,2825.2154251793377,2.610155592959694,2881.681436038236,215.76986291863244,927750733044.1343,30467.003285166564,36779028.658566564,499.3761045608065,558,True,Jeans,H2O,1_M_earth,1_F_earth
H2O_atmosphere_1_M_earth_1_F_earth.csv,500,2217.645421769116,NO2,0.0,120.06715727614593,424.88074794473056,1.0403622928551377e-48,0.0,30467.003285166564,36779028.658566564,499.3761045608065,558,True,Jeans,H2O,1_M_earth,1_F_earth
H2O_atmosphere_1_M_earth_1_F_earth.csv,500,2217.645421769116,H2S,0.0,88.74529016062961,494.2042891119905,3.595203125369813e-35,0.0,30467.003285166564,36779028.658566564,499.3761045608065,558,True,Jeans,H2O,1_M_earth,1_F_earth
H2O_atmosphere_1_M_earth_1_F_earth.csv,500,2217.645421769116,N2,0.0,73.08435660287142,544.5866026763325,2.0704071011364153e-28,0.0,30467.003285166564,36779028.658566564,499.3761045608065,558,True,Jeans,H2O,1_M_earth,1_F_earth
H2O_atmosphere_1_M_earth_1_F_earth.csv,500,2217.645421769116,OH,0.0,44.372645080314804,698.9104082451311,4.795299843830348e-16,0.0,30467.003285166564,36779028.658566564,499.3761045608065,558,True,Jeans,H2O,1_M_earth,1_F_earth
H2O_atmosphere_1_M_earth_1_F_earth.csv,500,2217.645421769116,N,1.767305381108902e-15,36.54217830143571,770.1617593915574,1.1000947544937864e-12,8130626.166193458,30467.003285166564,36779028.658566564,499.3761045608065,558,True,Jeans,H2O,1_M_earth,1_F_earth
H2O_atmosphere_1_M_earth_1_F_earth.csv,500,2217.645421769116,NO,0.0,78.30466778879082,526.1206420206742,1.1574281258512917e-30,0.0,30467.003285166564,36779028.658566564,499.3761045608065,558,True,Jeans,H2O,1_M_earth,1_F_earth
H2O_atmosphere_1_M_earth_1_F_earth.csv,500,2217.645421769116,CH4,0.0,41.762489487355104,720.420359009559,6.336147678857183e-15,0.0,30467.003285166564,36779028.658566564,499.3761045608065,558,True,Jeans,H2O,1_M_earth,1_F_earth
H2O_atmosphere_1_M_earth_1_F_earth.csv,500,2217.645421769116,O2,0.0,83.52497897471021,509.4141211605062,6.456745212685871e-33,0.0,30467.003285166564,36779028.658566564,499.3761045608065,558,True,Jeans,H2O,1_M_earth,1_F_earth
H2O_atmosphere_1_M_earth_1_F_earth.csv,500,2217.645421769116,S2,0.0,167.04995794942042,360.2101795047795,4.825191102164683e-69,0.0,30467.003285166564,36779028.658566564,499.3761045608065,558,True,Jeans,H2O,1_M_earth,1_F_earth
H2O_atmosphere_1_M_earth_1_F_earth.csv,500,2217.645421769116,S,2.1350692473078914e-35,83.52497897471021,509.4141211605062,6.456745212685871e-33,7321816.843508083,30467.003285166564,36779028.658566564,499.3761045608065,558,True,Jeans,H2O,1_M_earth,1_F_earth
H2O_atmosphere_1_M_earth_1_F_earth.csv,500,2217.645421769116,C,6.211394995193883e-14,31.32186711551633,831.8697764077114,1.892486555893725e-10,1937963.627752049,30467.003285166564,36779028.658566564,499.3761045608065,558,True,Jeans,H2O,1_M_earth,1_F_earth
H2O_atmosphere_1_M_earth_1_F_earth.csv,500,2217.645421769116,H2,0.0,5.220311185919388,2037.656484642025,19.327950688110167,0.0,30467.003285166564,36779028.658566564,499.3761045608065,558,True,Jeans,H2O,1_M_earth,1_F_earth
H2O_atmosphere_1_M_earth_1_F_earth.csv,500,2217.645421769116,CO2,0.0,114.84684609022653,434.4298222123346,1.8829873058581853e-46,0.0,30467.003285166564,36779028.658566564,499.3761045608065,558,True,Jeans,H2O,1_M_earth,1_F_earth
H2O_atmosphere_1_M_earth_1_F_earth.csv,500,2217.645421769116,O,3.6364745929953433e-13,41.762489487355104,720.420359009559,6.336147678857183e-15,254159183768.0531,30467.003285166564,36779028.658566564,499.3761045608065,558,True,Jeans,H2O,1_M_earth,1_F_earth
H2O_atmosphere_1_M_earth_1_F_earth.csv,500,2217.645421769116,N2O,0.0,114.84684609022653,434.4298222123346,1.8829873058581853e-46,0.0,30467.003285166564,36779028.658566564,499.3761045608065,558,True,Jeans,H2O,1_M_earth,1_F_earth
H2O_atmosphere_1_M_earth_1_F_earth.csv,500,2217.645421769116,NH3,0.0,44.372645080314804,698.9104082451311,4.795299843830348e-16,0.0,30467.003285166564,36779028.658566564,499.3761045608065,558,True,Jeans,H2O,1_M_earth,1_F_earth
H2O_atmosphere_1_M_earth_1_F_earth.csv,1000,4152.925417205421,H2O,0.0,19.42349456418897,960.6346825285373,2.030331141060918e-05,0.0,38162.845574124236,44474870.94752424,998.9065234463287,581,True,Jeans,H2O,1_M_earth,1_F_earth
H2O_atmosphere_1_M_earth_1_F_earth.csv,1000,4152.925417205421,CO,0.0,30.214324877627284,770.2212548301733,5.122122308157701e-10,0.0,38162.845574124236,44474870.94752424,998.9065234463287,581,True,Jeans,H2O,1_M_earth,1_F_earth
H2O_atmosphere_1_M_earth_1_F_earth.csv,1000,4152.925417205421,SO2,0.0,69.06131400600522,509.45347369418624,1.0233643606271774e-26,0.0,38162.845574124236,44474870.94752424,998.9065234463287,581,True,Jeans,H2O,1_M_earth,1_F_earth
H2O_atmosphere_1_M_earth_1_F_earth.csv,1000,4152.925417205421,H,5290.704249936865,1.0790830313438315,4075.62778955349,812.4967091846994,315524810774.6686,38162.845574124236,44474870.94752424,998.9065234463287,581,False,hydrodynamic_candidate,H2O,1_M_earth,1_F_earth
H2O_atmosphere_1_M_earth_1_F_earth.csv,1000,4152.925417205421,NO2,0.0,49.637819441816255,600.9185338510259,2.3782340104875003e-18,0.0,38162.845574124236,44474870.94752424,998.9065234463287,581,True,Jeans,H2O,1_M_earth,1_F_earth
H2O_atmosphere_1_M_earth_1_F_earth.csv,1000,4152.925417205421,H2S,0.0,36.68882306569028,698.9643994759143,8.655841492974532e-13,0.0,38162.845574124236,44474870.94752424,998.9065234463287,581,True,Jeans,H2O,1_M_earth,1_F_earth
H2O_atmosphere_1_M_earth_1_F_earth.csv,1000,4152.925417205421,N2,0.0,30.214324877627284,770.2212548301733,5.122122308157701e-10,0.0,38162.845574124236,44474870.94752424,998.9065234463287,581,True,Jeans,H2O,1_M_earth,1_F_earth
H2O_atmosphere_1_M_earth_1_F_earth.csv,1000,4152.925417205421,OH,0.0,18.34441153284514,988.4849333548038,5.8216211862789756e-05,0.0,38162.845574124236,44474870.94752424,998.9065234463287,581,True,Jeans,H2O,1_M_earth,1_F_earth
H2O_atmosphere_1_M_earth_1_F_earth.csv,1000,4152.925417205421,N,1.086675602051936e-06,15.107162438813642,1089.2573446088547,0.001360151607328346,2765197.796341402,38162.845574124236,44474870.94752424,998.9065234463287,581,True,Jeans,H2O,1_M_earth,1_F_earth
H2O_atmosphere_1_M_earth_1_F_earth.csv,1000,4152.925417205421,NO,0.0,32.37249094031495,744.1044254444548,6.112563705872036e-11,0.0,38162.845574124236,44474870.94752424,998.9065234463287,581,True,Jeans,H2O,1_M_earth,1_F_earth
H2O_atmosphere_1_M_earth_1_F_earth.csv,1000,4152.925417205421,CH4,0.0,17.265328501501305,1018.9069473883725,0.00016669408226875653,0.0,38162.845574124236,44474870.94752424,998.9065234463287,581,True,Jeans,H2O,1_M_earth,1_F_earth
H2O_atmosphere_1_M_earth_1_F_earth.csv,1000,4152.925417205421,O2,0.0,34.53065700300261,720.476011896403,7.280212213566207e-12,0.0,38162.845574124236,44474870.94752424,998.9065234463287,581,True,Jeans,H2O,1_M_earth,1_F_earth
H2O_atmosphere_1_M_earth_1_F_earth.csv,1000,4152.925417205421,S2,0.0,69.06131400600522,509.45347369418624,1.0233643606271774e-26,0.0,38162.845574124236,44474870.94752424,998.9065234463287,581,True,Jeans,H2O,1_M_earth,1_F_earth
H2O_atmosphere_1_M_earth_1_F_earth.csv,1000,4152.925417205421,S,1.1972185748700176e-14,34.53065700300261,720.476011896403,7.280212213566207e-12,2490124.5472416882,38162.845574124236,44474870.94752424,998.9065234463287,581,True,Jeans,H2O,1_M_earth,1_F_earth
H2O_atmosphere_1_M_earth_1_F_earth.csv,1000,4152.925417205421,C,1.7974287546539017e-06,12.94899637612598,1176.5324007077136,0.011011950458312039,659094.7170995843,38162.845574124236,44474870.94752424,998.9065234463287,581,True,Jeans,H2O,1_M_earth,1_F_earth
H2O_atmosphere_1_M_earth_1_F_earth.csv,1000,4152.925417205421,H2,0.0,2.158166062687663,2881.904047585612,296.6401521708245,0.0,38162.845574124236,44474870.94752424,998.9065234463287,581,True,Jeans,H2O,1_M_earth,1_F_earth
H2O_atmosphere_1_M_earth_1_F_earth.csv,1000,4152.925417205421,CO2,0.0,47.47965337912859,614.4240074133857,2.014982531009187e-17,0.0,38162.845574124236,44474870.94752424,998.9065234463287,581,True,Jeans,H2O,1_M_earth,1_F_earth
H2O_atmosphere_1_M_earth_1_F_earth.csv,1000,4152.925417205421,O,0.004757803927690052,17.265328501501305,1018.9069473883725,0.00016669408226875653,86438658045.49493,38162.845574124236,44474870.94752424,998.9065234463287,581,True,Jeans,H2O,1_M_earth,1_F_earth
H2O_atmosphere_1_M_earth_1_F_earth.csv,1000,4152.925417205421,N2O,0.0,47.47965337912859,614.4240074133857,2.014982531009187e-17,0.0,38162.845574124236,44474870.94752424,998.9065234463287,581,True,Jeans,H2O,1_M_earth,1_F_earth
H2O_atmosphere_1_M_earth_1_F_earth.csv,1000,4152.925417205421,NH3,0.0,18.34441153284514,988.4849333548038,5.8216211862789756e-05,0.0,38162.845574124236,44474870.94752424,998.9065234463287,581,True,Jeans,H2O,1_M_earth,1_F_earth
H2O_atmosphere_1_M_earth_1_F_earth.csv,2000,3985.1080430030574,H2O,0.0,7.01145157557164,1358.7913179867126,2.768371144662752,0.0,55268.74590096992,61580771.274369925,1998.5446315818533,619,True,Jeans,H2O,1_M_earth,1_F_earth
H2O_atmosphere_1_M_earth_1_F_earth.csv,2000,3985.1080430030574,CO,0.0,10.906702450889217,1089.4567654348461,0.0670927941163932,0.0,55268.74590096992,61580771.274369925,1998.5446315818533,619,True,Jeans,H2O,1_M_earth,1_F_earth
H2O_atmosphere_1_M_earth_1_F_earth.csv,2000,3985.1080430030574,SO2,0.0,24.9296056020325,720.6079163743581,7.854162074260736e-08,0.0,55268.74590096992,61580771.274369925,1998.5446315818533,619,True,Jeans,H2O,1_M_earth,1_F_earth
H2O_atmosphere_1_M_earth_1_F_earth.csv,2000,3985.1080430030574,H,5054.006038823738,0.3895250875317578,5764.863330994865,1530.6710910825043,83451598925.88406,55268.74590096992,61580771.274369925,1998.5446315818533,619,False,hydrodynamic_candidate,H2O,1_M_earth,1_F_earth
H2O_atmosphere_1_M_earth_1_F_earth.csv,2000,3985.1080430030574,NO2,0.0,17.918154026460858,849.982726487519,7.497707701876719e-05,0.0,55268.74590096992,61580771.274369925,1998.5446315818533,619,True,Jeans,H2O,1_M_earth,1_F_earth
H2O_atmosphere_1_M_earth_1_F_earth.csv,2000,3985.1080430030574,H2S,0.0,13.243852976079765,988.6659048055499,0.007036226981682642,0.0,55268.74590096992,61580771.274369925,1998.5446315818533,619,True,Jeans,H2O,1_M_earth,1_F_earth
H2O_atmosphere_1_M_earth_1_F_earth.csv,2000,3985.1080430030574,N2,0.0,10.906702450889217,1089.4567654348461,0.0670927941163932,0.0,55268.74590096992,61580771.274369925,1998.5446315818533,619,True,Jeans,H2O,1_M_earth,1_F_earth
H2O_atmosphere_1_M_earth_1_F_earth.csv,2000,3985.1080430030574,OH,0.0,6.6219264880398825,1398.184731231876,4.000905057448562,0.0,55268.74590096992,61580771.274369925,1998.5446315818533,619,True,Jeans,H2O,1_M_earth,1_F_earth
H2O_atmosphere_1_M_earth_1_F_earth.csv,2000,3985.1080430030574,N,0.0048654120070373745,5.453351225444608,1540.724533297083,12.010055746089305,731353.5087287257,55268.74590096992,61580771.274369925,1998.5446315818533,619,True,Jeans,H2O,1_M_earth,1_F_earth
H2O_atmosphere_1_M_earth_1_F_earth.csv,2000,3985.1080430030574,NO,0.0,11.685752625952732,1052.5152291067527,0.031687050242213195,0.0,55268.74590096992,61580771.274369925,1998.5446315818533,619,True,Jeans,H2O,1_M_earth,1_F_earth
H2O_atmosphere_1_M_earth_1_F_earth.csv,2000,3985.1080430030574,CH4,0.0,6.232401400508125,1441.2158327487161,5.777089248231971,0.0,55268.74590096992,61580771.274369925,1998.5446315818533,619,True,Jeans,H2O,1_M_earth,1_F_earth
H2O_atmosphere_1_M_earth_1_F_earth.csv,2000,3985.1080430030574,O2,0.0,12.46480280101625,1019.0934884900342,0.014942181847124588,0.0,55268.74590096992,61580771.274369925,1998.5446315818533,619,True,Jeans,H2O,1_M_earth,1_F_earth
H2O_atmosphere_1_M_earth_1_F_earth.csv,2000,3985.1080430030574,S2,0.0,24.9296056020325,720.6079163743581,7.854162074260736e-08,0.0,55268.74590096992,61580771.274369925,1998.5446315818533,619,True,Jeans,H2O,1_M_earth,1_F_earth
H2O_atmosphere_1_M_earth_1_F_earth.csv,2000,3985.1080430030574,S,1.2459638065361164e-05,12.46480280101625,1019.0934884900342,0.014942181847124588,658600.743572953,55268.74590096992,61580771.274369925,1998.5446315818533,619,True,Jeans,H2O,1_M_earth,1_F_earth
H2O_atmosphere_1_M_earth_1_F_earth.csv,2000,3985.1080430030574,C,0.0020574634062727752,4.674301050381094,1664.172697995644,24.858944311554442,174320.70666811513,55268.74590096992,61580771.274369925,1998.5446315818533,619,True,Jeans,H2O,1_M_earth,1_F_earth
H2O_atmosphere_1_M_earth_1_F_earth.csv,2000,3985.1080430030574,H2,0.0,0.7790501750635156,4076.373953960137,938.6854595940839,0.0,55268.74590096992,61580771.274369925,1998.5446315818533,619,False,hydrodynamic_candidate,H2O,1_M_earth,1_F_earth
H2O_atmosphere_1_M_earth_1_F_earth.csv,2000,3985.1080430030574,CO2,0.0,17.13910385139734,869.0858471176534,0.00016019735654580316,0.0,55268.74590096992,61580771.274369925,1998.5446315818533,619,True,Jeans,H2O,1_M_earth,1_F_earth
H2O_atmosphere_1_M_earth_1_F_earth.csv,2000,3985.1080430030574,O,83.60984858306486,6.232401400508125,1441.2158327487161,5.777089248231971,22861733773.62629,55268.74590096992,61580771.274369925,1998.5446315818533,619,True,Jeans,H2O,1_M_earth,1_F_earth
H2O_atmosphere_1_M_earth_1_F_earth.csv,2000,3985.1080430030574,N2O,0.0,17.13910385139734,869.0858471176534,0.00016019735654580316,0.0,55268.74590096992,61580771.274369925,1998.5446315818533,619,True,Jeans,H2O,1_M_earth,1_F_earth
H2O_atmosphere_1_M_earth_1_F_earth.csv,2000,3985.1080430030574,NH3,0.0,6.6219264880398825,1398.184731231876,4.000905057448562,0.0,55268.74590096992,61580771.274369925,1998.5446315818533,619,True,Jeans,H2O,1_M_earth,1_F_earth
H2O_atmosphere_1_M_earth_1_F_earth.csv,3000,3516.714408333589,H2O,0.0,3.5677833767754765,1664.3692798410386,60.51759013513406,0.0,74348.44112330998,80660466.49670999,2998.525228664902,652,True,Jeans,H2O,1_M_earth,1_F_earth
H2O_atmosphere_1_M_earth_1_F_earth.csv,3000,3516.714408333589,CO,0.0,5.549885252761851,1334.4642021936102,9.586302897933635,0.0,74348.44112330998,80660466.49670999,2998.525228664902,652,True,Jeans,H2O,1_M_earth,1_F_earth
H2O_atmosphere_1_M_earth_1_F_earth.csv,3000,3516.714408333589,SO2,0.0,12.685452006312804,882.6651031306268,0.010549414676330566,0.0,74348.44112330998,80660466.49670999,2998.525228664902,652,True,Jeans,H2O,1_M_earth,1_F_earth
H2O_atmosphere_1_M_earth_1_F_earth.csv,3000,3516.714408333589,H,4252.883897787216,0.19821018759863757,7061.320825045014,1957.6381902675653,32003735522.63918,74348.44112330998,80660466.49670999,2998.525228664902,652,False,hydrodynamic_candidate,H2O,1_M_earth,1_F_earth
H2O_atmosphere_1_M_earth_1_F_earth.csv,3000,3516.714408333589,NO2,0.0,9.117668629537327,1041.134955481949,0.3260088379088573,0.0,74348.44112330998,80660466.49670999,2998.525228664902,652,True,Jeans,H2O,1_M_earth,1_F_earth
H2O_atmosphere_1_M_earth_1_F_earth.csv,3000,3516.714408333589,H2S,0.0,6.739146378353677,1211.006530732553,3.1293960448862426,0.0,74348.44112330998,80660466.49670999,2998.525228664902,652,True,Jeans,H2O,1_M_earth,1_F_earth
H2O_atmosphere_1_M_earth_1_F_earth.csv,3000,3516.714408333589,N2,0.0,5.549885252761851,1334.4642021936102,9.586302897933635,0.0,74348.44112330998,80660466.49670999,2998.525228664902,652,True,Jeans,H2O,1_M_earth,1_F_earth
H2O_atmosphere_1_M_earth_1_F_earth.csv,3000,3516.714408333589,OH,0.0,3.3695731891768386,1712.6218598843668,72.62874281018381,0.0,74348.44112330998,80660466.49670999,2998.525228664902,652,True,Jeans,H2O,1_M_earth,1_F_earth
H2O_atmosphere_1_M_earth_1_F_earth.csv,3000,3516.714408333589,N,0.03340080237734588,2.7749426263809256,1887.2173732435956,125.30981217483354,280474.4854283253,74348.44112330998,80660466.49670999,2998.525228664902,652,True,Jeans,H2O,1_M_earth,1_F_earth
H2O_atmosphere_1_M_earth_1_F_earth.csv,3000,3516.714408333589,NO,0.0,5.946305627959126,1289.2149005527149,6.607338401305195,0.0,74348.44112330998,80660466.49670999,2998.525228664902,652,True,Jeans,H2O,1_M_earth,1_F_earth
H2O_atmosphere_1_M_earth_1_F_earth.csv,3000,3516.714408333589,CH4,0.0,3.171363001578201,1765.3302062612536,87.13518417654316,0.0,74348.44112330998,80660466.49670999,2998.525228664902,652,True,Jeans,H2O,1_M_earth,1_F_earth
H2O_atmosphere_1_M_earth_1_F_earth.csv,3000,3516.714408333589,O2,0.0,6.342726003156402,1248.276959880779,4.549382385971247,0.0,74348.44112330998,80660466.49670999,2998.525228664902,652,True,Jeans,H2O,1_M_earth,1_F_earth
H2O_atmosphere_1_M_earth_1_F_earth.csv,3000,3516.714408333589,S2,0.0,12.685452006312804,882.6651031306268,0.010549414676330566,0.0,74348.44112330998,80660466.49670999,2998.525228664902,652,True,Jeans,H2O,1_M_earth,1_F_earth
H2O_atmosphere_1_M_earth_1_F_earth.csv,3000,3516.714408333589,S,0.0024959798368715267,6.342726003156402,1248.276959880779,4.549382385971247,252573.75872500695,74348.44112330998,80660466.49670999,2998.525228664902,652,True,Jeans,H2O,1_M_earth,1_F_earth
H2O_atmosphere_1_M_earth_1_F_earth.csv,3000,3516.714408333589,C,0.009805838657376435,2.3785222511836506,2038.4277395870247,180.0686395848102,66852.08988363092,74348.44112330998,80660466.49670999,2998.525228664902,652,True,Jeans,H2O,1_M_earth,1_F_earth
H2O_atmosphere_1_M_earth_1_F_earth.csv,3000,3516.714408333589,H2,0.0,0.39642037519727513,4993.107839523116,1323.1802485200326,0.0,74348.44112330998,80660466.49670999,2998.525228664902,652,False,hydrodynamic_candidate,H2O,1_M_earth,1_F_earth
H2O_atmosphere_1_M_earth_1_F_earth.csv,3000,3516.714408333589,CO2,0.0,8.721248254340052,1064.5341682271426,0.47608743024164946,0.0,74348.44112330998,80660466.49670999,2998.525228664902,652,True,Jeans,H2O,1_M_earth,1_F_earth
H2O_atmosphere_1_M_earth_1_F_earth.csv,3000,3516.714408333589,O,829.7344748292975,3.171363001578201,1765.3302062612536,87.13518417654316,8767487869.584549,74348.44112330998,80660466.49670999,2998.525228664902,652,True,Jeans,H2O,1_M_earth,1_F_earth
H2O_atmosphere_1_M_earth_1_F_earth.csv,3000,3516.714408333589,N2O,0.0,8.721248254340052,1064.5341682271426,0.47608743024164946,0.0,74348.44112330998,80660466.49670999,2998.525228664902,652,True,Jeans,H2O,1_M_earth,1_F_earth
H2O_atmosphere_1_M_earth_1_F_earth.csv,3000,3516.714408333589,NH3,0.0,3.3695731891768386,1712.6218598843668,72.62874281018381,0.0,74348.44112330998,80660466.49670999,2998.525228664902,652,True,Jeans,H2O,1_M_earth,1_F_earth
H2O_atmosphere_1_M_earth_1_F_earth.csv,5000,3133.7484944410344,H2O,0.0,1.4076131801622984,2148.9329473254697,357.17907468628664,0.0,116327.23869464934,122639264.06804934,4998.665248896594,702,False,hydrodynamic_candidate,H2O,1_M_earth,1_F_earth
H2O_atmosphere_1_M_earth_1_F_earth.csv,5000,3133.7484944410344,CO,0.0,2.189620502474686,1722.9794648661943,173.5697675898469,0.0,116327.23869464934,122639264.06804934,4998.665248896594,702,True,Jeans,H2O,1_M_earth,1_F_earth
H2O_atmosphere_1_M_earth_1_F_earth.csv,5000,3133.7484944410344,SO2,0.0,5.004846862799283,1139.643794526775,12.944603704275409,0.0,116327.23869464934,122639264.06804934,4998.665248896594,702,True,Jeans,H2O,1_M_earth,1_F_earth
H2O_atmosphere_1_M_earth_1_F_earth.csv,5000,3133.7484944410344,H,3343.7735106814534,0.0782007322312388,9117.1503562142,2564.4347956329793,8309160618.0372095,116327.23869464934,122639264.06804934,4998.665248896594,702,False,hydrodynamic_candidate,H2O,1_M_earth,1_F_earth
H2O_atmosphere_1_M_earth_1_F_earth.csv,5000,3133.7484944410344,NO2,0.0,3.5972336826369844,1344.2504830785388,47.76536609483638,0.0,116327.23869464934,122639264.06804934,4998.665248896594,702,True,Jeans,H2O,1_M_earth,1_F_earth
H2O_atmosphere_1_M_earth_1_F_earth.csv,5000,3133.7484944410344,H2S,0.0,2.6588248958621192,1563.5783866222557,113.01689499901909,0.0,116327.23869464934,122639264.06804934,4998.665248896594,702,True,Jeans,H2O,1_M_earth,1_F_earth
H2O_atmosphere_1_M_earth_1_F_earth.csv,5000,3133.7484944410344,N2,0.0,2.189620502474686,1722.9794648661943,173.5697675898469,0.0,116327.23869464934,122639264.06804934,4998.665248896594,702,True,Jeans,H2O,1_M_earth,1_F_earth
H2O_atmosphere_1_M_earth_1_F_earth.csv,5000,3133.7484944410344,OH,0.0,1.3294124479310596,2211.233760194637,384.5206129897164,0.0,116327.23869464934,122639264.06804934,4998.665248896594,702,False,hydrodynamic_candidate,H2O,1_M_earth,1_F_earth
H2O_atmosphere_1_M_earth_1_F_earth.csv,5000,3133.7484944410344,N,0.07707805049822845,1.094810251237343,2436.6609269041096,481.79779367948197,72819.86026402168,116327.23869464934,122639264.06804934,4998.665248896594,702,False,hydrodynamic_candidate,H2O,1_M_earth,1_F_earth
H2O_atmosphere_1_M_earth_1_F_earth.csv,5000,3133.7484944410344,NO,0.0,2.3460219669371636,1664.5563034215927,150.43813848539523,0.0,116327.23869464934,122639264.06804934,4998.665248896594,702,True,Jeans,H2O,1_M_earth,1_F_earth
H2O_atmosphere_1_M_earth_1_F_earth.csv,5000,3133.7484944410344,CH4,0.0,1.2512117156998208,2279.28758905355,414.2058135869769,0.0,116327.23869464934,122639264.06804934,4998.665248896594,702,False,hydrodynamic_candidate,H2O,1_M_earth,1_F_earth
H2O_atmosphere_1_M_earth_1_F_earth.csv,5000,3133.7484944410344,O2,0.0,2.5024234313996416,1611.699710494102,130.39446533983997,0.0,116327.23869464934,122639264.06804934,4998.665248896594,702,True,Jeans,H2O,1_M_earth,1_F_earth
H2O_atmosphere_1_M_earth_1_F_earth.csv,5000,3133.7484944410344,S2,0.0,5.004846862799283,1139.643794526775,12.944603704275409,0.0,116327.23869464934,122639264.06804934,4998.665248896594,702,True,Jeans,H2O,1_M_earth,1_F_earth
H2O_atmosphere_1_M_earth_1_F_earth.csv,5000,3133.7484944410344,S,0.04293800703360266,2.5024234313996416,1611.699710494102,130.39446533983997,65575.96776985217,116327.23869464934,122639264.06804934,4998.665248896594,702,True,Jeans,H2O,1_M_earth,1_F_earth
H2O_atmosphere_1_M_earth_1_F_earth.csv,5000,3133.7484944410344,C,0.018403648405146064,0.9384087867748655,2631.8946062012806,563.0710176513742,17356.872359528294,116327.23869464934,122639264.06804934,4998.665248896594,702,False,hydrodynamic_candidate,H2O,1_M_earth,1_F_earth
H2O_atmosphere_1_M_earth_1_F_earth.csv,5000,3133.7484944410344,H2,0.0,0.1564014644624776,6446.798841976408,1798.5541887134375,0.0,116327.23869464934,122639264.06804934,4998.665248896594,702,False,hydrodynamic_candidate,H2O,1_M_earth,1_F_earth
H2O_atmosphere_1_M_earth_1_F_earth.csv,5000,3133.7484944410344,CO2,0.0,3.440832218174507,1374.46213130989,55.164256153325695,0.0,116327.23869464934,122639264.06804934,4998.665248896594,702,True,Jeans,H2O,1_M_earth,1_F_earth
H2O_atmosphere_1_M_earth_1_F_earth.csv,5000,3133.7484944410344,O,2367.313995782303,1.2512117156998208,2279.28758905355,414.2058135869769,2276311303.520711,116327.23869464934,122639264.06804934,4998.665248896594,702,False,hydrodynamic_candidate,H2O,1_M_earth,1_F_earth
H2O_atmosphere_1_M_earth_1_F_earth.csv,5000,3133.7484944410344,N2O,0.0,3.440832218174507,1374.46213130989,55.164256153325695,0.0,116327.23869464934,122639264.06804934,4998.665248896594,702,True,Jeans,H2O,1_M_earth,1_F_earth
H2O_atmosphere_1_M_earth_1_F_earth.csv,5000,3133.7484944410344,NH3,0.0,1.3294124479310596,2211.233760194637,384.5206129897164,0.0,116327.23869464934,122639264.06804934,4998.665248896594,702,False,hydrodynamic_candidate,H2O,1_M_earth,1_F_earth
H2O_atmosphere_1_M_earth_1_F_earth.csv,6000,2965.0220804713945,H2O,0.0,0.9914770350552964,2354.106860654823,490.68585459694407,0.0,138773.33208148583,145085357.45488584,5998.74872802845,722,False,hydrodynamic_candidate,H2O,1_M_earth,1_F_earth
H2O_atmosphere_1_M_earth_1_F_earth.csv,6000,2965.0220804713945,CO,0.0,1.5422976100860164,1887.4845695194995,289.52997014821057,0.0,138773.33208148583,145085357.45488584,5998.74872802845,722,True,Jeans,H2O,1_M_earth,1_F_earth
H2O_atmosphere_1_M_earth_1_F_earth.csv,6000,2965.0220804713945,SO2,0.0,3.525251680196609,1248.4536936051002,46.925930475327505,0.0,138773.33208148583,145085357.45488584,5998.74872802845,722,True,Jeans,H2O,1_M_earth,1_F_earth
H2O_atmosphere_1_M_earth_1_F_earth.csv,6000,2965.0220804713945,H,3060.3401518997916,0.05508205750307202,9987.629548840801,2813.3379041762128,4953038094.8018465,138773.33208148583,145085357.45488584,5998.74872802845,722,False,hydrodynamic_candidate,H2O,1_M_earth,1_F_earth
H2O_atmosphere_1_M_earth_1_F_earth.csv,6000,2965.0220804713945,NO2,0.0,2.533774645141313,1472.5956380315404,116.49655461366011,0.0,138773.33208148583,145085357.45488584,5998.74872802845,722,True,Jeans,H2O,1_M_earth,1_F_earth
H2O_atmosphere_1_M_earth_1_F_earth.csv,6000,2965.0220804713945,H2S,0.0,1.8727899551044487,1712.8643365537112,213.3435735528268,0.0,138773.33208148583,145085357.45488584,5998.74872802845,722,True,Jeans,H2O,1_M_earth,1_F_earth
H2O_atmosphere_1_M_earth_1_F_earth.csv,6000,2965.0220804713945,N2,0.0,1.5422976100860164,1887.4845695194995,289.52997014821057,0.0,138773.33208148583,145085357.45488584,5998.74872802845,722,True,Jeans,H2O,1_M_earth,1_F_earth
H2O_atmosphere_1_M_earth_1_F_earth.csv,6000,2965.0220804713945,OH,0.0,0.9363949775522243,2422.355975259452,518.7472515944828,0.0,138773.33208148583,145085357.45488584,5998.74872802845,722,False,hydrodynamic_candidate,H2O,1_M_earth,1_F_earth
H2O_atmosphere_1_M_earth_1_F_earth.csv,6000,2965.0220804713945,N,0.08232114095613001,0.7711488050430082,2669.306276984419,616.7978559760556,43407.45816886694,138773.33208148583,145085357.45488584,5998.74872802845,722,False,hydrodynamic_candidate,H2O,1_M_earth,1_F_earth
H2O_atmosphere_1_M_earth_1_F_earth.csv,6000,2965.0220804713945,NO,0.0,1.6524617250921605,1823.4833333017505,261.3912124400908,0.0,138773.33208148583,145085357.45488584,5998.74872802845,722,True,Jeans,H2O,1_M_earth,1_F_earth
H2O_atmosphere_1_M_earth_1_F_earth.csv,6000,2965.0220804713945,CH4,0.0,0.8813129200491523,2496.9073872102003,548.9201865572397,0.0,138773.33208148583,145085357.45488584,5998.74872802845,722,False,hydrodynamic_candidate,H2O,1_M_earth,1_F_earth
H2O_atmosphere_1_M_earth_1_F_earth.csv,6000,2965.0220804713945,O2,0.0,1.7626258400983046,1765.580145491117,236.10538805169992,0.0,138773.33208148583,145085357.45488584,5998.74872802845,722,True,Jeans,H2O,1_M_earth,1_F_earth
H2O_atmosphere_1_M_earth_1_F_earth.csv,6000,2965.0220804713945,S2,0.0,3.525251680196609,1248.4536936051002,46.925930475327505,0.0,138773.33208148583,145085357.45488584,5998.74872802845,722,True,Jeans,H2O,1_M_earth,1_F_earth
H2O_atmosphere_1_M_earth_1_F_earth.csv,6000,2965.0220804713945,S,0.06486213408938607,1.7626258400983046,1765.580145491117,236.10538805169992,39089.41966562927,138773.33208148583,145085357.45488584,5998.74872802845,722,True,Jeans,H2O,1_M_earth,1_F_earth
H2O_atmosphere_1_M_earth_1_F_earth.csv,6000,2965.0220804713945,C,0.019020146640942544,0.6609846900368642,2883.1803042947486,697.5422155463275,10346.321843476959,138773.33208148583,145085357.45488584,5998.74872802845,722,False,hydrodynamic_candidate,H2O,1_M_earth,1_F_earth
H2O_atmosphere_1_M_earth_1_F_earth.csv,6000,2965.0220804713945,H2,0.0,0.11016411500614404,7062.320581964468,1981.0070154688492,0.0,138773.33208148583,145085357.45488584,5998.74872802845,722,False,hydrodynamic_candidate,H2O,1_M_earth,1_F_earth
H2O_atmosphere_1_M_earth_1_F_earth.csv,6000,2965.0220804713945,CO2,0.0,2.4236105301351687,1505.6918072077963,128.8412202257457,0.0,138773.33208148583,145085357.45488584,5998.74872802845,722,True,Jeans,H2O,1_M_earth,1_F_earth
H2O_atmosphere_1_M_earth_1_F_earth.csv,6000,2965.0220804713945,O,2617.287847259002,0.8813129200491523,2496.9073872102003,548.9201865572397,1356894771.9570544,138773.33208148583,145085357.45488584,5998.74872802845,722,False,hydrodynamic_candidate,H2O,1_M_earth,1_F_earth
H2O_atmosphere_1_M_earth_1_F_earth.csv,6000,2965.0220804713945,N2O,0.0,2.4236105301351687,1505.6918072077963,128.8412202257457,0.0,138773.33208148583,145085357.45488584,5998.74872802845,722,True,Jeans,H2O,1_M_earth,1_F_earth
H2O_atmosphere_1_M_earth_1_F_earth.csv,6000,2965.0220804713945,NH3,0.0,0.9363949775522243,2422.355975259452,518.7472515944828,0.0,138773.33208148583,145085357.45488584,5998.74872802845,722,False,hydrodynamic_candidate,H2O,1_M_earth,1_F_earth
H2O_atmosphere_1_M_earth_1_F_earth.csv,7000,2829.9341678006963,H2O,0.0,0.733253749399532,2542.7763551528383,597.1965958399215,0.0,161834.5275023673,168146552.8757673,6998.8172494827995,739,False,hydrodynamic_candidate,H2O,1_M_earth,1_F_earth
H2O_atmosphere_1_M_earth_1_F_earth.csv,7000,2829.9341678006963,CO,0.0,1.140616943510383,2038.7566997510864,393.49188773816064,0.0,161834.5275023673,168146552.8757673,6998.8172494827995,739,False,hydrodynamic_candidate,H2O,1_M_earth,1_F_earth
H2O_atmosphere_1_M_earth_1_F_earth.csv,7000,2829.9341678006963,SO2,0.0,2.607124442309447,1348.5108028270386,101.1930915593633,0.0,161834.5275023673,168146552.8757673,6998.8172494827995,739,True,Jeans,H2O,1_M_earth,1_F_earth
H2O_atmosphere_1_M_earth_1_F_earth.csv,7000,2829.9341678006963,H,2864.4693998644193,0.04073631941108511,10788.086422616308,3040.805463488188,3193380338.778199,161834.5275023673,168146552.8757673,6998.8172494827995,739,False,hydrodynamic_candidate,H2O,1_M_earth,1_F_earth
H2O_atmosphere_1_M_earth_1_F_earth.csv,7000,2829.9341678006963,NO2,0.0,1.873870692909915,1590.616565318635,197.97761627735454,0.0,161834.5275023673,168146552.8757673,6998.8172494827995,739,True,Jeans,H2O,1_M_earth,1_F_earth
H2O_atmosphere_1_M_earth_1_F_earth.csv,7000,2829.9341678006963,H2S,0.0,1.3850348599768938,1850.1415578738067,311.5887439750432,0.0,161834.5275023673,168146552.8757673,6998.8172494827995,739,False,hydrodynamic_candidate,H2O,1_M_earth,1_F_earth
H2O_atmosphere_1_M_earth_1_F_earth.csv,7000,2829.9341678006963,N2,0.0,1.140616943510383,2038.7566997510864,393.49188773816064,0.0,161834.5275023673,168146552.8757673,6998.8172494827995,739,False,hydrodynamic_candidate,H2O,1_M_earth,1_F_earth
H2O_atmosphere_1_M_earth_1_F_earth.csv,7000,2829.9341678006963,OH,0.0,0.6925174299884469,2616.495283455224,625.0167777906685,0.0,161834.5275023673,168146552.8757673,6998.8172494827995,739,False,hydrodynamic_candidate,H2O,1_M_earth,1_F_earth
H2O_atmosphere_1_M_earth_1_F_earth.csv,7000,2829.9341678006963,N,0.08345548619616495,0.5703084717551915,2883.2373751669984,722.0688641553477,27986.16138613453,161834.5275023673,168146552.8757673,6998.8172494827995,739,False,hydrodynamic_candidate,H2O,1_M_earth,1_F_earth
H2O_atmosphere_1_M_earth_1_F_earth.csv,7000,2829.9341678006963,NO,0.0,1.2220895823325533,1969.6260953273877,363.7421745757548,0.0,161834.5275023673,168146552.8757673,6998.8172494827995,739,False,hydrodynamic_candidate,H2O,1_M_earth,1_F_earth
H2O_atmosphere_1_M_earth_1_F_earth.csv,7000,2829.9341678006963,CH4,0.0,0.6517811105773618,2697.021605654077,654.8880249265375,0.0,161834.5275023673,168146552.8757673,6998.8172494827995,739,False,hydrodynamic_candidate,H2O,1_M_earth,1_F_earth
H2O_atmosphere_1_M_earth_1_F_earth.csv,7000,2829.9341678006963,O2,0.0,1.3035622211547235,1907.0822663646286,336.53835197964895,0.0,161834.5275023673,168146552.8757673,6998.8172494827995,739,False,hydrodynamic_candidate,H2O,1_M_earth,1_F_earth
H2O_atmosphere_1_M_earth_1_F_earth.csv,7000,2829.9341678006963,S2,0.0,2.607124442309447,1348.5108028270386,101.1930915593633,0.0,161834.5275023673,168146552.8757673,6998.8172494827995,739,True,Jeans,H2O,1_M_earth,1_F_earth
H2O_atmosphere_1_M_earth_1_F_earth.csv,7000,2829.9341678006963,S,0.0800622234283569,1.3035622211547235,1907.0822663646286,336.53835197964895,25202.18537092924,161834.5275023673,168146552.8757673,6998.8172494827995,739,False,hydrodynamic_candidate,H2O,1_M_earth,1_F_earth
H2O_atmosphere_1_M_earth_1_F_earth.csv,7000,2829.9341678006963,C,0.018942970450526272,0.4888358329330213,3114.2523000692368,802.2264369074245,6670.600976864184,161834.5275023673,168146552.8757673,6998.8172494827995,739,False,hydrodynamic_candidate,H2O,1_M_earth,1_F_earth
H2O_atmosphere_1_M_earth_1_F_earth.csv,7000,2829.9341678006963,H2,0.0,0.08147263882217022,7628.329065458514,2145.146246964303,0.0,161834.5275023673,168146552.8757673,6998.8172494827995,739,False,hydrodynamic_candidate,H2O,1_M_earth,1_F_earth
H2O_atmosphere_1_M_earth_1_F_earth.csv,7000,2829.9341678006963,CO2,0.0,1.7923980540877447,1626.3652213520797,213.38401823537055,0.0,161834.5275023673,168146552.8757673,6998.8172494827995,739,True,Jeans,H2O,1_M_earth,1_F_earth
H2O_atmosphere_1_M_earth_1_F_earth.csv,7000,2829.9341678006963,O,2704.064726515092,0.6517811105773618,2697.021605654077,654.8880249265375,874832982.0249313,161834.5275023673,168146552.8757673,6998.8172494827995,739,False,hydrodynamic_candidate,H2O,1_M_earth,1_F_earth
H2O_atmosphere_1_M_earth_1_F_earth.csv,7000,2829.9341678006963,N2O,0.0,1.7923980540877447,1626.3652213520797,213.38401823537055,0.0,161834.5275023673,168146552.8757673,6998.8172494827995,739,True,Jeans,H2O,1_M_earth,1_F_earth
H2O_atmosphere_1_M_earth_1_F_earth.csv,7000,2829.9341678006963,NH3,0.0,0.6925174299884469,2616.495283455224,625.0167777906685,0.0,161834.5275023673,168146552.8757673,6998.8172494827995,739,False,hydrodynamic_candidate,H2O,1_M_earth,1_F_earth
H2O_atmosphere_1_M_earth_1000_F_earth.csv,200,2.1263089097450176e-07,H2O,0.0,500.0489903738523,451.14705972242547,4.3258971526053594e-213,0.0,1520.9131549832168,7832671.239383217,220.31526407882558,309,True,Jeans,H2O,1_M_earth,1000_F_earth
H2O_atmosphere_1_M_earth_1000_F_earth.csv,200,2.1263089097450176e-07,CO,0.0,777.8539850259924,361.72237039966234,0.0,0.0,1520.9131549832168,7832671.239383217,220.31526407882558,309,True,Jeans,H2O,1_M_earth,1000_F_earth
H2O_atmosphere_1_M_earth_1000_F_earth.csv,200,2.1263089097450176e-07,SO2,0.0,1777.9519657736969,239.25685893157453,0.0,0.0,1520.9131549832168,7832671.239383217,220.31526407882558,309,True,Jeans,H2O,1_M_earth,1000_F_earth
H2O_atmosphere_1_M_earth_1000_F_earth.csv,200,2.1263089097450176e-07,H,4.4495870916499165e-07,27.780499465214014,1914.0548714525962,1.338228134428158e-08,51944646192104.734,1520.9131549832168,7832671.239383217,220.31526407882558,309,True,Jeans,H2O,1_M_earth,1000_F_earth
H2O_atmosphere_1_M_earth_1000_F_earth.csv,200,2.1263089097450176e-07,NO2,0.0,1277.9029753998448,282.21199443478093,0.0,0.0,1520.9131549832168,7832671.239383217,220.31526407882558,309,True,Jeans,H2O,1_M_earth,1000_F_earth
H2O_atmosphere_1_M_earth_1000_F_earth.csv,200,2.1263089097450176e-07,H2S,0.0,944.5369818172765,328.25770233924686,0.0,0.0,1520.9131549832168,7832671.239383217,220.31526407882558,309,True,Jeans,H2O,1_M_earth,1000_F_earth
H2O_atmosphere_1_M_earth_1000_F_earth.csv,200,2.1263089097450176e-07,N2,0.0,777.8539850259924,361.72237039966234,0.0,0.0,1520.9131549832168,7832671.239383217,220.31526407882558,309,True,Jeans,H2O,1_M_earth,1000_F_earth
H2O_atmosphere_1_M_earth_1000_F_earth.csv,200,2.1263089097450176e-07,OH,0.0,472.2684909086382,464.2264946015934,4.8823960305202376e-201,0.0,1520.9131549832168,7832671.239383217,220.31526407882558,309,True,Jeans,H2O,1_M_earth,1000_F_earth
H2O_atmosphere_1_M_earth_1000_F_earth.csv,200,2.1263089097450176e-07,N,1.6752515076304194e-164,388.9269925129962,511.5526820329467,6.940999648503001e-165,269327807924.45807,1520.9131549832168,7832671.239383217,220.31526407882558,309,True,Jeans,H2O,1_M_earth,1000_F_earth
H2O_atmosphere_1_M_earth_1000_F_earth.csv,200,2.1263089097450176e-07,NO,0.0,833.4149839564203,349.45700979907934,0.0,0.0,1520.9131549832168,7832671.239383217,220.31526407882558,309,True,Jeans,H2O,1_M_earth,1000_F_earth
H2O_atmosphere_1_M_earth_1000_F_earth.csv,200,2.1263089097450176e-07,CH4,0.0,444.4879914434242,478.51371786314905,5.5010235737003695e-189,0.0,1520.9131549832168,7832671.239383217,220.31526407882558,309,True,Jeans,H2O,1_M_earth,1000_F_earth
H2O_atmosphere_1_M_earth_1000_F_earth.csv,200,2.1263089097450176e-07,O2,0.0,888.9759828868484,338.3602947918191,0.0,0.0,1520.9131549832168,7832671.239383217,220.31526407882558,309,True,Jeans,H2O,1_M_earth,1000_F_earth
H2O_atmosphere_1_M_earth_1000_F_earth.csv,200,2.1263089097450176e-07,S2,0.0,1777.9519657736969,239.25685893157453,0.0,0.0,1520.9131549832168,7832671.239383217,220.31526407882558,309,True,Jeans,H2O,1_M_earth,1000_F_earth
H2O_atmosphere_1_M_earth_1000_F_earth.csv,200,2.1263089097450176e-07,S,0.0,888.9759828868484,338.3602947918191,0.0,7975189274589.805,1520.9131549832168,7832671.239383217,220.31526407882558,309,True,Jeans,H2O,1_M_earth,1000_F_earth
H2O_atmosphere_1_M_earth_1000_F_earth.csv,200,2.1263089097450176e-07,C,1.3216408401065635e-139,333.36599358256814,552.5400476384356,8.669009185737936e-141,1984787326473.3481,1520.9131549832168,7832671.239383217,220.31526407882558,309,True,Jeans,H2O,1_M_earth,1000_F_earth
H2O_atmosphere_1_M_earth_1000_F_earth.csv,200,2.1263089097450176e-07,H2,0.0,55.56099893042803,1353.4411791672765,1.601460681343681e-20,0.0,1520.9131549832168,7832671.239383217,220.31526407882558,309,True,Jeans,H2O,1_M_earth,1000_F_earth
H2O_atmosphere_1_M_earth_1000_F_earth.csv,200,2.1263089097450176e-07,CO2,0.0,1222.3419764694167,288.5546289436454,0.0,0.0,1520.9131549832168,7832671.239383217,220.31526407882558,309,True,Jeans,H2O,1_M_earth,1000_F_earth
H2O_atmosphere_1_M_earth_1000_F_earth.csv,200,2.1263089097450176e-07,O,2.6213147949364302e-186,444.4879914434242,478.51371786314905,5.5010235737003695e-189,46527201013057.67,1520.9131549832168,7832671.239383217,220.31526407882558,309,True,Jeans,H2O,1_M_earth,1000_F_earth
H2O_atmosphere_1_M_earth_1000_F_earth.csv,200,2.1263089097450176e-07,N2O,0.0,1222.3419764694167,288.5546289436454,0.0,0.0,1520.9131549832168,7832671.239383217,220.31526407882558,309,True,Jeans,H2O,1_M_earth,1000_F_earth
H2O_atmosphere_1_M_earth_1000_F_earth.csv,200,2.1263089097450176e-07,NH3,0.0,472.2684909086382,464.2264946015934,4.8823960305202376e-201,0.0,1520.9131549832168,7832671.239383217,220.31526407882558,309,True,Jeans,H2O,1_M_earth,1000_F_earth
H2O_atmosphere_1_M_earth_1000_F_earth.csv,300,0.0005732131346793908,H2O,0.0,348.16160793289464,540.0896035280813,3.3206433590482115e-147,0.0,1537.8179643052313,7849576.048705231,315.74752835870163,310,True,Jeans,H2O,1_M_earth,1000_F_earth
H2O_atmosphere_1_M_earth_1000_F_earth.csv,300,0.0005732131346793908,CO,0.0,541.5847234511695,433.0350545487117,4.112716810435631e-231,0.0,1537.8179643052313,7849576.048705231,315.74752835870163,310,True,Jeans,H2O,1_M_earth,1000_F_earth
H2O_atmosphere_1_M_earth_1000_F_earth.csv,300,0.0005732131346793908,SO2,0.0,1237.9079393169586,286.42576582729515,0.0,0.0,1537.8179643052313,7849576.048705231,315.74752835870163,310,True,Jeans,H2O,1_M_earth,1000_F_earth
H2O_atmosphere_1_M_earth_1000_F_earth.csv,300,0.0005732131346793908,H,0.0011995255031591156,19.34231155182748,2291.406126618361,5.23164498151598e-05,35665626039950.05,1537.8179643052313,7849576.048705231,315.74752835870163,310,True,Jeans,H2O,1_M_earth,1000_F_earth
H2O_atmosphere_1_M_earth_1000_F_earth.csv,300,0.0005732131346793908,NO2,0.0,889.7463313840641,337.84940165392703,0.0,0.0,1537.8179643052313,7849576.048705231,315.74752835870163,310,True,Jeans,H2O,1_M_earth,1000_F_earth
H2O_atmosphere_1_M_earth_1000_F_earth.csv,300,0.0005732131346793908,H2S,0.0,657.6385927621343,392.97290870192535,1.797185602316711e-281,0.0,1537.8179643052313,7849576.048705231,315.74752835870163,310,True,Jeans,H2O,1_M_earth,1000_F_earth
H2O_atmosphere_1_M_earth_1000_F_earth.csv,300,0.0005732131346793908,N2,0.0,541.5847234511695,433.0350545487117,4.112716810435631e-231,0.0,1537.8179643052313,7849576.048705231,315.74752835870163,310,True,Jeans,H2O,1_M_earth,1000_F_earth
H2O_atmosphere_1_M_earth_1000_F_earth.csv,300,0.0005732131346793908,OH,0.0,328.81929638106715,555.7476171314669,8.112277091997132e-139,0.0,1537.8179643052313,7849576.048705231,315.74752835870163,310,True,Jeans,H2O,1_M_earth,1000_F_earth
H2O_atmosphere_1_M_earth_1000_F_earth.csv,300,0.0005732131346793908,N,1.9466218276746662e-113,270.7923617255847,612.4040471257612,1.1696123047299598e-113,184922712613.5133,1537.8179643052313,7849576.048705231,315.74752835870163,310,True,Jeans,H2O,1_M_earth,1000_F_earth
H2O_atmosphere_1_M_earth_1000_F_earth.csv,300,0.0005732131346793908,NO,0.0,580.2693465548243,418.35160798480507,6.738119441154493e-248,0.0,1537.8179643052313,7849576.048705231,315.74752835870163,310,True,Jeans,H2O,1_M_earth,1000_F_earth
H2O_atmosphere_1_M_earth_1000_F_earth.csv,300,0.0005732131346793908,CH4,0.0,309.47698482923965,572.8515316545903,1.9784258203664262e-130,0.0,1537.8179643052313,7849576.048705231,315.74752835870163,310,True,Jeans,H2O,1_M_earth,1000_F_earth
H2O_atmosphere_1_M_earth_1000_F_earth.csv,300,0.0005732131346793908,O2,0.0,618.9539696584793,405.06720264606093,1.101508921967188e-264,0.0,1537.8179643052313,7849576.048705231,315.74752835870163,310,True,Jeans,H2O,1_M_earth,1000_F_earth
H2O_atmosphere_1_M_earth_1000_F_earth.csv,300,0.0005732131346793908,S2,0.0,1237.9079393169586,286.42576582729515,0.0,0.0,1537.8179643052313,7849576.048705231,315.74752835870163,310,True,Jeans,H2O,1_M_earth,1000_F_earth
H2O_atmosphere_1_M_earth_1000_F_earth.csv,300,0.0005732131346793908,S,1.240821827712007e-262,618.9539696584793,405.06720264606093,1.101508921967188e-264,5475831276497.819,1537.8179643052313,7849576.048705231,315.74752835870163,310,True,Jeans,H2O,1_M_earth,1000_F_earth
H2O_atmosphere_1_M_earth_1000_F_earth.csv,300,0.0005732131346793908,C,7.195794765321369e-96,232.10773862192974,661.4719720129342,6.844679475225557e-97,1362771483571.874,1537.8179643052313,7849576.048705231,315.74752835870163,310,True,Jeans,H2O,1_M_earth,1000_F_earth
H2O_atmosphere_1_M_earth_1000_F_earth.csv,300,0.0005732131346793908,H2,0.0,38.68462310365496,1620.2688105842437,2.871349458896947e-13,0.0,1537.8179643052313,7849576.048705231,315.74752835870163,310,True,Jeans,H2O,1_M_earth,1000_F_earth
H2O_atmosphere_1_M_earth_1000_F_earth.csv,300,0.0005732131346793908,CO2,0.0,851.0617082804091,345.44247110521366,0.0,0.0,1537.8179643052313,7849576.048705231,315.74752835870163,310,True,Jeans,H2O,1_M_earth,1000_F_earth
H2O_atmosphere_1_M_earth_1000_F_earth.csv,300,0.0005732131346793908,O,6.500954242937395e-128,309.47698482923965,572.8515316545903,1.9784258203664262e-130,31945963129295.926,1537.8179643052313,7849576.048705231,315.74752835870163,310,True,Jeans,H2O,1_M_earth,1000_F_earth
H2O_atmosphere_1_M_earth_1000_F_earth.csv,300,0.0005732131346793908,N2O,0.0,851.0617082804091,345.44247110521366,0.0,0.0,1537.8179643052313,7849576.048705231,315.74752835870163,310,True,Jeans,H2O,1_M_earth,1000_F_earth
H2O_atmosphere_1_M_earth_1000_F_earth.csv,300,0.0005732131346793908,NH3,0.0,328.81929638106715,555.7476171314669,8.112277091997132e-139,0.0,1537.8179643052313,7849576.048705231,315.74752835870163,310,True,Jeans,H2O,1_M_earth,1000_F_earth
H2O_atmosphere_1_M_earth_1000_F_earth.csv,500,0.45330762699649196,H2O,0.0,215.86543310619834,684.4514137210216,7.460391095820984e-90,0.0,1571.220782150805,7882978.866550805,507.0999579612619,310,True,Jeans,H2O,1_M_earth,1000_F_earth
H2O_atmosphere_1_M_earth_1000_F_earth.csv,500,0.45330762699649196,CO,0.0,335.790673720753,548.7820045793844,7.675705702335812e-142,0.0,1571.220782150805,7882978.866550805,507.0999579612619,310,True,Jeans,H2O,1_M_earth,1000_F_earth
H2O_atmosphere_1_M_earth_1000_F_earth.csv,500,0.45330762699649196,SO2,0.0,767.5215399331496,362.98517702614015,0.0,0.0,1571.220782150805,7882978.866550805,507.0999579612619,310,True,Jeans,H2O,1_M_earth,1000_F_earth
H2O_atmosphere_1_M_earth_1000_F_earth.csv,500,0.45330762699649196,H,0.9486071174258137,11.992524061455462,2903.881416209121,0.06588407474162997,22207324399621.113,1571.220782150805,7882978.866550805,507.0999579612619,310,True,Jeans,H2O,1_M_earth,1000_F_earth
H2O_atmosphere_1_M_earth_1000_F_earth.csv,500,0.45330762699649196,NO2,0.0,551.6561068269514,428.1539564477258,1.750841772545081e-235,0.0,1571.220782150805,7882978.866550805,507.0999579612619,310,True,Jeans,H2O,1_M_earth,1000_F_earth
H2O_atmosphere_1_M_earth_1000_F_earth.csv,500,0.45330762699649196,H2S,0.0,407.74581808948574,498.0115543014891,4.756954460975967e-173,0.0,1571.220782150805,7882978.866550805,507.0999579612619,310,True,Jeans,H2O,1_M_earth,1000_F_earth
H2O_atmosphere_1_M_earth_1000_F_earth.csv,500,0.45330762699649196,N2,0.0,335.790673720753,548.7820045793844,7.675705702335812e-142,0.0,1571.220782150805,7882978.866550805,507.0999579612619,310,True,Jeans,H2O,1_M_earth,1000_F_earth
H2O_atmosphere_1_M_earth_1000_F_earth.csv,500,0.45330762699649196,OH,0.0,203.87290904474287,704.294694311671,1.171533228613383e-84,0.0,1571.220782150805,7882978.866550805,507.0999579612619,310,True,Jeans,H2O,1_M_earth,1000_F_earth
H2O_atmosphere_1_M_earth_1000_F_earth.csv,500,0.45330762699649196,N,4.689036550065774e-69,167.8953368603765,776.0949536624595,4.4865163093116785e-69,115142761359.81013,1571.220782150805,7882978.866550805,507.0999579612619,310,True,Jeans,H2O,1_M_earth,1000_F_earth
H2O_atmosphere_1_M_earth_1000_F_earth.csv,500,0.45330762699649196,NO,0.0,359.77572184366386,530.1737853259278,3.0439667405922003e-152,0.0,1571.220782150805,7882978.866550805,507.0999579612619,310,True,Jeans,H2O,1_M_earth,1000_F_earth
H2O_atmosphere_1_M_earth_1000_F_earth.csv,500,0.45330762699649196,CH4,0.0,191.8803849832874,725.9703540522803,1.8365790863078262e-79,0.0,1571.220782150805,7882978.866550805,507.0999579612619,310,True,Jeans,H2O,1_M_earth,1000_F_earth
H2O_atmosphere_1_M_earth_1000_F_earth.csv,500,0.45330762699649196,O2,0.0,383.7607699665748,513.3385602907662,1.2044949235473687e-162,0.0,1571.220782150805,7882978.866550805,507.0999579612619,310,True,Jeans,H2O,1_M_earth,1000_F_earth
H2O_atmosphere_1_M_earth_1000_F_earth.csv,500,0.45330762699649196,S2,0.0,767.5215399331496,362.98517702614015,0.0,0.0,1571.220782150805,7882978.866550805,507.0999579612619,310,True,Jeans,H2O,1_M_earth,1000_F_earth
H2O_atmosphere_1_M_earth_1000_F_earth.csv,500,0.45330762699649196,S,8.52042163265115e-161,383.7607699665748,513.3385602907662,1.2044949235473687e-162,3409545128370.0156,1571.220782150805,7882978.866550805,507.0999579612619,310,True,Jeans,H2O,1_M_earth,1000_F_earth
H2O_atmosphere_1_M_earth_1000_F_earth.csv,500,0.45330762699649196,C,7.163060441271174e-58,143.91028873746555,838.278358671544,1.0850212812638223e-58,848534339039.3473,1571.220782150805,7882978.866550805,507.0999579612619,310,True,Jeans,H2O,1_M_earth,1000_F_earth
H2O_atmosphere_1_M_earth_1000_F_earth.csv,500,0.45330762699649196,H2,0.0,23.985048122910925,2053.3542411630647,5.5458113195701e-07,0.0,1571.220782150805,7882978.866550805,507.0999579612619,310,True,Jeans,H2O,1_M_earth,1000_F_earth
H2O_atmosphere_1_M_earth_1000_F_earth.csv,500,0.45330762699649196,CO2,0.0,527.6710587040404,437.7765951477963,4.468935517050281e-225,0.0,1571.220782150805,7882978.866550805,507.0999579612619,310,True,Jeans,H2O,1_M_earth,1000_F_earth
H2O_atmosphere_1_M_earth_1000_F_earth.csv,500,0.45330762699649196,O,3.789672491978453e-77,191.8803849832874,725.9703540522803,1.8365790863078262e-79,19891263528528.93,1571.220782150805,7882978.866550805,507.0999579612619,310,True,Jeans,H2O,1_M_earth,1000_F_earth
H2O_atmosphere_1_M_earth_1000_F_earth.csv,500,0.45330762699649196,N2O,0.0,527.6710587040404,437.7765951477963,4.468935517050281e-225,0.0,1571.220782150805,7882978.866550805,507.0999579612619,310,True,Jeans,H2O,1_M_earth,1000_F_earth
H2O_atmosphere_1_M_earth_1000_F_earth.csv,500,0.45330762699649196,NH3,0.0,203.87290904474287,704.294694311671,1.171533228613383e-84,0.0,1571.220782150805,7882978.866550805,507.0999579612619,310,True,Jeans,H2O,1_M_earth,1000_F_earth
H2O_atmosphere_1_M_earth_1000_F_earth.csv,1000,63.535855551297864,H2O,0.0,109.84998490249313,954.325066461086,5.855780069755738e-44,0.0,1656.548795898214,7968306.880298214,985.8276328053805,312,True,Jeans,H2O,1_M_earth,1000_F_earth
H2O_atmosphere_1_M_earth_1000_F_earth.csv,1000,63.535855551297864,CO,0.0,170.8777542927671,765.1623073516404,2.280880526841846e-70,0.0,1656.548795898214,7968306.880298214,985.8276328053805,312,True,Jeans,H2O,1_M_earth,1000_F_earth
H2O_atmosphere_1_M_earth_1000_F_earth.csv,1000,63.535855551297864,SO2,0.0,390.5777240977534,506.10729446320244,1.3234432177864143e-165,0.0,1656.548795898214,7968306.880298214,985.8276328053805,312,True,Jeans,H2O,1_M_earth,1000_F_earth
H2O_atmosphere_1_M_earth_1000_F_earth.csv,1000,63.535855551297864,H,132.9573146320919,6.102776939027397,4048.8583557056195,18.14485403239139,11061083902292.893,1656.548795898214,7968306.880298214,985.8276328053805,312,True,Jeans,H2O,1_M_earth,1000_F_earth
H2O_atmosphere_1_M_earth_1000_F_earth.csv,1000,63.535855551297864,NO2,0.0,280.72773919526026,596.9715961593369,5.723613461186701e-118,0.0,1656.548795898214,7968306.880298214,985.8276328053805,312,True,Jeans,H2O,1_M_earth,1000_F_earth
H2O_atmosphere_1_M_earth_1000_F_earth.csv,1000,63.535855551297864,H2S,0.0,207.49441592693145,694.3734794459385,3.1434225060122673e-86,0.0,1656.548795898214,7968306.880298214,985.8276328053805,312,True,Jeans,H2O,1_M_earth,1000_F_earth
H2O_atmosphere_1_M_earth_1000_F_earth.csv,1000,63.535855551297864,N2,0.0,170.8777542927671,765.1623073516404,2.280880526841846e-70,0.0,1656.548795898214,7968306.880298214,985.8276328053805,312,True,Jeans,H2O,1_M_earth,1000_F_earth
H2O_atmosphere_1_M_earth_1000_F_earth.csv,1000,63.535855551297864,OH,0.0,103.74720796346573,981.9923919846417,2.5456911652172106e-41,0.0,1656.548795898214,7968306.880298214,985.8276328053805,312,True,Jeans,H2O,1_M_earth,1000_F_earth
H2O_atmosphere_1_M_earth_1000_F_earth.csv,1000,63.535855551297864,N,1.1004417569389489e-33,85.43887714638355,1082.1029124733805,2.068901745159543e-33,57350616455.36539,1656.548795898214,7968306.880298214,985.8276328053805,312,True,Jeans,H2O,1_M_earth,1000_F_earth
H2O_atmosphere_1_M_earth_1000_F_earth.csv,1000,63.535855551297864,NO,0.0,183.08330817082188,739.2170178544144,1.180622260913235e-75,0.0,1656.548795898214,7968306.880298214,985.8276328053805,312,True,Jeans,H2O,1_M_earth,1000_F_earth
H2O_atmosphere_1_M_earth_1000_F_earth.csv,1000,63.535855551297864,CH4,0.0,97.64443102443835,1012.2145889264049,1.1048482957526373e-38,0.0,1656.548795898214,7968306.880298214,985.8276328053805,312,True,Jeans,H2O,1_M_earth,1000_F_earth
H2O_atmosphere_1_M_earth_1000_F_earth.csv,1000,63.535855551297864,O2,0.0,195.2888620488767,715.7437998458145,6.097799704178114e-81,0.0,1656.548795898214,7968306.880298214,985.8276328053805,312,True,Jeans,H2O,1_M_earth,1000_F_earth
H2O_atmosphere_1_M_earth_1000_F_earth.csv,1000,63.535855551297864,S2,0.0,390.5777240977534,506.10729446320244,1.3234432177864143e-165,0.0,1656.548795898214,7968306.880298214,985.8276328053805,312,True,Jeans,H2O,1_M_earth,1000_F_earth
H2O_atmosphere_1_M_earth_1000_F_earth.csv,1000,63.535855551297864,S,2.1952404462535946e-79,195.2888620488767,715.7437998458145,6.097799704178114e-81,1698235413456.5698,1656.548795898214,7968306.880298214,985.8276328053805,312,True,Jeans,H2O,1_M_earth,1000_F_earth
H2O_atmosphere_1_M_earth_1000_F_earth.csv,1000,63.535855551297864,C,1.2889050732985624e-27,73.23332326832875,1168.8047307886525,3.8362574540940963e-28,422640267201.7073,1656.548795898214,7968306.880298214,985.8276328053805,312,True,Jeans,H2O,1_M_earth,1000_F_earth
H2O_atmosphere_1_M_earth_1000_F_earth.csv,1000,63.535855551297864,H2,0.0,12.205553878054793,2862.975199383258,0.05335370431180633,0.0,1656.548795898214,7968306.880298214,985.8276328053805,312,True,Jeans,H2O,1_M_earth,1000_F_earth
H2O_atmosphere_1_M_earth_1000_F_earth.csv,1000,63.535855551297864,CO2,0.0,268.52218531720547,610.3883634168571,1.1191607765828409e-112,0.0,1656.548795898214,7968306.880298214,985.8276328053805,312,True,Jeans,H2O,1_M_earth,1000_F_earth
H2O_atmosphere_1_M_earth_1000_F_earth.csv,1000,63.535855551297864,O,1.160239170284188e-36,97.64443102443835,1012.2145889264049,1.1048482957526373e-38,9907494070534.26,1656.548795898214,7968306.880298214,985.8276328053805,312,True,Jeans,H2O,1_M_earth,1000_F_earth
H2O_atmosphere_1_M_earth_1000_F_earth.csv,1000,63.535855551297864,N2O,0.0,268.52218531720547,610.3883634168571,1.1191607765828409e-112,0.0,1656.548795898214,7968306.880298214,985.8276328053805,312,True,Jeans,H2O,1_M_earth,1000_F_earth
H2O_atmosphere_1_M_earth_1000_F_earth.csv,1000,63.535855551297864,NH3,0.0,103.74720796346573,981.9923919846417,2.5456911652172106e-41,0.0,1656.548795898214,7968306.880298214,985.8276328053805,312,True,Jeans,H2O,1_M_earth,1000_F_earth
H2O_atmosphere_1_M_earth_1000_F_earth.csv,2000,561.2546935804227,H2O,0.0,54.499667141544386,1340.4544160273754,4.498138164920185e-20,0.0,1828.9234650915619,8140681.549491562,1944.9678388983657,314,True,Jeans,H2O,1_M_earth,1000_F_earth
H2O_atmosphere_1_M_earth_1000_F_earth.csv,2000,561.2546935804227,CO,0.0,84.77725999795793,1074.75453586341,3.951666779864421e-33,0.0,1828.9234650915619,8140681.549491562,1944.9678388983657,314,True,Jeans,H2O,1_M_earth,1000_F_earth
H2O_atmosphere_1_M_earth_1000_F_earth.csv,2000,561.2546935804227,SO2,0.0,193.7765942810467,710.883305583308,2.726619478395976e-80,0.0,1828.9234650915619,8140681.549491562,1944.9678388983657,314,True,Jeans,H2O,1_M_earth,1000_F_earth
H2O_atmosphere_1_M_earth_1000_F_earth.csv,2000,561.2546935804227,H,1174.5008583832036,3.0277592856413547,5687.066444666464,312.901559449416,5428690871853.255,1828.9234650915619,8140681.549491562,1944.9678388983657,314,True,Jeans,H2O,1_M_earth,1000_F_earth
H2O_atmosphere_1_M_earth_1000_F_earth.csv,2000,561.2546935804227,NO2,0.0,139.27692713950233,838.5122013844995,1.0806617631235484e-56,0.0,1828.9234650915619,8140681.549491562,1944.9678388983657,314,True,Jeans,H2O,1_M_earth,1000_F_earth
H2O_atmosphere_1_M_earth_1000_F_earth.csv,2000,561.2546935804227,H2S,0.0,102.94381571180605,975.3238488717367,5.602881761366484e-41,0.0,1828.9234650915619,8140681.549491562,1944.9678388983657,314,True,Jeans,H2O,1_M_earth,1000_F_earth
H2O_atmosphere_1_M_earth_1000_F_earth.csv,2000,561.2546935804227,N2,0.0,84.77725999795793,1074.75453586341,3.951666779864421e-33,0.0,1828.9234650915619,8140681.549491562,1944.9678388983657,314,True,Jeans,H2O,1_M_earth,1000_F_earth
H2O_atmosphere_1_M_earth_1000_F_earth.csv,2000,561.2546935804227,OH,0.0,51.47190785590303,1379.3162147803368,9.036915263370251e-19,0.0,1828.9234650915619,8140681.549491562,1944.9678388983657,314,True,Jeans,H2O,1_M_earth,1000_F_earth
H2O_atmosphere_1_M_earth_1000_F_earth.csv,2000,561.2546935804227,N,1.9758830531596987e-15,42.38862999897896,1519.9324408400353,7.251822841490077e-15,28147220543.355663,1828.9234650915619,8140681.549491562,1944.9678388983657,314,True,Jeans,H2O,1_M_earth,1000_F_earth
H2O_atmosphere_1_M_earth_1000_F_earth.csv,2000,561.2546935804227,NO,0.0,90.83277856924063,1038.3115259248427,9.583981336317717e-36,0.0,1828.9234650915619,8140681.549491562,1944.9678388983657,314,True,Jeans,H2O,1_M_earth,1000_F_earth
H2O_atmosphere_1_M_earth_1000_F_earth.csv,2000,561.2546935804227,CH4,0.0,48.444148570261675,1421.766611166616,1.812641326080421e-17,0.0,1828.9234650915619,8140681.549491562,1944.9678388983657,314,True,Jeans,H2O,1_M_earth,1000_F_earth
H2O_atmosphere_1_M_earth_1000_F_earth.csv,2000,561.2546935804227,O2,0.0,96.88829714052335,1005.3408120205315,2.3194571069960336e-38,0.0,1828.9234650915619,8140681.549491562,1944.9678388983657,314,True,Jeans,H2O,1_M_earth,1000_F_earth
H2O_atmosphere_1_M_earth_1000_F_earth.csv,2000,561.2546935804227,S2,0.0,193.7765942810467,710.883305583308,2.726619478395976e-80,0.0,1828.9234650915619,8140681.549491562,1944.9678388983657,314,True,Jeans,H2O,1_M_earth,1000_F_earth
H2O_atmosphere_1_M_earth_1000_F_earth.csv,2000,561.2546935804227,S,4.277422418494074e-37,96.88829714052335,1005.3408120205315,2.3194571069960336e-38,833480260047.4387,1828.9234650915619,8140681.549491562,1944.9678388983657,314,True,Jeans,H2O,1_M_earth,1000_F_earth
H2O_atmosphere_1_M_earth_1000_F_earth.csv,2000,561.2546935804227,C,4.946718227709109e-12,36.33311142769625,1641.7146713637355,2.8742009621339077e-12,207428438379.34528,1828.9234650915619,8140681.549491562,1944.9678388983657,314,True,Jeans,H2O,1_M_earth,1000_F_earth
H2O_atmosphere_1_M_earth_1000_F_earth.csv,2000,561.2546935804227,H2,0.0,6.055518571282709,4021.363248082126,18.768043927854045,0.0,1828.9234650915619,8140681.549491562,1944.9678388983657,314,True,Jeans,H2O,1_M_earth,1000_F_earth
H2O_atmosphere_1_M_earth_1000_F_earth.csv,2000,561.2546935804227,CO2,0.0,133.2214085682196,857.3575252172336,4.5087505851108926e-54,0.0,1828.9234650915619,8140681.549491562,1944.9678388983657,314,True,Jeans,H2O,1_M_earth,1000_F_earth
H2O_atmosphere_1_M_earth_1000_F_earth.csv,2000,561.2546935804227,O,9.750875361845047e-16,48.444148570261675,1421.766611166616,1.812641326080421e-17,4862518275672.816,1828.9234650915619,8140681.549491562,1944.9678388983657,314,True,Jeans,H2O,1_M_earth,1000_F_earth
H2O_atmosphere_1_M_earth_1000_F_earth.csv,2000,561.2546935804227,N2O,0.0,133.2214085682196,857.3575252172336,4.5087505851108926e-54,0.0,1828.9234650915619,8140681.549491562,1944.9678388983657,314,True,Jeans,H2O,1_M_earth,1000_F_earth
H2O_atmosphere_1_M_earth_1000_F_earth.csv,2000,561.2546935804227,NH3,0.0,51.47190785590303,1379.3162147803368,9.036915263370251e-19,0.0,1828.9234650915619,8140681.549491562,1944.9678388983657,314,True,Jeans,H2O,1_M_earth,1000_F_earth
H2O_atmosphere_1_M_earth_1000_F_earth.csv,3000,962.3083491417118,H2O,0.0,35.6785188114665,1638.8262567867193,5.424452722470284e-12,0.0,2007.5282511016064,8319286.335501607,2907.1949246659833,317,True,Jeans,H2O,1_M_earth,1000_F_earth
H2O_atmosphere_1_M_earth_1000_F_earth.csv,3000,962.3083491417118,CO,0.0,55.49991815117012,1313.984222002525,1.6509154728652908e-20,0.0,2007.5282511016064,8319286.335501607,2907.1949246659833,317,True,Jeans,H2O,1_M_earth,1000_F_earth
H2O_atmosphere_1_M_earth_1000_F_earth.csv,3000,962.3083491417118,SO2,0.0,126.85695577410313,869.1188695203416,2.5288479818058913e-51,0.0,2007.5282511016064,8319286.335501607,2907.1949246659833,317,True,Jeans,H2O,1_M_earth,1000_F_earth
H2O_atmosphere_1_M_earth_1000_F_earth.csv,3000,962.3083491417118,H,2013.7595195242827,1.9821399339703614,6952.950956162733,805.8604031744454,3460562352736.082,2007.5282511016064,8319286.335501607,2907.1949246659833,317,True,Jeans,H2O,1_M_earth,1000_F_earth
H2O_atmosphere_1_M_earth_1000_F_earth.csv,3000,962.3083491417118,NO2,0.0,91.17843696263664,1025.1566900256958,6.722373157692647e-36,0.0,2007.5282511016064,8319286.335501607,2907.1949246659833,317,True,Jeans,H2O,1_M_earth,1000_F_earth
H2O_atmosphere_1_M_earth_1000_F_earth.csv,3000,962.3083491417118,H2S,0.0,67.39275775499229,1192.4212515471627,1.2403152346071656e-25,0.0,2007.5282511016064,8319286.335501607,2907.1949246659833,317,True,Jeans,H2O,1_M_earth,1000_F_earth
H2O_atmosphere_1_M_earth_1000_F_earth.csv,3000,962.3083491417118,N2,0.0,55.49991815117012,1313.984222002525,1.6509154728652908e-20,0.0,2007.5282511016064,8319286.335501607,2907.1949246659833,317,True,Jeans,H2O,1_M_earth,1000_F_earth
H2O_atmosphere_1_M_earth_1000_F_earth.csv,3000,962.3083491417118,OH,0.0,33.696378877496144,1686.3383059998976,3.832414884973607e-11,0.0,2007.5282511016064,8319286.335501607,2907.1949246659833,317,True,Jeans,H2O,1_M_earth,1000_F_earth
H2O_atmosphere_1_M_earth_1000_F_earth.csv,3000,962.3083491417118,N,2.427166540864888e-09,27.74995907558506,1858.2543075002307,1.3380839067443886e-08,17942670534.35001,2007.5282511016064,8319286.335501607,2907.1949246659833,317,True,Jeans,H2O,1_M_earth,1000_F_earth
H2O_atmosphere_1_M_earth_1000_F_earth.csv,3000,962.3083491417118,NO,0.0,59.46419801911084,1269.4293599724808,3.2398793144623553e-22,0.0,2007.5282511016064,8319286.335501607,2907.1949246659833,317,True,Jeans,H2O,1_M_earth,1000_F_earth
H2O_atmosphere_1_M_earth_1000_F_earth.csv,3000,962.3083491417118,CH4,0.0,31.714238943525782,1738.2377390406832,2.70347335239655e-10,0.0,2007.5282511016064,8319286.335501607,2907.1949246659833,317,True,Jeans,H2O,1_M_earth,1000_F_earth
H2O_atmosphere_1_M_earth_1000_F_earth.csv,3000,962.3083491417118,O2,0.0,63.428477887051564,1229.1196925900394,6.344964174890293e-24,0.0,2007.5282511016064,8319286.335501607,2907.1949246659833,317,True,Jeans,H2O,1_M_earth,1000_F_earth
H2O_atmosphere_1_M_earth_1000_F_earth.csv,3000,962.3083491417118,S2,0.0,126.85695577410313,869.1188695203416,2.5288479818058913e-51,0.0,2007.5282511016064,8319286.335501607,2907.1949246659833,317,True,Jeans,H2O,1_M_earth,1000_F_earth
H2O_atmosphere_1_M_earth_1000_F_earth.csv,3000,962.3083491417118,S,7.789815089025163e-23,63.428477887051564,1229.1196925900394,6.344964174890293e-24,531308648393.1983,2007.5282511016064,8319286.335501607,2907.1949246659833,317,True,Jeans,H2O,1_M_earth,1000_F_earth
H2O_atmosphere_1_M_earth_1000_F_earth.csv,3000,962.3083491417118,C,7.521205043937999e-07,23.785679207644336,2007.14405310141,6.564251427257548e-07,132226914681.06165,2007.5282511016064,8319286.335501607,2907.1949246659833,317,True,Jeans,H2O,1_M_earth,1000_F_earth
H2O_atmosphere_1_M_earth_1000_F_earth.csv,3000,962.3083491417118,H2,0.0,3.9642798679407227,4916.478770360158,130.68947768684578,0.0,2007.5282511016064,8319286.335501607,2907.1949246659833,317,True,Jeans,H2O,1_M_earth,1000_F_earth
H2O_atmosphere_1_M_earth_1000_F_earth.csv,3000,962.3083491417118,CO2,0.0,87.2141570946959,1048.1967957879365,3.465365236753734e-34,0.0,2007.5282511016064,8319286.335501607,2907.1949246659833,317,True,Jeans,H2O,1_M_earth,1000_F_earth
H2O_atmosphere_1_M_earth_1000_F_earth.csv,3000,962.3083491417118,O,9.681797613419492e-09,31.714238943525782,1738.2377390406832,2.70347335239655e-10,3099651109539.0625,2007.5282511016064,8319286.335501607,2907.1949246659833,317,True,Jeans,H2O,1_M_earth,1000_F_earth
H2O_atmosphere_1_M_earth_1000_F_earth.csv,3000,962.3083491417118,N2O,0.0,87.2141570946959,1048.1967957879365,3.465365236753734e-34,0.0,2007.5282511016064,8319286.335501607,2907.1949246659833,317,True,Jeans,H2O,1_M_earth,1000_F_earth
H2O_atmosphere_1_M_earth_1000_F_earth.csv,3000,962.3083491417118,NH3,0.0,33.696378877496144,1686.3383059998976,3.832414884973607e-11,0.0,2007.5282511016064,8319286.335501607,2907.1949246659833,317,True,Jeans,H2O,1_M_earth,1000_F_earth
H2O_atmosphere_1_M_earth_1000_F_earth.csv,5000,1249.9988390720525,H2O,0.0,20.530290612300185,2114.07848029217,1.557306658691291e-05,0.0,2376.2738323313015,8688031.916731302,4837.829247314864,322,True,Jeans,H2O,1_M_earth,1000_F_earth
H2O_atmosphere_1_M_earth_1000_F_earth.csv,5000,1249.9988390720525,CO,0.0,31.93600761913362,1695.0337204296484,2.1262409678554078e-10,0.0,2376.2738323313015,8688031.916731302,4837.829247314864,322,True,Jeans,H2O,1_M_earth,1000_F_earth
H2O_atmosphere_1_M_earth_1000_F_earth.csv,5000,1249.9988390720525,SO2,0.0,72.99658884373399,1121.1594220313582,4.647917450317837e-28,0.0,2376.2738323313015,8688031.916731302,4837.829247314864,322,True,Jeans,H2O,1_M_earth,1000_F_earth
H2O_atmosphere_1_M_earth_1000_F_earth.csv,5000,1249.9988390720525,H,2615.787397476297,1.1405717006833436,8969.275376250866,1731.163989943917,1918635392580.5117,2376.2738323313015,8688031.916731302,4837.829247314864,322,False,hydrodynamic_candidate,H2O,1_M_earth,1000_F_earth
H2O_atmosphere_1_M_earth_1000_F_earth.csv,5000,1249.9988390720525,NO2,0.0,52.466298231433804,1322.4475067663784,3.2661025662446967e-19,0.0,2376.2738323313015,8688031.916731302,4837.829247314864,322,True,Jeans,H2O,1_M_earth,1000_F_earth
H2O_atmosphere_1_M_earth_1000_F_earth.csv,5000,1249.9988390720525,H2S,0.0,38.77943782323368,1538.2180367805668,2.4852824370215136e-13,0.0,2376.2738323313015,8688031.916731302,4837.829247314864,322,True,Jeans,H2O,1_M_earth,1000_F_earth
H2O_atmosphere_1_M_earth_1000_F_earth.csv,5000,1249.9988390720525,N2,0.0,31.93600761913362,1695.0337204296484,2.1262409678554078e-10,0.0,2376.2738323313015,8688031.916731302,4837.829247314864,322,True,Jeans,H2O,1_M_earth,1000_F_earth
H2O_atmosphere_1_M_earth_1000_F_earth.csv,5000,1249.9988390720525,OH,0.0,19.38971891161684,2175.368809501994,4.7477875258081445e-05,0.0,2376.2738323313015,8688031.916731302,4837.829247314864,322,True,Jeans,H2O,1_M_earth,1000_F_earth
H2O_atmosphere_1_M_earth_1000_F_earth.csv,5000,1249.9988390720525,N,0.0001462298021892685,15.96800380956681,2397.1396761113338,0.0013332242967405666,9947933085.903522,2376.2738323313015,8688031.916731302,4837.829247314864,322,True,Jeans,H2O,1_M_earth,1000_F_earth
H2O_atmosphere_1_M_earth_1000_F_earth.csv,5000,1249.9988390720525,NO,0.0,34.2171510205003,1637.5581493494117,2.244017005232107e-11,0.0,2376.2738323313015,8688031.916731302,4837.829247314864,322,True,Jeans,H2O,1_M_earth,1000_F_earth
H2O_atmosphere_1_M_earth_1000_F_earth.csv,5000,1249.9988390720525,CH4,0.0,18.249147210933497,2242.3188440627164,0.00014454397553432055,0.0,2376.2738323313015,8688031.916731302,4837.829247314864,322,True,Jeans,H2O,1_M_earth,1000_F_earth
H2O_atmosphere_1_M_earth_1000_F_earth.csv,5000,1249.9988390720525,O2,0.0,36.498294421866994,1585.5588602191272,2.3636386624522257e-12,0.0,2376.2738323313015,8688031.916731302,4837.829247314864,322,True,Jeans,H2O,1_M_earth,1000_F_earth
H2O_atmosphere_1_M_earth_1000_F_earth.csv,5000,1249.9988390720525,S2,0.0,72.99658884373399,1121.1594220313582,4.647917450317837e-28,0.0,2376.2738323313015,8688031.916731302,4837.829247314864,322,True,Jeans,H2O,1_M_earth,1000_F_earth
H2O_atmosphere_1_M_earth_1000_F_earth.csv,5000,1249.9988390720525,S,1.7546702114939848e-11,36.498294421866994,1585.5588602191272,2.3636386624522257e-12,294572810221.2433,2376.2738323313015,8688031.916731302,4837.829247314864,322,True,Jeans,H2O,1_M_earth,1000_F_earth
H2O_atmosphere_1_M_earth_1000_F_earth.csv,5000,1249.9988390720525,C,0.008452428101779519,13.686860408200122,2589.2067764571593,0.012200083981522674,73310408107.00182,2376.2738323313015,8688031.916731302,4837.829247314864,322,True,Jeans,H2O,1_M_earth,1000_F_earth
H2O_atmosphere_1_M_earth_1000_F_earth.csv,5000,1249.9988390720525,H2,0.0,2.281143401366687,6342.235440876509,599.7560644264704,0.0,2376.2738323313015,8688031.916731302,4837.829247314864,322,True,Jeans,H2O,1_M_earth,1000_F_earth
H2O_atmosphere_1_M_earth_1000_F_earth.csv,5000,1249.9988390720525,CO2,0.0,50.18515483006711,1352.1691392908124,3.129206998758757e-18,0.0,2376.2738323313015,8688031.916731302,4837.829247314864,322,True,Jeans,H2O,1_M_earth,1000_F_earth
H2O_atmosphere_1_M_earth_1000_F_earth.csv,5000,1249.9988390720525,O,0.003130043302604981,18.249147210933497,2242.3188440627164,0.00014454397553432055,1718535809277.0798,2376.2738323313015,8688031.916731302,4837.829247314864,322,True,Jeans,H2O,1_M_earth,1000_F_earth
H2O_atmosphere_1_M_earth_1000_F_earth.csv,5000,1249.9988390720525,N2O,0.0,50.18515483006711,1352.1691392908124,3.129206998758757e-18,0.0,2376.2738323313015,8688031.916731302,4837.829247314864,322,True,Jeans,H2O,1_M_earth,1000_F_earth
H2O_atmosphere_1_M_earth_1000_F_earth.csv,5000,1249.9988390720525,NH3,0.0,19.38971891161684,2175.368809501994,4.7477875258081445e-05,0.0,2376.2738323313015,8688031.916731302,4837.829247314864,322,True,Jeans,H2O,1_M_earth,1000_F_earth
H2O_atmosphere_1_M_earth_1000_F_earth.csv,6000,1264.7987286714047,H2O,0.0,16.729236223661182,2316.2827366412116,0.000628726385434089,0.0,2570.010660080848,8881768.744480848,5807.530048894498,325,True,Jeans,H2O,1_M_earth,1000_F_earth
H2O_atmosphere_1_M_earth_1000_F_earth.csv,6000,1264.7987286714047,CO,0.0,26.023256347917393,1857.157802445118,7.066834543295956e-08,0.0,2570.010660080848,8881768.744480848,5807.530048894498,325,True,Jeans,H2O,1_M_earth,1000_F_earth
H2O_atmosphere_1_M_earth_1000_F_earth.csv,6000,1264.7987286714047,SO2,0.0,59.48172879523976,1228.394422668251,3.08155916536415e-22,0.0,2570.010660080848,8881768.744480848,5807.530048894498,325,True,Jeans,H2O,1_M_earth,1000_F_earth
H2O_atmosphere_1_M_earth_1000_F_earth.csv,6000,1264.7987286714047,H,2646.696585998969,0.9294020124256213,9827.155381346009,2111.5990241029767,1522876958350.2073,2570.010660080848,8881768.744480848,5807.530048894498,325,False,hydrodynamic_candidate,H2O,1_M_earth,1000_F_earth
H2O_atmosphere_1_M_earth_1000_F_earth.csv,6000,1264.7987286714047,NO2,0.0,42.75249257157858,1448.9350128637795,4.84479230133491e-15,0.0,2570.010660080848,8881768.744480848,5807.530048894498,325,True,Jeans,H2O,1_M_earth,1000_F_earth
H2O_atmosphere_1_M_earth_1000_F_earth.csv,6000,1264.7987286714047,H2S,0.0,31.59966842247112,1685.3432438764323,2.9291053315930117e-10,0.0,2570.010660080848,8881768.744480848,5807.530048894498,325,True,Jeans,H2O,1_M_earth,1000_F_earth
H2O_atmosphere_1_M_earth_1000_F_earth.csv,6000,1264.7987286714047,N2,0.0,26.023256347917393,1857.157802445118,7.066834543295956e-08,0.0,2570.010660080848,8881768.744480848,5807.530048894498,325,True,Jeans,H2O,1_M_earth,1000_F_earth
H2O_atmosphere_1_M_earth_1000_F_earth.csv,6000,1264.7987286714047,OH,0.0,15.79983421123556,2383.4352727439173,0.001552825353171449,0.0,2570.010660080848,8881768.744480848,5807.530048894498,325,True,Jeans,H2O,1_M_earth,1000_F_earth
H2O_atmosphere_1_M_earth_1000_F_earth.csv,6000,1264.7987286714047,N,0.00211023248624069,13.011628173958696,2626.417751684899,0.023193653271687535,7895965089.727923,2570.010660080848,8881768.744480848,5807.530048894498,325,True,Jeans,H2O,1_M_earth,1000_F_earth
H2O_atmosphere_1_M_earth_1000_F_earth.csv,6000,1264.7987286714047,NO,0.0,27.882060372768635,1794.1848928238308,1.1372749439659657e-08,0.0,2570.010660080848,8881768.744480848,5807.530048894498,325,True,Jeans,H2O,1_M_earth,1000_F_earth
H2O_atmosphere_1_M_earth_1000_F_earth.csv,6000,1264.7987286714047,CH4,0.0,14.87043219880994,2456.788845336502,0.0038300549614920325,0.0,2570.010660080848,8881768.744480848,5807.530048894498,325,True,Jeans,H2O,1_M_earth,1000_F_earth
H2O_atmosphere_1_M_earth_1000_F_earth.csv,6000,1264.7987286714047,O2,0.0,29.74086439761988,1737.2120524809088,1.8267145248928257e-09,0.0,2570.010660080848,8881768.744480848,5807.530048894498,325,True,Jeans,H2O,1_M_earth,1000_F_earth
H2O_atmosphere_1_M_earth_1000_F_earth.csv,6000,1264.7987286714047,S2,0.0,59.48172879523976,1228.394422668251,3.08155916536415e-22,0.0,2570.010660080848,8881768.744480848,5807.530048894498,325,True,Jeans,H2O,1_M_earth,1000_F_earth
H2O_atmosphere_1_M_earth_1000_F_earth.csv,6000,1264.7987286714047,S,1.1248991051794302e-08,29.74086439761988,1737.2120524809088,1.8267145248928257e-09,233811044546.11755,2570.010660080848,8881768.744480848,5807.530048894498,325,True,Jeans,H2O,1_M_earth,1000_F_earth
H2O_atmosphere_1_M_earth_1000_F_earth.csv,6000,1264.7987286714047,C,0.08012105001733759,11.152824149107454,2836.855402394199,0.13941178762090825,58188612461.300896,2570.010660080848,8881768.744480848,5807.530048894498,325,True,Jeans,H2O,1_M_earth,1000_F_earth
H2O_atmosphere_1_M_earth_1000_F_earth.csv,6000,1264.7987286714047,H2,0.0,1.8588040248512425,6948.848209923635,873.4216383082749,0.0,2570.010660080848,8881768.744480848,5807.530048894498,325,True,Jeans,H2O,1_M_earth,1000_F_earth
H2O_atmosphere_1_M_earth_1000_F_earth.csv,6000,1264.7987286714047,CO2,0.0,40.89368854672733,1481.4994162021203,3.0432797192799875e-14,0.0,2570.010660080848,8881768.744480848,5807.530048894498,325,True,Jeans,H2O,1_M_earth,1000_F_earth
H2O_atmosphere_1_M_earth_1000_F_earth.csv,6000,1264.7987286714047,O,0.06879926963644532,14.87043219880994,2456.788845336502,0.0038300549614920325,1364052073764.6973,2570.010660080848,8881768.744480848,5807.530048894498,325,True,Jeans,H2O,1_M_earth,1000_F_earth
H2O_atmosphere_1_M_earth_1000_F_earth.csv,6000,1264.7987286714047,N2O,0.0,40.89368854672733,1481.4994162021203,3.0432797192799875e-14,0.0,2570.010660080848,8881768.744480848,5807.530048894498,325,True,Jeans,H2O,1_M_earth,1000_F_earth
H2O_atmosphere_1_M_earth_1000_F_earth.csv,6000,1264.7987286714047,NH3,0.0,15.79983421123556,2383.4352727439173,0.001552825353171449,0.0,2570.010660080848,8881768.744480848,5807.530048894498,325,True,Jeans,H2O,1_M_earth,1000_F_earth
H2O_atmosphere_1_M_earth_1000_F_earth.csv,7000,1249.9616199401225,H2O,0.0,14.016386699960947,2502.635821354897,0.008671989995155593,0.0,2769.1092659758665,9080867.350375867,6779.593238552982,328,True,Jeans,H2O,1_M_earth,1000_F_earth
H2O_atmosphere_1_M_earth_1000_F_earth.csv,7000,1249.9616199401225,CO,0.0,21.80326819993925,2006.57267300949,4.383368576439188e-06,0.0,2769.1092659758665,9080867.350375867,6779.593238552982,328,True,Jeans,H2O,1_M_earth,1000_F_earth
H2O_atmosphere_1_M_earth_1000_F_earth.csv,7000,1249.9616199401225,SO2,0.0,49.83604159986115,1327.2230700903096,4.325067101815109e-18,0.0,2769.1092659758665,9080867.350375867,6779.593238552982,328,True,Jeans,H2O,1_M_earth,1000_F_earth
H2O_atmosphere_1_M_earth_1000_F_earth.csv,7000,1249.9616199401225,H,2615.1607495992453,0.7786881499978304,10617.784560722477,2445.3938863772332,1242985142153.8557,2769.1092659758665,9080867.350375867,6779.593238552982,328,False,hydrodynamic_candidate,H2O,1_M_earth,1000_F_earth
H2O_atmosphere_1_M_earth_1000_F_earth.csv,7000,1249.9616199401225,NO2,0.0,35.8196548999002,1565.506925664187,4.517012664302494e-12,0.0,2769.1092659758665,9080867.350375867,6779.593238552982,328,True,Jeans,H2O,1_M_earth,1000_F_earth
H2O_atmosphere_1_M_earth_1000_F_earth.csv,7000,1249.9616199401225,H2S,0.0,26.47539709992623,1820.9350295118795,4.482441494748706e-08,0.0,2769.1092659758665,9080867.350375867,6779.593238552982,328,True,Jeans,H2O,1_M_earth,1000_F_earth
H2O_atmosphere_1_M_earth_1000_F_earth.csv,7000,1249.9616199401225,N2,0.0,21.80326819993925,2006.57267300949,4.383368576439188e-06,0.0,2769.1092659758665,9080867.350375867,6779.593238552982,328,True,Jeans,H2O,1_M_earth,1000_F_earth
H2O_atmosphere_1_M_earth_1000_F_earth.csv,7000,1249.9616199401225,OH,0.0,13.237698549963115,2575.191014935952,0.01843252690772253,0.0,2769.1092659758665,9080867.350375867,6779.593238552982,328,True,Jeans,H2O,1_M_earth,1000_F_earth
H2O_atmosphere_1_M_earth_1000_F_earth.csv,7000,1249.9616199401225,N,0.013629189405491704,10.901634099969625,2837.7222880572544,0.1755706917272708,6444753947.902561,2769.1092659758665,9080867.350375867,6779.593238552982,328,True,Jeans,H2O,1_M_earth,1000_F_earth
H2O_atmosphere_1_M_earth_1000_F_earth.csv,7000,1249.9616199401225,NO,0.0,23.36064449993491,1938.5333715459274,9.531431339746236e-07,0.0,2769.1092659758665,9080867.350375867,6779.593238552982,328,True,Jeans,H2O,1_M_earth,1000_F_earth
H2O_atmosphere_1_M_earth_1000_F_earth.csv,7000,1249.9616199401225,CH4,0.0,12.459010399965287,2654.4461401806193,0.03912935127255847,0.0,2769.1092659758665,9080867.350375867,6779.593238552982,328,True,Jeans,H2O,1_M_earth,1000_F_earth
H2O_atmosphere_1_M_earth_1000_F_earth.csv,7000,1249.9616199401225,O2,0.0,24.918020799930574,1876.9768660161728,2.0686970189020272e-07,0.0,2769.1092659758665,9080867.350375867,6779.593238552982,328,True,Jeans,H2O,1_M_earth,1000_F_earth
H2O_atmosphere_1_M_earth_1000_F_earth.csv,7000,1249.9616199401225,S2,0.0,49.83604159986115,1327.2230700903096,4.325067101815109e-18,0.0,2769.1092659758665,9080867.350375867,6779.593238552982,328,True,Jeans,H2O,1_M_earth,1000_F_earth
H2O_atmosphere_1_M_earth_1000_F_earth.csv,7000,1249.9616199401225,S,1.0869176486750374e-06,24.918020799930574,1876.9768660161728,2.0686970189020272e-07,190838565682.3789,2769.1092659758665,9080867.350375867,6779.593238552982,328,True,Jeans,H2O,1_M_earth,1000_F_earth
H2O_atmosphere_1_M_earth_1000_F_earth.csv,7000,1249.9616199401225,C,0.3836030826292485,9.344257799973965,3065.090387165287,0.7823085730284407,47494041022.39555,2769.1092659758665,9080867.350375867,6779.593238552982,328,True,Jeans,H2O,1_M_earth,1000_F_earth
H2O_atmosphere_1_M_earth_1000_F_earth.csv,7000,1249.9616199401225,H2,0.0,1.5573762999956609,7507.907464064691,1141.1656275262917,0.0,2769.1092659758665,9080867.350375867,6779.593238552982,328,True,Jeans,H2O,1_M_earth,1000_F_earth
H2O_atmosphere_1_M_earth_1000_F_earth.csv,7000,1249.9616199401225,CO2,0.0,34.26227859990454,1600.6912496702266,2.099396543508857e-11,0.0,2769.1092659758665,9080867.350375867,6779.593238552982,328,True,Jeans,H2O,1_M_earth,1000_F_earth
H2O_atmosphere_1_M_earth_1000_F_earth.csv,7000,1249.9616199401225,O,0.5997059147159276,12.459010399965287,2654.4461401806193,0.03912935127255847,1113350918809.9294,2769.1092659758665,9080867.350375867,6779.593238552982,328,True,Jeans,H2O,1_M_earth,1000_F_earth
H2O_atmosphere_1_M_earth_1000_F_earth.csv,7000,1249.9616199401225,N2O,0.0,34.26227859990454,1600.6912496702266,2.099396543508857e-11,0.0,2769.1092659758665,9080867.350375867,6779.593238552982,328,True,Jeans,H2O,1_M_earth,1000_F_earth
H2O_atmosphere_1_M_earth_1000_F_earth.csv,7000,1249.9616199401225,NH3,0.0,13.237698549963115,2575.191014935952,0.01843252690772253,0.0,2769.1092659758665,9080867.350375867,6779.593238552982,328,True,Jeans,H2O,1_M_earth,1000_F_earth
CO2_atmosphere_1_M_earth_1_F_earth.csv,200,4.324211846271733e-13,H2O,0.0,652.950374307071,428.84865478110515,2.11592073554723e-279,0.0,329.00450560871604,6638513.308408716,199.07486462140767,304,True,Jeans,CO2,1_M_earth,1_F_earth
CO2_atmosphere_1_M_earth_1_F_earth.csv,200,4.324211846271733e-13,CO,0.0,1015.7005822554438,343.8438722078122,0.0,0.0,329.00450560871604,6638513.308408716,199.07486462140767,304,True,Jeans,CO2,1_M_earth,1_F_earth
CO2_atmosphere_1_M_earth_1_F_earth.csv,200,4.324211846271733e-13,SO2,0.0,2321.601330869586,227.43134392383615,0.0,0.0,329.00450560871604,6638513.308408716,199.07486462140767,304,True,Jeans,CO2,1_M_earth,1_F_earth
CO2_atmosphere_1_M_earth_1_F_earth.csv,200,4.324211846271733e-13,H,1.0928800525527547e-11,36.27502079483728,1819.4507513906892,3.3706363880081217e-12,7051637317037.724,329.00450560871604,6638513.308408716,199.07486462140767,304,True,Jeans,CO2,1_M_earth,1_F_earth
CO2_atmosphere_1_M_earth_1_F_earth.csv,200,4.324211846271733e-13,NO2,0.0,1668.650956562515,268.2633779125406,0.0,0.0,329.00450560871604,6638513.308408716,199.07486462140767,304,True,Jeans,CO2,1_M_earth,1_F_earth
CO2_atmosphere_1_M_earth_1_F_earth.csv,200,4.324211846271733e-13,H2S,0.0,1233.3507070244675,312.03322959997774,0.0,0.0,329.00450560871604,6638513.308408716,199.07486462140767,304,True,Jeans,CO2,1_M_earth,1_F_earth
CO2_atmosphere_1_M_earth_1_F_earth.csv,200,4.324211846271733e-13,N2,0.0,1015.7005822554438,343.8438722078122,0.0,0.0,329.00450560871604,6638513.308408716,199.07486462140767,304,True,Jeans,CO2,1_M_earth,1_F_earth
CO2_atmosphere_1_M_earth_1_F_earth.csv,200,4.324211846271733e-13,OH,0.0,616.6753535122338,441.2816252113664,1.167261142483405e-263,0.0,329.00450560871604,6638513.308408716,199.07486462140767,304,True,Jeans,CO2,1_M_earth,1_F_earth
CO2_atmosphere_1_M_earth_1_F_earth.csv,200,4.324211846271733e-13,N,6.312209971502047e-217,507.8502911277219,486.26866741516926,1.9376811410704926e-216,50605819482.25946,329.00450560871604,6638513.308408716,199.07486462140767,304,True,Jeans,CO2,1_M_earth,1_F_earth
CO2_atmosphere_1_M_earth_1_F_earth.csv,200,4.324211846271733e-13,NO,0.0,1088.2506238451185,332.1847396021348,0.0,0.0,329.00450560871604,6638513.308408716,199.07486462140767,304,True,Jeans,CO2,1_M_earth,1_F_earth
CO2_atmosphere_1_M_earth_1_F_earth.csv,200,4.324211846271733e-13,CH4,0.0,580.4003327173965,454.8626878476723,6.4281923454495344e-248,0.0,329.00450560871604,6638513.308408716,199.07486462140767,304,True,Jeans,CO2,1_M_earth,1_F_earth
CO2_atmosphere_1_M_earth_1_F_earth.csv,200,4.324211846271733e-13,O2,0.0,1160.800665434793,321.6364910858289,0.0,0.0,329.00450560871604,6638513.308408716,199.07486462140767,304,True,Jeans,CO2,1_M_earth,1_F_earth
CO2_atmosphere_1_M_earth_1_F_earth.csv,200,4.324211846271733e-13,S2,0.0,2321.601330869586,227.43134392383615,0.0,0.0,329.00450560871604,6638513.308408716,199.07486462140767,304,True,Jeans,CO2,1_M_earth,1_F_earth
CO2_atmosphere_1_M_earth_1_F_earth.csv,200,4.324211846271733e-13,S,0.0,1160.800665434793,321.6364910858289,0.0,2144899036833.7178,329.00450560871604,6638513.308408716,199.07486462140767,304,True,Jeans,CO2,1_M_earth,1_F_earth
CO2_atmosphere_1_M_earth_1_F_earth.csv,200,4.324211846271733e-13,C,1.783070787555259e-182,435.3002495380473,525.2301905463406,5.781411280851074e-185,55896272367214.17,329.00450560871604,6638513.308408716,199.07486462140767,304,True,Jeans,CO2,1_M_earth,1_F_earth
CO2_atmosphere_1_M_earth_1_F_earth.csv,200,4.324211846271733e-13,H2,0.0,72.55004158967456,1286.5459643433155,8.285535324387727e-28,0.0,329.00450560871604,6638513.308408716,199.07486462140767,304,True,Jeans,CO2,1_M_earth,1_F_earth
CO2_atmosphere_1_M_earth_1_F_earth.csv,200,4.324211846271733e-13,CO2,0.0,1596.1009149728407,274.2925212224145,0.0,0.0,329.00450560871604,6638513.308408716,199.07486462140767,304,True,Jeans,CO2,1_M_earth,1_F_earth
CO2_atmosphere_1_M_earth_1_F_earth.csv,200,4.324211846271733e-13,O,5.347498667782342e-245,580.4003327173965,454.8626878476723,6.4281923454495344e-248,113076201787241.27,329.00450560871604,6638513.308408716,199.07486462140767,304,True,Jeans,CO2,1_M_earth,1_F_earth
CO2_atmosphere_1_M_earth_1_F_earth.csv,200,4.324211846271733e-13,N2O,0.0,1596.1009149728407,274.2925212224145,0.0,0.0,329.00450560871604,6638513.308408716,199.07486462140767,304,True,Jeans,CO2,1_M_earth,1_F_earth
CO2_atmosphere_1_M_earth_1_F_earth.csv,200,4.324211846271733e-13,NH3,0.0,616.6753535122338,441.2816252113664,1.167261142483405e-263,0.0,329.00450560871604,6638513.308408716,199.07486462140767,304,True,Jeans,CO2,1_M_earth,1_F_earth
CO2_atmosphere_1_M_earth_1_F_earth.csv,300,3.1587957459656525e-08,H2O,0.0,441.04900840185405,521.5560864416894,1.8535995218533418e-187,0.0,335.1123415221144,6644621.144322114,294.44918772844596,304,True,Jeans,CO2,1_M_earth,1_F_earth
CO2_atmosphere_1_M_earth_1_F_earth.csv,300,3.1587957459656525e-08,CO,0.0,686.076235291773,418.17518216816904,8.905024075074568e-294,0.0,335.1123415221144,6644621.144322114,294.44918772844596,304,True,Jeans,CO2,1_M_earth,1_F_earth
CO2_atmosphere_1_M_earth_1_F_earth.csv,300,3.1587957459656525e-08,SO2,0.0,1568.174252095481,276.5968841190268,0.0,0.0,335.1123415221144,6644621.144322114,294.44918772844596,304,True,Jeans,CO2,1_M_earth,1_F_earth
CO2_atmosphere_1_M_earth_1_F_earth.csv,300,3.1587957459656525e-08,H,7.983385142961441e-07,24.50272268899189,2212.7750729522145,3.635144101491647e-07,4767558555954.315,335.1123415221144,6644621.144322114,294.44918772844596,304,True,Jeans,CO2,1_M_earth,1_F_earth
CO2_atmosphere_1_M_earth_1_F_earth.csv,300,3.1587957459656525e-08,NO2,0.0,1127.125243693627,326.2558852868697,0.0,0.0,335.1123415221144,6644621.144322114,294.44918772844596,304,True,Jeans,CO2,1_M_earth,1_F_earth
CO2_atmosphere_1_M_earth_1_F_earth.csv,300,3.1587957459656525e-08,H2S,0.0,833.0925714257244,379.48779424991653,0.0,0.0,335.1123415221144,6644621.144322114,294.44918772844596,304,True,Jeans,CO2,1_M_earth,1_F_earth
CO2_atmosphere_1_M_earth_1_F_earth.csv,300,3.1587957459656525e-08,N2,0.0,686.076235291773,418.17518216816904,8.905024075074568e-294,0.0,335.1123415221144,6644621.144322114,294.44918772844596,304,True,Jeans,CO2,1_M_earth,1_F_earth
CO2_atmosphere_1_M_earth_1_F_earth.csv,300,3.1587957459656525e-08,OH,0.0,416.5462857128622,536.6767853832827,7.889675844071566e-177,0.0,335.1123415221144,6644621.144322114,294.44918772844596,304,True,Jeans,CO2,1_M_earth,1_F_earth
CO2_atmosphere_1_M_earth_1_F_earth.csv,300,3.1587957459656525e-08,N,1.327447297211458e-145,343.0381176458865,591.3890140700643,6.016075907764566e-145,34214211084.111404,335.1123415221144,6644621.144322114,294.44918772844596,304,True,Jeans,CO2,1_M_earth,1_F_earth
CO2_atmosphere_1_M_earth_1_F_earth.csv,300,3.1587957459656525e-08,NO,0.0,735.0816806697568,403.9956073803558,4.80607544e-315,0.0,335.1123415221144,6644621.144322114,294.44918772844596,304,True,Jeans,CO2,1_M_earth,1_F_earth
CO2_atmosphere_1_M_earth_1_F_earth.csv,300,3.1587957459656525e-08,CH4,0.0,392.04356302387026,553.1937682380536,3.352408616756916e-166,0.0,335.1123415221144,6644621.144322114,294.44918772844596,304,True,Jeans,CO2,1_M_earth,1_F_earth
CO2_atmosphere_1_M_earth_1_F_earth.csv,300,3.1587957459656525e-08,O2,0.0,784.0871260477405,391.16706483126706,0.0,0.0,335.1123415221144,6644621.144322114,294.44918772844596,304,True,Jeans,CO2,1_M_earth,1_F_earth
CO2_atmosphere_1_M_earth_1_F_earth.csv,300,3.1587957459656525e-08,S2,0.0,1568.174252095481,276.5968841190268,0.0,0.0,335.1123415221144,6644621.144322114,294.44918772844596,304,True,Jeans,CO2,1_M_earth,1_F_earth
CO2_atmosphere_1_M_earth_1_F_earth.csv,300,3.1587957459656525e-08,S,0.0,784.0871260477405,391.16706483126706,0.0,1450149985735.5833,335.1123415221144,6644621.144322114,294.44918772844596,304,True,Jeans,CO2,1_M_earth,1_F_earth
CO2_atmosphere_1_M_earth_1_F_earth.csv,300,3.1587957459656525e-08,C,2.232463351758818e-121,294.0326722679027,638.7731420125274,1.0686728179691189e-123,37791046190987.64,335.1123415221144,6644621.144322114,294.44918772844596,304,True,Jeans,CO2,1_M_earth,1_F_earth
CO2_atmosphere_1_M_earth_1_F_earth.csv,300,3.1587957459656525e-08,H2,0.0,49.00544537798378,1564.6682593250682,1.1509067294794138e-17,0.0,335.1123415221144,6644621.144322114,294.44918772844596,304,True,Jeans,CO2,1_M_earth,1_F_earth
CO2_atmosphere_1_M_earth_1_F_earth.csv,300,3.1587957459656525e-08,CO2,0.0,1078.1197983156435,333.58839374699056,0.0,0.0,335.1123415221144,6644621.144322114,294.44918772844596,304,True,Jeans,CO2,1_M_earth,1_F_earth
CO2_atmosphere_1_M_earth_1_F_earth.csv,300,3.1587957459656525e-08,O,1.8889637586459277e-163,392.04356302387026,553.1937682380536,3.352408616756916e-166,76449963188413.78,335.1123415221144,6644621.144322114,294.44918772844596,304,True,Jeans,CO2,1_M_earth,1_F_earth
CO2_atmosphere_1_M_earth_1_F_earth.csv,300,3.1587957459656525e-08,N2O,0.0,1078.1197983156435,333.58839374699056,0.0,0.0,335.1123415221144,6644621.144322114,294.44918772844596,304,True,Jeans,CO2,1_M_earth,1_F_earth
CO2_atmosphere_1_M_earth_1_F_earth.csv,300,3.1587957459656525e-08,NH3,0.0,416.5462857128622,536.6767853832827,7.889675844071566e-177,0.0,335.1123415221144,6644621.144322114,294.44918772844596,304,True,Jeans,CO2,1_M_earth,1_F_earth
CO2_atmosphere_1_M_earth_1_F_earth.csv,500,0.0002405835046701734,H2O,0.0,267.1656812853992,669.5072191530022,4.742118409352292e-112,0.0,347.32801334891,6656836.81614891,485.19783394252266,304,True,Jeans,CO2,1_M_earth,1_F_earth
CO2_atmosphere_1_M_earth_1_F_earth.csv,500,0.0002405835046701734,CO,0.0,415.5910597772877,536.7999925804952,2.0465083695751327e-176,0.0,347.32801334891,6656836.81614891,485.19783394252266,304,True,Jeans,CO2,1_M_earth,1_F_earth
CO2_atmosphere_1_M_earth_1_F_earth.csv,500,0.0002405835046701734,SO2,0.0,949.9224223480861,355.0598210373269,0.0,0.0,347.32801334891,6656836.81614891,485.19783394252266,304,True,Jeans,CO2,1_M_earth,1_F_earth
CO2_atmosphere_1_M_earth_1_F_earth.csv,500,0.0002405835046701734,H,0.006080389272647643,14.842537849188846,2840.4785682986153,0.004545472690521771,2893260534248.073,347.32801334891,6656836.81614891,485.19783394252266,304,True,Jeans,CO2,1_M_earth,1_F_earth
CO2_atmosphere_1_M_earth_1_F_earth.csv,500,0.0002405835046701734,NO2,0.0,682.756741062687,418.8057165260094,2.4537152620306735e-292,0.0,347.32801334891,6656836.81614891,485.19783394252266,304,True,Jeans,CO2,1_M_earth,1_F_earth
CO2_atmosphere_1_M_earth_1_F_earth.csv,500,0.0002405835046701734,H2S,0.0,504.64628687242083,487.1380555908317,4.751122706943902e-215,0.0,347.32801334891,6656836.81614891,485.19783394252266,304,True,Jeans,CO2,1_M_earth,1_F_earth
CO2_atmosphere_1_M_earth_1_F_earth.csv,500,0.0002405835046701734,N2,0.0,415.5910597772877,536.7999925804952,2.0465083695751327e-176,0.0,347.32801334891,6656836.81614891,485.19783394252266,304,True,Jeans,CO2,1_M_earth,1_F_earth
CO2_atmosphere_1_M_earth_1_F_earth.csv,500,0.0002405835046701734,OH,0.0,252.32314343621042,688.9172449646129,1.2873248173450273e-105,0.0,347.32801334891,6656836.81614891,485.19783394252266,304,True,Jeans,CO2,1_M_earth,1_F_earth
CO2_atmosphere_1_M_earth_1_F_earth.csv,500,0.0002405835046701734,N,3.422808724861624e-87,207.79552988864384,759.149829789113,2.5467819827639274e-86,20763379301.64713,347.32801334891,6656836.81614891,485.19783394252266,304,True,Jeans,CO2,1_M_earth,1_F_earth
CO2_atmosphere_1_M_earth_1_F_earth.csv,500,0.0002405835046701734,NO,0.0,445.2761354756654,518.5980619890433,2.7155703665639953e-189,0.0,347.32801334891,6656836.81614891,485.19783394252266,304,True,Jeans,CO2,1_M_earth,1_F_earth
CO2_atmosphere_1_M_earth_1_F_earth.csv,500,0.0002405835046701734,CH4,0.0,237.48060558702153,710.1196420746538,3.488695731408279e-99,0.0,347.32801334891,6656836.81614891,485.19783394252266,304,True,Jeans,CO2,1_M_earth,1_F_earth
CO2_atmosphere_1_M_earth_1_F_earth.csv,500,0.0002405835046701734,O2,0.0,474.96121117404306,502.1304143647517,3.5954232764924008e-202,0.0,347.32801334891,6656836.81614891,485.19783394252266,304,True,Jeans,CO2,1_M_earth,1_F_earth
CO2_atmosphere_1_M_earth_1_F_earth.csv,500,0.0002405835046701734,S2,0.0,949.9224223480861,355.0598210373269,0.0,0.0,347.32801334891,6656836.81614891,485.19783394252266,304,True,Jeans,CO2,1_M_earth,1_F_earth
CO2_atmosphere_1_M_earth_1_F_earth.csv,500,0.0002405835046701734,S,4.681329625838952e-201,474.96121117404306,502.1304143647517,3.5954232764924008e-202,880044088232.3531,347.32801334891,6656836.81614891,485.19783394252266,304,True,Jeans,CO2,1_M_earth,1_F_earth
CO2_atmosphere_1_M_earth_1_F_earth.csv,500,0.0002405835046701734,C,2.3418330414805426e-71,178.11045419026613,819.9755330172842,1.840473094034628e-73,22934032421221.977,347.32801334891,6656836.81614891,485.19783394252266,304,True,Jeans,CO2,1_M_earth,1_F_earth
CO2_atmosphere_1_M_earth_1_F_earth.csv,500,0.0002405835046701734,H2,0.0,29.68507569837769,2008.5216574590067,2.229123936095678e-09,0.0,347.32801334891,6656836.81614891,485.19783394252266,304,True,Jeans,CO2,1_M_earth,1_F_earth
CO2_atmosphere_1_M_earth_1_F_earth.csv,500,0.0002405835046701734,CO2,0.0,653.0716653643094,428.2182561860182,1.871824068300794e-279,0.0,347.32801334891,6656836.81614891,485.19783394252266,304,True,Jeans,CO2,1_M_earth,1_F_earth
CO2_atmosphere_1_M_earth_1_F_earth.csv,500,0.0002405835046701734,O,1.1973376875012678e-96,237.48060558702153,710.1196420746538,3.488695731408279e-99,46394744551486.75,347.32801334891,6656836.81614891,485.19783394252266,304,True,Jeans,CO2,1_M_earth,1_F_earth
CO2_atmosphere_1_M_earth_1_F_earth.csv,500,0.0002405835046701734,N2O,0.0,653.0716653643094,428.2182561860182,1.871824068300794e-279,0.0,347.32801334891,6656836.81614891,485.19783394252266,304,True,Jeans,CO2,1_M_earth,1_F_earth
CO2_atmosphere_1_M_earth_1_F_earth.csv,500,0.0002405835046701734,NH3,0.0,252.32314343621042,688.9172449646129,1.2873248173450273e-105,0.0,347.32801334891,6656836.81614891,485.19783394252266,304,True,Jeans,CO2,1_M_earth,1_F_earth
CO2_atmosphere_1_M_earth_1_F_earth.csv,1000,0.14726333828900864,H2O,0.0,134.05332342174108,942.9789472847308,2.17161932579134e-54,0.0,378.2027060926454,6687711.508892645,962.5256653559917,305,True,Jeans,CO2,1_M_earth,1_F_earth
CO2_atmosphere_1_M_earth_1_F_earth.csv,1000,0.14726333828900864,CO,0.0,208.52739198937502,756.0651736457631,1.2243326815188173e-86,0.0,378.2027060926454,6687711.508892645,962.5256653559917,305,True,Jeans,CO2,1_M_earth,1_F_earth
CO2_atmosphere_1_M_earth_1_F_earth.csv,1000,0.14726333828900864,SO2,0.0,476.6340388328572,500.09010610588876,6.745367992377656e-203,0.0,378.2027060926454,6687711.508892645,962.5256653559917,305,True,Jeans,CO2,1_M_earth,1_F_earth
CO2_atmosphere_1_M_earth_1_F_earth.csv,1000,0.14726333828900864,H,3.721861245700689,7.4474068567633935,4000.72084884711,5.557622279618724,1435116388582.0037,378.2027060926454,6687711.508892645,962.5256653559917,305,True,Jeans,CO2,1_M_earth,1_F_earth
CO2_atmosphere_1_M_earth_1_F_earth.csv,1000,0.14726333828900864,NO2,0.0,342.5807154111161,589.8741079836984,9.46823158196007e-145,0.0,378.2027060926454,6687711.508892645,962.5256653559917,305,True,Jeans,CO2,1_M_earth,1_F_earth
CO2_atmosphere_1_M_earth_1_F_earth.csv,1000,0.14726333828900864,H2S,0.0,253.2118331299554,686.1179651274164,5.290390627872848e-106,0.0,378.2027060926454,6687711.508892645,962.5256653559917,305,True,Jeans,CO2,1_M_earth,1_F_earth
CO2_atmosphere_1_M_earth_1_F_earth.csv,1000,0.14726333828900864,N2,0.0,208.52739198937502,756.0651736457631,1.2243326815188173e-86,0.0,378.2027060926454,6687711.508892645,962.5256653559917,305,True,Jeans,CO2,1_M_earth,1_F_earth
CO2_atmosphere_1_M_earth_1_F_earth.csv,1000,0.14726333828900864,OH,0.0,126.6059165649777,970.3173316710225,3.621835553060322e-51,0.0,378.2027060926454,6687711.508892645,962.5256653559917,305,True,Jeans,CO2,1_M_earth,1_F_earth
CO2_atmosphere_1_M_earth_1_F_earth.csv,1000,0.14726333828900864,N,1.1181749601625705e-42,104.26369599468751,1069.2376226078075,1.6618816062165077e-41,10299060719.01067,378.2027060926454,6687711.508892645,962.5256653559917,305,True,Jeans,CO2,1_M_earth,1_F_earth
CO2_atmosphere_1_M_earth_1_F_earth.csv,1000,0.14726333828900864,NO,0.0,223.4222057029018,730.4283517315928,4.305339910709534e-93,0.0,378.2027060926454,6687711.508892645,962.5256653559917,305,True,Jeans,CO2,1_M_earth,1_F_earth
CO2_atmosphere_1_M_earth_1_F_earth.csv,1000,0.14726333828900864,CH4,0.0,119.1585097082143,1000.1802122117775,6.030379188037678e-48,0.0,378.2027060926454,6687711.508892645,962.5256653559917,305,True,Jeans,CO2,1_M_earth,1_F_earth
CO2_atmosphere_1_M_earth_1_F_earth.csv,1000,0.14726333828900864,O2,0.0,238.3170194164286,707.234210463548,1.5106555039930026e-99,0.0,378.2027060926454,6687711.508892645,962.5256653559917,305,True,Jeans,CO2,1_M_earth,1_F_earth
CO2_atmosphere_1_M_earth_1_F_earth.csv,1000,0.14726333828900864,S2,0.0,476.6340388328572,500.09010610588876,6.745367992377656e-203,0.0,378.2027060926454,6687711.508892645,962.5256653559917,305,True,Jeans,CO2,1_M_earth,1_F_earth
CO2_atmosphere_1_M_earth_1_F_earth.csv,1000,0.14726333828900864,S,9.846989023888618e-99,238.3170194164286,707.234210463548,1.5106555039930026e-99,436519863575.01953,378.2027060926454,6687711.508892645,962.5256653559917,305,True,Jeans,CO2,1_M_earth,1_F_earth
CO2_atmosphere_1_M_earth_1_F_earth.csv,1000,0.14726333828900864,C,2.8886468661482268e-33,89.36888228116071,1154.9086295172137,4.534706428790667e-35,11375749053487.988,378.2027060926454,6687711.508892645,962.5256653559917,305,True,Jeans,CO2,1_M_earth,1_F_earth
CO2_atmosphere_1_M_earth_1_F_earth.csv,1000,0.14726333828900864,H2,0.0,14.894813713526787,2828.936841854192,0.0043106062791819335,0.0,378.2027060926454,6687711.508892645,962.5256653559917,305,True,Jeans,CO2,1_M_earth,1_F_earth
CO2_atmosphere_1_M_earth_1_F_earth.csv,1000,0.14726333828900864,CO2,0.0,327.6859016975894,603.131361208092,2.7252675856950703e-138,0.0,378.2027060926454,6687711.508892645,962.5256653559917,305,True,Jeans,CO2,1_M_earth,1_F_earth
CO2_atmosphere_1_M_earth_1_F_earth.csv,1000,0.14726333828900864,O,1.0361365648630894e-45,119.1585097082143,1000.1802122117775,6.030379188037678e-48,23012742012609.027,378.2027060926454,6687711.508892645,962.5256653559917,305,True,Jeans,CO2,1_M_earth,1_F_earth
CO2_atmosphere_1_M_earth_1_F_earth.csv,1000,0.14726333828900864,N2O,0.0,327.6859016975894,603.131361208092,2.7252675856950703e-138,0.0,378.2027060926454,6687711.508892645,962.5256653559917,305,True,Jeans,CO2,1_M_earth,1_F_earth
CO2_atmosphere_1_M_earth_1_F_earth.csv,1000,0.14726333828900864,NH3,0.0,126.6059165649777,970.3173316710225,3.621835553060322e-51,0.0,378.2027060926454,6687711.508892645,962.5256653559917,305,True,Jeans,CO2,1_M_earth,1_F_earth
CO2_atmosphere_1_M_earth_1_F_earth.csv,2000,2.461046883692293,H2O,0.0,66.66041080723895,1331.0684805863752,2.848928323300227e-25,0.0,440.28218458068466,6749790.987380684,1917.8256550276342,306,True,Jeans,CO2,1_M_earth,1_F_earth
CO2_atmosphere_1_M_earth_1_F_earth.csv,2000,2.461046883692293,CO,0.0,103.69397236681614,1067.2290455759953,2.9164489394016226e-41,0.0,440.28218458068466,6749790.987380684,1917.8256550276342,306,True,Jeans,CO2,1_M_earth,1_F_earth
CO2_atmosphere_1_M_earth_1_F_earth.csv,2000,2.461046883692293,SO2,0.0,237.01479398129402,705.9056616347253,5.5147842853758e-99,0.0,440.28218458068466,6749790.987380684,1917.8256550276342,306,True,Jeans,CO2,1_M_earth,1_F_earth
CO2_atmosphere_1_M_earth_1_F_earth.csv,2000,2.461046883692293,H,62.19928956309971,3.703356155957719,5647.245293077803,184.6258226584862,708734158616.1771,440.28218458068466,6749790.987380684,1917.8256550276342,306,True,Jeans,CO2,1_M_earth,1_F_earth
CO2_atmosphere_1_M_earth_1_F_earth.csv,2000,2.461046883692293,NO2,0.0,170.3543831740551,832.6408928979265,4.176182236052847e-70,0.0,440.28218458068466,6749790.987380684,1917.8256550276342,306,True,Jeans,CO2,1_M_earth,1_F_earth
CO2_atmosphere_1_M_earth_1_F_earth.csv,2000,2.461046883692293,H2S,0.0,125.91410930256247,968.4945777155358,7.181237728555191e-51,0.0,440.28218458068466,6749790.987380684,1917.8256550276342,306,True,Jeans,CO2,1_M_earth,1_F_earth
CO2_atmosphere_1_M_earth_1_F_earth.csv,2000,2.461046883692293,N2,0.0,103.69397236681614,1067.2290455759953,2.9164489394016226e-41,0.0,440.28218458068466,6749790.987380684,1917.8256550276342,306,True,Jeans,CO2,1_M_earth,1_F_earth
CO2_atmosphere_1_M_earth_1_F_earth.csv,2000,2.461046883692293,OH,0.0,62.95705465128123,1369.6581668901142,1.1245901696235642e-23,0.0,440.28218458068466,6749790.987380684,1917.8256550276342,306,True,Jeans,CO2,1_M_earth,1_F_earth
CO2_atmosphere_1_M_earth_1_F_earth.csv,2000,2.461046883692293,N,2.3166447191883635e-20,51.84698618340807,1509.2897904120666,6.844282461039123e-19,5086204987.4833975,440.28218458068466,6749790.987380684,1917.8256550276342,306,True,Jeans,CO2,1_M_earth,1_F_earth
CO2_atmosphere_1_M_earth_1_F_earth.csv,2000,2.461046883692293,NO,0.0,111.10068467873158,1031.0412115945285,1.8317452171964023e-44,0.0,440.28218458068466,6749790.987380684,1917.8256550276342,306,True,Jeans,CO2,1_M_earth,1_F_earth
CO2_atmosphere_1_M_earth_1_F_earth.csv,2000,2.461046883692293,CH4,0.0,59.253698495323505,1411.8113232694507,4.432014267938378e-22,0.0,440.28218458068466,6749790.987380684,1917.8256550276342,306,True,Jeans,CO2,1_M_earth,1_F_earth
CO2_atmosphere_1_M_earth_1_F_earth.csv,2000,2.461046883692293,O2,0.0,118.50739699064701,998.3013604397815,1.1480027813183356e-47,0.0,440.28218458068466,6749790.987380684,1917.8256550276342,306,True,Jeans,CO2,1_M_earth,1_F_earth
CO2_atmosphere_1_M_earth_1_F_earth.csv,2000,2.461046883692293,S2,0.0,237.01479398129402,705.9056616347253,5.5147842853758e-99,0.0,440.28218458068466,6749790.987380684,1917.8256550276342,306,True,Jeans,CO2,1_M_earth,1_F_earth
CO2_atmosphere_1_M_earth_1_F_earth.csv,2000,2.461046883692293,S,3.7644608611166023e-47,118.50739699064701,998.3013604397815,1.1480027813183356e-47,215575921710.27725,440.28218458068466,6749790.987380684,1917.8256550276342,306,True,Jeans,CO2,1_M_earth,1_F_earth
CO2_atmosphere_1_M_earth_1_F_earth.csv,2000,2.461046883692293,C,3.354929717407647e-14,44.44027387149263,1630.219295069158,1.0469268079872678e-15,5617928969523.36,440.28218458068466,6749790.987380684,1917.8256550276342,306,True,Jeans,CO2,1_M_earth,1_F_earth
CO2_atmosphere_1_M_earth_1_F_earth.csv,2000,2.461046883692293,H2,0.0,7.406712311915438,3993.205441759126,5.749745496322683,0.0,440.28218458068466,6749790.987380684,1917.8256550276342,306,True,Jeans,CO2,1_M_earth,1_F_earth
CO2_atmosphere_1_M_earth_1_F_earth.csv,2000,2.461046883692293,CO2,0.0,162.9476708621397,851.3542607381675,6.728780147698682e-67,0.0,440.28218458068466,6749790.987380684,1917.8256550276342,306,True,Jeans,CO2,1_M_earth,1_F_earth
CO2_atmosphere_1_M_earth_1_F_earth.csv,2000,2.461046883692293,O,3.8308518603504973e-20,59.253698495323505,1411.8113232694507,4.432014267938378e-22,11364873593195.432,440.28218458068466,6749790.987380684,1917.8256550276342,306,True,Jeans,CO2,1_M_earth,1_F_earth
CO2_atmosphere_1_M_earth_1_F_earth.csv,2000,2.461046883692293,N2O,0.0,162.9476708621397,851.3542607381675,6.728780147698682e-67,0.0,440.28218458068466,6749790.987380684,1917.8256550276342,306,True,Jeans,CO2,1_M_earth,1_F_earth
CO2_atmosphere_1_M_earth_1_F_earth.csv,2000,2.461046883692293,NH3,0.0,62.95705465128123,1369.6581668901142,1.1245901696235642e-23,0.0,440.28218458068466,6749790.987380684,1917.8256550276342,306,True,Jeans,CO2,1_M_earth,1_F_earth
CO2_atmosphere_1_M_earth_1_F_earth.csv,3000,5.182635062708111,H2O,0.0,44.069755418876056,1629.5016668111114,1.5034309312042256e-15,0.0,503.02784114621954,6812536.643946219,2874.2063392305286,307,True,Jeans,CO2,1_M_earth,1_F_earth
CO2_atmosphere_1_M_earth_1_F_earth.csv,3000,5.182635062708111,CO,0.0,68.5529528738072,1306.5079175109097,4.331651767835762e-26,0.0,503.02784114621954,6812536.643946219,2874.2063392305286,307,True,Jeans,CO2,1_M_earth,1_F_earth
CO2_atmosphere_1_M_earth_1_F_earth.csv,3000,5.182635062708111,SO2,0.0,156.6924637115593,864.1737589176893,3.4208555447666794e-64,0.0,503.02784114621954,6812536.643946219,2874.2063392305286,307,True,Jeans,CO2,1_M_earth,1_F_earth
CO2_atmosphere_1_M_earth_1_F_earth.csv,3000,5.182635062708111,H,130.98337128670215,2.448319745493114,6913.390071341514,581.302115093562,465337006816.25366,503.02784114621954,6812536.643946219,2874.2063392305286,307,True,Jeans,CO2,1_M_earth,1_F_earth
CO2_atmosphere_1_M_earth_1_F_earth.csv,3000,5.182635062708111,NO2,0.0,112.62270829268326,1019.3237557804367,4.0063750450591683e-45,0.0,503.02784114621954,6812536.643946219,2874.2063392305286,307,True,Jeans,CO2,1_M_earth,1_F_earth
CO2_atmosphere_1_M_earth_1_F_earth.csv,3000,5.182635062708111,H2S,0.0,83.2428713467659,1185.6366157733378,1.9859126781117102e-32,0.0,503.02784114621954,6812536.643946219,2874.2063392305286,307,True,Jeans,CO2,1_M_earth,1_F_earth
CO2_atmosphere_1_M_earth_1_F_earth.csv,3000,5.182635062708111,N2,0.0,68.5529528738072,1306.5079175109097,4.331651767835762e-26,0.0,503.02784114621954,6812536.643946219,2874.2063392305286,307,True,Jeans,CO2,1_M_earth,1_F_earth
CO2_atmosphere_1_M_earth_1_F_earth.csv,3000,5.182635062708111,OH,0.0,41.62143567338295,1676.7433820727927,1.692504770962119e-14,0.0,503.02784114621954,6812536.643946219,2874.2063392305286,307,True,Jeans,CO2,1_M_earth,1_F_earth
CO2_atmosphere_1_M_earth_1_F_earth.csv,3000,5.182635062708111,N,5.410974994083952e-13,34.2764764369036,1847.6812162917574,2.3901366732639478e-11,3339474154.2451754,503.02784114621954,6812536.643946219,2874.2063392305286,307,True,Jeans,CO2,1_M_earth,1_F_earth
CO2_atmosphere_1_M_earth_1_F_earth.csv,3000,5.182635062708111,NO,0.0,73.44959236479343,1262.2065636353323,3.3468416452749755e-28,0.0,503.02784114621954,6812536.643946219,2874.2063392305286,307,True,Jeans,CO2,1_M_earth,1_F_earth
CO2_atmosphere_1_M_earth_1_F_earth.csv,3000,5.182635062708111,CH4,0.0,39.173115927889825,1728.3475178353785,1.902363785288461e-13,0.0,503.02784114621954,6812536.643946219,2874.2063392305286,307,True,Jeans,CO2,1_M_earth,1_F_earth
CO2_atmosphere_1_M_earth_1_F_earth.csv,3000,5.182635062708111,O2,0.0,78.34623185577965,1222.1262501083336,2.5804846173706203e-30,0.0,503.02784114621954,6812536.643946219,2874.2063392305286,307,True,Jeans,CO2,1_M_earth,1_F_earth
CO2_atmosphere_1_M_earth_1_F_earth.csv,3000,5.182635062708111,S2,0.0,156.6924637115593,864.1737589176893,3.4208555447666794e-64,0.0,503.02784114621954,6812536.643946219,2874.2063392305286,307,True,Jeans,CO2,1_M_earth,1_F_earth
CO2_atmosphere_1_M_earth_1_F_earth.csv,3000,5.182635062708111,S,5.659556511084291e-30,78.34623185577965,1222.1262501083336,2.5804846173706203e-30,141541723269.24966,503.02784114621954,6812536.643946219,2874.2063392305286,307,True,Jeans,CO2,1_M_earth,1_F_earth
CO2_atmosphere_1_M_earth_1_F_earth.csv,3000,5.182635062708111,C,6.377761382433744e-08,29.37983694591737,1995.7238093509548,2.975636521068799e-09,3688590735190.014,503.02784114621954,6812536.643946219,2874.2063392305286,307,True,Jeans,CO2,1_M_earth,1_F_earth
CO2_atmosphere_1_M_earth_1_F_earth.csv,3000,5.182635062708111,H2,0.0,4.896639490986228,4888.505000433334,60.75642307208223,0.0,503.02784114621954,6812536.643946219,2874.2063392305286,307,True,Jeans,CO2,1_M_earth,1_F_earth
CO2_atmosphere_1_M_earth_1_F_earth.csv,3000,5.182635062708111,CO2,0.0,107.72606880169705,1042.2327680003705,5.246337664608469e-43,0.0,503.02784114621954,6812536.643946219,2874.2063392305286,307,True,Jeans,CO2,1_M_earth,1_F_earth
CO2_atmosphere_1_M_earth_1_F_earth.csv,3000,5.182635062708111,O,1.0997882067703256e-11,39.173115927889825,1728.3475178353785,1.902363785288461e-13,7461889901043.543,503.02784114621954,6812536.643946219,2874.2063392305286,307,True,Jeans,CO2,1_M_earth,1_F_earth
CO2_atmosphere_1_M_earth_1_F_earth.csv,3000,5.182635062708111,N2O,0.0,107.72606880169705,1042.2327680003705,5.246337664608469e-43,0.0,503.02784114621954,6812536.643946219,2874.2063392305286,307,True,Jeans,CO2,1_M_earth,1_F_earth
CO2_atmosphere_1_M_earth_1_F_earth.csv,3000,5.182635062708111,NH3,0.0,41.62143567338295,1676.7433820727927,1.692504770962119e-14,0.0,503.02784114621954,6812536.643946219,2874.2063392305286,307,True,Jeans,CO2,1_M_earth,1_F_earth
CO2_atmosphere_1_M_earth_1_F_earth.csv,5000,7.815908132474659,H2O,0.0,25.95725036503273,2103.6310746111335,8.530011934015746e-08,0.0,630.5199303992372,6940028.733199237,4790.131984904318,309,True,Jeans,CO2,1_M_earth,1_F_earth
CO2_atmosphere_1_M_earth_1_F_earth.csv,5000,7.815908132474659,CO,0.0,40.37794501227313,1686.6571605784186,5.731550075596467e-14,0.0,630.5199303992372,6940028.733199237,4790.131984904318,309,True,Jeans,CO2,1_M_earth,1_F_earth
CO2_atmosphere_1_M_earth_1_F_earth.csv,5000,7.815908132474659,SO2,0.0,92.2924457423386,1115.6188484792076,2.4302865449436675e-36,0.0,630.5199303992372,6940028.733199237,4790.131984904318,309,True,Jeans,CO2,1_M_earth,1_F_earth
CO2_atmosphere_1_M_earth_1_F_earth.csv,5000,7.815908132474659,H,197.4930200887447,1.4420694647240406,8924.95078783366,1453.7043845698156,270348613946.6802,630.5199303992372,6940028.733199237,4790.131984904318,309,False,hydrodynamic_candidate,CO2,1_M_earth,1_F_earth
CO2_atmosphere_1_M_earth_1_F_earth.csv,5000,7.815908132474659,NO2,0.0,66.33519537730587,1315.9122027443852,3.8802061394558484e-25,0.0,630.5199303992372,6940028.733199237,4790.131984904318,309,True,Jeans,CO2,1_M_earth,1_F_earth
CO2_atmosphere_1_M_earth_1_F_earth.csv,5000,7.815908132474659,H2S,0.0,49.030361800617385,1530.6164325799923,1.098700968587645e-17,0.0,630.5199303992372,6940028.733199237,4790.131984904318,309,True,Jeans,CO2,1_M_earth,1_F_earth
CO2_atmosphere_1_M_earth_1_F_earth.csv,5000,7.815908132474659,N2,0.0,40.37794501227313,1686.6571605784186,5.731550075596467e-14,0.0,630.5199303992372,6940028.733199237,4790.131984904318,309,True,Jeans,CO2,1_M_earth,1_F_earth
CO2_atmosphere_1_M_earth_1_F_earth.csv,5000,7.815908132474659,OH,0.0,24.515180900308692,2164.618517745749,3.5137212190361747e-07,0.0,630.5199303992372,6940028.733199237,4790.131984904318,309,True,Jeans,CO2,1_M_earth,1_F_earth
CO2_atmosphere_1_M_earth_1_F_earth.csv,5000,7.815908132474659,N,3.3204856222327517e-07,20.188972506136565,2385.293431563695,2.4326936582263998e-05,1940147023.9555664,630.5199303992372,6940028.733199237,4790.131984904318,309,True,Jeans,CO2,1_M_earth,1_F_earth
CO2_atmosphere_1_M_earth_1_F_earth.csv,5000,7.815908132474659,NO,0.0,43.262083941721215,1629.4656237066667,3.311218170882218e-15,0.0,630.5199303992372,6940028.733199237,4790.131984904318,309,True,Jeans,CO2,1_M_earth,1_F_earth
CO2_atmosphere_1_M_earth_1_F_earth.csv,5000,7.815908132474659,CH4,0.0,23.07311143558465,2231.237696958415,1.44526723185181e-06,0.0,630.5199303992372,6940028.733199237,4790.131984904318,309,True,Jeans,CO2,1_M_earth,1_F_earth
CO2_atmosphere_1_M_earth_1_F_earth.csv,5000,7.815908132474659,O2,0.0,46.1462228711693,1577.7233059583502,1.9090744273769266e-16,0.0,630.5199303992372,6940028.733199237,4790.131984904318,309,True,Jeans,CO2,1_M_earth,1_F_earth
CO2_atmosphere_1_M_earth_1_F_earth.csv,5000,7.815908132474659,S2,0.0,92.2924457423386,1115.6188484792076,2.4302865449436675e-36,0.0,630.5199303992372,6940028.733199237,4790.131984904318,309,True,Jeans,CO2,1_M_earth,1_F_earth
CO2_atmosphere_1_M_earth_1_F_earth.csv,5000,7.815908132474659,S,2.5244418783454432e-16,46.1462228711693,1577.7233059583502,1.9090744273769266e-16,82232034291.17354,630.5199303992372,6940028.733199237,4790.131984904318,309,True,Jeans,CO2,1_M_earth,1_F_earth
CO2_atmosphere_1_M_earth_1_F_earth.csv,5000,7.815908132474659,C,0.005247254191329904,17.304833576688484,2576.4113699299633,0.0004060526294575877,2142974614243.286,630.5199303992372,6940028.733199237,4790.131984904318,309,True,Jeans,CO2,1_M_earth,1_F_earth
CO2_atmosphere_1_M_earth_1_F_earth.csv,5000,7.815908132474659,H2,0.0,2.8841389294480813,6310.893223833401,386.5583275972011,0.0,630.5199303992372,6940028.733199237,4790.131984904318,309,True,Jeans,CO2,1_M_earth,1_F_earth
CO2_atmosphere_1_M_earth_1_F_earth.csv,5000,7.815908132474659,CO2,0.0,63.451056447857795,1345.486956165049,6.792989042933581e-24,0.0,630.5199303992372,6940028.733199237,4790.131984904318,309,True,Jeans,CO2,1_M_earth,1_F_earth
CO2_atmosphere_1_M_earth_1_F_earth.csv,5000,7.815908132474659,O,5.037615707288633e-05,23.07311143558465,2231.237696958415,1.44526723185181e-06,4335162608217.8823,630.5199303992372,6940028.733199237,4790.131984904318,309,True,Jeans,CO2,1_M_earth,1_F_earth
CO2_atmosphere_1_M_earth_1_F_earth.csv,5000,7.815908132474659,N2O,0.0,63.451056447857795,1345.486956165049,6.792989042933581e-24,0.0,630.5199303992372,6940028.733199237,4790.131984904318,309,True,Jeans,CO2,1_M_earth,1_F_earth
CO2_atmosphere_1_M_earth_1_F_earth.csv,5000,7.815908132474659,NH3,0.0,24.515180900308692,2164.618517745749,3.5137212190361747e-07,0.0,630.5199303992372,6940028.733199237,4790.131984904318,309,True,Jeans,CO2,1_M_earth,1_F_earth
CO2_atmosphere_1_M_earth_1_F_earth.csv,6000,8.150457247013486,H2O,0.0,21.4082370547476,2305.3125604416928,7.3460411124188736e-06,0.0,697.2726467093435,7006781.449509343,5752.6500820196225,311,True,Jeans,CO2,1_M_earth,1_F_earth
CO2_atmosphere_1_M_earth_1_F_earth.csv,6000,8.150457247013486,CO,0.0,33.30170208516293,1848.3620936998732,6.162434816442365e-11,0.0,697.2726467093435,7006781.449509343,5752.6500820196225,311,True,Jeans,CO2,1_M_earth,1_F_earth
CO2_atmosphere_1_M_earth_1_F_earth.csv,6000,8.150457247013486,SO2,0.0,76.11817619465813,1222.5766081821328,2.328756104618058e-29,0.0,697.2726467093435,7006781.449509343,5752.6500820196225,311,True,Jeans,CO2,1_M_earth,1_F_earth
CO2_atmosphere_1_M_earth_1_F_earth.csv,6000,8.150457247013486,H,205.30753403378537,1.1893465030415333,9780.612865457062,1838.8614806573776,217966505579.7899,697.2726467093435,7006781.449509343,5752.6500820196225,311,False,hydrodynamic_candidate,CO2,1_M_earth,1_F_earth
CO2_atmosphere_1_M_earth_1_F_earth.csv,6000,8.150457247013486,NO2,0.0,54.70993913991054,1442.072693276743,3.936318501740664e-20,0.0,697.2726467093435,7006781.449509343,5752.6500820196225,311,True,Jeans,CO2,1_M_earth,1_F_earth
CO2_atmosphere_1_M_earth_1_F_earth.csv,6000,8.150457247013486,H2S,0.0,40.437781103412135,1677.3612682525054,5.376664984865678e-14,0.0,697.2726467093435,7006781.449509343,5752.6500820196225,311,True,Jeans,CO2,1_M_earth,1_F_earth
CO2_atmosphere_1_M_earth_1_F_earth.csv,6000,8.150457247013486,N2,0.0,33.30170208516293,1848.3620936998732,6.162434816442365e-11,0.0,697.2726467093435,7006781.449509343,5752.6500820196225,311,True,Jeans,CO2,1_M_earth,1_F_earth
CO2_atmosphere_1_M_earth_1_F_earth.csv,6000,8.150457247013486,OH,0.0,20.218890551706068,2372.147054562028,2.351293007199938e-05,0.0,697.2726467093435,7006781.449509343,5752.6500820196225,311,True,Jeans,CO2,1_M_earth,1_F_earth
CO2_atmosphere_1_M_earth_1_F_earth.csv,6000,8.150457247013486,N,8.570071470141692e-06,16.650851042581465,2613.97874108669,0.0007639941661916347,1564228722.8667946,697.2726467093435,7006781.449509343,5752.6500820196225,311,True,Jeans,CO2,1_M_earth,1_F_earth
CO2_atmosphere_1_M_earth_1_F_earth.csv,6000,8.150457247013486,NO,0.0,35.680395091246005,1785.6874308786912,5.899779959647386e-12,0.0,697.2726467093435,7006781.449509343,5752.6500820196225,311,True,Jeans,CO2,1_M_earth,1_F_earth
CO2_atmosphere_1_M_earth_1_F_earth.csv,6000,8.150457247013486,CH4,0.0,19.029544048664533,2445.1532163642655,7.515298507277188e-05,0.0,697.2726467093435,7006781.449509343,5752.6500820196225,311,True,Jeans,CO2,1_M_earth,1_F_earth
CO2_atmosphere_1_M_earth_1_F_earth.csv,6000,8.150457247013486,O2,0.0,38.05908809732907,1728.9844203312696,5.637107289073541e-13,0.0,697.2726467093435,7006781.449509343,5752.6500820196225,311,True,Jeans,CO2,1_M_earth,1_F_earth
CO2_atmosphere_1_M_earth_1_F_earth.csv,6000,8.150457247013486,S2,0.0,76.11817619465813,1222.5766081821328,2.328756104618058e-29,0.0,697.2726467093435,7006781.449509343,5752.6500820196225,311,True,Jeans,CO2,1_M_earth,1_F_earth
CO2_atmosphere_1_M_earth_1_F_earth.csv,6000,8.150457247013486,S,6.126028838549861e-13,38.05908809732907,1728.9844203312696,5.637107289073541e-13,66298949713.49695,697.2726467093435,7006781.449509343,5752.6500820196225,311,True,Jeans,CO2,1_M_earth,1_F_earth
CO2_atmosphere_1_M_earth_1_F_earth.csv,6000,8.150457247013486,C,0.08182413816396242,14.272158036498398,2823.419735355576,0.007704623897838919,1727756918720.2524,697.2726467093435,7006781.449509343,5752.6500820196225,311,True,Jeans,CO2,1_M_earth,1_F_earth
CO2_atmosphere_1_M_earth_1_F_earth.csv,6000,8.150457247013486,H2,0.0,2.3786930060830667,6915.937681325078,610.859912141632,0.0,697.2726467093435,7006781.449509343,5752.6500820196225,311,True,Jeans,CO2,1_M_earth,1_F_earth
CO2_atmosphere_1_M_earth_1_F_earth.csv,6000,8.150457247013486,CO2,0.0,52.33124613382748,1474.4828679292661,4.1576229706282133e-19,0.0,697.2726467093435,7006781.449509343,5752.6500820196225,311,True,Jeans,CO2,1_M_earth,1_F_earth
CO2_atmosphere_1_M_earth_1_F_earth.csv,6000,8.150457247013486,O,0.0021527982612794365,19.029544048664533,2445.1532163642655,7.515298507277188e-05,3495191749049.5527,697.2726467093435,7006781.449509343,5752.6500820196225,311,True,Jeans,CO2,1_M_earth,1_F_earth
CO2_atmosphere_1_M_earth_1_F_earth.csv,6000,8.150457247013486,N2O,0.0,52.33124613382748,1474.4828679292661,4.1576229706282133e-19,0.0,697.2726467093435,7006781.449509343,5752.6500820196225,311,True,Jeans,CO2,1_M_earth,1_F_earth
CO2_atmosphere_1_M_earth_1_F_earth.csv,6000,8.150457247013486,NH3,0.0,20.218890551706068,2372.147054562028,2.351293007199938e-05,0.0,697.2726467093435,7006781.449509343,5752.6500820196225,311,True,Jeans,CO2,1_M_earth,1_F_earth
CO2_atmosphere_1_M_earth_1_F_earth.csv,7000,8.478315200431206,H2O,0.0,18.173337077421426,2490.432316290224,0.00017249936796041916,0.0,763.0235264188713,7072532.329218871,6713.636313070701,312,True,Jeans,CO2,1_M_earth,1_F_earth
CO2_atmosphere_1_M_earth_1_F_earth.csv,7000,8.478315200431206,CO,0.0,28.26963545376666,1996.7881012516832,8.705579352235956e-09,0.0,763.0235264188713,7072532.329218871,6713.636313070701,312,True,Jeans,CO2,1_M_earth,1_F_earth
CO2_atmosphere_1_M_earth_1_F_earth.csv,7000,8.478315200431206,SO2,0.0,64.61630960860951,1320.7511842012038,2.1170015399022873e-24,0.0,763.0235264188713,7072532.329218871,6713.636313070701,312,True,Jeans,CO2,1_M_earth,1_F_earth
CO2_atmosphere_1_M_earth_1_F_earth.csv,7000,8.478315200431206,H,209.32315419740146,1.0096298376345236,10566.00947360963,2182.4558489826454,183777760313.06625,763.0235264188713,7072532.329218871,6713.636313070701,312,False,hydrodynamic_candidate,CO2,1_M_earth,1_F_earth
CO2_atmosphere_1_M_earth_1_F_earth.csv,7000,8.478315200431206,NO2,0.0,46.44297253118809,1557.8731055401788,1.409848174316007e-16,0.0,763.0235264188713,7072532.329218871,6713.636313070701,312,True,Jeans,CO2,1_M_earth,1_F_earth
CO2_atmosphere_1_M_earth_1_F_earth.csv,7000,8.478315200431206,H2S,0.0,34.32741447957381,1812.055675326396,2.2308572052583256e-11,0.0,763.0235264188713,7072532.329218871,6713.636313070701,312,True,Jeans,CO2,1_M_earth,1_F_earth
CO2_atmosphere_1_M_earth_1_F_earth.csv,7000,8.478315200431206,N2,0.0,28.26963545376666,1996.7881012516832,8.705579352235956e-09,0.0,763.0235264188713,7072532.329218871,6713.636313070701,312,True,Jeans,CO2,1_M_earth,1_F_earth
CO2_atmosphere_1_M_earth_1_F_earth.csv,7000,8.478315200431206,OH,0.0,17.163707239786905,2562.633711821727,0.00046151174004342233,0.0,763.0235264188713,7072532.329218871,6713.636313070701,312,True,Jeans,CO2,1_M_earth,1_F_earth
CO2_atmosphere_1_M_earth_1_F_earth.csv,7000,8.478315200431206,N,8.442211598651839e-05,14.13481772688333,2823.8848139753513,0.008760843036765545,1318874432.2948034,763.0235264188713,7072532.329218871,6713.636313070701,312,True,Jeans,CO2,1_M_earth,1_F_earth
CO2_atmosphere_1_M_earth_1_F_earth.csv,7000,8.478315200431206,NO,0.0,30.288895129035712,1929.0805771697603,1.1935363396670681e-09,0.0,763.0235264188713,7072532.329218871,6713.636313070701,312,True,Jeans,CO2,1_M_earth,1_F_earth
CO2_atmosphere_1_M_earth_1_F_earth.csv,7000,8.478315200431206,CH4,0.0,16.154077402152378,2641.5023684024077,0.0012330672461152744,0.0,763.0235264188713,7072532.329218871,6713.636313070701,312,True,Jeans,CO2,1_M_earth,1_F_earth
CO2_atmosphere_1_M_earth_1_F_earth.csv,7000,8.478315200431206,O2,0.0,32.308154804304756,1867.8242372176683,1.6331583549902404e-10,0.0,763.0235264188713,7072532.329218871,6713.636313070701,312,True,Jeans,CO2,1_M_earth,1_F_earth
CO2_atmosphere_1_M_earth_1_F_earth.csv,7000,8.478315200431206,S2,0.0,64.61630960860951,1320.7511842012038,2.1170015399022873e-24,0.0,763.0235264188713,7072532.329218871,6713.636313070701,312,True,Jeans,CO2,1_M_earth,1_F_earth
CO2_atmosphere_1_M_earth_1_F_earth.csv,7000,8.478315200431206,S,1.5246387929489783e-10,32.308154804304756,1867.8242372176683,1.6331583549902404e-10,55899746876.45226,763.0235264188713,7072532.329218871,6713.636313070701,312,True,Jeans,CO2,1_M_earth,1_F_earth
CO2_atmosphere_1_M_earth_1_F_earth.csv,7000,8.478315200431206,C,0.5635443973704164,12.115558051614283,3050.144206924328,0.06177065517743693,1456752706307.7969,763.0235264188713,7072532.329218871,6713.636313070701,312,True,Jeans,CO2,1_M_earth,1_F_earth
CO2_atmosphere_1_M_earth_1_F_earth.csv,7000,8.478315200431206,H2,0.0,2.0192596752690473,7471.296948870673,844.7694467101066,0.0,763.0235264188713,7072532.329218871,6713.636313070701,312,True,Jeans,CO2,1_M_earth,1_F_earth
CO2_atmosphere_1_M_earth_1_F_earth.csv,7000,8.478315200431206,CO2,0.0,44.42371285591905,1592.885861604714,1.0396544009801116e-15,0.0,763.0235264188713,7072532.329218871,6713.636313070701,312,True,Jeans,CO2,1_M_earth,1_F_earth
CO2_atmosphere_1_M_earth_1_F_earth.csv,7000,8.478315200431206,O,0.030343089132832606,16.154077402152378,2641.5023684024077,0.0012330672461152744,2946959716569.379,763.0235264188713,7072532.329218871,6713.636313070701,312,True,Jeans,CO2,1_M_earth,1_F_earth
CO2_atmosphere_1_M_earth_1_F_earth.csv,7000,8.478315200431206,N2O,0.0,44.42371285591905,1592.885861604714,1.0396544009801116e-15,0.0,763.0235264188713,7072532.329218871,6713.636313070701,312,True,Jeans,CO2,1_M_earth,1_F_earth
CO2_atmosphere_1_M_earth_1_F_earth.csv,7000,8.478315200431206,NH3,0.0,17.163707239786905,2562.633711821727,0.00046151174004342233,0.0,763.0235264188713,7072532.329218871,6713.636313070701,312,True,Jeans,CO2,1_M_earth,1_F_earth
CO2_atmosphere_1_M_earth_1000_F_earth.csv,200,5.266582605261078e-12,H2O,0.0,541.5844724504491,450.6113456653745,4.28071861957181e-231,0.0,939.6674742024569,7249176.277002457,219.7923485172654,314,True,Jeans,CO2,1_M_earth,1000_F_earth
CO2_atmosphere_1_M_earth_1000_F_earth.csv,200,5.266582605261078e-12,CO,0.0,842.4647349229207,361.29284358707025,0.0,0.0,939.6674742024569,7249176.277002457,219.7923485172654,314,True,Jeans,CO2,1_M_earth,1000_F_earth
CO2_atmosphere_1_M_earth_1000_F_earth.csv,200,5.266582605261078e-12,SO2,0.0,1925.6336798238187,238.97275364968627,0.0,0.0,939.6674742024569,7249176.277002457,219.7923485172654,314,True,Jeans,CO2,1_M_earth,1000_F_earth
CO2_atmosphere_1_M_earth_1000_F_earth.csv,200,5.266582605261078e-12,H,7.471696701976013e-10,30.088026247247168,1911.7820291974901,1.4366891842045539e-09,948527932188.5547,939.6674742024569,7249176.277002457,219.7923485172654,314,True,Jeans,CO2,1_M_earth,1000_F_earth
CO2_atmosphere_1_M_earth_1000_F_earth.csv,200,5.266582605261078e-12,NO2,0.0,1384.0492073733699,281.8768821266566,0.0,0.0,939.6674742024569,7249176.277002457,219.7923485172654,314,True,Jeans,CO2,1_M_earth,1000_F_earth
CO2_atmosphere_1_M_earth_1000_F_earth.csv,200,5.266582605261078e-12,H2S,0.0,1022.9928924064038,327.86791310824407,0.0,0.0,939.6674742024569,7249176.277002457,219.7923485172654,314,True,Jeans,CO2,1_M_earth,1000_F_earth
CO2_atmosphere_1_M_earth_1000_F_earth.csv,200,5.266582605261078e-12,N2,0.0,842.4647349229207,361.29284358707025,0.0,0.0,939.6674742024569,7249176.277002457,219.7923485172654,314,True,Jeans,CO2,1_M_earth,1000_F_earth
CO2_atmosphere_1_M_earth_1000_F_earth.csv,200,5.266582605261078e-12,OH,0.0,511.4964462032019,463.67524938464226,4.855296332229156e-218,0.0,939.6674742024569,7249176.277002457,219.7923485172654,314,True,Jeans,CO2,1_M_earth,1000_F_earth
CO2_atmosphere_1_M_earth_1000_F_earth.csv,200,5.266582605261078e-12,N,7.78966626125778e-179,421.23236746146034,510.94523938917604,7.005322926225923e-179,144862630858.12097,939.6674742024569,7249176.277002457,219.7923485172654,314,True,Jeans,CO2,1_M_earth,1000_F_earth
CO2_atmosphere_1_M_earth_1000_F_earth.csv,200,5.266582605261078e-12,NO,0.0,902.6407874174151,349.04204747482186,0.0,0.0,939.6674742024569,7249176.277002457,219.7923485172654,314,True,Jeans,CO2,1_M_earth,1000_F_earth
CO2_atmosphere_1_M_earth_1000_F_earth.csv,200,5.266582605261078e-12,CH4,0.0,481.4084199559547,477.94550729937254,5.4975349916127865e-205,0.0,939.6674742024569,7249176.277002457,219.7923485172654,314,True,Jeans,CO2,1_M_earth,1000_F_earth
CO2_atmosphere_1_M_earth_1000_F_earth.csv,200,5.266582605261078e-12,O2,0.0,962.8168399119094,337.9585092490309,0.0,0.0,939.6674742024569,7249176.277002457,219.7923485172654,314,True,Jeans,CO2,1_M_earth,1000_F_earth
CO2_atmosphere_1_M_earth_1000_F_earth.csv,200,5.266582605261078e-12,S2,0.0,1925.6336798238187,238.97275364968627,0.0,0.0,939.6674742024569,7249176.277002457,219.7923485172654,314,True,Jeans,CO2,1_M_earth,1000_F_earth
CO2_atmosphere_1_M_earth_1000_F_earth.csv,200,5.266582605261078e-12,S,0.0,962.8168399119094,337.9585092490309,0.0,110983080742.9774,939.6674742024569,7249176.277002457,219.7923485172654,314,True,Jeans,CO2,1_M_earth,1000_F_earth
CO2_atmosphere_1_M_earth_1000_F_earth.csv,200,5.266582605261078e-12,C,2.6520579477115665e-150,361.056314966966,551.88393459453,8.835959166880481e-153,45618581348751.78,939.6674742024569,7249176.277002457,219.7923485172654,314,True,Jeans,CO2,1_M_earth,1000_F_earth
CO2_atmosphere_1_M_earth_1000_F_earth.csv,200,5.266582605261078e-12,H2,0.0,60.176052494494336,1351.8340369961236,1.713059129919825e-22,0.0,939.6674742024569,7249176.277002457,219.7923485172654,314,True,Jeans,CO2,1_M_earth,1000_F_earth
CO2_atmosphere_1_M_earth_1000_F_earth.csv,200,5.266582605261078e-12,CO2,0.0,1323.8731548788755,288.2119850814703,0.0,0.0,939.6674742024569,7249176.277002457,219.7923485172654,314,True,Jeans,CO2,1_M_earth,1000_F_earth
CO2_atmosphere_1_M_earth_1000_F_earth.csv,200,5.266582605261078e-12,O,4.231699492632058e-202,481.4084199559547,477.94550729937254,5.4975349916127865e-205,87744629983447.48,939.6674742024569,7249176.277002457,219.7923485172654,314,True,Jeans,CO2,1_M_earth,1000_F_earth
CO2_atmosphere_1_M_earth_1000_F_earth.csv,200,5.266582605261078e-12,N2O,0.0,1323.8731548788755,288.2119850814703,0.0,0.0,939.6674742024569,7249176.277002457,219.7923485172654,314,True,Jeans,CO2,1_M_earth,1000_F_earth
CO2_atmosphere_1_M_earth_1000_F_earth.csv,200,5.266582605261078e-12,NH3,0.0,511.4964462032019,463.67524938464226,4.855296332229156e-218,0.0,939.6674742024569,7249176.277002457,219.7923485172654,314,True,Jeans,CO2,1_M_earth,1000_F_earth
CO2_atmosphere_1_M_earth_1000_F_earth.csv,300,2.9601437332421394e-08,H2O,0.0,376.6633831806685,540.0431551769232,1.5034866038709253e-159,0.0,947.3517005803772,7256860.503380377,315.6932213646992,314,True,Jeans,CO2,1_M_earth,1000_F_earth
CO2_atmosphere_1_M_earth_1000_F_earth.csv,300,2.9601437332421394e-08,CO,0.0,585.9208182810398,432.9978130166659,2.4733300468423065e-250,0.0,947.3517005803772,7256860.503380377,315.6932213646992,314,True,Jeans,CO2,1_M_earth,1000_F_earth
CO2_atmosphere_1_M_earth_1000_F_earth.csv,300,2.9601437332421394e-08,SO2,0.0,1339.247584642377,286.40113286923605,0.0,0.0,947.3517005803772,7256860.503380377,315.6932213646992,314,True,Jeans,CO2,1_M_earth,1000_F_earth
CO2_atmosphere_1_M_earth_1000_F_earth.csv,300,2.9601437332421394e-08,H,4.199553643561211e-06,20.92574351003714,2291.2090629538884,1.157388545037227e-05,660385360663.4963,947.3517005803772,7256860.503380377,315.6932213646992,314,True,Jeans,CO2,1_M_earth,1000_F_earth
CO2_atmosphere_1_M_earth_1000_F_earth.csv,300,2.9601437332421394e-08,NO2,0.0,962.5842014617084,337.8203462017501,0.0,0.0,947.3517005803772,7256860.503380377,315.6932213646992,314,True,Jeans,CO2,1_M_earth,1000_F_earth
CO2_atmosphere_1_M_earth_1000_F_earth.csv,300,2.9601437332421394e-08,H2S,0.0,711.4752793412628,392.9391125622853,8.085414700685721e-305,0.0,947.3517005803772,7256860.503380377,315.6932213646992,314,True,Jeans,CO2,1_M_earth,1000_F_earth
CO2_atmosphere_1_M_earth_1000_F_earth.csv,300,2.9601437332421394e-08,N2,0.0,585.9208182810398,432.9978130166659,2.4733300468423065e-250,0.0,947.3517005803772,7256860.503380377,315.6932213646992,314,True,Jeans,CO2,1_M_earth,1000_F_earth
CO2_atmosphere_1_M_earth_1000_F_earth.csv,300,2.9601437332421394e-08,OH,0.0,355.7376396706314,555.699822172432,1.789329598983735e-150,0.0,947.3517005803772,7256860.503380377,315.6932213646992,314,True,Jeans,CO2,1_M_earth,1000_F_earth
CO2_atmosphere_1_M_earth_1000_F_earth.csv,300,2.9601437332421394e-08,N,2.3139487655551106e-123,292.9604091405199,612.3513796460583,2.9826033819717126e-123,100856450800.74057,947.3517005803772,7256860.503380377,315.6932213646992,314,True,Jeans,CO2,1_M_earth,1000_F_earth
CO2_atmosphere_1_M_earth_1000_F_earth.csv,300,2.9601437332421394e-08,NO,0.0,627.7723053011142,418.3156292467063,1.707436180360867e-268,0.0,947.3517005803772,7256860.503380377,315.6932213646992,314,True,Jeans,CO2,1_M_earth,1000_F_earth
CO2_atmosphere_1_M_earth_1000_F_earth.csv,300,2.9601437332421394e-08,CH4,0.0,334.81189616059424,572.8022657384721,2.1258709338037425e-141,0.0,947.3517005803772,7256860.503380377,315.6932213646992,314,True,Jeans,CO2,1_M_earth,1000_F_earth
CO2_atmosphere_1_M_earth_1000_F_earth.csv,300,2.9601437332421394e-08,O2,0.0,669.6237923211885,405.03236638269243,1.176104193055958e-286,0.0,947.3517005803772,7256860.503380377,315.6932213646992,314,True,Jeans,CO2,1_M_earth,1000_F_earth
CO2_atmosphere_1_M_earth_1000_F_earth.csv,300,2.9601437332421394e-08,S2,0.0,1339.247584642377,286.40113286923605,0.0,0.0,947.3517005803772,7256860.503380377,315.6932213646992,314,True,Jeans,CO2,1_M_earth,1000_F_earth
CO2_atmosphere_1_M_earth_1000_F_earth.csv,300,2.9601437332421394e-08,S,1.597814586994365e-286,669.6237923211885,405.03236638269243,1.176104193055958e-286,77268785996.51791,947.3517005803772,7256860.503380377,315.6932213646992,314,True,Jeans,CO2,1_M_earth,1000_F_earth
CO2_atmosphere_1_M_earth_1000_F_earth.csv,300,2.9601437332421394e-08,C,8.674311140515166e-103,251.10892212044564,661.4150846330688,4.142267538962e-105,31760628521969.426,947.3517005803772,7256860.503380377,315.6932213646992,314,True,Jeans,CO2,1_M_earth,1000_F_earth
CO2_atmosphere_1_M_earth_1000_F_earth.csv,300,2.9601437332421394e-08,H2,0.0,41.85148702007428,1620.1294655307697,1.3062936438671867e-14,0.0,947.3517005803772,7256860.503380377,315.6932213646992,314,True,Jeans,CO2,1_M_earth,1000_F_earth
CO2_atmosphere_1_M_earth_1000_F_earth.csv,300,2.9601437332421394e-08,CO2,0.0,920.7327144416344,345.41276263999237,0.0,0.0,947.3517005803772,7256860.503380377,315.6932213646992,314,True,Jeans,CO2,1_M_earth,1000_F_earth
CO2_atmosphere_1_M_earth_1000_F_earth.csv,300,2.9601437332421394e-08,O,1.1416980322356085e-138,334.81189616059424,572.8022657384721,2.1258709338037425e-141,61089681338330.11,947.3517005803772,7256860.503380377,315.6932213646992,314,True,Jeans,CO2,1_M_earth,1000_F_earth
CO2_atmosphere_1_M_earth_1000_F_earth.csv,300,2.9601437332421394e-08,N2O,0.0,920.7327144416344,345.41276263999237,0.0,0.0,947.3517005803772,7256860.503380377,315.6932213646992,314,True,Jeans,CO2,1_M_earth,1000_F_earth
CO2_atmosphere_1_M_earth_1000_F_earth.csv,300,2.9601437332421394e-08,NH3,0.0,355.7376396706314,555.699822172432,1.789329598983735e-150,0.0,947.3517005803772,7256860.503380377,315.6932213646992,314,True,Jeans,CO2,1_M_earth,1000_F_earth
CO2_atmosphere_1_M_earth_1000_F_earth.csv,500,4.183530919900766e-05,H2O,0.0,233.8127291976139,684.7179409622765,1.2973295860366932e-97,0.0,962.7201533362177,7272228.956136217,507.49496705956665,314,True,Jeans,CO2,1_M_earth,1000_F_earth
CO2_atmosphere_1_M_earth_1000_F_earth.csv,500,4.183530919900766e-05,CO,0.0,363.7086898629549,548.9957017838884,6.240696981567232e-154,0.0,962.7201533362177,7272228.956136217,507.49496705956665,314,True,Jeans,CO2,1_M_earth,1000_F_earth
CO2_atmosphere_1_M_earth_1000_F_earth.csv,500,4.183530919900766e-05,SO2,0.0,831.3341482581826,363.1265244408869,0.0,0.0,962.7201533362177,7272228.956136217,507.49496705956665,314,True,Jeans,CO2,1_M_earth,1000_F_earth
CO2_atmosphere_1_M_earth_1000_F_earth.csv,500,4.183530919900766e-05,H,0.005935172106787393,12.989596066534103,2905.012195527095,0.026184139676414784,410800491397.7361,962.7201533362177,7272228.956136217,507.49496705956665,314,True,Jeans,CO2,1_M_earth,1000_F_earth
CO2_atmosphere_1_M_earth_1000_F_earth.csv,500,4.183530919900766e-05,NO2,0.0,597.5214190605687,428.3206807623474,2.2855392927657158e-255,0.0,962.7201533362177,7272228.956136217,507.49496705956665,314,True,Jeans,CO2,1_M_earth,1000_F_earth
CO2_atmosphere_1_M_earth_1000_F_earth.csv,500,4.183530919900766e-05,H2S,0.0,441.6462662621596,498.2054813546301,9.757172517489754e-188,0.0,962.7201533362177,7272228.956136217,507.49496705956665,314,True,Jeans,CO2,1_M_earth,1000_F_earth
CO2_atmosphere_1_M_earth_1000_F_earth.csv,500,4.183530919900766e-05,N2,0.0,363.7086898629549,548.9957017838884,6.240696981567232e-154,0.0,962.7201533362177,7272228.956136217,507.49496705956665,314,True,Jeans,CO2,1_M_earth,1000_F_earth
CO2_atmosphere_1_M_earth_1000_F_earth.csv,500,4.183530919900766e-05,OH,0.0,220.8231331310798,704.568948580334,5.521501659101505e-92,0.0,962.7201533362177,7272228.956136217,507.49496705956665,314,True,Jeans,CO2,1_M_earth,1000_F_earth
CO2_atmosphere_1_M_earth_1000_F_earth.csv,500,4.183530919900766e-05,N,2.040210921237502e-75,181.85434493147744,776.3971671473101,4.2096479790141337e-75,62738943074.00874,962.7201533362177,7272228.956136217,507.49496705956665,314,True,Jeans,CO2,1_M_earth,1000_F_earth
CO2_atmosphere_1_M_earth_1000_F_earth.csv,500,4.183530919900766e-05,NO,0.0,389.6878819960231,530.3802364392661,3.369112600911124e-165,0.0,962.7201533362177,7272228.956136217,507.49496705956665,314,True,Jeans,CO2,1_M_earth,1000_F_earth
CO2_atmosphere_1_M_earth_1000_F_earth.csv,500,4.183530919900766e-05,CH4,0.0,207.83353706454565,726.2530488817738,2.345983640778964e-86,0.0,962.7201533362177,7272228.956136217,507.49496705956665,314,True,Jeans,CO2,1_M_earth,1000_F_earth
CO2_atmosphere_1_M_earth_1000_F_earth.csv,500,4.183530919900766e-05,O2,0.0,415.6670741290913,513.5384557217075,1.814849510414489e-176,0.0,962.7201533362177,7272228.956136217,507.49496705956665,314,True,Jeans,CO2,1_M_earth,1000_F_earth
CO2_atmosphere_1_M_earth_1000_F_earth.csv,500,4.183530919900766e-05,S2,0.0,831.3341482581826,363.1265244408869,0.0,0.0,962.7201533362177,7272228.956136217,507.49496705956665,314,True,Jeans,CO2,1_M_earth,1000_F_earth
CO2_atmosphere_1_M_earth_1000_F_earth.csv,500,4.183530919900766e-05,S,1.540253685299845e-176,415.6670741290913,513.5384557217075,1.814849510414489e-176,48065958374.947136,962.7201533362177,7272228.956136217,507.49496705956665,314,True,Jeans,CO2,1_M_earth,1000_F_earth
CO2_atmosphere_1_M_earth_1000_F_earth.csv,500,4.183530919900766e-05,C,9.782632651139497e-62,155.87515279840923,838.6047865433572,7.478040976327019e-64,19757073038108.004,962.7201533362177,7272228.956136217,507.49496705956665,314,True,Jeans,CO2,1_M_earth,1000_F_earth
CO2_atmosphere_1_M_earth_1000_F_earth.csv,500,4.183530919900766e-05,H2,0.0,25.979192133068207,2054.15382288683,8.155248206042136e-08,0.0,962.7201533362177,7272228.956136217,507.49496705956665,314,True,Jeans,CO2,1_M_earth,1000_F_earth
CO2_atmosphere_1_M_earth_1000_F_earth.csv,500,4.183530919900766e-05,CO2,0.0,571.5422269275007,437.9470665440878,4.2853755087737946e-244,0.0,962.7201533362177,7272228.956136217,507.49496705956665,314,True,Jeans,CO2,1_M_earth,1000_F_earth
CO2_atmosphere_1_M_earth_1000_F_earth.csv,500,4.183530919900766e-05,O,7.870646235268479e-84,207.83353706454565,726.2530488817738,2.345983640778964e-86,38001555770259.99,962.7201533362177,7272228.956136217,507.49496705956665,314,True,Jeans,CO2,1_M_earth,1000_F_earth
CO2_atmosphere_1_M_earth_1000_F_earth.csv,500,4.183530919900766e-05,N2O,0.0,571.5422269275007,437.9470665440878,4.2853755087737946e-244,0.0,962.7201533362177,7272228.956136217,507.49496705956665,314,True,Jeans,CO2,1_M_earth,1000_F_earth
CO2_atmosphere_1_M_earth_1000_F_earth.csv,500,4.183530919900766e-05,NH3,0.0,220.8231331310798,704.568948580334,5.521501659101505e-92,0.0,962.7201533362177,7272228.956136217,507.49496705956665,314,True,Jeans,CO2,1_M_earth,1000_F_earth
CO2_atmosphere_1_M_earth_1000_F_earth.csv,1000,0.009303355467080325,H2O,0.0,119.56426368621821,954.9676600158002,3.850369237065814e-48,0.0,1001.5518538212488,7311060.656621248,987.155691312538,315,True,Jeans,CO2,1_M_earth,1000_F_earth
CO2_atmosphere_1_M_earth_1000_F_earth.csv,1000,0.009303355467080325,CO,0.0,185.9888546230061,765.6775284060739,6.797096448266757e-77,0.0,1001.5518538212488,7311060.656621248,987.155691312538,315,True,Jeans,CO2,1_M_earth,1000_F_earth
CO2_atmosphere_1_M_earth_1000_F_earth.csv,1000,0.009303355467080325,SO2,0.0,425.11738199544254,506.44808115826635,1.439879293653835e-180,0.0,1001.5518538212488,7311060.656621248,987.155691312538,315,True,Jeans,CO2,1_M_earth,1000_F_earth
CO2_atmosphere_1_M_earth_1000_F_earth.csv,1000,0.009303355467080325,H,1.3198663264344388,6.64245909367879,4051.584649266131,11.38858525241926,207811908656.111,1001.5518538212488,7311060.656621248,987.155691312538,315,True,Jeans,CO2,1_M_earth,1000_F_earth
CO2_atmosphere_1_M_earth_1000_F_earth.csv,1000,0.009303355467080325,NO2,0.0,305.5531183092243,597.3735662149511,1.0306556712140074e-128,0.0,1001.5518538212488,7311060.656621248,987.155691312538,315,True,Jeans,CO2,1_M_earth,1000_F_earth
CO2_atmosphere_1_M_earth_1000_F_earth.csv,1000,0.009303355467080325,H2S,0.0,225.84360918507886,694.8410349342493,3.6759858650737166e-94,0.0,1001.5518538212488,7311060.656621248,987.155691312538,315,True,Jeans,CO2,1_M_earth,1000_F_earth
CO2_atmosphere_1_M_earth_1000_F_earth.csv,1000,0.009303355467080325,N2,0.0,185.9888546230061,765.6775284060739,6.797096448266757e-77,0.0,1001.5518538212488,7311060.656621248,987.155691312538,315,True,Jeans,CO2,1_M_earth,1000_F_earth
CO2_atmosphere_1_M_earth_1000_F_earth.csv,1000,0.009303355467080325,OH,0.0,112.92180459253943,982.6536152973729,2.8713475238635485e-45,0.0,1001.5518538212488,7311060.656621248,987.155691312538,315,True,Jeans,CO2,1_M_earth,1000_F_earth
CO2_atmosphere_1_M_earth_1000_F_earth.csv,1000,0.009303355467080325,N,2.9186760558409407e-37,92.99442731150305,1082.8315450761804,1.177853953959484e-36,31737789462.996487,1001.5518538212488,7311060.656621248,987.155691312538,315,True,Jeans,CO2,1_M_earth,1000_F_earth
CO2_atmosphere_1_M_earth_1000_F_earth.csv,1000,0.009303355467080325,NO,0.0,199.2737728103637,739.7147686815722,1.1955934229768852e-82,0.0,1001.5518538212488,7311060.656621248,987.155691312538,315,True,Jeans,CO2,1_M_earth,1000_F_earth
CO2_atmosphere_1_M_earth_1000_F_earth.csv,1000,0.009303355467080325,CH4,0.0,106.27934549886064,1012.8961623165327,2.1376806125723906e-42,0.0,1001.5518538212488,7311060.656621248,987.155691312538,315,True,Jeans,CO2,1_M_earth,1000_F_earth
CO2_atmosphere_1_M_earth_1000_F_earth.csv,1000,0.009303355467080325,O2,0.0,212.55869099772127,716.2257450118502,2.0984356950840745e-88,0.0,1001.5518538212488,7311060.656621248,987.155691312538,315,True,Jeans,CO2,1_M_earth,1000_F_earth
CO2_atmosphere_1_M_earth_1000_F_earth.csv,1000,0.009303355467080325,S2,0.0,425.11738199544254,506.44808115826635,1.439879293653835e-180,0.0,1001.5518538212488,7311060.656621248,987.155691312538,315,True,Jeans,CO2,1_M_earth,1000_F_earth
CO2_atmosphere_1_M_earth_1000_F_earth.csv,1000,0.009303355467080325,S,9.10568173841102e-89,212.55869099772127,716.2257450118502,2.0984356950840745e-88,24315157261.12394,1001.5518538212488,7311060.656621248,987.155691312538,315,True,Jeans,CO2,1_M_earth,1000_F_earth
CO2_atmosphere_1_M_earth_1000_F_earth.csv,1000,0.009303355467080325,C,4.2982054329222e-29,79.70950912414547,1169.591743949178,6.426197962034709e-31,9994523238123.953,1001.5518538212488,7311060.656621248,987.155691312538,315,True,Jeans,CO2,1_M_earth,1000_F_earth
CO2_atmosphere_1_M_earth_1000_F_earth.csv,1000,0.009303355467080325,H2,0.0,13.28491818735758,2864.902980047401,0.019625290014193213,0.0,1001.5518538212488,7311060.656621248,987.155691312538,315,True,Jeans,CO2,1_M_earth,1000_F_earth
CO2_atmosphere_1_M_earth_1000_F_earth.csv,1000,0.009303355467080325,CO2,0.0,292.2682001218668,610.7993676354289,5.930510399596679e-123,0.0,1001.5518538212488,7311060.656621248,987.155691312538,315,True,Jeans,CO2,1_M_earth,1000_F_earth
CO2_atmosphere_1_M_earth_1000_F_earth.csv,1000,0.009303355467080325,O,3.6668521164211507e-40,106.27934549886064,1012.8961623165327,2.1376806125723906e-42,19223871445843.395,1001.5518538212488,7311060.656621248,987.155691312538,315,True,Jeans,CO2,1_M_earth,1000_F_earth
CO2_atmosphere_1_M_earth_1000_F_earth.csv,1000,0.009303355467080325,N2O,0.0,292.2682001218668,610.7993676354289,5.930510399596679e-123,0.0,1001.5518538212488,7311060.656621248,987.155691312538,315,True,Jeans,CO2,1_M_earth,1000_F_earth
CO2_atmosphere_1_M_earth_1000_F_earth.csv,1000,0.009303355467080325,NH3,0.0,112.92180459253943,982.6536152973729,2.8713475238635485e-45,0.0,1001.5518538212488,7311060.656621248,987.155691312538,315,True,Jeans,CO2,1_M_earth,1000_F_earth
CO2_atmosphere_1_M_earth_1000_F_earth.csv,2000,0.103417057983779,H2O,0.0,59.97117575536129,1341.2574762654983,2.0791273428064148e-22,0.0,1079.6029468616862,7389111.749661686,1947.298980022902,316,True,Jeans,CO2,1_M_earth,1000_F_earth
CO2_atmosphere_1_M_earth_1000_F_earth.csv,2000,0.103417057983779,CO,0.0,93.28849561945088,1075.3984164931235,8.744687509921977e-37,0.0,1079.6029468616862,7389111.749661686,1947.298980022902,316,True,Jeans,CO2,1_M_earth,1000_F_earth
CO2_atmosphere_1_M_earth_1000_F_earth.csv,2000,0.103417057983779,SO2,0.0,213.23084713017346,711.3091925883665,1.0674688588332786e-88,0.0,1079.6029468616862,7389111.749661686,1947.298980022902,316,True,Jeans,CO2,1_M_earth,1000_F_earth
CO2_atmosphere_1_M_earth_1000_F_earth.csv,2000,0.103417057983779,H,14.671770082680764,3.3317319864089603,5690.473540706932,248.4575723587377,103661344975.88509,1079.6029468616862,7389111.749661686,1947.298980022902,316,True,Jeans,CO2,1_M_earth,1000_F_earth
CO2_atmosphere_1_M_earth_1000_F_earth.csv,2000,0.103417057983779,NO2,0.0,153.25967137481217,839.0145502895137,1.005975458489451e-62,0.0,1079.6029468616862,7389111.749661686,1947.298980022902,316,True,Jeans,CO2,1_M_earth,1000_F_earth
CO2_atmosphere_1_M_earth_1000_F_earth.csv,2000,0.103417057983779,H2S,0.0,113.27888753790467,975.9081610221215,2.0015859689725463e-45,0.0,1079.6029468616862,7389111.749661686,1947.298980022902,316,True,Jeans,CO2,1_M_earth,1000_F_earth
CO2_atmosphere_1_M_earth_1000_F_earth.csv,2000,0.103417057983779,N2,0.0,93.28849561945088,1075.3984164931235,8.744687509921977e-37,0.0,1079.6029468616862,7389111.749661686,1947.298980022902,316,True,Jeans,CO2,1_M_earth,1000_F_earth
CO2_atmosphere_1_M_earth_1000_F_earth.csv,2000,0.103417057983779,OH,0.0,56.63944376895233,1380.1425569480705,5.660319030206133e-21,0.0,1079.6029468616862,7389111.749661686,1947.298980022902,316,True,Jeans,CO2,1_M_earth,1000_F_earth
CO2_atmosphere_1_M_earth_1000_F_earth.csv,2000,0.103417057983779,N,1.42697068605793e-17,46.64424780972544,1520.8430255591254,1.1301874932055251e-16,15831537102.81339,1079.6029468616862,7389111.749661686,1947.298980022902,316,True,Jeans,CO2,1_M_earth,1000_F_earth
CO2_atmosphere_1_M_earth_1000_F_earth.csv,2000,0.103417057983779,NO,0.0,99.95195959226882,1038.933573710493,1.154816807590427e-39,0.0,1079.6029468616862,7389111.749661686,1947.298980022902,316,True,Jeans,CO2,1_M_earth,1000_F_earth
CO2_atmosphere_1_M_earth_1000_F_earth.csv,2000,0.103417057983779,CH4,0.0,53.307711782543365,1422.618385176733,1.5385085688120236e-19,0.0,1079.6029468616862,7389111.749661686,1947.298980022902,316,True,Jeans,CO2,1_M_earth,1000_F_earth
CO2_atmosphere_1_M_earth_1000_F_earth.csv,2000,0.103417057983779,O2,0.0,106.61542356508673,1005.9431071991237,1.5217834842026287e-42,0.0,1079.6029468616862,7389111.749661686,1947.298980022902,316,True,Jeans,CO2,1_M_earth,1000_F_earth
CO2_atmosphere_1_M_earth_1000_F_earth.csv,2000,0.103417057983779,S2,0.0,213.23084713017346,711.3091925883665,1.0674688588332786e-88,0.0,1079.6029468616862,7389111.749661686,1947.298980022902,316,True,Jeans,CO2,1_M_earth,1000_F_earth
CO2_atmosphere_1_M_earth_1000_F_earth.csv,2000,0.103417057983779,S,3.364649047895068e-43,106.61542356508673,1005.9431071991237,1.5217834842026287e-42,12128957966.308277,1079.6029468616862,7389111.749661686,1947.298980022902,316,True,Jeans,CO2,1_M_earth,1000_F_earth
CO2_atmosphere_1_M_earth_1000_F_earth.csv,2000,0.103417057983779,C,2.802866957532569e-12,39.98078383690752,1642.698215271795,8.22430696512717e-14,4985497356511.579,1079.6029468616862,7389111.749661686,1947.298980022902,316,True,Jeans,CO2,1_M_earth,1000_F_earth
CO2_atmosphere_1_M_earth_1000_F_earth.csv,2000,0.103417057983779,H2,0.0,6.663463972817921,4023.7724287964948,11.105751837922389,0.0,1079.6029468616862,7389111.749661686,1947.298980022902,316,True,Jeans,CO2,1_M_earth,1000_F_earth
CO2_atmosphere_1_M_earth_1000_F_earth.csv,2000,0.103417057983779,CO2,0.0,146.5962074019943,857.8711642713672,7.708473673933874e-60,0.0,1079.6029468616862,7389111.749661686,1947.298980022902,316,True,Jeans,CO2,1_M_earth,1000_F_earth
CO2_atmosphere_1_M_earth_1000_F_earth.csv,2000,0.103417057983779,O,1.3446851218149827e-17,53.307711782543365,1422.618385176733,1.5385085688120236e-19,9589307863089.295,1079.6029468616862,7389111.749661686,1947.298980022902,316,True,Jeans,CO2,1_M_earth,1000_F_earth
CO2_atmosphere_1_M_earth_1000_F_earth.csv,2000,0.103417057983779,N2O,0.0,146.5962074019943,857.8711642713672,7.708473673933874e-60,0.0,1079.6029468616862,7389111.749661686,1947.298980022902,316,True,Jeans,CO2,1_M_earth,1000_F_earth
CO2_atmosphere_1_M_earth_1000_F_earth.csv,2000,0.103417057983779,NH3,0.0,56.63944376895233,1380.1425569480705,5.660319030206133e-21,0.0,1079.6029468616862,7389111.749661686,1947.298980022902,316,True,Jeans,CO2,1_M_earth,1000_F_earth
CO2_atmosphere_1_M_earth_1000_F_earth.csv,3000,0.19388438078095646,H2O,0.0,39.72928882453409,1639.166682458015,1.0488517484864257e-13,0.0,1158.4529063750124,7467961.709175012,2908.402845970511,317,True,Jeans,CO2,1_M_earth,1000_F_earth
CO2_atmosphere_1_M_earth_1000_F_earth.csv,3000,0.19388438078095646,CO,0.0,61.80111594927524,1314.257169765593,3.3663491013610727e-23,0.0,1158.4529063750124,7467961.709175012,2908.402845970511,317,True,Jeans,CO2,1_M_earth,1000_F_earth
CO2_atmosphere_1_M_earth_1000_F_earth.csv,3000,0.19388438078095646,SO2,0.0,141.25969359834343,869.299407495839,1.564375030684044e-57,0.0,1158.4529063750124,7467961.709175012,2908.402845970511,317,True,Jeans,CO2,1_M_earth,1000_F_earth
CO2_atmosphere_1_M_earth_1000_F_earth.csv,3000,0.19388438078095646,H,27.506308237771673,2.207182712474116,6954.395259966712,692.1669656296356,68294905066.41091,1158.4529063750124,7467961.709175012,2908.402845970511,317,True,Jeans,CO2,1_M_earth,1000_F_earth
CO2_atmosphere_1_M_earth_1000_F_earth.csv,3000,0.19388438078095646,NO2,0.0,101.53040477380934,1025.3696410038363,2.387996335381367e-40,0.0,1158.4529063750124,7467961.709175012,2908.402845970511,317,True,Jeans,CO2,1_M_earth,1000_F_earth
CO2_atmosphere_1_M_earth_1000_F_earth.csv,3000,0.19388438078095646,H2S,0.0,75.04421222411995,1192.668947606061,6.55682930215256e-29,0.0,1158.4529063750124,7467961.709175012,2908.402845970511,317,True,Jeans,CO2,1_M_earth,1000_F_earth
CO2_atmosphere_1_M_earth_1000_F_earth.csv,3000,0.19388438078095646,N2,0.0,61.80111594927524,1314.257169765593,3.3663491013610727e-23,0.0,1158.4529063750124,7467961.709175012,2908.402845970511,317,True,Jeans,CO2,1_M_earth,1000_F_earth
CO2_atmosphere_1_M_earth_1000_F_earth.csv,3000,0.19388438078095646,OH,0.0,37.52210611205997,1686.6886011257377,9.278897285725695e-13,0.0,1158.4529063750124,7467961.709175012,2908.402845970511,317,True,Jeans,CO2,1_M_earth,1000_F_earth
CO2_atmosphere_1_M_earth_1000_F_earth.csv,3000,0.19388438078095646,N,5.403841478432161e-11,30.90055797463762,1858.640313928581,6.359850165515408e-10,10430245948.897606,1158.4529063750124,7467961.709175012,2908.402845970511,317,True,Jeans,CO2,1_M_earth,1000_F_earth
CO2_atmosphere_1_M_earth_1000_F_earth.csv,3000,0.19388438078095646,NO,0.0,66.21548137422349,1269.6930525635908,4.21254882062736e-25,0.0,1158.4529063750124,7467961.709175012,2908.402845970511,317,True,Jeans,CO2,1_M_earth,1000_F_earth
CO2_atmosphere_1_M_earth_1000_F_earth.csv,3000,0.19388438078095646,CH4,0.0,35.31492339958586,1738.598814991678,8.196023942696186e-12,0.0,1158.4529063750124,7467961.709175012,2908.402845970511,317,True,Jeans,CO2,1_M_earth,1000_F_earth
CO2_atmosphere_1_M_earth_1000_F_earth.csv,3000,0.19388438078095646,O2,0.0,70.62984679917172,1229.3750118435112,5.260423983891744e-27,0.0,1158.4529063750124,7467961.709175012,2908.402845970511,317,True,Jeans,CO2,1_M_earth,1000_F_earth
CO2_atmosphere_1_M_earth_1000_F_earth.csv,3000,0.19388438078095646,S2,0.0,141.25969359834343,869.299407495839,1.564375030684044e-57,0.0,1158.4529063750124,7467961.709175012,2908.402845970511,317,True,Jeans,CO2,1_M_earth,1000_F_earth
CO2_atmosphere_1_M_earth_1000_F_earth.csv,3000,0.19388438078095646,S,7.827062760988176e-28,70.62984679917172,1229.3750118435112,5.260423983891744e-27,7990886410.515045,1158.4529063750124,7467961.709175012,2908.402845970511,317,True,Jeans,CO2,1_M_earth,1000_F_earth
CO2_atmosphere_1_M_earth_1000_F_earth.csv,3000,0.19388438078095646,C,1.1216709266488124e-06,26.486192549689388,2007.5609876964193,4.890701188521004e-08,3284580850759.8306,1158.4529063750124,7467961.709175012,2908.402845970511,317,True,Jeans,CO2,1_M_earth,1000_F_earth
CO2_atmosphere_1_M_earth_1000_F_earth.csv,3000,0.19388438078095646,H2,0.0,4.414365424948232,4917.500047374045,90.89760895160865,0.0,1158.4529063750124,7467961.709175012,2908.402845970511,317,True,Jeans,CO2,1_M_earth,1000_F_earth
CO2_atmosphere_1_M_earth_1000_F_earth.csv,3000,0.19388438078095646,CO2,0.0,97.11603934886112,1048.4145327788947,1.9306702990756348e-38,0.0,1158.4529063750124,7467961.709175012,2908.402845970511,317,True,Jeans,CO2,1_M_earth,1000_F_earth
CO2_atmosphere_1_M_earth_1000_F_earth.csv,3000,0.19388438078095646,O,4.820755002590655e-10,35.31492339958586,1738.598814991678,8.196023942696186e-12,6317696054538.188,1158.4529063750124,7467961.709175012,2908.402845970511,317,True,Jeans,CO2,1_M_earth,1000_F_earth
CO2_atmosphere_1_M_earth_1000_F_earth.csv,3000,0.19388438078095646,N2O,0.0,97.11603934886112,1048.4145327788947,1.9306702990756348e-38,0.0,1158.4529063750124,7467961.709175012,2908.402845970511,317,True,Jeans,CO2,1_M_earth,1000_F_earth
CO2_atmosphere_1_M_earth_1000_F_earth.csv,3000,0.19388438078095646,NH3,0.0,37.52210611205997,1686.6886011257377,9.278897285725695e-13,0.0,1158.4529063750124,7467961.709175012,2908.402845970511,317,True,Jeans,CO2,1_M_earth,1000_F_earth
CO2_atmosphere_1_M_earth_1000_F_earth.csv,5000,0.2756128554382393,H2O,0.0,23.388589378510467,2113.553462204561,1.011718475328664e-06,0.0,1320.5626478753873,7630071.450675387,4835.426656783584,320,True,Jeans,CO2,1_M_earth,1000_F_earth
CO2_atmosphere_1_M_earth_1000_F_earth.csv,5000,0.2756128554382393,CO,0.0,36.38225014434961,1694.6127694712861,2.8282676429308085e-12,0.0,1320.5626478753873,7630071.450675387,4835.426656783584,320,True,Jeans,CO2,1_M_earth,1000_F_earth
CO2_atmosphere_1_M_earth_1000_F_earth.csv,5000,0.2756128554382393,SO2,0.0,83.15942890137055,1120.880989143863,2.0388076803831065e-32,0.0,1320.5626478753873,7630071.450675387,4835.426656783584,320,True,Jeans,CO2,1_M_earth,1000_F_earth
CO2_atmosphere_1_M_earth_1000_F_earth.csv,5000,0.2756128554382393,H,37.70679119600961,1.2993660765839148,8967.047913150904,1586.1533070264693,39137063673.93553,1320.5626478753873,7630071.450675387,4835.426656783584,320,False,hydrodynamic_candidate,CO2,1_M_earth,1000_F_earth
CO2_atmosphere_1_M_earth_1000_F_earth.csv,5000,0.2756128554382393,NO2,0.0,59.77083952286008,1322.1190852496575,2.495830541819193e-22,0.0,1320.5626478753873,7630071.450675387,4835.426656783584,320,True,Jeans,CO2,1_M_earth,1000_F_earth
CO2_atmosphere_1_M_earth_1000_F_earth.csv,5000,0.2756128554382393,H2S,0.0,44.178446603853104,1537.8360300104664,1.2757947624897897e-15,0.0,1320.5626478753873,7630071.450675387,4835.426656783584,320,True,Jeans,CO2,1_M_earth,1000_F_earth
CO2_atmosphere_1_M_earth_1000_F_earth.csv,5000,0.2756128554382393,N2,0.0,36.38225014434961,1694.6127694712861,2.8282676429308085e-12,0.0,1320.5626478753873,7630071.450675387,4835.426656783584,320,True,Jeans,CO2,1_M_earth,1000_F_earth
CO2_atmosphere_1_M_earth_1000_F_earth.csv,5000,0.2756128554382393,OH,0.0,22.089223301926552,2174.8285703467996,3.6141122074564637e-06,0.0,1320.5626478753873,7630071.450675387,4835.426656783584,320,True,Jeans,CO2,1_M_earth,1000_F_earth
CO2_atmosphere_1_M_earth_1000_F_earth.csv,5000,0.2756128554382393,N,8.296299697004364e-06,18.191125072174806,2396.5443615569243,0.00016322088857453212,5977154510.13316,1320.5626478753873,7630071.450675387,4835.426656783584,320,True,Jeans,CO2,1_M_earth,1000_F_earth
CO2_atmosphere_1_M_earth_1000_F_earth.csv,5000,0.2756128554382393,NO,0.0,38.98098229751744,1637.1514720874586,2.1732609680266955e-13,0.0,1320.5626478753873,7630071.450675387,4835.426656783584,320,True,Jeans,CO2,1_M_earth,1000_F_earth
CO2_atmosphere_1_M_earth_1000_F_earth.csv,5000,0.2756128554382393,CH4,0.0,20.789857225342637,2241.761978287726,1.2891951976233495e-05,0.0,1320.5626478753873,7630071.450675387,4835.426656783584,320,True,Jeans,CO2,1_M_earth,1000_F_earth
CO2_atmosphere_1_M_earth_1000_F_earth.csv,5000,0.2756128554382393,O2,0.0,41.57971445068527,1585.1650966534212,1.666601501362205e-14,0.0,1320.5626478753873,7630071.450675387,4835.426656783584,320,True,Jeans,CO2,1_M_earth,1000_F_earth
CO2_atmosphere_1_M_earth_1000_F_earth.csv,5000,0.2756128554382393,S2,0.0,83.15942890137055,1120.880989143863,2.0388076803831065e-32,0.0,1320.5626478753873,7630071.450675387,4835.426656783584,320,True,Jeans,CO2,1_M_earth,1000_F_earth
CO2_atmosphere_1_M_earth_1000_F_earth.csv,5000,0.2756128554382393,S,1.4834155036097728e-15,41.57971445068527,1585.1650966534212,1.666601501362205e-14,4579255655.3874855,1320.5626478753873,7630071.450675387,4835.426656783584,320,True,Jeans,CO2,1_M_earth,1000_F_earth
CO2_atmosphere_1_M_earth_1000_F_earth.csv,5000,0.2756128554382393,C,0.028120307561791118,15.592392919006976,2588.5637632469734,0.0020496171881990892,1882261199036.358,1320.5626478753873,7630071.450675387,4835.426656783584,320,True,Jeans,CO2,1_M_earth,1000_F_earth
CO2_atmosphere_1_M_earth_1000_F_earth.csv,5000,0.2756128554382393,H2,0.0,2.5987321531678296,6340.660386613685,478.70068676215345,0.0,1320.5626478753873,7630071.450675387,4835.426656783584,320,True,Jeans,CO2,1_M_earth,1000_F_earth
CO2_atmosphere_1_M_earth_1000_F_earth.csv,5000,0.2756128554382393,CO2,0.0,57.17210736969226,1351.8333365936792,3.28474959418281e-21,0.0,1320.5626478753873,7630071.450675387,4835.426656783584,320,True,Jeans,CO2,1_M_earth,1000_F_earth
CO2_atmosphere_1_M_earth_1000_F_earth.csv,5000,0.2756128554382393,O,0.0004536109180452938,20.789857225342637,2241.761978287726,1.2891951976233495e-05,3620417548257.7676,1320.5626478753873,7630071.450675387,4835.426656783584,320,True,Jeans,CO2,1_M_earth,1000_F_earth
CO2_atmosphere_1_M_earth_1000_F_earth.csv,5000,0.2756128554382393,N2O,0.0,57.17210736969226,1351.8333365936792,3.28474959418281e-21,0.0,1320.5626478753873,7630071.450675387,4835.426656783584,320,True,Jeans,CO2,1_M_earth,1000_F_earth
CO2_atmosphere_1_M_earth_1000_F_earth.csv,5000,0.2756128554382393,NH3,0.0,22.089223301926552,2174.8285703467996,3.6141122074564637e-06,0.0,1320.5626478753873,7630071.450675387,4835.426656783584,320,True,Jeans,CO2,1_M_earth,1000_F_earth
CO2_atmosphere_1_M_earth_1000_F_earth.csv,6000,0.3966687810237026,H2O,0.0,19.293331900174827,2314.7294582173954,5.536828647580504e-05,0.0,1402.2137564826066,7711722.5592826065,5799.743705393346,321,True,Jeans,CO2,1_M_earth,1000_F_earth
CO2_atmosphere_1_M_earth_1000_F_earth.csv,6000,0.3966687810237026,CO,0.0,30.011849622494175,1855.912409083363,1.5014107815864479e-09,0.0,1402.2137564826066,7711722.5592826065,5799.743705393346,321,True,Jeans,CO2,1_M_earth,1000_F_earth
CO2_atmosphere_1_M_earth_1000_F_earth.csv,6000,0.3966687810237026,SO2,0.0,68.59851342284382,1227.5706723883375,3.8912191395781387e-26,0.0,1402.2137564826066,7711722.5592826065,5799.743705393346,321,True,Jeans,CO2,1_M_earth,1000_F_earth
CO2_atmosphere_1_M_earth_1000_F_earth.csv,6000,0.3966687810237026,H,39.149869446774716,1.0718517722319347,9820.5653791067,1965.1283919072744,32107584029.69781,1402.2137564826066,7711722.5592826065,5799.743705393346,321,False,hydrodynamic_candidate,CO2,1_M_earth,1000_F_earth
CO2_atmosphere_1_M_earth_1000_F_earth.csv,6000,0.3966687810237026,NO2,0.0,49.305181522669,1447.9633700425509,7.939572143613133e-18,0.0,1402.2137564826066,7711722.5592826065,5799.743705393346,321,True,Jeans,CO2,1_M_earth,1000_F_earth
CO2_atmosphere_1_M_earth_1000_F_earth.csv,6000,0.3966687810237026,H2S,0.0,36.44296025588579,1684.213067816305,2.649633062251396e-12,0.0,1402.2137564826066,7711722.5592826065,5799.743705393346,321,True,Jeans,CO2,1_M_earth,1000_F_earth
CO2_atmosphere_1_M_earth_1000_F_earth.csv,6000,0.3966687810237026,N2,0.0,30.011849622494175,1855.912409083363,1.5014107815864479e-09,0.0,1402.2137564826066,7711722.5592826065,5799.743705393346,321,True,Jeans,CO2,1_M_earth,1000_F_earth
CO2_atmosphere_1_M_earth_1000_F_earth.csv,6000,0.3966687810237026,OH,0.0,18.221480127942893,2381.8369624318157,0.00015761794242255832,0.0,1402.2137564826066,7711722.5592826065,5799.743705393346,321,True,Jeans,CO2,1_M_earth,1000_F_earth
CO2_atmosphere_1_M_earth_1000_F_earth.csv,6000,0.3966687810237026,N,0.00015350822133774266,15.005924811247088,2624.6564995022154,0.003603777524859068,4903586847.788916,1402.2137564826066,7711722.5592826065,5799.743705393346,321,True,Jeans,CO2,1_M_earth,1000_F_earth
CO2_atmosphere_1_M_earth_1000_F_earth.csv,6000,0.3966687810237026,NO,0.0,32.15555316695804,1792.9817285303377,1.817807567251184e-10,0.0,1402.2137564826066,7711722.5592826065,5799.743705393346,321,True,Jeans,CO2,1_M_earth,1000_F_earth
CO2_atmosphere_1_M_earth_1000_F_earth.csv,6000,0.3966687810237026,CH4,0.0,17.149628355710956,2455.141344776675,0.0004480746176583334,0.0,1402.2137564826066,7711722.5592826065,5799.743705393346,321,True,Jeans,CO2,1_M_earth,1000_F_earth
CO2_atmosphere_1_M_earth_1000_F_earth.csv,6000,0.3966687810237026,O2,0.0,34.29925671142191,1736.0470936630466,2.1965657499532452e-11,0.0,1402.2137564826066,7711722.5592826065,5799.743705393346,321,True,Jeans,CO2,1_M_earth,1000_F_earth
CO2_atmosphere_1_M_earth_1000_F_earth.csv,6000,0.3966687810237026,S2,0.0,68.59851342284382,1227.5706723883375,3.8912191395781387e-26,0.0,1402.2137564826066,7711722.5592826065,5799.743705393346,321,True,Jeans,CO2,1_M_earth,1000_F_earth
CO2_atmosphere_1_M_earth_1000_F_earth.csv,6000,0.3966687810237026,S,1.6384765318931912e-12,34.29925671142191,1736.0470936630466,2.1965657499532452e-11,3756767165.1039248,1402.2137564826066,7711722.5592826065,5799.743705393346,321,True,Jeans,CO2,1_M_earth,1000_F_earth
CO2_atmosphere_1_M_earth_1000_F_earth.csv,6000,0.3966687810237026,C,0.33066964303170643,12.862221266783216,2834.9530326107865,0.028759547044644278,1544184819724.9395,1402.2137564826066,7711722.5592826065,5799.743705393346,321,True,Jeans,CO2,1_M_earth,1000_F_earth
CO2_atmosphere_1_M_earth_1000_F_earth.csv,6000,0.3966687810237026,H2,0.0,2.1437035444638695,6944.188374652186,721.8708850697471,0.0,1402.2137564826066,7711722.5592826065,5799.743705393346,321,True,Jeans,CO2,1_M_earth,1000_F_earth
CO2_atmosphere_1_M_earth_1000_F_earth.csv,6000,0.3966687810237026,CO2,0.0,47.16147797820514,1480.505935984148,6.63033363951704e-17,0.0,1402.2137564826066,7711722.5592826065,5799.743705393346,321,True,Jeans,CO2,1_M_earth,1000_F_earth
CO2_atmosphere_1_M_earth_1000_F_earth.csv,6000,0.3966687810237026,O,0.0132123520076049,17.149628355710956,2455.141344776675,0.0004480746176583334,2970147725484.4263,1402.2137564826066,7711722.5592826065,5799.743705393346,321,True,Jeans,CO2,1_M_earth,1000_F_earth
CO2_atmosphere_1_M_earth_1000_F_earth.csv,6000,0.3966687810237026,N2O,0.0,47.16147797820514,1480.505935984148,6.63033363951704e-17,0.0,1402.2137564826066,7711722.5592826065,5799.743705393346,321,True,Jeans,CO2,1_M_earth,1000_F_earth
CO2_atmosphere_1_M_earth_1000_F_earth.csv,6000,0.3966687810237026,NH3,0.0,18.221480127942893,2381.8369624318157,0.00015761794242255832,0.0,1402.2137564826066,7711722.5592826065,5799.743705393346,321,True,Jeans,CO2,1_M_earth,1000_F_earth
CO2_atmosphere_1_M_earth_1000_F_earth.csv,7000,0.9927149419860866,H2O,0.0,16.352904101762647,2500.452626816863,0.0009678540040942149,0.0,1487.4808511009608,7796989.65390096,6767.769932227822,323,True,Jeans,CO2,1_M_earth,1000_F_earth
CO2_atmosphere_1_M_earth_1000_F_earth.csv,7000,0.9927149419860866,CO,0.0,25.437850824964116,2004.822223158776,1.3402284684312331e-07,0.0,1487.4808511009608,7796989.65390096,6767.769932227822,323,True,Jeans,CO2,1_M_earth,1000_F_earth
CO2_atmosphere_1_M_earth_1000_F_earth.csv,7000,0.9927149419860866,SO2,0.0,58.14365902848942,1326.0652563434396,1.2399320335918799e-21,0.0,1487.4808511009608,7796989.65390096,6767.769932227822,323,True,Jeans,CO2,1_M_earth,1000_F_earth
CO2_atmosphere_1_M_earth_1000_F_earth.csv,7000,0.9927149419860866,H,38.90695008491782,0.9084946723201471,10608.522050747517,2302.4312986959008,26641435701.17342,1487.4808511009608,7796989.65390096,6767.769932227822,323,False,hydrodynamic_candidate,CO2,1_M_earth,1000_F_earth
CO2_atmosphere_1_M_earth_1000_F_earth.csv,7000,0.9927149419860866,NO2,0.0,41.79075492672677,1564.1412430745747,1.338217561457868e-14,0.0,1487.4808511009608,7796989.65390096,6767.769932227822,323,True,Jeans,CO2,1_M_earth,1000_F_earth
CO2_atmosphere_1_M_earth_1000_F_earth.csv,7000,0.9927149419860866,H2S,0.0,30.888818858885003,1819.3465221563056,6.296588959472706e-10,0.0,1487.4808511009608,7796989.65390096,6767.769932227822,323,True,Jeans,CO2,1_M_earth,1000_F_earth
CO2_atmosphere_1_M_earth_1000_F_earth.csv,7000,0.9927149419860866,N2,0.0,25.437850824964116,2004.822223158776,1.3402284684312331e-07,0.0,1487.4808511009608,7796989.65390096,6767.769932227822,323,True,Jeans,CO2,1_M_earth,1000_F_earth
CO2_atmosphere_1_M_earth_1000_F_earth.csv,7000,0.9927149419860866,OH,0.0,15.444409429442501,2572.9445262897702,0.0023411108648856735,0.0,1487.4808511009608,7796989.65390096,6767.769932227822,323,True,Jeans,CO2,1_M_earth,1000_F_earth
CO2_atmosphere_1_M_earth_1000_F_earth.csv,7000,0.9927149419860866,N,0.0011869206697558052,12.718925412482058,2835.2467781381206,0.03285087230869342,4068776822.0011277,1487.4808511009608,7796989.65390096,6767.769932227822,323,True,Jeans,CO2,1_M_earth,1000_F_earth
CO2_atmosphere_1_M_earth_1000_F_earth.csv,7000,0.9927149419860866,NO,0.0,27.254840169604414,1936.84227632846,2.2488241070838153e-08,0.0,1487.4808511009608,7796989.65390096,6767.769932227822,323,True,Jeans,CO2,1_M_earth,1000_F_earth
CO2_atmosphere_1_M_earth_1000_F_earth.csv,7000,0.9927149419860866,CH4,0.0,14.535914757122354,2652.1305126868792,0.005655346529606344,0.0,1487.4808511009608,7796989.65390096,6767.769932227822,323,True,Jeans,CO2,1_M_earth,1000_F_earth
CO2_atmosphere_1_M_earth_1000_F_earth.csv,7000,0.9927149419860866,O2,0.0,29.07182951424471,1875.3394701126472,3.766167887198392e-09,0.0,1487.4808511009608,7796989.65390096,6767.769932227822,323,True,Jeans,CO2,1_M_earth,1000_F_earth
CO2_atmosphere_1_M_earth_1000_F_earth.csv,7000,0.9927149419860866,S2,0.0,58.14365902848942,1326.0652563434396,1.2399320335918799e-21,0.0,1487.4808511009608,7796989.65390096,6767.769932227822,323,True,Jeans,CO2,1_M_earth,1000_F_earth
CO2_atmosphere_1_M_earth_1000_F_earth.csv,7000,0.9927149419860866,S,2.38285059760555e-10,29.07182951424471,1875.3394701126472,3.766167887198392e-09,3117197194.9313226,1487.4808511009608,7796989.65390096,6767.769932227822,323,True,Jeans,CO2,1_M_earth,1000_F_earth
CO2_atmosphere_1_M_earth_1000_F_earth.csv,7000,0.9927149419860866,C,1.8473095253873293,10.901936067841763,3062.4165308515803,0.1894201888078755,1281295426880.4019,1487.4808511009608,7796989.65390096,6767.769932227822,323,True,Jeans,CO2,1_M_earth,1000_F_earth
CO2_atmosphere_1_M_earth_1000_F_earth.csv,7000,0.9927149419860866,H2,0.0,1.8169893446402943,7501.357880450589,968.7499917052916,0.0,1487.4808511009608,7796989.65390096,6767.769932227822,323,True,Jeans,CO2,1_M_earth,1000_F_earth
CO2_atmosphere_1_M_earth_1000_F_earth.csv,7000,0.9927149419860866,CO2,0.0,39.97376558208648,1599.294873751869,8.062016421402479e-14,0.0,1487.4808511009608,7796989.65390096,6767.769932227822,323,True,Jeans,CO2,1_M_earth,1000_F_earth
CO2_atmosphere_1_M_earth_1000_F_earth.csv,7000,0.9927149419860866,O,0.1414458252601247,14.535914757122354,2652.1305126868792,0.005655346529606344,2464495602605.593,1487.4808511009608,7796989.65390096,6767.769932227822,323,True,Jeans,CO2,1_M_earth,1000_F_earth
CO2_atmosphere_1_M_earth_1000_F_earth.csv,7000,0.9927149419860866,N2O,0.0,39.97376558208648,1599.294873751869,8.062016421402479e-14,0.0,1487.4808511009608,7796989.65390096,6767.769932227822,323,True,Jeans,CO2,1_M_earth,1000_F_earth
CO2_atmosphere_1_M_earth_1000_F_earth.csv,7000,0.9927149419860866,NH3,0.0,15.444409429442501,2572.9445262897702,0.0023411108648856735,0.0,1487.4808511009608,7796989.65390096,6767.769932227822,323,True,Jeans,CO2,1_M_earth,1000_F_earth
N2_atmosphere_1_M_earth_1_F_earth.csv,200,4.153491774533436e-12,H2O,0.0,635.8308501117584,428.5910186707309,5.605735476259393e-272,0.0,518.1188039554088,6825457.0058554085,198.8357431177655,285,True,Jeans,N2,1_M_earth,1_F_earth
N2_atmosphere_1_M_earth_1_F_earth.csv,200,4.153491774533436e-12,CO,0.0,989.0702112849577,343.6373037673518,0.0,0.0,518.1188039554088,6825457.0058554085,198.8357431177655,285,True,Jeans,N2,1_M_earth,1_F_earth
N2_atmosphere_1_M_earth_1_F_earth.csv,200,4.153491774533436e-12,SO2,0.0,2260.7319115084747,227.294711743293,0.0,0.0,518.1188039554088,6825457.0058554085,198.8357431177655,285,True,Jeans,N2,1_M_earth,1_F_earth
N2_atmosphere_1_M_earth_1_F_earth.csv,200,4.153491774533436e-12,H,5.3415889975321254e-11,35.32393611731992,1818.357693946344,8.49721789109262e-12,12933059533068.613,518.1188039554088,6825457.0058554085,198.8357431177655,285,True,Jeans,N2,1_M_earth,1_F_earth
N2_atmosphere_1_M_earth_1_F_earth.csv,200,4.153491774533436e-12,NO2,0.0,1624.9010613967162,268.1022153847567,0.0,0.0,518.1188039554088,6825457.0058554085,198.8357431177655,285,True,Jeans,N2,1_M_earth,1_F_earth
N2_atmosphere_1_M_earth_1_F_earth.csv,200,4.153491774533436e-12,H2S,0.0,1201.0138279888772,311.8457717947931,0.0,0.0,518.1188039554088,6825457.0058554085,198.8357431177655,285,True,Jeans,N2,1_M_earth,1_F_earth
N2_atmosphere_1_M_earth_1_F_earth.csv,200,4.153491774533436e-12,N2,0.0,989.0702112849577,343.6373037673518,0.0,0.0,518.1188039554088,6825457.0058554085,198.8357431177655,285,True,Jeans,N2,1_M_earth,1_F_earth
N2_atmosphere_1_M_earth_1_F_earth.csv,200,4.153491774533436e-12,OH,0.0,600.5069139944386,441.0165198409016,1.194679624982915e-256,0.0,518.1188039554088,6825457.0058554085,198.8357431177655,285,True,Jeans,N2,1_M_earth,1_F_earth
N2_atmosphere_1_M_earth_1_F_earth.csv,200,4.153491774533436e-12,N,1.1785234995936116e-207,494.53510564247887,485.97653552511196,1.1434503393461632e-210,151460876662015.2,518.1188039554088,6825457.0058554085,198.8357431177655,285,True,Jeans,N2,1_M_earth,1_F_earth
N2_atmosphere_1_M_earth_1_F_earth.csv,200,4.153491774533436e-12,NO,0.0,1059.7180835195975,331.9851755291625,0.0,0.0,518.1188039554088,6825457.0058554085,198.8357431177655,285,True,Jeans,N2,1_M_earth,1_F_earth
N2_atmosphere_1_M_earth_1_F_earth.csv,200,4.153491774533436e-12,CH4,0.0,565.1829778771187,454.589423486586,2.5416903835100862e-241,0.0,518.1188039554088,6825457.0058554085,198.8357431177655,285,True,Jeans,N2,1_M_earth,1_F_earth
N2_atmosphere_1_M_earth_1_F_earth.csv,200,4.153491774533436e-12,O2,0.0,1130.3659557542373,321.4432640030481,0.0,0.0,518.1188039554088,6825457.0058554085,198.8357431177655,285,True,Jeans,N2,1_M_earth,1_F_earth
N2_atmosphere_1_M_earth_1_F_earth.csv,200,4.153491774533436e-12,S2,0.0,2260.7319115084747,227.294711743293,0.0,0.0,518.1188039554088,6825457.0058554085,198.8357431177655,285,True,Jeans,N2,1_M_earth,1_F_earth
N2_atmosphere_1_M_earth_1_F_earth.csv,200,4.153491774533436e-12,S,0.0,1130.3659557542373,321.4432640030481,0.0,1894464916455.9336,518.1188039554088,6825457.0058554085,198.8357431177655,285,True,Jeans,N2,1_M_earth,1_F_earth
N2_atmosphere_1_M_earth_1_F_earth.csv,200,4.153491774533436e-12,C,4.924769998076339e-181,423.88723340783895,524.9146520414744,5.091796371451845e-180,16582165372.462105,518.1188039554088,6825457.0058554085,198.8357431177655,285,True,Jeans,N2,1_M_earth,1_F_earth
N2_atmosphere_1_M_earth_1_F_earth.csv,200,4.153491774533436e-12,H2,0.0,70.64787223463983,1285.7730560121925,5.404824747075454e-27,0.0,518.1188039554088,6825457.0058554085,198.8357431177655,285,True,Jeans,N2,1_M_earth,1_F_earth
N2_atmosphere_1_M_earth_1_F_earth.csv,200,4.153491774533436e-12,CO2,0.0,1554.2531891620765,274.12773661254187,0.0,0.0,518.1188039554088,6825457.0058554085,198.8357431177655,285,True,Jeans,N2,1_M_earth,1_F_earth
N2_atmosphere_1_M_earth_1_F_earth.csv,200,4.153491774533436e-12,O,4.021646572238264e-242,565.1829778771187,454.589423486586,2.5416903835100862e-241,20345521957.042538,518.1188039554088,6825457.0058554085,198.8357431177655,285,True,Jeans,N2,1_M_earth,1_F_earth
N2_atmosphere_1_M_earth_1_F_earth.csv,200,4.153491774533436e-12,N2O,0.0,1554.2531891620765,274.12773661254187,0.0,0.0,518.1188039554088,6825457.0058554085,198.8357431177655,285,True,Jeans,N2,1_M_earth,1_F_earth
N2_atmosphere_1_M_earth_1_F_earth.csv,200,4.153491774533436e-12,NH3,0.0,600.5069139944386,441.0165198409016,1.194679624982915e-256,0.0,518.1188039554088,6825457.0058554085,198.8357431177655,285,True,Jeans,N2,1_M_earth,1_F_earth
N2_atmosphere_1_M_earth_1_F_earth.csv,300,2.0552248234119703e-07,H2O,0.0,430.7541008685131,520.3584601043673,5.343245081585211e-183,0.0,527.4459335093703,6834784.13540937,293.0984788194981,286,True,Jeans,N2,1_M_earth,1_F_earth
N2_atmosphere_1_M_earth_1_F_earth.csv,300,2.0552248234119703e-07,CO,0.0,670.0619346843538,417.21494486138977,7.821981103596341e-287,0.0,527.4459335093703,6834784.13540937,293.0984788194981,286,True,Jeans,N2,1_M_earth,1_F_earth
N2_atmosphere_1_M_earth_1_F_earth.csv,300,2.0552248234119703e-07,SO2,0.0,1531.5701364213799,275.9617468406907,0.0,0.0,527.4459335093703,6834784.13540937,293.0984788194981,286,True,Jeans,N2,1_M_earth,1_F_earth
N2_atmosphere_1_M_earth_1_F_earth.csv,300,2.0552248234119703e-07,H,2.643117381742129e-06,23.93078338158406,2207.6939747255255,6.28149032716045e-07,8633267220080.672,527.4459335093703,6834784.13540937,293.0984788194981,286,True,Jeans,N2,1_M_earth,1_F_earth
N2_atmosphere_1_M_earth_1_F_earth.csv,300,2.0552248234119703e-07,NO2,0.0,1100.8160355528669,325.50671822491154,0.0,0.0,527.4459335093703,6834784.13540937,293.0984788194981,286,True,Jeans,N2,1_M_earth,1_F_earth
N2_atmosphere_1_M_earth_1_F_earth.csv,300,2.0552248234119703e-07,H2S,0.0,813.6466349738581,378.6163930930693,0.0,0.0,527.4459335093703,6834784.13540937,293.0984788194981,286,True,Jeans,N2,1_M_earth,1_F_earth
N2_atmosphere_1_M_earth_1_F_earth.csv,300,2.0552248234119703e-07,N2,0.0,670.0619346843538,417.21494486138977,7.821981103596341e-287,0.0,527.4459335093703,6834784.13540937,293.0984788194981,286,True,Jeans,N2,1_M_earth,1_F_earth
N2_atmosphere_1_M_earth_1_F_earth.csv,300,2.0552248234119703e-07,OH,0.0,406.82331748692906,535.4444380490016,1.2836884647892378e-172,0.0,527.4459335093703,6834784.13540937,293.0984788194981,286,True,Jeans,N2,1_M_earth,1_F_earth
N2_atmosphere_1_M_earth_1_F_earth.csv,300,2.0552248234119703e-07,N,1.2143106999320627e-138,335.0309673421769,590.0310334477205,1.760146600825059e-141,101105404971456.44,527.4459335093703,6834784.13540937,293.0984788194981,286,True,Jeans,N2,1_M_earth,1_F_earth
N2_atmosphere_1_M_earth_1_F_earth.csv,300,2.0552248234119703e-07,NO,0.0,717.9235014475219,403.06793000847017,1.325076300444033e-307,0.0,527.4459335093703,6834784.13540937,293.0984788194981,286,True,Jeans,N2,1_M_earth,1_F_earth
N2_atmosphere_1_M_earth_1_F_earth.csv,300,2.0552248234119703e-07,CH4,0.0,382.89253410534496,551.9234936813814,3.078710771865829e-162,0.0,527.4459335093703,6834784.13540937,293.0984788194981,286,True,Jeans,N2,1_M_earth,1_F_earth
N2_atmosphere_1_M_earth_1_F_earth.csv,300,2.0552248234119703e-07,O2,0.0,765.7850682106899,390.26884507827543,0.0,0.0,527.4459335093703,6834784.13540937,293.0984788194981,286,True,Jeans,N2,1_M_earth,1_F_earth
N2_atmosphere_1_M_earth_1_F_earth.csv,300,2.0552248234119703e-07,S2,0.0,1531.5701364213799,275.9617468406907,0.0,0.0,527.4459335093703,6834784.13540937,293.0984788194981,286,True,Jeans,N2,1_M_earth,1_F_earth
N2_atmosphere_1_M_earth_1_F_earth.csv,300,2.0552248234119703e-07,S,0.0,765.7850682106899,390.26884507827543,0.0,1264621246118.3384,527.4459335093703,6834784.13540937,293.0984788194981,286,True,Jeans,N2,1_M_earth,1_F_earth
N2_atmosphere_1_M_earth_1_F_earth.csv,300,2.0552248234119703e-07,C,6.44881776118121e-122,287.1694005790087,637.3063552980486,9.961050400678729e-121,11069172331.727983,527.4459335093703,6834784.13540937,293.0984788194981,286,True,Jeans,N2,1_M_earth,1_F_earth
N2_atmosphere_1_M_earth_1_F_earth.csv,300,2.0552248234119703e-07,H2,0.0,47.86156676316812,1561.0753803131017,3.5218592107664876e-17,0.0,527.4459335093703,6834784.13540937,293.0984788194981,286,True,Jeans,N2,1_M_earth,1_F_earth
N2_atmosphere_1_M_earth_1_F_earth.csv,300,2.0552248234119703e-07,CO2,0.0,1052.954468789699,332.82238936786024,0.0,0.0,527.4459335093703,6834784.13540937,293.0984788194981,286,True,Jeans,N2,1_M_earth,1_F_earth
N2_atmosphere_1_M_earth_1_F_earth.csv,300,2.0552248234119703e-07,O,3.2606950827824647e-163,382.89253410534496,551.9234936813814,3.078710771865829e-162,13581343790.929806,527.4459335093703,6834784.13540937,293.0984788194981,286,True,Jeans,N2,1_M_earth,1_F_earth
N2_atmosphere_1_M_earth_1_F_earth.csv,300,2.0552248234119703e-07,N2O,0.0,1052.954468789699,332.82238936786024,0.0,0.0,527.4459335093703,6834784.13540937,293.0984788194981,286,True,Jeans,N2,1_M_earth,1_F_earth
N2_atmosphere_1_M_earth_1_F_earth.csv,300,2.0552248234119703e-07,NH3,0.0,406.82331748692906,535.4444380490016,1.2836884647892378e-172,0.0,527.4459335093703,6834784.13540937,293.0984788194981,286,True,Jeans,N2,1_M_earth,1_F_earth
N2_atmosphere_1_M_earth_1_F_earth.csv,500,0.0012204062760190486,H2O,0.0,261.4514990354623,667.0175297737676,1.4016450799308384e-109,0.0,545.868508488737,6853206.710388737,481.59594351866156,286,True,Jeans,N2,1_M_earth,1_F_earth
N2_atmosphere_1_M_earth_1_F_earth.csv,500,0.0012204062760190486,CO,0.0,406.70233183294135,534.8038001540839,1.4466193026313713e-172,0.0,545.868508488737,6853206.710388737,481.59594351866156,286,True,Jeans,N2,1_M_earth,1_F_earth
N2_atmosphere_1_M_earth_1_F_earth.csv,500,0.0012204062760190486,SO2,0.0,929.6053299038659,353.7394638549982,0.0,0.0,545.868508488737,6853206.710388737,481.59594351866156,286,True,Jeans,N2,1_M_earth,1_F_earth
N2_atmosphere_1_M_earth_1_F_earth.csv,500,0.0012204062760190486,H,0.015695008177149396,14.525083279747905,2829.9157108399854,0.006095916213760053,5254191866651.033,545.868508488737,6853206.710388737,481.59594351866156,286,True,Jeans,N2,1_M_earth,1_F_earth
N2_atmosphere_1_M_earth_1_F_earth.csv,500,0.0012204062760190486,NO2,0.0,668.1538308684036,417.2483081597237,5.257675912641061e-286,0.0,545.868508488737,6853206.710388737,481.59594351866156,286,True,Jeans,N2,1_M_earth,1_F_earth
N2_atmosphere_1_M_earth_1_F_earth.csv,500,0.0012204062760190486,H2S,0.0,493.85283151142875,485.32654048161464,2.2560336422099512e-210,0.0,545.868508488737,6853206.710388737,481.59594351866156,286,True,Jeans,N2,1_M_earth,1_F_earth
N2_atmosphere_1_M_earth_1_F_earth.csv,500,0.0012204062760190486,N2,0.0,406.70233183294135,534.8038001540839,1.4466193026313713e-172,0.0,545.868508488737,6853206.710388737,481.59594351866156,286,True,Jeans,N2,1_M_earth,1_F_earth
N2_atmosphere_1_M_earth_1_F_earth.csv,500,0.0012204062760190486,OH,0.0,246.92641575571437,686.3553757287144,2.770046825788203e-103,0.0,545.868508488737,6853206.710388737,481.59594351866156,286,True,Jeans,N2,1_M_earth,1_F_earth
N2_atmosphere_1_M_earth_1_F_earth.csv,500,0.0012204062760190486,N,8.925698371261035e-82,203.35116591647068,756.3267873865758,2.1144256773220734e-84,61532578910550.78,545.868508488737,6853206.710388737,481.59594351866156,286,True,Jeans,N2,1_M_earth,1_F_earth
N2_atmosphere_1_M_earth_1_F_earth.csv,500,0.0012204062760190486,NO,0.0,435.75249839243713,516.6695568884423,3.621911309672215e-185,0.0,545.868508488737,6853206.710388737,481.59594351866156,286,True,Jeans,N2,1_M_earth,1_F_earth
N2_atmosphere_1_M_earth_1_F_earth.csv,500,0.0012204062760190486,CH4,0.0,232.40133247596648,707.4789277099964,5.465068712300287e-97,0.0,545.868508488737,6853206.710388737,481.59594351866156,286,True,Jeans,N2,1_M_earth,1_F_earth
N2_atmosphere_1_M_earth_1_F_earth.csv,500,0.0012204062760190486,O2,0.0,464.80266495193297,500.2631473303257,9.048216538406955e-198,0.0,545.868508488737,6853206.710388737,481.59594351866156,286,True,Jeans,N2,1_M_earth,1_F_earth
N2_atmosphere_1_M_earth_1_F_earth.csv,500,0.0012204062760190486,S2,0.0,929.6053299038659,353.7394638549982,0.0,0.0,545.868508488737,6853206.710388737,481.59594351866156,286,True,Jeans,N2,1_M_earth,1_F_earth
N2_atmosphere_1_M_earth_1_F_earth.csv,500,0.0012204062760190486,S,1.0919954056731905e-196,464.80266495193297,500.2631473303257,9.048216538406955e-198,769646357093.4133,545.868508488737,6853206.710388737,481.59594351866156,286,True,Jeans,N2,1_M_earth,1_F_earth
N2_atmosphere_1_M_earth_1_F_earth.csv,500,0.0012204062760190486,C,3.208070433413403e-73,174.30099935697484,816.9262987187084,8.098416826087451e-72,6736679608.462341,545.868508488737,6853206.710388737,481.59594351866156,286,True,Jeans,N2,1_M_earth,1_F_earth
N2_atmosphere_1_M_earth_1_F_earth.csv,500,0.0012204062760190486,H2,0.0,29.05016655949581,2001.0525893213028,4.103679348813667e-09,0.0,545.868508488737,6853206.710388737,481.59594351866156,286,True,Jeans,N2,1_M_earth,1_F_earth
N2_atmosphere_1_M_earth_1_F_earth.csv,500,0.0012204062760190486,CO2,0.0,639.1036643089079,426.62584550855087,2.1256794294537277e-273,0.0,545.868508488737,6853206.710388737,481.59594351866156,286,True,Jeans,N2,1_M_earth,1_F_earth
N2_atmosphere_1_M_earth_1_F_earth.csv,500,0.0012204062760190486,O,3.5416506976602337e-98,232.40133247596648,707.4789277099964,5.465068712300287e-97,8265582920.741343,545.868508488737,6853206.710388737,481.59594351866156,286,True,Jeans,N2,1_M_earth,1_F_earth
N2_atmosphere_1_M_earth_1_F_earth.csv,500,0.0012204062760190486,N2O,0.0,639.1036643089079,426.62584550855087,2.1256794294537277e-273,0.0,545.868508488737,6853206.710388737,481.59594351866156,286,True,Jeans,N2,1_M_earth,1_F_earth
N2_atmosphere_1_M_earth_1_F_earth.csv,500,0.0012204062760190486,NH3,0.0,246.92641575571437,686.3553757287144,2.770046825788203e-103,0.0,545.868508488737,6853206.710388737,481.59594351866156,286,True,Jeans,N2,1_M_earth,1_F_earth
N2_atmosphere_1_M_earth_1_F_earth.csv,1000,0.6422652124738116,H2O,0.0,131.17523899224992,938.5014946400677,3.760951078512666e-53,0.0,592.4802177001285,6899818.419600128,953.4068371422002,287,True,Jeans,N2,1_M_earth,1_F_earth
N2_atmosphere_1_M_earth_1_F_earth.csv,1000,0.6422652124738116,CO,0.0,204.05037176572213,752.4752249825129,1.0490527977443285e-84,0.0,592.4802177001285,6899818.419600128,953.4068371422002,287,True,Jeans,N2,1_M_earth,1_F_earth
N2_atmosphere_1_M_earth_1_F_earth.csv,1000,0.6422652124738116,SO2,0.0,466.400849750222,497.7155782602766,1.8270498553731293e-198,0.0,592.4802177001285,6899818.419600128,953.4068371422002,287,True,Jeans,N2,1_M_earth,1_F_earth
N2_atmosphere_1_M_earth_1_F_earth.csv,1000,0.6422652124738116,H,8.259837694834772,7.287513277347219,3981.7246260822126,6.367423313207454,2611581001301.3594,592.4802177001285,6899818.419600128,953.4068371422002,287,True,Jeans,N2,1_M_earth,1_F_earth
N2_atmosphere_1_M_earth_1_F_earth.csv,1000,0.6422652124738116,NO2,0.0,335.22561075797205,587.0732677396878,1.4423983590303343e-141,0.0,592.4802177001285,6899818.419600128,953.4068371422002,287,True,Jeans,N2,1_M_earth,1_F_earth
N2_atmosphere_1_M_earth_1_F_earth.csv,1000,0.6422652124738116,H2S,0.0,247.77545142980543,682.8601398001846,1.1831043374641188e-103,0.0,592.4802177001285,6899818.419600128,953.4068371422002,287,True,Jeans,N2,1_M_earth,1_F_earth
N2_atmosphere_1_M_earth_1_F_earth.csv,1000,0.6422652124738116,N2,0.0,204.05037176572213,752.4752249825129,1.0490527977443285e-84,0.0,592.4802177001285,6899818.419600128,953.4068371422002,287,True,Jeans,N2,1_M_earth,1_F_earth
N2_atmosphere_1_M_earth_1_F_earth.csv,1000,0.6422652124738116,OH,0.0,123.88772571490271,965.7100709094087,5.345716608197157e-50,0.0,592.4802177001285,6899818.419600128,953.4068371422002,287,True,Jeans,N2,1_M_earth,1_F_earth
N2_atmosphere_1_M_earth_1_F_earth.csv,1000,0.6422652124738116,N,3.2292781163711435e-38,102.02518588286107,1064.1606685200159,1.5183448963896132e-40,30584591907241.848,592.4802177001285,6899818.419600128,953.4068371422002,287,True,Jeans,N2,1_M_earth,1_F_earth
N2_atmosphere_1_M_earth_1_F_earth.csv,1000,0.6422652124738116,NO,0.0,218.62539832041656,726.9601318263503,5.079069194778994e-91,0.0,592.4802177001285,6899818.419600128,953.4068371422002,287,True,Jeans,N2,1_M_earth,1_F_earth
N2_atmosphere_1_M_earth_1_F_earth.csv,1000,0.6422652124738116,CH4,0.0,116.6002124375555,995.4311565205531,7.585523422665612e-47,0.0,592.4802177001285,6899818.419600128,953.4068371422002,287,True,Jeans,N2,1_M_earth,1_F_earth
N2_atmosphere_1_M_earth_1_F_earth.csv,1000,0.6422652124738116,O2,0.0,233.200424875111,703.8761209800507,2.453698954415836e-97,0.0,592.4802177001285,6899818.419600128,953.4068371422002,287,True,Jeans,N2,1_M_earth,1_F_earth
N2_atmosphere_1_M_earth_1_F_earth.csv,1000,0.6422652124738116,S2,0.0,466.400849750222,497.7155782602766,1.8270498553731293e-198,0.0,592.4802177001285,6899818.419600128,953.4068371422002,287,True,Jeans,N2,1_M_earth,1_F_earth
N2_atmosphere_1_M_earth_1_F_earth.csv,1000,0.6422652124738116,S,1.491984587513646e-96,233.200424875111,703.8761209800507,2.453698954415836e-97,382550514887.6698,592.4802177001285,6899818.419600128,953.4068371422002,287,True,Jeans,N2,1_M_earth,1_F_earth
N2_atmosphere_1_M_earth_1_F_earth.csv,1000,0.6422652124738116,C,6.00594913239105e-36,87.45015932816662,1149.4248923537637,3.009211049940693e-34,3348447282.4416227,592.4802177001285,6899818.419600128,953.4068371422002,287,True,Jeans,N2,1_M_earth,1_F_earth
N2_atmosphere_1_M_earth_1_F_earth.csv,1000,0.6422652124738116,H2,0.0,14.575026554694437,2815.504483920203,0.005787972790326202,0.0,592.4802177001285,6899818.419600128,953.4068371422002,287,True,Jeans,N2,1_M_earth,1_F_earth
N2_atmosphere_1_M_earth_1_F_earth.csv,1000,0.6422652124738116,CO2,0.0,320.6505842032777,600.2675728742205,3.015400183320816e-135,0.0,592.4802177001285,6899818.419600128,953.4068371422002,287,True,Jeans,N2,1_M_earth,1_F_earth
N2_atmosphere_1_M_earth_1_F_earth.csv,1000,0.6422652124738116,O,2.4767426680553774e-48,116.6002124375555,995.4311565205531,7.585523422665612e-47,4108384289.789541,592.4802177001285,6899818.419600128,953.4068371422002,287,True,Jeans,N2,1_M_earth,1_F_earth
N2_atmosphere_1_M_earth_1_F_earth.csv,1000,0.6422652124738116,N2O,0.0,320.6505842032777,600.2675728742205,3.015400183320816e-135,0.0,592.4802177001285,6899818.419600128,953.4068371422002,287,True,Jeans,N2,1_M_earth,1_F_earth
N2_atmosphere_1_M_earth_1_F_earth.csv,1000,0.6422652124738116,NH3,0.0,123.88772571490271,965.7100709094087,5.345716608197157e-50,0.0,592.4802177001285,6899818.419600128,953.4068371422002,287,True,Jeans,N2,1_M_earth,1_F_earth
N2_atmosphere_1_M_earth_1_F_earth.csv,2000,9.969391043262961,H2O,0.0,64.96221604226092,1324.539830605497,1.510161411943011e-24,0.0,687.3536454539047,6994691.8473539045,1899.0586171947684,289,True,Jeans,N2,1_M_earth,1_F_earth
N2_atmosphere_1_M_earth_1_F_earth.csv,2000,9.969391043262961,CO,0.0,101.05233606573923,1061.9944802702921,3.9707115692244275e-40,0.0,687.3536454539047,6994691.8473539045,1899.0586171947684,289,True,Jeans,N2,1_M_earth,1_F_earth
N2_atmosphere_1_M_earth_1_F_earth.csv,2000,9.969391043262961,SO2,0.0,230.97676815026108,702.4433221296209,2.2413774294987135e-96,0.0,687.3536454539047,6994691.8473539045,1899.0586171947684,289,True,Jeans,N2,1_M_earth,1_F_earth
N2_atmosphere_1_M_earth_1_F_earth.csv,2000,9.969391043262961,H,128.2111351111815,3.6090120023478294,5619.546577036967,197.8473257928922,1269490401790.7979,687.3536454539047,6994691.8473539045,1899.0586171947684,289,True,Jeans,N2,1_M_earth,1_F_earth
N2_atmosphere_1_M_earth_1_F_earth.csv,2000,9.969391043262961,NO2,0.0,166.01455210800015,828.5569400218868,3.1064748676661694e-68,0.0,687.3536454539047,6994691.8473539045,1899.0586171947684,289,True,Jeans,N2,1_M_earth,1_F_earth
N2_atmosphere_1_M_earth_1_F_earth.csv,2000,9.969391043262961,H2S,0.0,122.70640807982619,963.7442871042684,1.722000044642439e-49,0.0,687.3536454539047,6994691.8473539045,1899.0586171947684,289,True,Jeans,N2,1_M_earth,1_F_earth
N2_atmosphere_1_M_earth_1_F_earth.csv,2000,9.969391043262961,N2,0.0,101.05233606573923,1061.9944802702921,3.9707115692244275e-40,0.0,687.3536454539047,6994691.8473539045,1899.0586171947684,289,True,Jeans,N2,1_M_earth,1_F_earth
N2_atmosphere_1_M_earth_1_F_earth.csv,2000,9.969391043262961,OH,0.0,61.353204039913095,1362.9402414824465,5.424662153327926e-23,0.0,687.3536454539047,6994691.8473539045,1899.0586171947684,289,True,Jeans,N2,1_M_earth,1_F_earth
N2_atmosphere_1_M_earth_1_F_earth.csv,2000,9.969391043262961,N,2.643303239997074e-16,50.52616803286961,1501.8869971636134,2.4878500602455587e-18,14867180397462.107,687.3536454539047,6994691.8473539045,1899.0586171947684,289,True,Jeans,N2,1_M_earth,1_F_earth
N2_atmosphere_1_M_earth_1_F_earth.csv,2000,9.969391043262961,NO,0.0,108.27036007043488,1025.9841410646966,3.0117447205036077e-43,0.0,687.3536454539047,6994691.8473539045,1899.0586171947684,289,True,Jeans,N2,1_M_earth,1_F_earth
N2_atmosphere_1_M_earth_1_F_earth.csv,2000,9.969391043262961,CH4,0.0,57.74419203756527,1404.8866442592418,1.9454376785698992e-21,0.0,687.3536454539047,6994691.8473539045,1899.0586171947684,289,True,Jeans,N2,1_M_earth,1_F_earth
N2_atmosphere_1_M_earth_1_F_earth.csv,2000,9.969391043262961,O2,0.0,115.48838407513054,993.4048729541228,2.2794813696202712e-46,0.0,687.3536454539047,6994691.8473539045,1899.0586171947684,289,True,Jeans,N2,1_M_earth,1_F_earth
N2_atmosphere_1_M_earth_1_F_earth.csv,2000,9.969391043262961,S2,0.0,230.97676815026108,702.4433221296209,2.2413774294987135e-96,0.0,687.3536454539047,6994691.8473539045,1899.0586171947684,289,True,Jeans,N2,1_M_earth,1_F_earth
N2_atmosphere_1_M_earth_1_F_earth.csv,2000,9.969391043262961,S,6.924156517586381e-46,115.48838407513054,993.4048729541228,2.2794813696202712e-46,185957933760.44104,687.3536454539047,6994691.8473539045,1899.0586171947684,289,True,Jeans,N2,1_M_earth,1_F_earth
N2_atmosphere_1_M_earth_1_F_earth.csv,2000,9.969391043262961,C,3.1420860752177104e-17,43.30814402817395,1622.2233644879668,3.151383856885686e-15,1627681348.517975,687.3536454539047,6994691.8473539045,1899.0586171947684,289,True,Jeans,N2,1_M_earth,1_F_earth
N2_atmosphere_1_M_earth_1_F_earth.csv,2000,9.969391043262961,H2,0.0,7.218024004695659,3973.619491816491,6.754617414152459,0.0,687.3536454539047,6994691.8473539045,1899.0586171947684,289,True,Jeans,N2,1_M_earth,1_F_earth
N2_atmosphere_1_M_earth_1_F_earth.csv,2000,9.969391043262961,CO2,0.0,158.79652810330452,847.1785221798926,4.144588746255264e-65,0.0,687.3536454539047,6994691.8473539045,1899.0586171947684,289,True,Jeans,N2,1_M_earth,1_F_earth
N2_atmosphere_1_M_earth_1_F_earth.csv,2000,9.969391043262961,O,3.1732217731752753e-23,57.74419203756527,1404.8866442592418,1.9454376785698992e-21,1997086983.0026326,687.3536454539047,6994691.8473539045,1899.0586171947684,289,True,Jeans,N2,1_M_earth,1_F_earth
N2_atmosphere_1_M_earth_1_F_earth.csv,2000,9.969391043262961,N2O,0.0,158.79652810330452,847.1785221798926,4.144588746255264e-65,0.0,687.3536454539047,6994691.8473539045,1899.0586171947684,289,True,Jeans,N2,1_M_earth,1_F_earth
N2_atmosphere_1_M_earth_1_F_earth.csv,2000,9.969391043262961,NH3,0.0,61.353204039913095,1362.9402414824465,5.424662153327926e-23,0.0,687.3536454539047,6994691.8473539045,1899.0586171947684,289,True,Jeans,N2,1_M_earth,1_F_earth
N2_atmosphere_1_M_earth_1_F_earth.csv,3000,20.693742924470566,H2O,0.0,42.77200437251767,1621.3374542244067,5.3188707671039964e-15,0.0,782.7727222216726,7090110.924121672,2845.47749814422,290,True,Jeans,N2,1_M_earth,1_F_earth
N2_atmosphere_1_M_earth_1_F_earth.csv,3000,20.693742924470566,CO,0.0,66.53422902391638,1299.9619847254303,3.150657130544943e-25,0.0,782.7727222216726,7090110.924121672,2845.47749814422,290,True,Jeans,N2,1_M_earth,1_F_earth
N2_atmosphere_1_M_earth_1_F_earth.csv,3000,20.693742924470566,SO2,0.0,152.0782377689517,859.8440313553585,3.334177545019207e-62,0.0,782.7727222216726,7090110.924121672,2845.47749814422,290,True,Jeans,N2,1_M_earth,1_F_earth
N2_atmosphere_1_M_earth_1_F_earth.csv,3000,20.693742924470566,H,266.13142748650984,2.3762224651398705,6878.752250842868,608.6329870980952,833692031935.3611,782.7727222216726,7090110.924121672,2845.47749814422,290,True,Jeans,N2,1_M_earth,1_F_earth
N2_atmosphere_1_M_earth_1_F_earth.csv,3000,20.693742924470566,NO2,0.0,109.30623339643405,1014.2166877691742,1.066674403025596e-43,0.0,782.7727222216726,7090110.924121672,2845.47749814422,290,True,Jeans,N2,1_M_earth,1_F_earth
N2_atmosphere_1_M_earth_1_F_earth.csv,3000,20.693742924470566,H2S,0.0,80.7915638147556,1179.6962785654,2.2260936975302346e-31,0.0,782.7727222216726,7090110.924121672,2845.47749814422,290,True,Jeans,N2,1_M_earth,1_F_earth
N2_atmosphere_1_M_earth_1_F_earth.csv,3000,20.693742924470566,N2,0.0,66.53422902391638,1299.9619847254303,3.150657130544943e-25,0.0,782.7727222216726,7090110.924121672,2845.47749814422,290,True,Jeans,N2,1_M_earth,1_F_earth
N2_atmosphere_1_M_earth_1_F_earth.csv,3000,20.693742924470566,OH,0.0,40.3957819073778,1668.3424766282574,5.5714878901192094e-14,0.0,782.7727222216726,7090110.924121672,2845.47749814422,290,True,Jeans,N2,1_M_earth,1_F_earth
N2_atmosphere_1_M_earth_1_F_earth.csv,3000,20.693742924470566,N,4.54424663570876e-09,33.26711451195819,1838.4238693681496,6.33860943236344e-11,9763484479461.465,782.7727222216726,7090110.924121672,2845.47749814422,290,True,Jeans,N2,1_M_earth,1_F_earth
N2_atmosphere_1_M_earth_1_F_earth.csv,3000,20.693742924470566,NO,0.0,71.28667395419612,1255.8825917586912,2.8118569295295143e-27,0.0,782.7727222216726,7090110.924121672,2845.47749814422,290,True,Jeans,N2,1_M_earth,1_F_earth
N2_atmosphere_1_M_earth_1_F_earth.csv,3000,20.693742924470566,CH4,0.0,38.01955944223793,1719.688062710717,5.826962672814032e-13,0.0,782.7727222216726,7090110.924121672,2845.47749814422,290,True,Jeans,N2,1_M_earth,1_F_earth
N2_atmosphere_1_M_earth_1_F_earth.csv,3000,20.693742924470566,O2,0.0,76.03911888447585,1216.0030906683048,2.5042132750800602e-29,0.0,782.7727222216726,7090110.924121672,2845.47749814422,290,True,Jeans,N2,1_M_earth,1_F_earth
N2_atmosphere_1_M_earth_1_F_earth.csv,3000,20.693742924470566,S2,0.0,152.0782377689517,859.8440313553585,3.334177545019207e-62,0.0,782.7727222216726,7090110.924121672,2845.47749814422,290,True,Jeans,N2,1_M_earth,1_F_earth
N2_atmosphere_1_M_earth_1_F_earth.csv,3000,20.693742924470566,S,5.132716281792234e-29,76.03911888447585,1216.0030906683048,2.5042132750800602e-29,122121165652.41382,782.7727222216726,7090110.924121672,2845.47749814422,290,True,Jeans,N2,1_M_earth,1_F_earth
N2_atmosphere_1_M_earth_1_F_earth.csv,3000,20.693742924470566,C,4.596743534304286e-11,28.514669581678444,1985.7247318564373,6.832637589906093e-09,1068921016.555161,782.7727222216726,7090110.924121672,2845.47749814422,290,True,Jeans,N2,1_M_earth,1_F_earth
N2_atmosphere_1_M_earth_1_F_earth.csv,3000,20.693742924470566,H2,0.0,4.752444930279741,4864.012362673219,68.12109166261045,0.0,782.7727222216726,7090110.924121672,2845.47749814422,290,True,Jeans,N2,1_M_earth,1_F_earth
N2_atmosphere_1_M_earth_1_F_earth.csv,3000,20.693742924470566,CO2,0.0,104.55378846615433,1037.0109200844756,1.2092576126140957e-41,0.0,782.7727222216726,7090110.924121672,2845.47749814422,290,True,Jeans,N2,1_M_earth,1_F_earth
N2_atmosphere_1_M_earth_1_F_earth.csv,3000,20.693742924470566,O,6.413136069796194e-15,38.01955944223793,1719.688062710717,5.826962672814032e-13,1311514842.8554218,782.7727222216726,7090110.924121672,2845.47749814422,290,True,Jeans,N2,1_M_earth,1_F_earth
N2_atmosphere_1_M_earth_1_F_earth.csv,3000,20.693742924470566,N2O,0.0,104.55378846615433,1037.0109200844756,1.2092576126140957e-41,0.0,782.7727222216726,7090110.924121672,2845.47749814422,290,True,Jeans,N2,1_M_earth,1_F_earth
N2_atmosphere_1_M_earth_1_F_earth.csv,3000,20.693742924470566,NH3,0.0,40.3957819073778,1668.3424766282574,5.5714878901192094e-14,0.0,782.7727222216726,7090110.924121672,2845.47749814422,290,True,Jeans,N2,1_M_earth,1_F_earth
N2_atmosphere_1_M_earth_1_F_earth.csv,5000,30.221753953100084,H2O,0.0,24.929224092011033,2094.4401143306186,2.283642279851545e-07,0.0,982.4482636828134,7289786.465582813,4748.36635719219,294,True,Jeans,N2,1_M_earth,1_F_earth
N2_atmosphere_1_M_earth_1_F_earth.csv,5000,30.221753953100084,CO,0.0,38.77879303201716,1679.287998201604,2.714913674946943e-13,0.0,982.4482636828134,7289786.465582813,4748.36635719219,294,True,Jeans,N2,1_M_earth,1_F_earth
N2_atmosphere_1_M_earth_1_F_earth.csv,5000,30.221753953100084,SO2,0.0,88.63724121603923,1110.7446057242314,8.991517859126308e-35,0.0,982.4482636828134,7289786.465582813,4748.36635719219,294,True,Jeans,N2,1_M_earth,1_F_earth
N2_atmosphere_1_M_earth_1_F_earth.csv,5000,30.221753953100084,H,388.64035197135394,1.384956894000613,8885.956845793851,1496.5825083034101,468369542091.0774,982.4482636828134,7289786.465582813,4748.36635719219,294,False,hydrodynamic_candidate,N2,1_M_earth,1_F_earth
N2_atmosphere_1_M_earth_1_F_earth.csv,5000,30.221753953100084,NO2,0.0,63.708017124028196,1310.162859651845,5.1361553811030115e-24,0.0,982.4482636828134,7289786.465582813,4748.36635719219,294,True,Jeans,N2,1_M_earth,1_F_earth
N2_atmosphere_1_M_earth_1_F_earth.csv,5000,30.221753953100084,H2S,0.0,47.08853439602084,1523.929026691036,7.330113533754817e-17,0.0,982.4482636828134,7289786.465582813,4748.36635719219,294,True,Jeans,N2,1_M_earth,1_F_earth
N2_atmosphere_1_M_earth_1_F_earth.csv,5000,30.221753953100084,N2,0.0,38.77879303201716,1679.287998201604,2.714913674946943e-13,0.0,982.4482636828134,7289786.465582813,4748.36635719219,294,True,Jeans,N2,1_M_earth,1_F_earth
N2_atmosphere_1_M_earth_1_F_earth.csv,5000,30.221753953100084,OH,0.0,23.54426719801042,2155.1610976404936,8.885452564572595e-07,0.0,982.4482636828134,7289786.465582813,4748.36635719219,294,True,Jeans,N2,1_M_earth,1_F_earth
N2_atmosphere_1_M_earth_1_F_earth.csv,5000,30.221753953100084,N,0.002207527682286316,19.38939651600858,2374.871862187074,5.1847964053116735e-05,5485141490728.871,982.4482636828134,7289786.465582813,4748.36635719219,294,True,Jeans,N2,1_M_earth,1_F_earth
N2_atmosphere_1_M_earth_1_F_earth.csv,5000,30.221753953100084,NO,0.0,41.54870682001839,1622.346336486249,1.7581296712153598e-14,0.0,982.4482636828134,7289786.465582813,4748.36635719219,294,True,Jeans,N2,1_M_earth,1_F_earth
N2_atmosphere_1_M_earth_1_F_earth.csv,5000,30.221753953100084,CH4,0.0,22.159310304009807,2221.489211448463,3.452221956333758e-06,0.0,982.4482636828134,7289786.465582813,4748.36635719219,294,True,Jeans,N2,1_M_earth,1_F_earth
N2_atmosphere_1_M_earth_1_F_earth.csv,5000,30.221753953100084,O2,0.0,44.318620608019614,1570.8300857479642,1.136236105491476e-15,0.0,982.4482636828134,7289786.465582813,4748.36635719219,294,True,Jeans,N2,1_M_earth,1_F_earth
N2_atmosphere_1_M_earth_1_F_earth.csv,5000,30.221753953100084,S2,0.0,88.63724121603923,1110.7446057242314,8.991517859126308e-35,0.0,982.4482636828134,7289786.465582813,4748.36635719219,294,True,Jeans,N2,1_M_earth,1_F_earth
N2_atmosphere_1_M_earth_1_F_earth.csv,5000,30.221753953100084,S,1.3830920336501787e-15,44.318620608019614,1570.8300857479642,1.136236105491476e-15,68607869867.088295,982.4482636828134,7289786.465582813,4748.36635719219,294,True,Jeans,N2,1_M_earth,1_F_earth
N2_atmosphere_1_M_earth_1_F_earth.csv,5000,30.221753953100084,C,3.085464793518911e-06,16.619482728007352,2565.154788463239,0.0007722397598942188,600521568.9698312,982.4482636828134,7289786.465582813,4748.36635719219,294,True,Jeans,N2,1_M_earth,1_F_earth
N2_atmosphere_1_M_earth_1_F_earth.csv,5000,30.221753953100084,H2,0.0,2.769913788001226,6283.320342991857,418.75250222576966,0.0,982.4482636828134,7289786.465582813,4748.36635719219,294,True,Jeans,N2,1_M_earth,1_F_earth
N2_atmosphere_1_M_earth_1_F_earth.csv,5000,30.221753953100084,CO2,0.0,60.93810333602698,1339.6083982176435,8.021374911534058e-23,0.0,982.4482636828134,7289786.465582813,4748.36635719219,294,True,Jeans,N2,1_M_earth,1_F_earth
N2_atmosphere_1_M_earth_1_F_earth.csv,5000,30.221753953100084,O,2.2564903371612005e-08,22.159310304009807,2221.489211448463,3.452221956333758e-06,736811175.9061074,982.4482636828134,7289786.465582813,4748.36635719219,294,True,Jeans,N2,1_M_earth,1_F_earth
N2_atmosphere_1_M_earth_1_F_earth.csv,5000,30.221753953100084,N2O,0.0,60.93810333602698,1339.6083982176435,8.021374911534058e-23,0.0,982.4482636828134,7289786.465582813,4748.36635719219,294,True,Jeans,N2,1_M_earth,1_F_earth
N2_atmosphere_1_M_earth_1_F_earth.csv,5000,30.221753953100084,NH3,0.0,23.54426719801042,2155.1610976404936,8.885452564572595e-07,0.0,982.4482636828134,7289786.465582813,4748.36635719219,294,True,Jeans,N2,1_M_earth,1_F_earth
N2_atmosphere_1_M_earth_1_F_earth.csv,6000,32.05079530426268,H2O,0.0,20.487299031030272,2294.701536040477,1.761092566151762e-05,0.0,1082.2858457070618,7389624.047607061,5699.81470623524,295,True,Jeans,N2,1_M_earth,1_F_earth
N2_atmosphere_1_M_earth_1_F_earth.csv,6000,32.05079530426268,CO,0.0,31.869131826047088,1839.8543470215773,2.462513665839386e-10,0.0,1082.2858457070618,7389624.047607061,5699.81470623524,295,True,Jeans,N2,1_M_earth,1_F_earth
N2_atmosphere_1_M_earth_1_F_earth.csv,6000,32.05079530426268,SO2,0.0,72.84372988810763,1216.949262700056,5.8661239227036515e-28,0.0,1082.2858457070618,7389624.047607061,5699.81470623524,295,True,Jeans,N2,1_M_earth,1_F_earth
N2_atmosphere_1_M_earth_1_F_earth.csv,6000,32.05079530426268,H,411.56130359582784,1.1381832795016817,9735.594101600447,1881.4632433419038,383941574566.2075,1082.2858457070618,7389624.047607061,5699.81470623524,295,False,hydrodynamic_candidate,N2,1_M_earth,1_F_earth
N2_atmosphere_1_M_earth_1_F_earth.csv,6000,32.05079530426268,NO2,0.0,52.356430857077356,1435.4350386700485,3.9487202646842304e-19,0.0,1082.2858457070618,7389624.047607061,5699.81470623524,295,True,Jeans,N2,1_M_earth,1_F_earth
N2_atmosphere_1_M_earth_1_F_earth.csv,6000,32.05079530426268,H2S,0.0,38.69823150305718,1669.6406139462313,2.9198519226733606e-13,0.0,1082.2858457070618,7389624.047607061,5699.81470623524,295,True,Jeans,N2,1_M_earth,1_F_earth
N2_atmosphere_1_M_earth_1_F_earth.csv,6000,32.05079530426268,N2,0.0,31.869131826047088,1839.8543470215773,2.462513665839386e-10,0.0,1082.2858457070618,7389624.047607061,5699.81470623524,295,True,Jeans,N2,1_M_earth,1_F_earth
N2_atmosphere_1_M_earth_1_F_earth.csv,6000,32.05079530426268,OH,0.0,19.34911575152859,2361.228400531701,5.356294011555646e-05,0.0,1082.2858457070618,7389624.047607061,5699.81470623524,295,True,Jeans,N2,1_M_earth,1_F_earth
N2_atmosphere_1_M_earth_1_F_earth.csv,6000,32.05079530426268,N,0.05355987457674554,15.934565913023544,2601.9469703490095,0.001493391001968436,4496393704993.219,1082.2858457070618,7389624.047607061,5699.81470623524,295,True,Jeans,N2,1_M_earth,1_F_earth
N2_atmosphere_1_M_earth_1_F_earth.csv,6000,32.05079530426268,NO,0.0,34.14549838505045,1777.4681667202692,2.611349945837117e-11,0.0,1082.2858457070618,7389624.047607061,5699.81470623524,295,True,Jeans,N2,1_M_earth,1_F_earth
N2_atmosphere_1_M_earth_1_F_earth.csv,6000,32.05079530426268,CH4,0.0,18.210932472026908,2433.898525400112,0.00016268162358635716,0.0,1082.2858457070618,7389624.047607061,5699.81470623524,295,True,Jeans,N2,1_M_earth,1_F_earth
N2_atmosphere_1_M_earth_1_F_earth.csv,6000,32.05079530426268,O2,0.0,36.421864944053816,1721.0261520303577,2.763713366453506e-12,0.0,1082.2858457070618,7389624.047607061,5699.81470623524,295,True,Jeans,N2,1_M_earth,1_F_earth
N2_atmosphere_1_M_earth_1_F_earth.csv,6000,32.05079530426268,S2,0.0,72.84372988810763,1216.949262700056,5.8661239227036515e-28,0.0,1082.2858457070618,7389624.047607061,5699.81470623524,295,True,Jeans,N2,1_M_earth,1_F_earth
N2_atmosphere_1_M_earth_1_F_earth.csv,6000,32.05079530426268,S,2.8337860853326967e-12,36.421864944053816,1721.0261520303577,2.763713366453506e-12,56240663017.49631,1082.2858457070618,7389624.047607061,5699.81470623524,295,True,Jeans,N2,1_M_earth,1_F_earth
N2_atmosphere_1_M_earth_1_F_earth.csv,6000,32.05079530426268,C,4.577484925797484e-05,13.65819935402018,2810.423937639976,0.013600877077845349,492271969.0991596,1082.2858457070618,7389624.047607061,5699.81470623524,295,True,Jeans,N2,1_M_earth,1_F_earth
N2_atmosphere_1_M_earth_1_F_earth.csv,6000,32.05079530426268,H2,0.0,2.2763665590033635,6884.104608121431,653.1630047433684,0.0,1082.2858457070618,7389624.047607061,5699.81470623524,295,True,Jeans,N2,1_M_earth,1_F_earth
N2_atmosphere_1_M_earth_1_F_earth.csv,6000,32.05079530426268,CO2,0.0,50.080064298074,1467.696033918448,3.765191294678057e-18,0.0,1082.2858457070618,7389624.047607061,5699.81470623524,295,True,Jeans,N2,1_M_earth,1_F_earth
N2_atmosphere_1_M_earth_1_F_earth.csv,6000,32.05079530426268,O,8.957046645846568e-07,18.210932472026908,2433.898525400112,0.00016268162358635716,603994106.3895216,1082.2858457070618,7389624.047607061,5699.81470623524,295,True,Jeans,N2,1_M_earth,1_F_earth
N2_atmosphere_1_M_earth_1_F_earth.csv,6000,32.05079530426268,N2O,0.0,50.080064298074,1467.696033918448,3.765191294678057e-18,0.0,1082.2858457070618,7389624.047607061,5699.81470623524,295,True,Jeans,N2,1_M_earth,1_F_earth
N2_atmosphere_1_M_earth_1_F_earth.csv,6000,32.05079530426268,NH3,0.0,19.34911575152859,2361.228400531701,5.356294011555646e-05,0.0,1082.2858457070618,7389624.047607061,5699.81470623524,295,True,Jeans,N2,1_M_earth,1_F_earth
N2_atmosphere_1_M_earth_1_F_earth.csv,7000,32.75058061926484,H2O,0.0,17.297077074344006,2479.8397353954797,0.0003937089374100691,0.0,1187.107428027803,7494445.629927803,6656.647412976178,297,True,Jeans,N2,1_M_earth,1_F_earth
N2_atmosphere_1_M_earth_1_F_earth.csv,7000,32.75058061926484,CO,0.0,26.90656433786846,1988.2951422767214,3.2300546699954365e-08,0.0,1187.107428027803,7494445.629927803,6656.647412976178,297,True,Jeans,N2,1_M_earth,1_F_earth
N2_atmosphere_1_M_earth_1_F_earth.csv,7000,32.75058061926484,SO2,0.0,61.50071848655647,1315.133619865498,4.5271750368692046e-23,0.0,1187.107428027803,7494445.629927803,6656.647412976178,297,True,Jeans,N2,1_M_earth,1_F_earth
N2_atmosphere_1_M_earth_1_F_earth.csv,7000,32.75058061926484,H,415.2893475432016,0.9609487263524449,10521.068958923985,2226.3141368306724,318314450204.9342,1187.107428027803,7494445.629927803,6656.647412976178,297,False,hydrodynamic_candidate,N2,1_M_earth,1_F_earth
N2_atmosphere_1_M_earth_1_F_earth.csv,7000,32.75058061926484,NO2,0.0,44.20364141221247,1551.2469881443194,1.2556017000687826e-15,0.0,1187.107428027803,7494445.629927803,6656.647412976178,297,True,Jeans,N2,1_M_earth,1_F_earth
N2_atmosphere_1_M_earth_1_F_earth.csv,7000,32.75058061926484,H2S,0.0,32.67225669598313,1804.3484406422317,1.1081713187951191e-10,0.0,1187.107428027803,7494445.629927803,6656.647412976178,297,True,Jeans,N2,1_M_earth,1_F_earth
N2_atmosphere_1_M_earth_1_F_earth.csv,7000,32.75058061926484,N2,0.0,26.90656433786846,1988.2951422767214,3.2300546699954365e-08,0.0,1187.107428027803,7494445.629927803,6656.647412976178,297,True,Jeans,N2,1_M_earth,1_F_earth
N2_atmosphere_1_M_earth_1_F_earth.csv,7000,32.75058061926484,OH,0.0,16.336128347991565,2551.73403600299,0.0010034418058901481,0.0,1187.107428027803,7494445.629927803,6656.647412976178,297,True,Jeans,N2,1_M_earth,1_F_earth
N2_atmosphere_1_M_earth_1_F_earth.csv,7000,32.75058061926484,N,0.5036893424069666,13.45328216893423,2811.873956208282,0.01646915015749816,3727825234156.907,1187.107428027803,7494445.629927803,6656.647412976178,297,True,Jeans,N2,1_M_earth,1_F_earth
N2_atmosphere_1_M_earth_1_F_earth.csv,7000,32.75058061926484,NO,0.0,28.828461790573346,1920.87559929002,4.880713199352854e-09,0.0,1187.107428027803,7494445.629927803,6656.647412976178,297,True,Jeans,N2,1_M_earth,1_F_earth
N2_atmosphere_1_M_earth_1_F_earth.csv,7000,32.75058061926484,CH4,0.0,15.375179621639118,2630.267239730996,0.002554026201733431,0.0,1187.107428027803,7494445.629927803,6656.647412976178,297,True,Jeans,N2,1_M_earth,1_F_earth
N2_atmosphere_1_M_earth_1_F_earth.csv,7000,32.75058061926484,O2,0.0,30.750359243278236,1859.8798015466098,7.360668408546918e-10,0.0,1187.107428027803,7494445.629927803,6656.647412976178,297,True,Jeans,N2,1_M_earth,1_F_earth
N2_atmosphere_1_M_earth_1_F_earth.csv,7000,32.75058061926484,S2,0.0,61.50071848655647,1315.133619865498,4.5271750368692046e-23,0.0,1187.107428027803,7494445.629927803,6656.647412976178,297,True,Jeans,N2,1_M_earth,1_F_earth
N2_atmosphere_1_M_earth_1_F_earth.csv,7000,32.75058061926484,S,6.436012360098216e-10,30.750359243278236,1859.8798015466098,7.360668408546918e-10,46627447803.22879,1187.107428027803,7494445.629927803,6656.647412976178,297,True,Jeans,N2,1_M_earth,1_F_earth
N2_atmosphere_1_M_earth_1_F_earth.csv,7000,32.75058061926484,C,0.00030250473916311845,11.531384716229338,3037.170997798689,0.1054014594135811,408127932.93391633,1187.107428027803,7494445.629927803,6656.647412976178,297,True,Jeans,N2,1_M_earth,1_F_earth
N2_atmosphere_1_M_earth_1_F_earth.csv,7000,32.75058061926484,H2,0.0,1.9218974527048898,7439.519206186439,897.295415019248,0.0,1187.107428027803,7494445.629927803,6656.647412976178,297,True,Jeans,N2,1_M_earth,1_F_earth
N2_atmosphere_1_M_earth_1_F_earth.csv,7000,32.75058061926484,CO2,0.0,42.28174395950758,1586.1108241002712,8.400502426115198e-15,0.0,1187.107428027803,7494445.629927803,6656.647412976178,297,True,Jeans,N2,1_M_earth,1_F_earth
N2_atmosphere_1_M_earth_1_F_earth.csv,7000,32.75058061926484,O,1.1991602875150763e-05,15.375179621639118,2630.267239730996,0.002554026201733431,500753407.91010773,1187.107428027803,7494445.629927803,6656.647412976178,297,True,Jeans,N2,1_M_earth,1_F_earth
N2_atmosphere_1_M_earth_1_F_earth.csv,7000,32.75058061926484,N2O,0.0,42.28174395950758,1586.1108241002712,8.400502426115198e-15,0.0,1187.107428027803,7494445.629927803,6656.647412976178,297,True,Jeans,N2,1_M_earth,1_F_earth
N2_atmosphere_1_M_earth_1_F_earth.csv,7000,32.75058061926484,NH3,0.0,16.336128347991565,2551.73403600299,0.0010034418058901481,0.0,1187.107428027803,7494445.629927803,6656.647412976178,297,True,Jeans,N2,1_M_earth,1_F_earth
N2_atmosphere_1_M_earth_1000_F_earth.csv,200,2.112974625602182e-13,H2O,0.0,510.01562838253614,456.9056797270752,2.097407014604025e-217,0.0,1179.9209471099823,7487259.149009982,225.97554283006735,295,True,Jeans,N2,1_M_earth,1000_F_earth
N2_atmosphere_1_M_earth_1000_F_earth.csv,200,2.112974625602182e-13,CO,0.0,793.3576441506119,366.33953820209564,0.0,0.0,1179.9209471099823,7487259.149009982,225.97554283006735,295,True,Jeans,N2,1_M_earth,1000_F_earth
N2_atmosphere_1_M_earth_1000_F_earth.csv,200,2.112974625602182e-13,SO2,0.0,1813.3889009156842,242.3108283732478,0.0,0.0,1179.9209471099823,7487259.149009982,225.97554283006735,295,True,Jeans,N2,1_M_earth,1000_F_earth
N2_atmosphere_1_M_earth_1000_F_earth.csv,200,2.112974625602182e-13,H,3.465323664473744e-10,28.334201576807565,1938.4866269859824,7.940443417104033e-09,74614692271.64113,1179.9209471099823,7487259.149009982,225.97554283006735,295,True,Jeans,N2,1_M_earth,1000_F_earth
N2_atmosphere_1_M_earth_1000_F_earth.csv,200,2.112974625602182e-13,NO2,0.0,1303.373272533148,285.81426026292166,0.0,0.0,1179.9209471099823,7487259.149009982,225.97554283006735,295,True,Jeans,N2,1_M_earth,1000_F_earth
N2_atmosphere_1_M_earth_1000_F_earth.csv,200,2.112974625602182e-13,H2S,0.0,963.3628536114572,332.44771384577024,0.0,0.0,1179.9209471099823,7487259.149009982,225.97554283006735,295,True,Jeans,N2,1_M_earth,1000_F_earth
N2_atmosphere_1_M_earth_1000_F_earth.csv,200,2.112974625602182e-13,N2,0.0,793.3576441506119,366.33953820209564,0.0,0.0,1179.9209471099823,7487259.149009982,225.97554283006735,295,True,Jeans,N2,1_M_earth,1000_F_earth
N2_atmosphere_1_M_earth_1000_F_earth.csv,200,2.112974625602182e-13,OH,0.0,481.6814268057286,470.1520657006181,4.118208279656285e-205,0.0,1179.9209471099823,7487259.149009982,225.97554283006735,295,True,Jeans,N2,1_M_earth,1000_F_earth
N2_atmosphere_1_M_earth_1000_F_earth.csv,200,2.112974625602182e-13,N,3.085776747974865e-165,396.67882207530596,518.0823433589003,3.0824980320796653e-168,122252841381650.48,1179.9209471099823,7487259.149009982,225.97554283006735,295,True,Jeans,N2,1_M_earth,1000_F_earth
N2_atmosphere_1_M_earth_1000_F_earth.csv,200,2.112974625602182e-13,NO,0.0,850.026047304227,353.9176176741084,0.0,0.0,1179.9209471099823,7487259.149009982,225.97554283006735,295,True,Jeans,N2,1_M_earth,1000_F_earth
N2_atmosphere_1_M_earth_1000_F_earth.csv,200,2.112974625602182e-13,CH4,0.0,453.34722522892105,484.6216567464956,8.072117276689387e-193,0.0,1179.9209471099823,7487259.149009982,225.97554283006735,295,True,Jeans,N2,1_M_earth,1000_F_earth
N2_atmosphere_1_M_earth_1000_F_earth.csv,200,2.112974625602182e-13,O2,0.0,906.6944504578421,342.6792597953064,0.0,0.0,1179.9209471099823,7487259.149009982,225.97554283006735,295,True,Jeans,N2,1_M_earth,1000_F_earth
N2_atmosphere_1_M_earth_1000_F_earth.csv,200,2.112974625602182e-13,S2,0.0,1813.3889009156842,242.3108283732478,0.0,0.0,1179.9209471099823,7487259.149009982,225.97554283006735,295,True,Jeans,N2,1_M_earth,1000_F_earth
N2_atmosphere_1_M_earth_1000_F_earth.csv,200,2.112974625602182e-13,S,0.0,906.6944504578421,342.6792597953064,0.0,120379363.34201868,1179.9209471099823,7487259.149009982,225.97554283006735,295,True,Jeans,N2,1_M_earth,1000_F_earth
N2_atmosphere_1_M_earth_1000_F_earth.csv,200,2.112974625602182e-13,C,1.0236856700501558e-144,340.01041892169076,559.5928879554233,1.165161632066524e-143,12517699044.594568,1179.9209471099823,7487259.149009982,225.97554283006735,295,True,Jeans,N2,1_M_earth,1000_F_earth
N2_atmosphere_1_M_earth_1000_F_earth.csv,200,2.112974625602182e-13,H2,0.0,56.66840315361513,1370.7170391812256,5.463941205165338e-21,0.0,1179.9209471099823,7487259.149009982,225.97554283006735,295,True,Jeans,N2,1_M_earth,1000_F_earth
N2_atmosphere_1_M_earth_1000_F_earth.csv,200,2.112974625602182e-13,CO2,0.0,1246.704869379533,292.23785467427865,0.0,0.0,1179.9209471099823,7487259.149009982,225.97554283006735,295,True,Jeans,N2,1_M_earth,1000_F_earth
N2_atmosphere_1_M_earth_1000_F_earth.csv,200,2.112974625602182e-13,O,2.236016288617899e-193,453.34722522892105,484.6216567464956,8.072117276689387e-193,29600075614.263798,1179.9209471099823,7487259.149009982,225.97554283006735,295,True,Jeans,N2,1_M_earth,1000_F_earth
N2_atmosphere_1_M_earth_1000_F_earth.csv,200,2.112974625602182e-13,N2O,0.0,1246.704869379533,292.23785467427865,0.0,0.0,1179.9209471099823,7487259.149009982,225.97554283006735,295,True,Jeans,N2,1_M_earth,1000_F_earth
N2_atmosphere_1_M_earth_1000_F_earth.csv,200,2.112974625602182e-13,NH3,0.0,481.6814268057286,470.1520657006181,4.118208279656285e-205,0.0,1179.9209471099823,7487259.149009982,225.97554283006735,295,True,Jeans,N2,1_M_earth,1000_F_earth
N2_atmosphere_1_M_earth_1000_F_earth.csv,300,5.67670838960096e-10,H2O,0.0,358.70873334671376,544.4086824689148,9.058318566790348e-152,0.0,1191.041472846401,7498379.674746401,320.81776625093363,295,True,Jeans,N2,1_M_earth,1000_F_earth
N2_atmosphere_1_M_earth_1000_F_earth.csv,300,5.67670838960096e-10,CO,0.0,557.9913629837771,436.4980217536466,3.2004610921655724e-238,0.0,1191.041472846401,7498379.674746401,320.81776625093363,295,True,Jeans,N2,1_M_earth,1000_F_earth
N2_atmosphere_1_M_earth_1000_F_earth.csv,300,5.67670838960096e-10,SO2,0.0,1275.4088296772045,288.7163033329527,0.0,0.0,1191.041472846401,7498379.674746401,320.81776625093363,295,True,Jeans,N2,1_M_earth,1000_F_earth
N2_atmosphere_1_M_earth_1000_F_earth.csv,300,5.67670838960096e-10,H,9.309923403928509e-07,19.92826296370632,2309.7304266636215,3.0196381805034884e-05,52556614261.79968,1191.041472846401,7498379.674746401,320.81776625093363,295,True,Jeans,N2,1_M_earth,1000_F_earth
N2_atmosphere_1_M_earth_1000_F_earth.csv,300,5.67670838960096e-10,NO2,0.0,916.7000963304909,340.5511722977695,0.0,0.0,1191.041472846401,7498379.674746401,320.81776625093363,295,True,Jeans,N2,1_M_earth,1000_F_earth
N2_atmosphere_1_M_earth_1000_F_earth.csv,300,5.67670838960096e-10,H2S,0.0,677.5609407660149,396.11550023341437,4.157459567733167e-290,0.0,1191.041472846401,7498379.674746401,320.81776625093363,295,True,Jeans,N2,1_M_earth,1000_F_earth
N2_atmosphere_1_M_earth_1000_F_earth.csv,300,5.67670838960096e-10,N2,0.0,557.9913629837771,436.4980217536466,3.2004610921655724e-238,0.0,1191.041472846401,7498379.674746401,320.81776625093363,295,True,Jeans,N2,1_M_earth,1000_F_earth
N2_atmosphere_1_M_earth_1000_F_earth.csv,300,5.67670838960096e-10,OH,0.0,338.78047038300747,560.1919126962974,3.9759549237631506e-143,0.0,1191.041472846401,7498379.674746401,320.81776625093363,295,True,Jeans,N2,1_M_earth,1000_F_earth
N2_atmosphere_1_M_earth_1000_F_earth.csv,300,5.67670838960096e-10,N,2.3513245430086982e-114,278.99568149188855,617.3014223130333,3.3247479882292125e-117,86111665561963.5,1191.041472846401,7498379.674746401,320.81776625093363,295,True,Jeans,N2,1_M_earth,1000_F_earth
N2_atmosphere_1_M_earth_1000_F_earth.csv,300,5.67670838960096e-10,NO,0.0,597.8478889111897,421.6971521465657,1.6243255937677353e-255,0.0,1191.041472846401,7498379.674746401,320.81776625093363,295,True,Jeans,N2,1_M_earth,1000_F_earth
N2_atmosphere_1_M_earth_1000_F_earth.csv,300,5.67670838960096e-10,CH4,0.0,318.8522074193011,577.4326066659054,1.742173885451416e-134,0.0,1191.041472846401,7498379.674746401,320.81776625093363,295,True,Jeans,N2,1_M_earth,1000_F_earth
N2_atmosphere_1_M_earth_1000_F_earth.csv,300,5.67670838960096e-10,O2,0.0,637.7044148386022,408.3065118516861,8.22569955199636e-273,0.0,1191.041472846401,7498379.674746401,320.81776625093363,295,True,Jeans,N2,1_M_earth,1000_F_earth
N2_atmosphere_1_M_earth_1000_F_earth.csv,300,5.67670838960096e-10,S2,0.0,1275.4088296772045,288.7163033329527,0.0,0.0,1191.041472846401,7498379.674746401,320.81776625093363,295,True,Jeans,N2,1_M_earth,1000_F_earth
N2_atmosphere_1_M_earth_1000_F_earth.csv,300,5.67670838960096e-10,S,1.3093076663171931e-275,637.7044148386022,408.3065118516861,8.22569955199636e-273,84792037.21988826,1191.041472846401,7498379.674746401,320.81776625093363,295,True,Jeans,N2,1_M_earth,1000_F_earth
N2_atmosphere_1_M_earth_1000_F_earth.csv,300,5.67670838960096e-10,C,3.898393287090911e-101,239.13915556447583,666.7617417948555,6.280772327525117e-100,8817135876.362772,1191.041472846401,7498379.674746401,320.81776625093363,295,True,Jeans,N2,1_M_earth,1000_F_earth
N2_atmosphere_1_M_earth_1000_F_earth.csv,300,5.67670838960096e-10,H2,0.0,39.85652592741264,1633.2260474067443,9.230676329846551e-14,0.0,1191.041472846401,7498379.674746401,320.81776625093363,295,True,Jeans,N2,1_M_earth,1000_F_earth
N2_atmosphere_1_M_earth_1000_F_earth.csv,300,5.67670838960096e-10,CO2,0.0,876.8435704030783,348.20496327776004,0.0,0.0,1191.041472846401,7498379.674746401,320.81776625093363,295,True,Jeans,N2,1_M_earth,1000_F_earth
N2_atmosphere_1_M_earth_1000_F_earth.csv,300,5.67670838960096e-10,O,3.40934656704645e-135,318.8522074193011,577.4326066659054,1.742173885451416e-134,20849509779.057743,1191.041472846401,7498379.674746401,320.81776625093363,295,True,Jeans,N2,1_M_earth,1000_F_earth
N2_atmosphere_1_M_earth_1000_F_earth.csv,300,5.67670838960096e-10,N2O,0.0,876.8435704030783,348.20496327776004,0.0,0.0,1191.041472846401,7498379.674746401,320.81776625093363,295,True,Jeans,N2,1_M_earth,1000_F_earth
N2_atmosphere_1_M_earth_1000_F_earth.csv,300,5.67670838960096e-10,NH3,0.0,338.78047038300747,560.1919126962974,3.9759549237631506e-143,0.0,1191.041472846401,7498379.674746401,320.81776625093363,295,True,Jeans,N2,1_M_earth,1000_F_earth
N2_atmosphere_1_M_earth_1000_F_earth.csv,500,4.975590705837094e-07,H2O,0.0,224.75867929423052,686.7436496312855,1.0699906891642091e-93,0.0,1213.2825243192399,7520620.72621924,510.50221309266624,295,True,Jeans,N2,1_M_earth,1000_F_earth
N2_atmosphere_1_M_earth_1000_F_earth.csv,500,4.975590705837094e-07,CO,0.0,349.6246122354697,550.6198820277847,7.871355440048717e-148,0.0,1213.2825243192399,7520620.72621924,510.50221309266624,295,True,Jeans,N2,1_M_earth,1000_F_earth
N2_atmosphere_1_M_earth_1000_F_earth.csv,500,4.975590705837094e-07,SO2,0.0,799.1419708239307,364.20081869331034,0.0,0.0,1213.2825243192399,7520620.72621924,510.50221309266624,295,True,Jeans,N2,1_M_earth,1000_F_earth
N2_atmosphere_1_M_earth_1000_F_earth.csv,500,4.975590705837094e-07,H,0.0008160075378453275,12.486593294123917,2913.6065495464827,0.041866790407175725,33028447588.966503,1213.2825243192399,7520620.72621924,510.50221309266624,295,True,Jeans,N2,1_M_earth,1000_F_earth
N2_atmosphere_1_M_earth_1000_F_earth.csv,500,4.975590705837094e-07,NO2,0.0,574.3832915297002,429.5878491308536,2.4655300176696677e-245,0.0,1213.2825243192399,7520620.72621924,510.50221309266624,295,True,Jeans,N2,1_M_earth,1000_F_earth
N2_atmosphere_1_M_earth_1000_F_earth.csv,500,4.975590705837094e-07,H2S,0.0,424.54417200021317,499.67940090916886,2.5167491891028116e-180,0.0,1213.2825243192399,7520620.72621924,510.50221309266624,295,True,Jeans,N2,1_M_earth,1000_F_earth
N2_atmosphere_1_M_earth_1000_F_earth.csv,500,4.975590705837094e-07,N2,0.0,349.6246122354697,550.6198820277847,7.871355440048717e-148,0.0,1213.2825243192399,7520620.72621924,510.50221309266624,295,True,Jeans,N2,1_M_earth,1000_F_earth
N2_atmosphere_1_M_earth_1000_F_earth.csv,500,4.975590705837094e-07,OH,0.0,212.27208600010658,706.6533856042097,2.7538476915822047e-88,0.0,1213.2825243192399,7520620.72621924,510.50221309266624,295,True,Jeans,N2,1_M_earth,1000_F_earth
N2_atmosphere_1_M_earth_1000_F_earth.csv,500,4.975590705837094e-07,N,2.0757663013908789e-69,174.81230611773486,778.6941048759667,4.642921166570349e-72,54115636495236.68,1213.2825243192399,7520620.72621924,510.50221309266624,295,True,Jeans,N2,1_M_earth,1000_F_earth
N2_atmosphere_1_M_earth_1000_F_earth.csv,500,4.975590705837094e-07,NO,0.0,374.59779882371754,531.949343627134,1.1620676772918227e-158,0.0,1213.2825243192399,7520620.72621924,510.50221309266624,295,True,Jeans,N2,1_M_earth,1000_F_earth
N2_atmosphere_1_M_earth_1000_F_earth.csv,500,4.975590705837094e-07,CH4,0.0,199.78549270598268,728.4016373866207,7.075567289236747e-83,0.0,1213.2825243192399,7520620.72621924,510.50221309266624,295,True,Jeans,N2,1_M_earth,1000_F_earth
N2_atmosphere_1_M_earth_1000_F_earth.csv,500,4.975590705837094e-07,O2,0.0,399.57098541196535,515.0577372234641,1.711813232867666e-169,0.0,1213.2825243192399,7520620.72621924,510.50221309266624,295,True,Jeans,N2,1_M_earth,1000_F_earth
N2_atmosphere_1_M_earth_1000_F_earth.csv,500,4.975590705837094e-07,S2,0.0,799.1419708239307,364.20081869331034,0.0,0.0,1213.2825243192399,7520620.72621924,510.50221309266624,295,True,Jeans,N2,1_M_earth,1000_F_earth
N2_atmosphere_1_M_earth_1000_F_earth.csv,500,4.975590705837094e-07,S,1.7224972999320057e-172,399.57098541196535,515.0577372234641,1.711813232867666e-169,53286335.062004395,1213.2825243192399,7520620.72621924,510.50221309266624,295,True,Jeans,N2,1_M_earth,1000_F_earth
N2_atmosphere_1_M_earth_1000_F_earth.csv,500,4.975590705837094e-07,C,1.1834569255520682e-62,149.839119529487,841.0857628466593,3.0161056727680044e-61,5541002103.495699,1213.2825243192399,7520620.72621924,510.50221309266624,295,True,Jeans,N2,1_M_earth,1000_F_earth
N2_atmosphere_1_M_earth_1000_F_earth.csv,500,4.975590705837094e-07,H2,0.0,24.973186588247835,2060.2309488938563,2.153372088355514e-07,0.0,1213.2825243192399,7520620.72621924,510.50221309266624,295,True,Jeans,N2,1_M_earth,1000_F_earth
N2_atmosphere_1_M_earth_1000_F_earth.csv,500,4.975590705837094e-07,CO2,0.0,549.4101049414525,439.24271416216925,1.690476566716863e-234,0.0,1213.2825243192399,7520620.72621924,510.50221309266624,295,True,Jeans,N2,1_M_earth,1000_F_earth
N2_atmosphere_1_M_earth_1000_F_earth.csv,500,4.975590705837094e-07,O,8.753348483771484e-84,199.78549270598268,728.4016373866207,7.075567289236747e-83,13102574255.696981,1213.2825243192399,7520620.72621924,510.50221309266624,295,True,Jeans,N2,1_M_earth,1000_F_earth
N2_atmosphere_1_M_earth_1000_F_earth.csv,500,4.975590705837094e-07,N2O,0.0,549.4101049414525,439.24271416216925,1.690476566716863e-234,0.0,1213.2825243192399,7520620.72621924,510.50221309266624,295,True,Jeans,N2,1_M_earth,1000_F_earth
N2_atmosphere_1_M_earth_1000_F_earth.csv,500,4.975590705837094e-07,NH3,0.0,212.27208600010658,706.6533856042097,2.7538476915822047e-88,0.0,1213.2825243192399,7520620.72621924,510.50221309266624,295,True,Jeans,N2,1_M_earth,1000_F_earth
N2_atmosphere_1_M_earth_1000_F_earth.csv,1000,8.457739700662012e-05,H2O,0.0,115.63423790893637,953.8746072773451,1.8940915597536484e-46,0.0,1269.5424246819018,7576880.626581902,984.8971944871823,296,True,Jeans,N2,1_M_earth,1000_F_earth
N2_atmosphere_1_M_earth_1000_F_earth.csv,1000,8.457739700662012e-05,CO,0.0,179.8754811916788,764.8011365090081,2.967524962579855e-74,0.0,1269.5424246819018,7576880.626581902,984.8971944871823,296,True,Jeans,N2,1_M_earth,1000_F_earth
N2_atmosphere_1_M_earth_1000_F_earth.csv,1000,8.457739700662012e-05,SO2,0.0,411.1439570095515,505.8684024055992,1.6290325445038293e-174,0.0,1269.5424246819018,7576880.626581902,984.8971944871823,296,True,Jeans,N2,1_M_earth,1000_F_earth
N2_atmosphere_1_M_earth_1000_F_earth.csv,1000,8.457739700662012e-05,H,0.1387087434820016,6.424124328274242,4046.947219244794,13.74694191553626,16845654279.532671,1269.5424246819018,7576880.626581902,984.8971944871823,296,True,Jeans,N2,1_M_earth,1000_F_earth
N2_atmosphere_1_M_earth_1000_F_earth.csv,1000,8.457739700662012e-05,NO2,0.0,295.50971910061514,596.6898144610738,2.2905631608284e-124,0.0,1269.5424246819018,7576880.626581902,984.8971944871823,296,True,Jeans,N2,1_M_earth,1000_F_earth
N2_atmosphere_1_M_earth_1000_F_earth.csv,1000,8.457739700662012e-05,H2S,0.0,218.42022716132425,694.0457222468926,5.947855621533795e-91,0.0,1269.5424246819018,7576880.626581902,984.8971944871823,296,True,Jeans,N2,1_M_earth,1000_F_earth
N2_atmosphere_1_M_earth_1000_F_earth.csv,1000,8.457739700662012e-05,N2,0.0,179.8754811916788,764.8011365090081,2.967524962579855e-74,0.0,1269.5424246819018,7576880.626581902,984.8971944871823,296,True,Jeans,N2,1_M_earth,1000_F_earth
N2_atmosphere_1_M_earth_1000_F_earth.csv,1000,8.457739700662012e-05,OH,0.0,109.21011358066212,981.5288733085857,1.1354549330553823e-43,0.0,1269.5424246819018,7576880.626581902,984.8971944871823,296,True,Jeans,N2,1_M_earth,1000_F_earth
N2_atmosphere_1_M_earth_1000_F_earth.csv,1000,8.457739700662012e-05,N,5.6001373623782545e-33,89.9377405958394,1081.592139769396,2.4195705762555e-35,27600852297404.137,1269.5424246819018,7576880.626581902,984.8971944871823,296,True,Jeans,N2,1_M_earth,1000_F_earth
N2_atmosphere_1_M_earth_1000_F_earth.csv,1000,8.457739700662012e-05,NO,0.0,192.7237298482273,738.8680936710597,8.077787017005843e-80,0.0,1269.5424246819018,7576880.626581902,984.8971944871823,296,True,Jeans,N2,1_M_earth,1000_F_earth
N2_atmosphere_1_M_earth_1000_F_earth.csv,1000,8.457739700662012e-05,CH4,0.0,102.78598925238788,1011.7368048111985,6.795374512165135e-41,0.0,1269.5424246819018,7576880.626581902,984.8971944871823,296,True,Jeans,N2,1_M_earth,1000_F_earth
N2_atmosphere_1_M_earth_1000_F_earth.csv,1000,8.457739700662012e-05,O2,0.0,205.57197850477576,715.4059554580089,2.194032870052014e-85,0.0,1269.5424246819018,7576880.626581902,984.8971944871823,296,True,Jeans,N2,1_M_earth,1000_F_earth
N2_atmosphere_1_M_earth_1000_F_earth.csv,1000,8.457739700662012e-05,S2,0.0,411.1439570095515,505.8684024055992,1.6290325445038293e-174,0.0,1269.5424246819018,7576880.626581902,984.8971944871823,296,True,Jeans,N2,1_M_earth,1000_F_earth
N2_atmosphere_1_M_earth_1000_F_earth.csv,1000,8.457739700662012e-05,S,1.1429271196739704e-88,205.57197850477576,715.4059554580089,2.194032870052014e-85,27177879.7916537,1269.5424246819018,7576880.626581902,984.8971944871823,296,True,Jeans,N2,1_M_earth,1000_F_earth
N2_atmosphere_1_M_earth_1000_F_earth.csv,1000,8.457739700662012e-05,C,1.7328571404362415e-31,77.08949193929091,1168.2530332135948,8.530679399371837e-30,2826103332.4749317,1269.5424246819018,7576880.626581902,984.8971944871823,296,True,Jeans,N2,1_M_earth,1000_F_earth
N2_atmosphere_1_M_earth_1000_F_earth.csv,1000,8.457739700662012e-05,H2,0.0,12.848248656548485,2861.6238218320354,0.02940891281459799,0.0,1269.5424246819018,7576880.626581902,984.8971944871823,296,True,Jeans,N2,1_M_earth,1000_F_earth
N2_atmosphere_1_M_earth_1000_F_earth.csv,1000,8.457739700662012e-05,CO2,0.0,282.6614704440667,610.1002487548697,8.516864922693426e-119,0.0,1269.5424246819018,7576880.626581902,984.8971944871823,296,True,Jeans,N2,1_M_earth,1000_F_earth
N2_atmosphere_1_M_earth_1000_F_earth.csv,1000,8.457739700662012e-05,O,4.35210723561897e-42,102.78598925238788,1011.7368048111985,6.795374512165135e-41,6682767498.800359,1269.5424246819018,7576880.626581902,984.8971944871823,296,True,Jeans,N2,1_M_earth,1000_F_earth
N2_atmosphere_1_M_earth_1000_F_earth.csv,1000,8.457739700662012e-05,N2O,0.0,282.6614704440667,610.1002487548697,8.516864922693426e-119,0.0,1269.5424246819018,7576880.626581902,984.8971944871823,296,True,Jeans,N2,1_M_earth,1000_F_earth
N2_atmosphere_1_M_earth_1000_F_earth.csv,1000,8.457739700662012e-05,NH3,0.0,109.21011358066212,981.5288733085857,1.1354549330553823e-43,0.0,1269.5424246819018,7576880.626581902,984.8971944871823,296,True,Jeans,N2,1_M_earth,1000_F_earth
N2_atmosphere_1_M_earth_1000_F_earth.csv,2000,0.000842661577402123,H2O,0.0,57.96561239849704,1337.1945446171517,1.4895081115982552e-21,0.0,1383.9634081642553,7691301.610064255,1935.519348318605,298,True,Jeans,N2,1_M_earth,1000_F_earth
N2_atmosphere_1_M_earth_1000_F_earth.csv,2000,0.000842661577402123,CO,0.0,90.16873039766207,1072.140824018696,1.90858170267685e-35,0.0,1383.9634081642553,7691301.610064255,1935.519348318605,298,True,Jeans,N2,1_M_earth,1000_F_earth
N2_atmosphere_1_M_earth_1000_F_earth.csv,2000,0.000842661577402123,SO2,0.0,206.09995519465616,709.154497698334,1.2860050471646162e-85,0.0,1383.9634081642553,7691301.610064255,1935.519348318605,298,True,Jeans,N2,1_M_earth,1000_F_earth
N2_atmosphere_1_M_earth_1000_F_earth.csv,2000,0.000842661577402123,H,1.3819830440562804,3.2203117999165025,5673.235981586672,269.7781735663488,8299792854.736757,1383.9634081642553,7691301.610064255,1935.519348318605,298,True,Jeans,N2,1_M_earth,1000_F_earth
N2_atmosphere_1_M_earth_1000_F_earth.csv,2000,0.000842661577402123,NO2,0.0,148.1343427961591,836.4730108534868,1.6311616745616202e-60,0.0,1383.9634081642553,7691301.610064255,1935.519348318605,298,True,Jeans,N2,1_M_earth,1000_F_earth
N2_atmosphere_1_M_earth_1000_F_earth.csv,2000,0.000842661577402123,H2S,0.0,109.49060119716108,972.9519440216865,8.524087018793767e-44,0.0,1383.9634081642553,7691301.610064255,1935.519348318605,298,True,Jeans,N2,1_M_earth,1000_F_earth
N2_atmosphere_1_M_earth_1000_F_earth.csv,2000,0.000842661577402123,N2,0.0,90.16873039766207,1072.140824018696,1.90858170267685e-35,0.0,1383.9634081642553,7691301.610064255,1935.519348318605,298,True,Jeans,N2,1_M_earth,1000_F_earth
N2_atmosphere_1_M_earth_1000_F_earth.csv,2000,0.000842661577402123,OH,0.0,54.74530059858054,1375.9618347727373,3.627669866679738e-20,0.0,1383.9634081642553,7691301.610064255,1935.519348318605,298,True,Jeans,N2,1_M_earth,1000_F_earth
N2_atmosphere_1_M_earth_1000_F_earth.csv,2000,0.000842661577402123,N,6.093727536643679e-14,45.08436519883104,1516.236094101106,5.185904112903054e-16,13598839966754.596,1383.9634081642553,7691301.610064255,1935.519348318605,298,True,Jeans,N2,1_M_earth,1000_F_earth
N2_atmosphere_1_M_earth_1000_F_earth.csv,2000,0.000842661577402123,NO,0.0,96.60935399749508,1035.7864403883277,3.1495418717084243e-38,0.0,1383.9634081642553,7691301.610064255,1935.519348318605,298,True,Jeans,N2,1_M_earth,1000_F_earth
N2_atmosphere_1_M_earth_1000_F_earth.csv,2000,0.000842661577402123,CH4,0.0,51.52498879866404,1418.308995396668,8.820913806859279e-19,0.0,1383.9634081642553,7691301.610064255,1935.519348318605,298,True,Jeans,N2,1_M_earth,1000_F_earth
N2_atmosphere_1_M_earth_1000_F_earth.csv,2000,0.000842661577402123,O2,0.0,103.04997759732808,1002.8959084628638,5.186283913989611e-41,0.0,1383.9634081642553,7691301.610064255,1935.519348318605,298,True,Jeans,N2,1_M_earth,1000_F_earth
N2_atmosphere_1_M_earth_1000_F_earth.csv,2000,0.000842661577402123,S2,0.0,206.09995519465616,709.154497698334,1.2860050471646162e-85,0.0,1383.9634081642553,7691301.610064255,1935.519348318605,298,True,Jeans,N2,1_M_earth,1000_F_earth
N2_atmosphere_1_M_earth_1000_F_earth.csv,2000,0.000842661577402123,S,1.371607529367479e-44,103.04997759732808,1002.8959084628638,5.186283913989611e-41,13390442.94502283,1383.9634081642553,7691301.610064255,1935.519348318605,298,True,Jeans,N2,1_M_earth,1000_F_earth
N2_atmosphere_1_M_earth_1000_F_earth.csv,2000,0.000842661577402123,C,3.1147521767042705e-15,38.64374159899803,1637.722160572668,3.0202729551825106e-13,1392410876.7993717,1383.9634081642553,7691301.610064255,1935.519348318605,298,True,Jeans,N2,1_M_earth,1000_F_earth
N2_atmosphere_1_M_earth_1000_F_earth.csv,2000,0.000842661577402123,H2,0.0,6.440623599833005,4011.583633851455,13.433617080730658,0.0,1383.9634081642553,7691301.610064255,1935.519348318605,298,True,Jeans,N2,1_M_earth,1000_F_earth
N2_atmosphere_1_M_earth_1000_F_earth.csv,2000,0.000842661577402123,CO2,0.0,141.69371919632613,855.272504457573,1.0002396558562739e-57,0.0,1383.9634081642553,7691301.610064255,1935.519348318605,298,True,Jeans,N2,1_M_earth,1000_F_earth
N2_atmosphere_1_M_earth_1000_F_earth.csv,2000,0.000842661577402123,O,2.8681240674145765e-20,51.52498879866404,1418.308995396668,8.820913806859279e-19,3292575344.1230526,1383.9634081642553,7691301.610064255,1935.519348318605,298,True,Jeans,N2,1_M_earth,1000_F_earth
N2_atmosphere_1_M_earth_1000_F_earth.csv,2000,0.000842661577402123,N2O,0.0,141.69371919632613,855.272504457573,1.0002396558562739e-57,0.0,1383.9634081642553,7691301.610064255,1935.519348318605,298,True,Jeans,N2,1_M_earth,1000_F_earth
N2_atmosphere_1_M_earth_1000_F_earth.csv,2000,0.000842661577402123,NH3,0.0,54.74530059858054,1375.9618347727373,3.627669866679738e-20,0.0,1383.9634081642553,7691301.610064255,1935.519348318605,298,True,Jeans,N2,1_M_earth,1000_F_earth
N2_atmosphere_1_M_earth_1000_F_earth.csv,3000,0.001523667513739742,H2O,0.0,38.25950445441376,1633.5517065046145,4.3810791792534667e-13,0.0,1500.9233258838626,7808261.527783862,2888.51146834626,300,True,Jeans,N2,1_M_earth,1000_F_earth
N2_atmosphere_1_M_earth_1000_F_earth.csv,3000,0.001523667513739742,CO,0.0,59.51478470686585,1309.7551734257504,3.1805636650179745e-22,0.0,1500.9233258838626,7808261.527783862,2888.51146834626,300,True,Jeans,N2,1_M_earth,1000_F_earth
N2_atmosphere_1_M_earth_1000_F_earth.csv,3000,0.001523667513739742,SO2,0.0,136.03379361569338,866.3216168162023,2.7936756366026783e-55,0.0,1500.9233258838626,7808261.527783862,2888.51146834626,300,True,Jeans,N2,1_M_earth,1000_F_earth
N2_atmosphere_1_M_earth_1000_F_earth.csv,3000,0.001523667513739742,H,2.4986006040838515,2.125528025245209,6930.572934529619,729.4281358280074,5384887828.399555,1500.9233258838626,7808261.527783862,2888.51146834626,300,True,Jeans,N2,1_M_earth,1000_F_earth
N2_atmosphere_1_M_earth_1000_F_earth.csv,3000,0.001523667513739742,NO2,0.0,97.77428916127961,1021.8572307412327,9.808327274819152e-39,0.0,1500.9233258838626,7808261.527783862,2888.51146834626,300,True,Jeans,N2,1_M_earth,1000_F_earth
N2_atmosphere_1_M_earth_1000_F_earth.csv,3000,0.001523667513739742,H2S,0.0,72.2679528583371,1188.5834524987952,1.0110337659991345e-27,0.0,1500.9233258838626,7808261.527783862,2888.51146834626,300,True,Jeans,N2,1_M_earth,1000_F_earth
N2_atmosphere_1_M_earth_1000_F_earth.csv,3000,0.001523667513739742,N2,0.0,59.51478470686585,1309.7551734257504,3.1805636650179745e-22,0.0,1500.9233258838626,7808261.527783862,2888.51146834626,300,True,Jeans,N2,1_M_earth,1000_F_earth
N2_atmosphere_1_M_earth_1000_F_earth.csv,3000,0.001523667513739742,OH,0.0,36.13397642916855,1680.9108385360335,3.5721084074489344e-12,0.0,1500.9233258838626,7808261.527783862,2888.51146834626,300,True,Jeans,N2,1_M_earth,1000_F_earth
N2_atmosphere_1_M_earth_1000_F_earth.csv,3000,0.001523667513739742,N,1.5061054528834485e-07,29.757392353432927,1852.2735296470214,1.916807085813976e-09,8822898245651.795,1500.9233258838626,7808261.527783862,2888.51146834626,300,True,Jeans,N2,1_M_earth,1000_F_earth
N2_atmosphere_1_M_earth_1000_F_earth.csv,3000,0.001523667513739742,NO,0.0,63.765840757356266,1265.3437108922158,4.68594095190618e-24,0.0,1500.9233258838626,7808261.527783862,2888.51146834626,300,True,Jeans,N2,1_M_earth,1000_F_earth
N2_atmosphere_1_M_earth_1000_F_earth.csv,3000,0.001523667513739742,CH4,0.0,34.008448403923346,1732.6432336324046,2.9080080068043366e-11,0.0,1500.9233258838626,7808261.527783862,2888.51146834626,300,True,Jeans,N2,1_M_earth,1000_F_earth
N2_atmosphere_1_M_earth_1000_F_earth.csv,3000,0.001523667513739742,O2,0.0,68.01689680784669,1225.163779878461,6.889404518088634e-26,0.0,1500.9233258838626,7808261.527783862,2888.51146834626,300,True,Jeans,N2,1_M_earth,1000_F_earth
N2_atmosphere_1_M_earth_1000_F_earth.csv,3000,0.001523667513739742,S2,0.0,136.03379361569338,866.3216168162023,2.7936756366026783e-55,0.0,1500.9233258838626,7808261.527783862,2888.51146834626,300,True,Jeans,N2,1_M_earth,1000_F_earth
N2_atmosphere_1_M_earth_1000_F_earth.csv,3000,0.001523667513739742,S,1.2183545325225511e-29,68.01689680784669,1225.163779878461,6.889404518088634e-26,8687690.70427832,1500.9233258838626,7808261.527783862,2888.51146834626,300,True,Jeans,N2,1_M_earth,1000_F_earth
N2_atmosphere_1_M_earth_1000_F_earth.csv,3000,0.001523667513739742,C,8.63491180907245e-10,25.506336302942504,2000.684074694505,1.2521667780624992e-07,903393194.7264125,1500.9233258838626,7808261.527783862,2888.51146834626,300,True,Jeans,N2,1_M_earth,1000_F_earth
N2_atmosphere_1_M_earth_1000_F_earth.csv,3000,0.001523667513739742,H2,0.0,4.251056050490418,4900.655119513844,103.43932489408255,0.0,1500.9233258838626,7808261.527783862,2888.51146834626,300,True,Jeans,N2,1_M_earth,1000_F_earth
N2_atmosphere_1_M_earth_1000_F_earth.csv,3000,0.001523667513739742,CO2,0.0,93.5232331107892,1044.823182092141,6.735228995868291e-37,0.0,1500.9233258838626,7808261.527783862,2888.51146834626,300,True,Jeans,N2,1_M_earth,1000_F_earth
N2_atmosphere_1_M_earth_1000_F_earth.csv,3000,0.001523667513739742,O,6.322638891850543e-13,34.008448403923346,1732.6432336324046,2.9080080068043366e-11,2136215831.5237913,1500.9233258838626,7808261.527783862,2888.51146834626,300,True,Jeans,N2,1_M_earth,1000_F_earth
N2_atmosphere_1_M_earth_1000_F_earth.csv,3000,0.001523667513739742,N2O,0.0,93.5232331107892,1044.823182092141,6.735228995868291e-37,0.0,1500.9233258838626,7808261.527783862,2888.51146834626,300,True,Jeans,N2,1_M_earth,1000_F_earth
N2_atmosphere_1_M_earth_1000_F_earth.csv,3000,0.001523667513739742,NH3,0.0,36.13397642916855,1680.9108385360335,3.5721084074489344e-12,0.0,1500.9233258838626,7808261.527783862,2888.51146834626,300,True,Jeans,N2,1_M_earth,1000_F_earth
N2_atmosphere_1_M_earth_1000_F_earth.csv,5000,0.018772199898191858,H2O,0.0,22.326767616634275,2106.0748759028033,2.7882484122330113e-06,0.0,1742.4785904072382,8049816.792307238,4801.267901668192,304,True,Jeans,N2,1_M_earth,1000_F_earth
N2_atmosphere_1_M_earth_1000_F_earth.csv,5000,0.018772199898191858,CO,0.0,34.73052740365332,1688.616560683015,1.4050414414756271e-11,0.0,1742.4785904072382,8049816.792307238,4801.267901668192,304,True,Jeans,N2,1_M_earth,1000_F_earth
N2_atmosphere_1_M_earth_1000_F_earth.csv,5000,0.018772199898191858,SO2,0.0,79.38406263692187,1116.9148698281165,8.463007746084117e-31,0.0,1742.4785904072382,8049816.792307238,4801.267901668192,304,True,Jeans,N2,1_M_earth,1000_F_earth
N2_atmosphere_1_M_earth_1000_F_earth.csv,5000,0.018772199898191858,H,3.354326570683687,1.2403759787019042,8935.318958624932,1633.5694102115817,3037153843.0090537,1742.4785904072382,8049816.792307238,4801.267901668192,304,False,hydrodynamic_candidate,N2,1_M_earth,1000_F_earth
N2_atmosphere_1_M_earth_1000_F_earth.csv,5000,0.018772199898191858,NO2,0.0,57.05729502028759,1317.4409061275983,3.5835595838953634e-21,0.0,1742.4785904072382,8049816.792307238,4801.267901668192,304,True,Jeans,N2,1_M_earth,1000_F_earth
N2_atmosphere_1_M_earth_1000_F_earth.csv,5000,0.018772199898191858,H2S,0.0,42.17278327586474,1532.3945592012112,9.02752404611002e-15,0.0,1742.4785904072382,8049816.792307238,4801.267901668192,304,True,Jeans,N2,1_M_earth,1000_F_earth
N2_atmosphere_1_M_earth_1000_F_earth.csv,5000,0.018772199898191858,N2,0.0,34.73052740365332,1688.616560683015,1.4050414414756271e-11,0.0,1742.4785904072382,8049816.792307238,4801.267901668192,304,True,Jeans,N2,1_M_earth,1000_F_earth
N2_atmosphere_1_M_earth_1000_F_earth.csv,5000,0.018772199898191858,OH,0.0,21.08639163793237,2167.133168529094,9.390785147563064e-06,0.0,1742.4785904072382,8049816.792307238,4801.267901668192,304,True,Jeans,N2,1_M_earth,1000_F_earth
N2_atmosphere_1_M_earth_1000_F_earth.csv,5000,0.018772199898191858,N,0.016742891829812905,17.36526370182666,2388.06444176573,0.0003554676443334904,4976240948221.086,1742.4785904072382,8049816.792307238,4801.267901668192,304,True,Jeans,N2,1_M_earth,1000_F_earth
N2_atmosphere_1_M_earth_1000_F_earth.csv,5000,0.018772199898191858,NO,0.0,37.21127936105712,1631.3585840474818,1.2147384770968684e-12,0.0,1742.4785904072382,8049816.792307238,4801.267901668192,304,True,Jeans,N2,1_M_earth,1000_F_earth
N2_atmosphere_1_M_earth_1000_F_earth.csv,5000,0.018772199898191858,CH4,0.0,19.846015659230467,2233.829739656233,3.158298016915093e-05,0.0,1742.4785904072382,8049816.792307238,4801.267901668192,304,True,Jeans,N2,1_M_earth,1000_F_earth
N2_atmosphere_1_M_earth_1000_F_earth.csv,5000,0.018772199898191858,O2,0.0,39.692031318460934,1579.5561569271024,1.0481159538605253e-13,0.0,1742.4785904072382,8049816.792307238,4801.267901668192,304,True,Jeans,N2,1_M_earth,1000_F_earth
N2_atmosphere_1_M_earth_1000_F_earth.csv,5000,0.018772199898191858,S2,0.0,79.38406263692187,1116.9148698281165,8.463007746084117e-31,0.0,1742.4785904072382,8049816.792307238,4801.267901668192,304,True,Jeans,N2,1_M_earth,1000_F_earth
N2_atmosphere_1_M_earth_1000_F_earth.csv,5000,0.018772199898191858,S,1.1111040994211305e-17,39.692031318460934,1579.5561569271024,1.0481159538605253e-13,4899981.958809916,1742.4785904072382,8049816.792307238,4801.267901668192,304,True,Jeans,N2,1_M_earth,1000_F_earth
N2_atmosphere_1_M_earth_1000_F_earth.csv,5000,0.018772199898191858,C,1.6404999000789862e-05,14.884511744422849,2579.404403028636,0.003968506157553161,509526697.7784046,1742.4785904072382,8049816.792307238,4801.267901668192,304,True,Jeans,N2,1_M_earth,1000_F_earth
N2_atmosphere_1_M_earth_1000_F_earth.csv,5000,0.018772199898191858,H2,0.0,2.4807519574038084,6318.22462770841,519.1421841831261,0.0,1742.4785904072382,8049816.792307238,4801.267901668192,304,True,Jeans,N2,1_M_earth,1000_F_earth
N2_atmosphere_1_M_earth_1000_F_earth.csv,5000,0.018772199898191858,CO2,0.0,54.576543062883786,1347.050016723093,4.1915902898914414e-20,0.0,1742.4785904072382,8049816.792307238,4801.267901668192,304,True,Jeans,N2,1_M_earth,1000_F_earth
N2_atmosphere_1_M_earth_1000_F_earth.csv,5000,0.018772199898191858,O,4.116321700836468e-07,19.846015659230467,2233.829739656233,3.158298016915093e-05,1204856318.0818512,1742.4785904072382,8049816.792307238,4801.267901668192,304,True,Jeans,N2,1_M_earth,1000_F_earth
N2_atmosphere_1_M_earth_1000_F_earth.csv,5000,0.018772199898191858,N2O,0.0,54.576543062883786,1347.050016723093,4.1915902898914414e-20,0.0,1742.4785904072382,8049816.792307238,4801.267901668192,304,True,Jeans,N2,1_M_earth,1000_F_earth
N2_atmosphere_1_M_earth_1000_F_earth.csv,5000,0.018772199898191858,NH3,0.0,21.08639163793237,2167.133168529094,9.390785147563064e-06,0.0,1742.4785904072382,8049816.792307238,4801.267901668192,304,True,Jeans,N2,1_M_earth,1000_F_earth
N2_atmosphere_1_M_earth_1000_F_earth.csv,6000,0.28763131238111306,H2O,0.0,18.341991760959303,2306.376032391178,0.00013614464671663867,0.0,1863.2389733359869,8170577.175235987,5757.958857246322,305,True,Jeans,N2,1_M_earth,1000_F_earth
N2_atmosphere_1_M_earth_1000_F_earth.csv,6000,0.28763131238111306,CO,0.0,28.531987183714474,1849.2147682017485,6.257350766588089e-09,0.0,1863.2389733359869,8170577.175235987,5757.958857246322,305,True,Jeans,N2,1_M_earth,1000_F_earth
N2_atmosphere_1_M_earth_1000_F_earth.csv,6000,0.28763131238111306,SO2,0.0,65.21597070563308,1223.1405993524447,1.0861704677670392e-24,0.0,1863.2389733359869,8170577.175235987,5757.958857246322,305,True,Jeans,N2,1_M_earth,1000_F_earth
N2_atmosphere_1_M_earth_1000_F_earth.csv,6000,0.28763131238111306,H,3.491671554979936,1.018999542275517,9785.124794819558,2011.6470237097033,2491994999.5088778,1863.2389733359869,8170577.175235987,5757.958857246322,305,False,hydrodynamic_candidate,N2,1_M_earth,1000_F_earth
N2_atmosphere_1_M_earth_1000_F_earth.csv,6000,0.28763131238111306,NO2,0.0,46.87397894467377,1442.737940967982,8.561929449026181e-17,0.0,1863.2389733359869,8170577.175235987,5757.958857246322,305,True,Jeans,N2,1_M_earth,1000_F_earth
N2_atmosphere_1_M_earth_1000_F_earth.csv,6000,0.28763131238111306,H2S,0.0,34.645984437367574,1678.1350577544363,1.515907599587329e-11,0.0,1863.2389733359869,8170577.175235987,5757.958857246322,305,True,Jeans,N2,1_M_earth,1000_F_earth
N2_atmosphere_1_M_earth_1000_F_earth.csv,6000,0.28763131238111306,N2,0.0,28.531987183714474,1849.2147682017485,6.257350766588089e-09,0.0,1863.2389733359869,8170577.175235987,5757.958857246322,305,True,Jeans,N2,1_M_earth,1000_F_earth
N2_atmosphere_1_M_earth_1000_F_earth.csv,6000,0.28763131238111306,OH,0.0,17.322992218683787,2373.2413581700807,0.00036766597664542494,0.0,1863.2389733359869,8170577.175235987,5757.958857246322,305,True,Jeans,N2,1_M_earth,1000_F_earth
N2_atmosphere_1_M_earth_1000_F_earth.csv,6000,0.28763131238111306,N,0.28577514251930397,14.265993591857237,2615.184604931532,0.007177615651021128,4083022527114.4746,1863.2389733359869,8170577.175235987,5757.958857246322,305,True,Jeans,N2,1_M_earth,1000_F_earth
N2_atmosphere_1_M_earth_1000_F_earth.csv,6000,0.28763131238111306,NO,0.0,30.569986268265506,1786.511192708594,8.419743363560319e-10,0.0,1863.2389733359869,8170577.175235987,5757.958857246322,305,True,Jeans,N2,1_M_earth,1000_F_earth
N2_atmosphere_1_M_earth_1000_F_earth.csv,6000,0.28763131238111306,CH4,0.0,16.30399267640827,2446.2811987048894,0.000991547938048347,0.0,1863.2389733359869,8170577.175235987,5757.958857246322,305,True,Jeans,N2,1_M_earth,1000_F_earth
N2_atmosphere_1_M_earth_1000_F_earth.csv,6000,0.28763131238111306,O2,0.0,32.60798535281654,1729.7820242933835,1.1307349660338957e-10,0.0,1863.2389733359869,8170577.175235987,5757.958857246322,305,True,Jeans,N2,1_M_earth,1000_F_earth
N2_atmosphere_1_M_earth_1000_F_earth.csv,6000,0.28763131238111306,S2,0.0,65.21597070563308,1223.1405993524447,1.0861704677670392e-24,0.0,1863.2389733359869,8170577.175235987,5757.958857246322,305,True,Jeans,N2,1_M_earth,1000_F_earth
N2_atmosphere_1_M_earth_1000_F_earth.csv,6000,0.28763131238111306,S,1.0132581283564183e-14,32.60798535281654,1729.7820242933835,1.1307349660338957e-10,4020451.768403102,1863.2389733359869,8170577.175235987,5757.958857246322,305,True,Jeans,N2,1_M_earth,1000_F_earth
N2_atmosphere_1_M_earth_1000_F_earth.csv,6000,0.28763131238111306,C,0.0001801678458715989,12.227994507306201,2824.7222171715766,0.05156016285501535,418068378.6903812,1863.2389733359869,8170577.175235987,5757.958857246322,305,True,Jeans,N2,1_M_earth,1000_F_earth
N2_atmosphere_1_M_earth_1000_F_earth.csv,6000,0.28763131238111306,H2,0.0,2.037999084551034,6919.128097173534,772.5779717326828,0.0,1863.2389733359869,8170577.175235987,5757.958857246322,305,True,Jeans,N2,1_M_earth,1000_F_earth
N2_atmosphere_1_M_earth_1000_F_earth.csv,6000,0.28763131238111306,CO2,0.0,44.83597986012275,1475.163066873629,6.433139581651229e-16,0.0,1863.2389733359869,8170577.175235987,5757.958857246322,305,True,Jeans,N2,1_M_earth,1000_F_earth
N2_atmosphere_1_M_earth_1000_F_earth.csv,6000,0.28763131238111306,O,1.0924052347651595e-05,16.30399267640827,2446.2811987048894,0.000991547938048347,988588683.677589,1863.2389733359869,8170577.175235987,5757.958857246322,305,True,Jeans,N2,1_M_earth,1000_F_earth
N2_atmosphere_1_M_earth_1000_F_earth.csv,6000,0.28763131238111306,N2O,0.0,44.83597986012275,1475.163066873629,6.433139581651229e-16,0.0,1863.2389733359869,8170577.175235987,5757.958857246322,305,True,Jeans,N2,1_M_earth,1000_F_earth
N2_atmosphere_1_M_earth_1000_F_earth.csv,6000,0.28763131238111306,NH3,0.0,17.322992218683787,2373.2413581700807,0.00036766597664542494,0.0,1863.2389733359869,8170577.175235987,5757.958857246322,305,True,Jeans,N2,1_M_earth,1000_F_earth
N2_atmosphere_1_M_earth_1000_F_earth.csv,7000,2.092320714964461,H2O,0.0,15.478467992449746,2491.452838339134,0.002195590454452932,0.0,1989.7584329285053,8297096.634828505,6719.139628793972,307,True,Jeans,N2,1_M_earth,1000_F_earth
N2_atmosphere_1_M_earth_1000_F_earth.csv,7000,2.092320714964461,CO,0.0,24.077616877144052,1997.606339222255,4.936453967561635e-07,0.0,1989.7584329285053,8297096.634828505,6719.139628793972,307,True,Jeans,N2,1_M_earth,1000_F_earth
N2_atmosphere_1_M_earth_1000_F_earth.csv,7000,2.092320714964461,SO2,0.0,55.03455286204354,1321.2923977470546,2.622088181051792e-20,0.0,1989.7584329285053,8297096.634828505,6719.139628793972,307,True,Jeans,N2,1_M_earth,1000_F_earth
N2_atmosphere_1_M_earth_1000_F_earth.csv,7000,2.092320714964461,H,3.4857005788135553,0.8599148884694303,10570.339181976437,2347.0415128193144,2067702459.8219159,1989.7584329285053,8297096.634828505,6719.139628793972,307,False,hydrodynamic_candidate,N2,1_M_earth,1000_F_earth
N2_atmosphere_1_M_earth_1000_F_earth.csv,7000,2.092320714964461,NO2,0.0,39.556084869593796,1558.511486211361,1.1807874103102347e-13,0.0,1989.7584329285053,8297096.634828505,6719.139628793972,307,True,Jeans,N2,1_M_earth,1000_F_earth
N2_atmosphere_1_M_earth_1000_F_earth.csv,7000,2.092320714964461,H2S,0.0,29.237106207960633,1812.7982141853831,3.102922046622933e-09,0.0,1989.7584329285053,8297096.634828505,6719.139628793972,307,True,Jeans,N2,1_M_earth,1000_F_earth
N2_atmosphere_1_M_earth_1000_F_earth.csv,7000,2.092320714964461,N2,0.0,24.077616877144052,1997.606339222255,4.936453967561635e-07,0.0,1989.7584329285053,8297096.634828505,6719.139628793972,307,True,Jeans,N2,1_M_earth,1000_F_earth
N2_atmosphere_1_M_earth_1000_F_earth.csv,7000,2.092320714964461,OH,0.0,14.618553103980316,2563.6838203466955,0.005059916879004695,0.0,1989.7584329285053,8297096.634828505,6719.139628793972,307,True,Jeans,N2,1_M_earth,1000_F_earth
N2_atmosphere_1_M_earth_1000_F_earth.csv,7000,2.092320714964461,N,2.09219306043947,12.038808438572026,2825.0419772105824,0.06141434221861683,3387838147543.127,1989.7584329285053,8297096.634828505,6719.139628793972,307,True,Jeans,N2,1_M_earth,1000_F_earth
N2_atmosphere_1_M_earth_1000_F_earth.csv,7000,2.092320714964461,NO,0.0,25.79744665408291,1929.8710701497332,9.126999985058309e-08,0.0,1989.7584329285053,8297096.634828505,6719.139628793972,307,True,Jeans,N2,1_M_earth,1000_F_earth
N2_atmosphere_1_M_earth_1000_F_earth.csv,7000,2.092320714964461,CH4,0.0,13.758638215510885,2642.584795494109,0.011645808145531612,0.0,1989.7584329285053,8297096.634828505,6719.139628793972,307,True,Jeans,N2,1_M_earth,1000_F_earth
N2_atmosphere_1_M_earth_1000_F_earth.csv,7000,2.092320714964461,O2,0.0,27.51727643102177,1868.5896287543505,1.6842856034546187e-08,0.0,1989.7584329285053,8297096.634828505,6719.139628793972,307,True,Jeans,N2,1_M_earth,1000_F_earth
N2_atmosphere_1_M_earth_1000_F_earth.csv,7000,2.092320714964461,S2,0.0,55.03455286204354,1321.2923977470546,2.622088181051792e-20,0.0,1989.7584329285053,8297096.634828505,6719.139628793972,307,True,Jeans,N2,1_M_earth,1000_F_earth
N2_atmosphere_1_M_earth_1000_F_earth.csv,7000,2.092320714964461,S,1.2914057391363295e-12,27.51727643102177,1868.5896287543505,1.6842856034546187e-08,3335920.823581431,1989.7584329285053,8297096.634828505,6719.139628793972,307,True,Jeans,N2,1_M_earth,1000_F_earth
N2_atmosphere_1_M_earth_1000_F_earth.csv,7000,2.092320714964461,C,0.0009613373697929554,10.318978661633164,3051.3940860698726,0.3215326780291839,346887138.6829529,1989.7584329285053,8297096.634828505,6719.139628793972,307,True,Jeans,N2,1_M_earth,1000_F_earth
N2_atmosphere_1_M_earth_1000_F_earth.csv,7000,2.092320714964461,H2,0.0,1.7198297769388606,7474.358515017402,1027.065486870708,0.0,1989.7584329285053,8297096.634828505,6719.139628793972,307,True,Jeans,N2,1_M_earth,1000_F_earth
N2_atmosphere_1_M_earth_1000_F_earth.csv,7000,2.092320714964461,CO2,0.0,37.836255092654945,1593.5385897003669,6.455326237085144e-13,0.0,1989.7584329285053,8297096.634828505,6719.139628793972,307,True,Jeans,N2,1_M_earth,1000_F_earth
N2_atmosphere_1_M_earth_1000_F_earth.csv,7000,2.092320714964461,O,0.00010978105234036647,13.758638215510885,2642.584795494109,0.011645808145531612,820269403.9896197,1989.7584329285053,8297096.634828505,6719.139628793972,307,True,Jeans,N2,1_M_earth,1000_F_earth
N2_atmosphere_1_M_earth_1000_F_earth.csv,7000,2.092320714964461,N2O,0.0,37.836255092654945,1593.5385897003669,6.455326237085144e-13,0.0,1989.7584329285053,8297096.634828505,6719.139628793972,307,True,Jeans,N2,1_M_earth,1000_F_earth
N2_atmosphere_1_M_earth_1000_F_earth.csv,7000,2.092320714964461,NH3,0.0,14.618553103980316,2563.6838203466955,0.005059916879004695,0.0,1989.7584329285053,8297096.634828505,6719.139628793972,307,True,Jeans,N2,1_M_earth,1000_F_earth
