Temperature [K]	Pressure [Pa]	Height [m]	Kzz [cm2/s]	MMW [g/mol]	Density [kg/m3]	OH [VMR]	H2 [VMR]	H2O [VMR]	H [VMR]	O [VMR]	CH [VMR]	C [VMR]	CH2 [VMR]	CH3 [VMR]	CH4 [VMR]	C2 [VMR]	C2H2 [VMR]	C2H [VMR]	C2H3 [VMR]	C2H4 [VMR]	C2H5 [VMR]	C2H6 [VMR]	CO [VMR]	CO2 [VMR]	CH2OH [VMR]	H2CO [VMR]	HCO [VMR]	CH3O [VMR]	CH3OH [VMR]	CH3CO [VMR]	O2 [VMR]	H2CCO [VMR]	HCCO [VMR]	N [VMR]	NH [VMR]	CN [VMR]	HCN [VMR]	NO [VMR]	NH2 [VMR]	N2 [VMR]	NH3 [VMR]	N2H2 [VMR]	N2H [VMR]	N2H3 [VMR]	N2H4 [VMR]	HNO [VMR]	H2CN [VMR]	HNCO [VMR]	NO2 [VMR]	N2O [VMR]	C4H2 [VMR]	CH2NH2 [VMR]	CH2NH [VMR]	CH3NH2 [VMR]	CH3CHO [VMR]	HNO2 [VMR]	NCO [VMR]	HO2 [VMR]	H2O2 [VMR]	HC3N [VMR]	CH3CN [VMR]	CH2CN [VMR]	C2H3CN [VMR]	SH [VMR]	HSO [VMR]	H2S [VMR]	C3H3 [VMR]	C3H2 [VMR]	C3H4 [VMR]	C6H5 [VMR]	C6H6 [VMR]	S [VMR]	S2 [VMR]	SO [VMR]	CS [VMR]	COS [VMR]	CS2 [VMR]	NS [VMR]	HS2 [VMR]	SO2 [VMR]	S4 [VMR]	S8 [VMR]	HCS [VMR]	S3 [VMR]	C4H3 [VMR]	C4H5 [VMR]	S2O [VMR]	CH3SH [VMR]	CH3S [VMR]	O_1 [VMR]	CH2_1 [VMR]	N_2D [VMR]	He [VMR]	S8_l_s [VMR]
153.94719440634057	1.8483576702627265e-05	19786835.01796697	11692717600.299952	16.62151272808736	2.400351050838178e-10	0.0003473709323567	0.0753753589585534	0.9068500762177552	0.0140180208549405	0.0005807007092517	1.589532252274362e-09	7.030984087718777e-12	2.265508540755685e-14	4.4278338066667973e-13	7.520376096566894e-10	7.663837923290773e-21	1.642720957013439e-19	1.5477811752499414e-22	1.0935875903517054e-21	5.080674980048609e-17	6.794614874953985e-26	3.129971691426366e-22	6.993566360258005e-05	0.000464096660596	2.2098182808333896e-19	2.196175933655885e-08	2.146612648876116e-11	8.29563740498358e-25	9.566252479128593e-22	1.5497741000192463e-28	9.106396220131072e-06	2.5938959729273846e-22	6.773693289882553e-28	1.6797552182852541e-07	2.5042453325734147e-10	2.0464127120589755e-10	3.2283325977661337e-13	1.3867435345079448e-08	5.833042292882471e-09	0.0001045576406721	1.4776210928936963e-06	1.299756370179211e-16	5.604009537646403e-16	3.0153276473953563e-23	9.527896215400369e-22	2.6916030837715127e-10	3.1174991416614992e-18	1.4556470525562092e-14	2.3567386422939352e-20	7.903109276913088e-17	1.5927736358744015e-38	1.2655289627606985e-30	4.9010845662828687e-29	3.941294201745748e-24	8.248723558193623e-24	4.762899320213198e-18	3.297963312524961e-11	3.8857184018602025e-15	6.35628265162102e-15	2.216097057610479e-26	7.9715913826639755e-22	2.942635533415643e-22	7.799762815355899e-24	4.635440521951864e-07	1.9909240000124253e-19	6.427059585778551e-05	2.848089555918378e-28	3.1890840167400653e-26	5.758617173826778e-29	1.2004899389430082e-51	4.7982156778076424e-51	0.0017886711797852	2.308594620098932e-07	0.0001669145148274	7.975940653100846e-17	4.151414086287479e-14	1.7483752868348686e-23	2.415559013211531e-10	1.5739559711104526e-16	0.0001575478469362	3.9557584441227203e-22	0.0	2.403792293477599e-15	3.348187308560765e-19	4.3897113891700704e-35	6.554266672811135e-44	1.8065340773235525e-29	9.856347939542411e-21	2.8963756549473675e-19	9.867965870404755e-07	4.8560925115056585e-15	5.7331271312496e-33	0.0	0.0
156.61643016868436	3.4164260772190544e-05	19610361.05128944	9140357019.824818	17.02689080490385	4.467453472863059e-10	0.0003404928882468	0.0564524596708503	0.9283732198880116	0.0100294833500293	0.0005732173440055	1.3534807394553995e-09	7.429336212188891e-12	2.3038275822423147e-14	4.244207965967261e-13	7.43184125244655e-10	8.525283876965802e-21	1.932337536224997e-19	1.7791376070440732e-22	1.2941273915221609e-21	6.214967657483949e-17	8.501770139343216e-26	4.001993831846703e-22	8.598480637658811e-05	0.0007869645472075	2.884434973632277e-19	2.7889146994372872e-08	2.6415886154889344e-11	1.0721267191841682e-24	1.2703260863784517e-21	2.575157753776737e-28	1.2061144494113848e-05	4.214518437261657e-22	1.0814422366366885e-27	1.5940910446663913e-07	2.3665535690431766e-10	2.418027029555332e-10	3.89622595717022e-13	1.7703852494466696e-08	5.611606825691503e-09	0.000128562579357	1.4863812442711564e-06	1.654727523740142e-16	7.0292178281904835e-16	3.911066087640039e-23	1.2655549210047757e-21	3.4999917609061456e-10	3.828834438235888e-18	2.4167822982979572e-14	4.1977776162456766e-20	1.3392343166374124e-16	3.0924043017498823e-38	1.6178389028183646e-30	6.144850299325355e-29	5.1351938507736064e-24	1.4001981370709768e-23	8.637175934740714e-18	5.357551430103424e-11	5.2607796420095225e-15	8.771692447165915e-15	4.402657645600753e-26	1.269083387670569e-21	4.571127465870155e-22	1.625874323093323e-23	6.187486188373315e-07	3.970999078466461e-19	8.88153169696145e-05	4.350459658554568e-28	4.734191232856407e-26	8.98190748100573e-29	5.204356362269778e-51	2.1690824929303134e-50	0.0023760219205866	6.46669011870306e-07	0.0003095801296939	1.5238172649579556e-16	1.0383457292484493e-13	7.328881025592544e-23	4.2815475778192245e-10	4.531902886303773e-16	0.0004394352999462	0.0	5.39065344832713e-13	4.179759246694752e-15	4.709733546437564e-18	8.681077536483552e-35	1.3675189106551818e-43	8.899961955572894e-29	1.830233018885455e-20	5.256782561782421e-19	7.352594137658264e-07	3.2699478393182426e-15	5.713380992887626e-33	0.0	0.0
158.94828521533526	6.314777344713464e-05	19434347.107987743	7143655409.312262	17.316209392208442	8.274561798520571e-10	0.0003245014196133	0.0441291823601997	0.9414857222552724	0.0074993458883053	0.0005641626619702	1.060257759428853e-09	6.407026873618375e-12	2.2302464236947028e-14	4.0189231472415633e-13	7.324701388199412e-10	8.862342496814466e-21	2.1751793973123684e-19	1.958223611324986e-22	1.4459129650683333e-21	7.217442394417394e-17	1.0088324485483138e-25	4.849575116809009e-22	0.000100990276209	0.0011885055721371	3.5599483909353905e-19	3.3365614580462896e-08	3.0490780617269807e-11	1.300896064963282e-24	1.5859593068849256e-21	3.831322058115981e-28	1.4984667496920412e-05	6.155744755381117e-22	1.5651949335958028e-27	1.511675888082948e-07	2.1879063081525783e-10	2.7381958819011034e-10	4.508481809686818e-13	2.1418387564260227e-08	5.268411388971626e-09	0.0001510140973952	1.4862829686735431e-06	1.9891620873322887e-16	8.397352545449263e-16	4.7744615183724523e-23	1.5806480180971849e-21	4.2912159378312714e-10	4.483369657956529e-18	3.5914966313691893e-14	6.619500937986938e-20	2.0194913626854288e-16	5.172949795685748e-38	1.9604076423119182e-30	7.330938616079024e-29	6.315593575483779e-24	2.116563409893419e-23	1.3740754375648088e-17	7.826692765578643e-11	6.670817272032657e-15	1.1286409263380264e-14	7.490948270091947e-26	1.825580965928643e-21	6.422927641180342e-22	2.866567396207764e-23	7.647497913343358e-07	7.255121960878679e-19	0.0001144365932366	6.062066783148058e-28	6.391262799315419e-26	1.2720063679254363e-28	1.5051297835063228e-50	6.4385693657345255e-50	0.0029673314366483	1.412941674095321e-06	0.0005004586675534	2.3509218635241667e-16	2.090680278564327e-13	2.078913388888268e-22	6.682110472245996e-10	1.0073710262926792e-15	0.0009550197183854	1.562729476492258e-18	0.0	6.4297255427727945e-15	2.384302950081288e-17	1.4632621114669192e-34	2.4140835601186816e-43	2.778629887091006e-28	2.962130809533085e-20	8.3610985873686295e-19	4.656921558914671e-07	1.9015602233070643e-15	6.09366277022657e-33	0.0	0.0
161.50115533241373	0.000116719671411	19257842.83014236	5582009737.359359	17.535943787985566	1.524360010960244e-09	0.0002984116655606	0.0360040876258125	0.9492366093581884	0.0058642764379763	0.0005549377429153	7.425287989053285e-10	5.230117816618225e-12	2.1031387352980955e-14	3.745662669776382e-13	7.219891618271939e-10	8.443766946711521e-21	2.354593292611808e-19	2.070283155590924e-22	1.5267587020838053e-21	7.99117221901035e-17	1.144080794905634e-25	5.6242805870162085e-22	0.0001142783612821	0.0016327531465837	4.196538451650012e-19	3.7810211467917124e-08	3.308463553963297e-11	1.494191210984153e-24	1.881910613458745e-21	5.209704559364654e-28	1.7604807274572056e-05	8.233776188383263e-22	2.096182514307944e-27	1.4304420238028064e-07	1.9625071445925846e-10	2.9776133949753827e-10	5.040875183528557e-13	2.4787944016586042e-08	4.796937263784536e-09	0.0001709103273583	1.4820742660482315e-06	2.272039457711826e-16	9.647568311777116e-16	5.535437384481798e-23	1.8769566377405604e-21	5.005865203684513e-10	5.037426652936472e-18	4.873750093333367e-14	9.488625817168696e-20	2.7651424599958883e-16	7.67053124426523e-38	2.2730554868363466e-30	8.398527536916336e-29	7.40757114000884e-24	2.910192969193393e-23	1.9660718616491416e-17	1.0476777876567287e-10	8.009345884382168e-15	1.3701995342069072e-14	1.1245002714752004e-25	2.415702751289308e-21	8.272920815642802e-22	4.417466120275121e-23	8.808780967816612e-07	1.2973938687677221e-18	0.0001392004038557	7.833183983873431e-28	7.926429597061613e-26	1.6640493412764844e-28	3.286469722369007e-50	1.432294984038875e-49	0.0035227208459306	2.556712337794419e-06	0.0007235921404462	3.182734082213102e-16	3.555392016251153e-13	4.488356934161016e-22	9.39264502486395e-10	1.841121987996988e-15	0.0017152219736962	1.292099852537602e-17	1.8892001930541632e-11	8.939319942620899e-15	7.32292358837271e-17	2.158156455404398e-34	3.728092465276236e-43	6.390089132496404e-28	4.2887730586641004e-20	1.19459940101752e-18	2.6149742824131656e-07	1.0360385392831611e-15	7.233760798017629e-33	0.0	0.0
164.09453299153773	0.0002157396999231	19080374.51954709	4360902848.644998	17.711093862327548	2.800730510840356e-09	0.0002611375242702	0.0305683587183163	0.9536357715656274	0.0047797082356929	0.0005459246321896	4.61158810687571e-10	3.864562480229757e-12	1.8944140665648145e-14	3.4133157052467493e-13	7.12715912775247e-10	7.137085592831424e-21	2.457431799722332e-19	2.1029085495735576e-22	1.5178562923390449e-21	8.447732721905861e-17	1.250008780100204e-25	6.295568237921545e-22	0.0001254882008662	0.0020780879486744	4.756380408507439e-19	4.068642357492996e-08	3.36723845867088e-11	1.6347450784177955e-24	2.14198156155718e-21	6.5935140944755325e-28	1.963688337614719e-05	1.0242980095672377e-21	2.6493326020060616e-27	1.3446871332663274e-07	1.6826550903935528e-10	3.0999904028372236e-10	5.479791718643458e-13	2.7657315024750444e-08	4.1902004637001e-09	0.0001877205798189	1.4764776381139826e-06	2.4710063385554983e-16	1.0749360824541928e-15	6.138608764856585e-23	2.1395009435019567e-21	5.591696411196794e-10	5.4462889538468654e-18	6.144881978654223e-14	1.2684535701699706e-19	3.4943087447721313e-16	1.0322358093566368e-37	2.5402028743423743e-30	9.311877394391823e-29	8.358507960871537e-24	3.707235479897369e-23	2.5848179820076917e-17	1.3056837862086238e-10	9.177014570113461e-15	1.584322457045274e-14	1.5257940589042516e-25	2.985264766191741e-21	9.840521143629757e-22	6.108639586075643e-23	9.479767037139908e-07	2.392079556738211e-18	0.0001616051941444	9.523692103446372e-28	9.088734936706944e-26	2.0415846652185523e-28	5.840867719707914e-50	2.584264692209536e-49	0.0040142841939917	4.007170680519461e-06	0.0009564006972553	3.708241104989755e-16	5.300046774450538e-13	7.9320326377229545e-22	1.2112883173821487e-09	2.9002840693586738e-15	0.0026590938801064	5.599154422325812e-17	0.0	1.1426075470533254e-14	1.6405293172891594e-16	2.840383076300727e-34	5.1768271196488686e-43	1.1801170878137694e-27	5.679910300131734e-20	1.5659509359713233e-18	1.3952575025876684e-07	5.584655897033877e-16	9.445551403192348e-33	0.0	0.0
166.84117195919978	0.000398764129133	18901474.71155905	3406283606.4327354	17.853640597346917	5.132507827076321e-09	0.0002127022267354	0.0268839870338773	0.956009408052198	0.0040344781579881	0.0005368202570742	2.593553190151962e-10	2.650852421834984e-12	1.6923192134943056e-14	3.00834788928546e-13	7.04997075851917e-10	5.135957863869778e-21	2.4743058857084246e-19	2.0465291138482e-22	1.407335629381537e-21	8.520809323191245e-17	1.3291253868874052e-25	6.852108746348715e-22	0.0001345546977871	0.0024896173974907	5.1880900251210745e-19	4.1586492162612754e-08	3.192147865533576e-11	1.7122353207917837e-24	2.3549793024896687e-21	7.896450268524374e-28	2.0762309516431503e-05	1.1995925896263673e-21	3.221797559744249e-27	1.246734611792833e-07	1.347025683878051e-10	3.065601879776074e-10	5.81865292279833e-13	2.9937017416556034e-08	3.459207418249101e-09	0.0002013596147066	1.4709662541650352e-06	2.5508339668282863e-16	1.1696391212175961e-15	6.546288923024257e-23	2.3607334013660402e-21	5.999091462801034e-10	5.651255977062638e-18	7.305845940297384e-14	1.6252269662312897e-19	4.124078826415327e-16	1.2851190064647974e-37	2.7464851861429573e-30	1.0060295918978508e-28	9.13770705594322e-24	4.445905112261447e-23	3.180288093677771e-17	1.5348703529790246e-10	1.0062968195418948e-14	1.7542492940005676e-14	1.9074935197730564e-25	3.486276949700224e-21	1.0795427107883981e-21	7.736656814903217e-23	9.51533403515259e-07	4.649599244542038e-18	0.000180800924904	1.1037998303910415e-27	9.670949043537684e-26	2.380465197597219e-28	8.896900883052435e-50	3.9921519431530814e-49	0.0044294425289098	5.635753530234257e-06	0.0011771981810324	3.9585950220459583e-16	7.134593943261755e-13	1.2069803713175268e-21	1.4535207105269891e-09	4.093140313412923e-15	0.0036803857241117	1.8035489491735407e-16	1.4861552009405498e-07	1.3602991536782252e-14	2.9750620693603473e-16	3.383905378553822e-34	6.613118355160983e-43	1.854535418280877e-27	7.012830540194441e-20	1.9178479784077006e-18	7.27199425124704e-08	2.97817564166832e-16	1.2480705264120176e-32	0.0	0.0
169.702981244422	0.0007370587367087	18720780.48320904	2660152192.183665	17.969560894814098	9.387286468145477e-09	0.0001559878836006	0.024356152972963	0.9572284032563152	0.0034926123014753	0.00052682136894	1.3373912538262439e-10	1.6498043526163036e-12	1.5185903343030496e-14	2.5206827846380626e-13	6.988446658271087e-10	2.9556842766316918e-21	2.4000849429638564e-19	1.8957292439567569e-22	1.1960837495611408e-21	8.176157739340535e-17	1.395869994825771e-25	7.298420432850142e-22	0.0001416353524368	0.0028461874434108	5.397518385204778e-19	4.029055281410652e-08	2.7847548243880396e-11	1.7264622432099465e-24	2.5086894533172918e-21	9.084762539893016e-28	2.060862492567913e-05	1.3330520836583877e-21	3.836440241756399e-27	1.128661820819882e-07	9.717456489776772e-11	2.8404770195265006e-10	6.050352993408319e-13	3.1582176520130264e-08	2.651059294157869e-09	0.0002120764897765	1.4662447617023528e-06	2.477569214026455e-16	1.2481192299241356e-15	6.736242021190047e-23	2.539284739191775e-21	6.171270650091066e-10	5.56375994247138e-18	8.29339804017213e-14	2.0620934788315344e-19	4.574350360521461e-16	1.502369849610881e-37	2.8649506691272066e-30	1.0652387970665383e-28	9.722507385362136e-24	5.089050686542595e-23	3.717894223350919e-17	1.718269403245852e-10	1.0502088937205604e-14	1.8567960731820224e-14	2.227518201692131e-25	3.87456709488107e-21	1.076225997249219e-21	9.103347918405676e-23	8.854727559056594e-07	9.420491976174354e-18	0.0001965802502789	1.2339775196518668e-27	9.559139789273806e-26	2.668441761682575e-28	1.2067343090261556e-49	5.497373392865569e-49	0.0047702342939194	7.320820374105901e-06	0.001370491588276	4.0145613356464596e-16	8.885752674627443e-13	1.6421119355393108e-21	1.6377096690503535e-09	5.363305034067937e-15	0.004671426494201	5.075478808921291e-16	8.817740298084253e-07	1.5184804017063208e-14	4.738200935336466e-16	3.68294392000318e-34	7.920898030209214e-43	2.5881761149825027e-27	8.203579718685006e-20	2.2287706507159853e-18	3.6305723618889806e-08	1.5307930163281035e-16	1.446096803625813e-32	0.0	0.0
172.5915223033236	0.0013623481694297	18538060.48890721	2077093510.177676	18.062658954256445	1.7149059808320467e-08	9.84019116724417e-05	0.0226042536378666	0.9578424432687016	0.003061660522749	0.0005146744277013	6.125377270704238e-11	8.847889235489488e-13	1.3094961997154631e-14	1.9557418171689681e-13	6.941081432618957e-10	1.2287116628699501e-21	2.2355413825955983e-19	1.6526083893391874e-22	9.060046258620772e-22	7.417346837390047e-17	1.4815751655811802e-25	7.6483218557427385e-22	0.0001470037419132	0.0031400237559072	5.209045180437304e-19	3.679583033950664e-08	2.198470998560942e-11	1.6944530488263217e-24	2.577468874780856e-21	1.0177174845482284e-27	1.88070604568573e-05	1.4083678761236869e-21	4.52487598014782e-27	9.85036473625948e-08	6.003310180203325e-11	2.4095725122105907e-10	6.155836819266802e-13	3.257160203735715e-08	1.8564073443425567e-09	0.000220290801881	1.4625426306347149e-06	2.236953500996198e-16	1.3050666281055745e-15	6.696994484218718e-23	2.67670609027737e-21	6.039836321492841e-10	5.06760307172571e-18	9.076797677636373e-14	2.6986984853088304e-19	4.764873362842961e-16	1.6650236403006283e-37	2.840944919927382e-30	1.1106380913837752e-28	1.0070540795279104e-23	5.623525046372548e-23	4.174297338978611e-17	1.8409629698963428e-10	1.0249046227998517e-14	1.855535079386793e-14	2.446226059108621e-25	4.094741726521701e-21	9.408814773983089e-22	1.001708743373169e-22	7.574181598412122e-07	1.9396565073257344e-17	0.0002091865274773	1.344403940112826e-27	8.757546858820657e-26	2.9033574026732648e-28	1.4993871720492848e-49	6.956990396385574e-49	0.0050490717371323	8.990442971498907e-06	0.0015279332451462	3.8608902510510576e-16	1.0438539815207285e-12	2.0540292922520424e-21	1.737696151605626e-09	6.773033612079288e-15	0.0055521950952239	1.3685707281447296e-15	2.653839472496913e-06	1.575523220075245e-14	7.215151404985187e-16	3.6728246227359916e-34	9.030661777461556e-43	3.312976213608074e-27	9.209690831206136e-20	2.4890995379817043e-18	1.6688436586646635e-08	7.296217316487948e-17	1.2425325643834212e-32	0.0	0.0
175.6111271574203	0.0025181066885338	18353004.08783497	1621556124.2674024	18.13631266621057	3.1279591329338875e-08	5.0710600276505126e-05	0.0213800850253548	0.9581794354845864	0.002677105884008	0.0004985135951485	2.314151337454636e-11	3.9425404003520853e-13	9.943336855207476e-15	1.3503110653623121e-13	6.905668976299271e-10	3.183615589913972e-22	1.9907874832695849e-19	1.3327543618603685e-22	5.861936728143715e-22	6.307610966540529e-17	1.636472322908434e-25	7.919739501412319e-22	0.0001509762569184	0.0033732351949858	4.390767140693493e-19	3.14237747201032e-08	1.5434742337495712e-11	1.66674181126227e-24	2.514563606540618e-21	1.1244600580198884e-27	1.524952872017027e-05	1.4073674902940439e-21	5.300694613283744e-27	8.169924832991222e-08	2.971574464437836e-11	1.8020401397565536e-10	6.093177512270808e-13	3.2922003864113485e-08	1.1859969007948814e-09	0.0002264753656287	1.4598235743458338e-06	1.862137279171942e-16	1.3258587656137634e-15	6.426640194536162e-23	2.77470980807673e-21	5.546043999129634e-10	4.083822437402556e-18	9.649018442040912e-14	3.8098761311266803e-19	4.631048003942956e-16	1.7553620173811631e-37	2.5954452017837933e-30	1.1442261633390632e-28	1.0093749024538316e-23	6.053865039993305e-23	4.5232028802810277e-17	1.8864648347748567e-10	9.079334470611248e-15	1.7170443307936174e-14	2.5227862305038294e-25	4.068932306314443e-21	6.751476962116608e-22	1.0287944862475204e-22	5.934966510405334e-07	3.994986334532615e-17	0.0002191258302933	1.4397172278060442e-27	7.413249277560809e-26	3.089831781161517e-28	1.742818398340699e-49	8.282394385440389e-49	0.0052831915824152	1.064200233355013e-05	0.0016470135668567	3.548928670869732e-16	1.1743596916064883e-12	2.4110460334873617e-21	1.732014554764876e-09	8.613364873715993e-15	0.0062804598139252	3.728866154917735e-15	5.569629165874874e-06	1.4561354567545368e-14	1.1627174537453544e-15	3.349499614164817e-34	9.912602646341064e-43	3.98809605685809e-27	1.0015311068024364e-19	2.6986993713436658e-18	6.671328526416427e-09	3.0696383385352654e-17	7.045290748954436e-33	0.0	0.0
178.75781824381232	0.0046543618122914	18165336.04835108	1265717174.665486	18.19386527949868	5.6978373746863816e-08	2.0723892774744545e-05	0.0205185984501258	0.9584194035903548	0.0023012109673398	0.0004755479408705	6.389338432446775e-12	1.3100804037257152e-13	5.540100767447183e-15	7.832722897002594e-14	6.879866704398723e-10	4.2660668985997273e-23	1.6888339921437982e-19	9.715743747557904e-23	3.0542924206484333e-22	5.0005001441622004e-17	1.9165497445480924e-25	8.130914609597414e-22	0.0001538643904691	0.0035533592503786	2.904135912171012e-19	2.4970991191145663e-08	9.564261047684825e-12	1.752951627059489e-24	2.279655378856876e-21	1.2434717065115959e-27	1.0519872856617742e-05	1.3151277997157014e-21	6.115898280075578e-27	6.367881155787268e-08	1.1035385472161153e-11	1.1218398387299616e-10	5.796831490335706e-13	3.272179663357549e-08	7.088565243428765e-10	0.0002310760570268	1.4579684892361011e-06	1.4358126265681221e-16	1.2852476934503373e-15	5.937261458751871e-23	2.834040310748784e-21	4.695324369184531e-10	2.7210424402551133e-18	1.0019202410038369e-13	5.967130766379496e-19	4.175101117988376e-16	1.7548578636073765e-37	2.0864643494827364e-30	1.167636161562346e-28	9.670732307383e-24	6.393981239059934e-23	4.7244195761925066e-17	1.8356521144717663e-10	7.085119424141063e-15	1.4595219511224908e-14	2.4212847737024703e-25	3.7259039127617056e-21	3.5754387997749885e-22	9.775327790195448e-23	4.338999644182087e-07	8.12551019789214e-17	0.0002270199483214	1.5245610879356418e-27	5.815575855485418e-26	3.2358015420590493e-28	1.9237879023852243e-49	9.443483782190895e-49	0.0054869196652111	1.2361724731872736e-05	0.001729033598126	3.063853129710132e-16	1.280152870918844e-12	2.694861112758181e-21	1.614640723069629e-09	1.1587607483317691e-14	0.0068490129534146	1.0589163200052178e-14	9.32850604713018e-06	1.0672877395262672e-14	2.179470735635379e-15	2.790921229558008e-34	1.055586566312484e-42	4.604935728116219e-27	1.0613288752487568e-19	2.863111518133093e-18	2.145908995307779e-09	1.0744061900907804e-17	2.379306959965368e-33	0.0	0.0
182.05716351195807	0.0086029253559267	17974783.453248724	987807672.7424498	18.238467741921	1.0366131454385825e-07	6.963395466270516e-06	0.0199091463571021	0.958646293495344	0.0019261446466048	0.000442067112405	1.0831080629424826e-12	2.7642757611446225e-14	1.7799171771218758e-15	3.5422601771162584e-14	6.861482113955458e-10	2.488223647963777e-24	1.364544336303256e-19	6.21958080513863e-23	1.1960567470283534e-22	3.7226387379228144e-17	2.3555573798528384e-25	8.298355596859483e-22	0.0001559473644493	0.0036897964500997	1.2950761532934973e-19	1.861334332866531e-08	5.3380633681780536e-12	2.143931802894256e-24	1.902672688711096e-21	1.401756183744182e-27	5.971477236673393e-06	1.1356976460568598e-21	6.847999332527696e-27	4.671267109706055e-08	3.03299725490224e-12	5.378922227108429e-11	5.208435190727313e-13	3.210669957351336e-08	4.1382762481679425e-10	0.0002344718064316	1.4568864803192112e-06	1.0433452734577763e-16	1.161756930110695e-15	5.264754805893516e-23	2.854410004534701e-21	3.607578214828649e-10	1.3734833020721226e-18	1.0207123506206513e-13	1.024308585971277e-18	3.5086907354947007e-16	1.6484526951997108e-37	1.4263291114620626e-30	1.1821403593523404e-28	8.72925356338574e-24	6.659581206018123e-23	4.738220108620614e-17	1.6736722856998458e-10	4.863345950959835e-15	1.1608317981500042e-14	2.138101935418374e-25	3.097003471966335e-21	1.2082011677799808e-22	8.519018373138656e-23	3.117417003806619e-07	1.6323986112083383e-16	0.0002335412334834	1.6008886457394658e-27	4.2986844924238485e-26	3.3501153948043123e-28	2.0373173593404238e-49	1.0453695065546124e-48	0.0056653480901088	1.4389173715009353e-05	0.0017776035729128	2.41646444615317e-16	1.3641394781579964e-12	2.896461252593402e-21	1.4080606572114631e-09	1.7184792836520222e-14	0.0072769994786823	3.2149825652082415e-14	1.3446669957444876e-05	5.0065242007094975e-15	4.948255711122599e-15	2.1497031675334103e-34	1.0943463372483956e-42	5.184351230990914e-27	1.1008865013558448e-19	2.9902320348314405e-18	5.135707686934303e-10	2.988684813052751e-18	4.914777882970555e-34	0.0	0.0
185.43728519201227	0.0159012830683249	17781174.24477425	770799347.0648131	18.27290083478072	1.884658143512185e-07	2.0777466767318017e-06	0.0194764751066063	0.9588877288217442	0.0015649433666031	0.0003943105877121	8.77433663995662e-14	2.846737360896803e-15	2.510424628219963e-16	1.1546013500907359e-14	6.848630137501864e-10	5.714285121721553e-26	1.0555275947107369e-19	3.372340679026214e-23	3.3191205976145616e-23	2.6627961809260647e-17	2.96560664509554e-25	8.436236305954322e-22	0.000157452042224	0.0037916987950865	3.6313514995874057e-20	1.3328921503495268e-08	2.8341179383078453e-12	3.1273444145197873e-24	1.4852844049157697e-21	1.6311521195728904e-27	2.8468475295003232e-06	9.055803043074728e-22	7.2918486369968e-27	3.2872282417490604e-08	6.796480593857316e-13	1.814443696227145e-11	4.35008141655828e-13	3.1154336035358494e-08	2.416886842318132e-10	0.0002369653680861	1.4565367692048865e-06	7.273623226929253e-17	9.647087199134309e-16	4.477933766300361e-23	2.832884354321828e-21	2.4959551317673736e-10	4.800991011657784e-19	1.0238168490529713e-13	1.838206961058495e-18	2.7984928320265644e-16	1.4366461873884575e-37	8.836593482752985e-31	1.1893337559708635e-28	7.358505045787044e-24	6.860903060934323e-23	4.552817441737032e-17	1.410764411058845e-10	3.110400115753283e-15	8.899879355257038e-15	1.7331827969999266e-25	2.3694576482445328e-21	2.2396584809727865e-23	6.829486218675855e-23	2.321297032664549e-07	3.2672602692080616e-16	0.0002394478701085	1.668046479364785e-27	3.0694465593780804e-26	3.441405001275426e-28	2.0832088642740288e-49	1.1351843722869574e-48	0.005815285328807	1.7292278403315636e-05	0.0017974480054347	1.58457938267297e-16	1.430371210377598e-12	3.0064369408520014e-21	1.1621749744690043e-09	2.8619683778641265e-14	0.0075967632131231	1.0836961991069592e-13	1.7496008577201767e-05	1.1539518390168198e-15	1.3561962865373578e-14	1.576186978724313e-34	1.1033955724601977e-42	5.776488054198646e-27	1.1255125618326303e-19	3.0881154955630837e-18	8.797201822667724e-11	6.502949989939577e-19	7.262356701758734e-35	0.0	0.0
188.9209522308164	0.0293912585263573	17584334.215323284	601375318.1890191	18.29952110788105	3.42426811007969e-07	5.631165586949411e-07	0.0191683007322596	0.9591449908527204	0.0012351415943004	0.0003295187186413	3.3658018282051565e-15	1.4237509492260974e-16	1.6360902833405233e-17	2.575728140921893e-15	6.839811705090966e-10	5.248278200439889e-28	7.896648492180865e-20	1.48626714258802e-23	6.3747699126683035e-24	1.8712992959976428e-17	3.7952570522202602e-25	8.556726916190167e-22	0.0001585440096944	0.0038670619748282	1.4171327111438567e-20	9.378296007899642e-09	1.5164210353779302e-12	5.180232940898051e-24	1.1179167909911985e-21	1.951245620296275e-27	1.2776899224604051e-06	6.782145880288605e-22	7.245695430048047e-27	2.2648957957024827e-08	1.4947504242300813e-13	3.915835003057868e-12	3.373133508401086e-13	2.982453353148226e-08	1.4114551954132328e-10	0.0002387915535825	1.4569097656161224e-06	4.9097966009797606e-17	7.385203779771675e-16	3.6748531716226e-23	2.76109357473752e-21	1.5666486398412627e-10	1.0897404684104004e-19	1.0143447615270949e-13	3.246542181623324e-18	2.161472442376044e-16	1.1470262874713103e-37	6.295251205560411e-31	1.191485354136154e-28	5.8290243018996944e-24	6.992381179763606e-23	4.1871154506644626e-17	1.0994981344508824e-10	2.0790216389374214e-15	6.7254034125014315e-15	1.3113913393259344e-25	1.7362213223334017e-21	2.0671538222870684e-24	5.139146327722052e-23	1.8179550393706614e-07	6.688690758827619e-16	0.0002457372307464	1.7244344355899617e-27	2.148981715793947e-26	3.517439664837889e-28	2.064011591453109e-49	1.2188643265878407e-48	0.0059301046815984	2.243992485171745e-05	0.0017928830994099	7.44712827316226e-17	1.483072239096136e-12	3.00748734282142e-21	9.392256820032102e-10	5.391466836005239e-14	0.0078417212877902	4.32060122848056e-13	2.122092593401251e-05	1.2583672399047107e-16	4.5392849550253776e-14	1.1318637608572316e-34	1.0769928447291544e-42	6.471714620152225e-27	1.1493117119069676e-19	3.163789185707323e-18	1.1085518790712668e-11	1.09575741976183e-19	9.514437872618985e-36	0.0	0.0
192.59382908150693	0.0543255581358673	17384018.727603707	469123504.8548065	18.32030416381728	6.215620477322027e-07	1.40802341070127e-07	0.0189470392961917	0.9594127550254762	0.0009500926366846	0.0002466312015054	2.8679654211952674e-16	1.645967124548804e-17	1.9906807233519573e-18	4.0229326491929606e-16	6.83391943660863e-10	2.0264946825593872e-30	5.780294349076538e-20	5.186465446675259e-24	8.871574324740717e-25	1.3026866678365293e-17	4.997278318755137e-25	8.670678529623379e-22	0.0001593396366569	0.0039224792398691	1.4528551594973774e-20	6.525394919065882e-09	8.34214993763234e-13	9.249964865222173e-24	8.325287055897471e-22	2.3590787112370573e-27	6.069315446219532e-07	4.892905326642342e-22	6.4964832751447e-27	1.5319643443687676e-08	3.9006037901531696e-14	4.835942077310997e-13	2.476384754390767e-13	2.799147215603165e-08	8.167261469635821e-11	0.0002401299784413	1.4580267029322118e-06	3.215294445556799e-17	5.314183984352227e-16	2.956327982023202e-23	2.6232828072458948e-21	9.10848046259766e-11	1.595297040453582e-20	9.964145584804869e-14	5.236836002419761e-18	1.6379095112800552e-16	8.309620697705498e-38	5.744026574970262e-31	1.1900706393179748e-28	4.4354207253314155e-24	7.012842809034337e-23	3.692234817401013e-17	8.090548009104681e-11	1.6137376778986066e-15	5.076986078723849e-15	9.531294229675488e-26	1.2536743233520361e-21	9.410736711882586e-26	3.7319747042804697e-23	1.490938857050097e-07	1.4746133563143244e-15	0.0002539714928499	1.7676869401575136e-27	1.474299369207558e-26	3.58461421635131e-28	1.983870344520909e-49	1.3019666536367112e-48	0.0060008457919666	3.344769320975608e-05	0.0017652855559181	2.1152378448808505e-17	1.5262539149312457e-12	2.902743569929053e-21	8.02203510930606e-10	1.1768347287451786e-13	0.008041029999094	2.222576193999551e-12	2.4546015086392007e-05	1.477167723871062e-17	1.945638832295536e-13	8.033838167341512e-35	1.0125336345356092e-42	7.429638728525031e-27	1.1967814779443901e-19	3.222635483911265e-18	1.0314023086898261e-12	1.3939188157772706e-20	1.3821015685843622e-36	0.0	0.0
196.4122100487404	0.1004130620717344	17180045.208209105	365904753.8898224	18.336918624766135	1.127555859315538e-06	3.6707518296471814e-08	0.0187846188117979	0.959691654282198	0.0007149233469376	0.0001496967978935	3.665867903966573e-17	2.9074944955927945e-18	3.3073647373500645e-19	5.689932174555571e-17	6.830200224360296e-10	4.4477282773130556e-33	4.1730255636754756e-20	1.4978149580262026e-24	1.1375749157179337e-25	9.019976604329674e-18	6.966489429405561e-25	8.788197834368668e-22	0.0001599234692488	0.0039631366230707	1.7676410978536308e-20	4.485401021006861e-09	4.622191620798713e-13	1.7251424785163846e-23	6.210123417748726e-22	2.7995178811855813e-27	3.0242200147396177e-07	3.4597073925126527e-22	4.76728166072362e-27	1.0082096026040416e-08	1.2744951657210578e-14	3.084609424382304e-14	1.7681899519545917e-13	2.5481904530482738e-08	4.585316657021107e-11	0.0002411157631179	1.459935586514689e-06	2.0438824735172e-17	3.651786834155784e-16	2.3828926874100522e-23	2.3963701392515977e-21	4.909665400505169e-11	1.787995078537812e-21	9.750674734722077e-14	6.823890110097157e-18	1.2237644074641255e-16	5.419711955620169e-38	5.850870308132512e-31	1.1838830388209467e-28	3.3216559118587365e-24	6.811291726682512e-23	3.145466599966385e-17	5.7802378976323874e-11	1.4497496880429913e-15	3.8564294702800136e-15	6.79981653042278e-26	8.987302371853516e-22	2.2848609771865206e-27	2.6653030741113093e-23	1.278365185996723e-07	3.854193720838718e-15	0.0002669378522261	1.7934412830026534e-27	9.83091805394772e-27	3.647515747950974e-28	1.847027623134341e-49	1.3903287486241747e-48	0.0060119314070255	6.0743790855939165e-05	0.0017080681004433	3.1851273167827093e-18	1.5636358330240017e-12	2.797464985118544e-21	8.26439799622176e-10	3.091174759124249e-13	0.008217752525182	1.5808308363343143e-11	2.752859708783024e-05	2.750136500978281e-18	1.1162097073834509e-12	5.633819250153116e-35	9.155414349967649e-43	8.923717980130662e-27	1.3032618619841448e-19	3.2678631836157775e-18	8.899138912203975e-14	1.6504538714991274e-21	2.6232261561736947e-37	0.0	0.0
200.3268053587043	0.1855992534748576	16972297.462052435	285357986.98092324	18.350845497803743	2.0449524699143142e-06	1.0674798586207916e-08	0.0186580975060447	0.9599952070580302	0.0005257257008531	5.876028938230678e-05	2.7652272839797612e-18	3.070170191962927e-19	3.516117925007623e-20	1.361320001953482e-17	6.828197240839025e-10	1.3497326426861502e-35	2.978685316871243e-20	4.119494979157633e-25	1.83774032694446e-26	6.24989741027301e-18	1.0511162963496618e-24	8.919054864143589e-22	0.0001603585113899	0.0039930121141725	2.135749082638024e-20	3.039602124090831e-09	2.478612969191068e-13	3.2905696500453063e-23	4.657916996581719e-22	3.1259596601683573e-27	1.4890333167398277e-07	2.410073283163051e-22	2.2881338531386136e-27	6.360957374446778e-09	4.3002443884516055e-15	9.730917239658912e-16	1.2457282264082294e-13	2.2074009833335712e-08	2.4057701453437002e-11	0.0002418506063056	1.4626735756910336e-06	1.2637649352470496e-17	2.334568375596287e-16	1.9362471487125602e-23	2.0576200625140485e-21	2.2686820532675296e-11	2.9152129946162974e-22	9.557667765195809e-14	5.619333680684922e-18	9.008552647519608e-17	3.133915520588663e-38	6.039455525346799e-31	1.1681052285820174e-28	2.4838682511384797e-24	6.189052671078759e-23	2.596463708756933e-17	4.068794534182272e-11	1.3990133873474617e-15	2.958163018806697e-15	4.794069712333426e-26	6.394161794944063e-22	3.3471341262830575e-29	1.882091744152007e-23	1.1471259660347065e-07	1.4708979670375643e-14	0.0002900650416874	1.7928392089467818e-27	6.283331670435355e-27	3.707181024392799e-28	1.656328155546704e-49	1.4901987854988618e-48	0.0059254133574048	0.0001339109262957	0.0015972304454393	2.44483391688841e-19	1.598723481757427e-12	2.885055390802048e-21	1.158802915771388e-09	9.713710186534474e-13	0.0083882893151951	1.4992877507990848e-10	3.030859846828792e-05	3.882342726798614e-19	8.401552884454482e-12	3.8947410237328096e-35	7.966757861032478e-43	1.1343893980678238e-26	1.5179046735405173e-19	3.3002019444701466e-18	1.0364266300260431e-14	2.175577802181884e-22	5.67259110209116e-38	0.0	0.0
204.4133621278266	0.343053803755289	16760596.556275263	223956879.56519395	18.363530134033613	3.706799617203861e-06	3.23895842719944e-09	0.0185449569102906	0.9603542723006	0.000375569189391	1.2043579068653608e-05	6.172696581736846e-20	9.887651136144166e-21	1.7579645489638745e-21	8.099492077499763e-18	6.827737465285937e-10	1.1899786078024115e-38	2.1044253679200462e-20	1.1194296742977539e-25	2.860609268182469e-27	4.350403378730752e-18	1.5760371077185992e-24	9.071359496862224e-22	0.0001606917805748	0.004015036428394	2.5509762194770662e-20	2.0308192076061838e-09	1.331559345328404e-13	6.196481241772379e-23	3.5238460367912093e-22	3.156433295444912e-27	6.946376432313265e-08	1.6567075803329242e-22	5.858254431447938e-28	3.768350951876563e-09	1.748463363466183e-15	1.4509448699813342e-17	8.6938058226011e-14	1.7704371362032817e-08	1.1131124931194376e-11	0.0002424107574625	1.4661959304008368e-06	7.594559982710789e-18	1.2272082458695955e-16	1.512513256269738e-23	1.6115134962809685e-21	7.275531589966938e-12	1.3173361164516234e-22	9.442585558435893e-14	2.307290218531755e-18	6.543901768675237e-17	1.5604773902457982e-38	6.071669987592563e-31	1.1335006612637747e-28	1.868432393361868e-24	5.053633224678326e-23	2.0558305881348654e-17	2.832742948537809e-11	1.2325447356184169e-15	2.299863669904285e-15	3.344643902380057e-26	4.516072789904911e-22	4.92278646442512e-31	1.315517845624104e-23	1.0844541043590984e-07	9.807056712174837e-14	0.0003344207854884	1.7488535651238118e-27	3.776206664337048e-27	3.7551657087706838e-28	1.4154804015803385e-49	1.607365607799641e-48	0.0056592368550986	0.0003096595364112	0.0013955237486797	9.147268774293704e-21	1.6345114597973325e-12	3.253591244018351e-21	1.898377115948993e-09	3.2068539884607704e-12	0.0085614426655329	1.48920416592689e-09	3.306041983618994e-05	2.660473552995309e-20	7.321590845026828e-11	2.6523334227617266e-35	6.632558987875994e-43	1.493183643937383e-26	1.9027811025923954e-19	3.318197450812205e-18	8.89577202380841e-16	2.274707015877297e-23	1.5465602514441852e-38	0.0	0.0
208.71473780537403	0.6340861294838928	16544744.4457871	175836136.59834725	18.377102212219107	6.715249407913114e-06	9.611261095451954e-10	0.018412512523603	0.9608449256011664	0.000256470307056	2.056244654318674e-06	1.6341010891594732e-22	3.919806293980302e-23	1.0026086551734248e-22	1.0758145925108309e-17	6.829049313317512e-10	1.6628683546330728e-42	1.4671863763887014e-20	2.696861945890551e-26	7.437696747051011e-28	3.019670269146091e-18	2.1304118002564606e-24	9.249030341741113e-22	0.0001609680670163	0.004031767749802	3.0051493828575256e-20	1.3344414101401402e-09	7.902655621695273e-14	1.119727812828134e-22	2.6890770593046136e-22	2.910942660846814e-27	2.9523615250484083e-08	1.121296269495481e-22	1.2837833473824436e-28	2.010498716342138e-09	9.265325991003986e-16	2.4399603948861203e-19	5.994997194170381e-14	1.3109422477704572e-08	4.207102977340495e-12	0.0002428689121819	1.4704086213348776e-06	4.3754760611565816e-18	4.6267150170087e-17	1.0650866197368153e-23	1.1195202266588974e-21	1.4490378526063874e-12	1.3543718248884871e-22	9.460507300457992e-14	7.570934943840439e-19	4.6757233055599204e-17	6.39938703424053e-39	5.806667527113744e-31	1.0659069739868392e-28	1.4129623796535848e-24	3.759327185003505e-23	1.5326151141554728e-17	1.945371964506093e-11	8.552207913934148e-16	1.814084232644132e-15	2.3025142468903595e-26	3.1585465368153347e-22	7.274309718591759e-32	9.076391617346229e-24	1.134021440849092e-07	6.948937656197324e-13	0.0004250959254902	1.6345673110236723e-27	2.0662751685235265e-27	3.7599346277957295e-28	1.1318453266439091e-49	1.7465282160184516e-48	0.0050955413739564	0.0006303776826998	0.0011198928037271	3.8685569521083807e-22	1.672074860805755e-12	3.824514166429339e-21	2.46077394957672e-09	9.453891687590832e-12	0.008739863716453	1.1709541949532313e-08	3.6012879993333126e-05	1.9377504512738632e-21	5.719419485641164e-10	1.7724514217775765e-35	5.211541669711862e-43	1.9662766705519542e-26	2.5792830234078015e-19	3.314749069225612e-18	3.303301856321042e-17	1.8331536375413755e-24	5.419455149745484e-39	0.0	0.0
213.1446581771509	1.1720179610387575	16324673.914826386	138002808.89746344	18.39490811069024	1.216598892950561e-05	2.65714935654284e-10	0.0181957102858481	0.9616164280727132	0.000161525703227	3.712018571843086e-07	1.2399091650715711e-24	4.111649237244696e-25	1.721061854851549e-23	1.6627540205677785e-17	6.832967019046078e-10	1.3010119421773435e-46	1.005842029061779e-20	5.457218010570165e-27	9.551359264183722e-28	2.076018654108156e-18	2.6887364528710343e-24	9.432269302604445e-22	0.0001612350933324	0.0040454674499905	3.4385756553183635e-20	8.608774591279762e-10	5.2365911585577704e-14	1.955151516104904e-22	2.0658267828987857e-22	2.4940140587831703e-27	1.1246843559526122e-08	7.453274693781292e-23	3.1579165450835515e-29	8.840875143151756e-10	4.685539075091218e-16	1.4372743905574526e-19	4.067701676040135e-14	9.10075345399818e-09	1.1712891380900993e-12	0.0002433013292191	1.4751180334196063e-06	2.4155295035279464e-18	1.157426242745196e-17	6.814698878431268e-24	6.905731084668538e-22	1.8926717365952445e-13	1.4663236054950798e-22	9.654496328220745e-14	2.6494246347005853e-19	3.247184098561004e-17	2.0968135890697688e-39	5.299114610065418e-31	9.4917546918816e-29	1.0553959657318841e-24	2.6060085267998548e-23	1.0565744351761177e-17	1.3119480856760482e-11	4.554437556821106e-16	1.4516906651068122e-15	1.557501665576778e-26	2.1796499402646567e-22	3.6945339058762477e-32	6.15610696117782e-24	1.448233266513665e-07	3.940613671920885e-12	0.0006239275662119	1.4224234363545046e-27	9.90274969275588e-28	3.637794305869345e-28	8.258413497818236e-50	1.904696132061098e-48	0.0040139494625514	0.0011568235794	0.000821941823347	6.188777821725779e-22	1.6994748428437845e-12	4.498867101852909e-21	2.4096475579874863e-09	2.6348721361005333e-11	0.0089181522756344	8.287045991670974e-08	3.943367307082778e-05	4.0201777379511984e-22	4.173894373217017e-09	1.1561316059760664e-35	3.838506654968766e-43	2.60384178175809e-26	3.908070513814877e-19	3.258094427320271e-18	3.037688277665134e-19	2.392092230526724e-25	1.6720282414362748e-39	0.0	0.0
217.7945158154167	2.166308387971669	16100276.893823875	108270654.7459186	18.421027572309036	2.203825348106296e-05	6.908093006633543e-11	0.017731860264255	0.9628639976105934	8.411413955734196e-05	6.196904107553687e-08	6.115148396757717e-26	1.5990377285826476e-27	1.051994349767827e-23	1.7264798332144392e-17	6.840713840279938e-10	1.6891219307379137e-48	6.7549757687486354e-21	8.741849183144037e-28	1.4175180754773885e-27	1.40573779309669e-18	3.0064558200106083e-24	9.481015528271593e-22	0.000161541700709	0.0040581375010439	3.862398079213916e-20	5.45570413316329e-10	4.080279577962292e-14	3.346443949084968e-22	1.5896729091738137e-22	2.006029339792749e-27	4.332380477311635e-09	4.8600873866592564e-23	8.539625193108947e-30	2.5258031744332855e-10	1.8685895132933107e-16	1.2576350110680969e-19	2.70097863856976e-14	5.991421457062073e-09	2.147985513413844e-13	0.0002437849534275	1.4800566682739535e-06	1.322252942948061e-18	1.7344852699500001e-18	4.2484914912778364e-24	3.987701802831028e-22	2.2341722554961922e-14	8.431367581735332e-23	1.0034569920030469e-13	9.445870734840108e-20	2.1574345468659258e-17	5.9171668279304095e-40	4.665437937677618e-31	7.706593754162021e-29	7.429437519213724e-25	1.6939203721084385e-23	6.666631677783015e-18	8.636578786912198e-12	1.7139744469400216e-16	1.1774306638650612e-15	1.029431175823937e-26	1.4767965947848697e-22	2.687445321853821e-32	4.0822491087430506e-24	2.687967665649853e-07	1.6532525191850026e-11	0.0010938496710103	1.1149274153776148e-27	4.179867426663929e-28	3.2246136688374863e-28	5.360759859596563e-50	2.0579061279708295e-48	0.0021724456768406	0.0019161550347584	0.0005442701316907	1.571677839119003e-21	1.6493015226471341e-12	5.147500491733168e-21	1.954544710308612e-09	7.998410590643088e-11	0.0090836671158227	6.757488085357557e-07	4.363998498001456e-05	2.534071232100868e-22	3.5707167554020025e-08	7.311078115503865e-36	2.649236367275455e-43	3.5386702280105453e-26	6.755112217569302e-19	3.054424459106795e-18	3.064957591007332e-22	7.755962789202903e-26	3.842972465443571e-40	0.0	0.0
222.67793714733696	4.004112725061925	15871412.145389063	84914765.51700075	18.453345790865807	3.99111466892601e-05	2.1009921015751144e-11	0.016634506963121	0.9644666740700594	1.806788393195753e-05	1.0362116592204826e-08	2.3104135765712422e-26	4.5026710943514265e-29	2.6621301227974663e-23	5.9411298343586694e-18	6.851310556019337e-10	1.0912368983565219e-48	4.4199287607020944e-21	1.0600184151886786e-28	1.9977827591660537e-27	9.312245335598925e-19	1.5262912962902562e-24	8.663689748443167e-22	0.0001618790492862	0.0040701172765259	4.267574162386241e-20	3.405107252888241e-10	4.869246820182059e-14	5.647451983513132e-22	1.2146658436286337e-22	1.525959942078658e-27	5.2778293791496665e-09	3.1085035164846337e-23	5.5150388603465766e-30	1.5598844567598335e-11	3.574566396569905e-17	1.0693084611139308e-19	1.7416991124852317e-14	3.7625368111723314e-09	2.4689080239616804e-14	0.0002443087981322	1.4847210161566278e-06	7.768677230914841e-19	1.4578042974777285e-19	3.0815743516981222e-24	2.325223901173228e-22	7.940591784292892e-15	9.004596597341536e-24	1.0548415491225953e-13	4.9948480443469664e-20	1.3540491617322461e-17	2.2925333656804176e-40	4.008373231570405e-31	5.35272961281981e-29	4.7961103536736725e-25	1.039220883212286e-23	3.824629513714695e-18	5.501381162121454e-12	5.928069426846215e-17	9.64128684630198e-16	6.595772613570899e-27	9.753169345633885e-23	2.632154323978932e-32	2.6260425172577234e-24	1.3406965619086616e-06	2.389099115131471e-11	0.0022166973783398	7.746970927215342e-28	1.9742488454445662e-28	2.3624059860763328e-28	3.0630261926196737e-50	2.14935510627878e-48	0.0002171509935809	0.002364948130043	0.0003223478489221	3.230174118465716e-21	1.348070228275902e-12	5.5807932285232315e-21	1.3954830711171224e-09	4.4383490970661487e-10	0.0092202404652887	1.0593674073558823e-05	4.900250189784879e-05	2.8640321603312747e-22	6.172142217443438e-07	4.441233187722037e-36	1.7247128651902442e-43	5.031315724716093e-26	1.2289473685247308e-18	2.486746332987063e-18	2.719391146381464e-27	2.238799150661548e-26	4.977503366796321e-41	0.0	0.0
227.70512521367945	7.401032467964798	15637804.162774846	66575046.19991991	18.473463062741487	7.222005252582509e-05	1.8384176068696703e-12	0.0149851095657574	0.9654581043504964	6.873841235250811e-07	2.041568167177981e-09	8.21142068801179e-27	3.777602781347197e-30	2.3835918902688777e-22	4.847270344864187e-19	6.85780451696827e-10	2.65515590934836e-49	2.791507161672209e-21	8.893007692723743e-30	2.4363560200266824e-27	5.974647831799938e-19	6.134744933390483e-26	5.763456357731364e-22	0.0001620929858119	0.0040779314539289	4.5311188867945485e-20	2.0740476285973728e-10	1.1805068228545024e-13	9.12921839365933e-22	9.115808665529146e-23	1.1131902354854456e-27	7.865743286889978e-09	1.925225477804007e-23	2.202064769743283e-29	2.538148030421624e-13	1.306665088247667e-18	8.668071833274433e-20	1.0783576759897072e-14	2.244451276310658e-09	2.264147059531163e-15	0.0002446418880614	1.4877157865196448e-06	4.740882911488088e-19	6.592953250631155e-21	2.9492406092295354e-24	1.352160177956935e-22	5.89839353525142e-15	9.845201230763207e-25	1.1060093776556961e-13	2.874121436469942e-20	8.071789669441263e-18	1.437297962026853e-40	3.377507309034874e-31	3.2284399905830886e-29	2.930802044566443e-25	6.0781033934095326e-24	1.6824792044938513e-18	3.344752539150708e-12	3.904570074004019e-18	7.821197233070919e-16	4.048633951821937e-27	6.209036847761902e-23	3.143739590134017e-32	1.6196834548721246e-24	2.394485500653569e-06	9.04885222606294e-12	0.0038692639111952	4.935029231870084e-28	1.218034477467909e-28	1.4364223055670727e-28	1.5608933495789004e-50	2.107274034251543e-48	7.2908803745273425e-06	0.0016129777470866	0.0001716179000183	3.2441485184026258e-21	9.991740170961497e-13	5.639131144661615e-21	8.798788840300256e-10	7.045312858931115e-10	0.009312207162411	3.604174509539328e-05	5.590736751080361e-05	6.98973198634436e-22	2.22881174969778e-06	2.557743041032352e-36	1.074219531876724e-43	7.604495098322389e-26	1.2753551573368852e-18	1.6398612669011345e-18	5.218842513226171e-35	7.560465387342317e-27	3.504725485811555e-43	0.0	0.0
233.0187502026116	13.67975513002624	15399100.579801748	52179678.27450597	18.487343694137653	0.0001305425073253	3.1889135128001655e-13	0.0136734941498525	0.9661438070054912	6.599176436078655e-08	2.9292045686030316e-10	2.4970101813126604e-27	3.914311656843673e-32	4.1984317849556214e-22	5.349181326301239e-20	6.862301452435419e-10	2.443371673594504e-50	1.6807181433099385e-21	3.7595089675466765e-31	2.391587964039155e-27	3.665680447479246e-19	5.0352603758849956e-27	3.4744729353011453e-22	0.0001622404602925	0.0040832998943607	4.524484212607275e-20	1.2133302263651464e-10	9.921542422851589e-14	1.1897566456671732e-21	6.637233260008791e-23	8.25013839938495e-28	1.5393203970539575e-09	1.1324342718042617e-23	2.3315180048561933e-29	2.7637878404164238e-15	6.257568440562093e-19	6.604254260466903e-20	6.322093100110181e-15	1.2574408304022403e-09	1.7497912952898964e-16	0.000244871407308	1.48971496885666e-06	2.7541178709446083e-19	2.1061958466264125e-22	2.144413122573018e-24	7.430510658126252e-23	4.2264756432798864e-15	2.3450070980741163e-25	1.1386891306613008e-13	8.718723631224101e-21	4.602649129824254e-18	9.32483050368911e-41	2.3256588575676503e-31	1.8147474828816213e-29	1.6954439336967701e-25	3.367624663173558e-24	6.58890242892862e-19	1.9042250254284244e-12	1.2419937540335061e-19	6.136388678685592e-16	2.346117011320413e-27	3.757256412874693e-23	2.9356520270195465e-32	9.440005687353174e-25	1.5035537715892925e-06	5.64747959414967e-12	0.0051798542962396	2.971497829599258e-28	7.572633116835674e-29	8.09048586034704e-29	7.186784357490293e-51	1.8828997508886715e-48	8.490374100134568e-07	0.0009494629153273	8.411877634629793e-05	9.718387848237766e-22	7.415757741136077e-13	5.205181452380236e-21	5.24914558071893e-10	3.838560986499975e-10	0.0093673844921148	4.112392476134766e-05	6.381672331982935e-05	3.1181599546697907e-22	2.6128418160315696e-06	1.3741716156610482e-36	6.368995607474889e-44	1.2399845605976209e-25	9.323954481495232e-19	1.0092812957281973e-18	4.1679802442420176e-43	2.6970182855694182e-27	6.464628118195235e-44	0.0	0.0
238.61925046451148	25.285080321899887	15154972.072869876	40884482.30919957	18.497010864221924	0.0002357492891283	6.672739544595375e-14	0.0127169579228659	0.9666235983857644	1.2080240854853993e-08	3.1833113178867256e-11	7.025479093355215e-28	5.6428090417827235e-34	2.183286888691855e-22	1.315340648462422e-20	6.86546302053939e-10	9.439417523387232e-52	9.482194597628178e-22	3.806484312319549e-33	1.96019895155394e-27	2.11440653525428e-19	8.403710572620057e-28	1.9336392418447744e-22	0.0001623423442125	0.004086957014487	4.057913135535942e-20	6.712864481559858e-11	5.3300334779709564e-14	1.2213214712407928e-21	4.5962928286967634e-23	6.7544768616989e-28	2.8293190313450675e-10	6.213366005095138e-24	1.1329041932349506e-29	2.24512141358289e-17	1.2758212500048356e-18	4.570999676893578e-20	3.4465472983222467e-15	6.509440640677481e-10	8.942395729096803e-18	0.0002450297379476	1.4910278347013852e-06	1.4864867277536305e-19	4.189144463766179e-24	1.2425111353159164e-24	3.762517280990978e-23	2.666410496141781e-15	8.336499767138193e-26	1.1233722544700299e-13	1.897708211061427e-21	2.4958668345278134e-18	5.882866179789942e-41	1.3760981344389955e-31	9.411475278003388e-30	9.128837396280252e-26	1.7346089315076275e-24	2.3109459048047e-19	9.851125426044085e-13	7.345451249612338e-21	4.55838368364565e-16	1.2585675207398107e-27	2.12036864137758e-23	2.207185377307058e-32	5.099144646770915e-25	8.373331653085452e-07	4.240033456278423e-12	0.0061369196422082	1.667520265921879e-28	4.5157881636246165e-29	4.190089635337786e-29	2.925362345178244e-51	1.472324200751479e-48	1.673088305046793e-07	0.0004846076793481	3.925052889700283e-05	2.860388506312109e-22	5.554768700420839e-13	4.4313157965982374e-21	2.921785107312681e-10	1.6656544587867054e-10	0.0093976193436608	3.310397972852008e-05	6.893089812029429e-05	6.124797735957722e-23	2.1725885405180908e-06	6.74457672037577e-37	3.533512260735244e-44	2.2090826659803777e-25	6.157227442530169e-19	5.800870414551385e-19	1.3930422484068046e-51	8.472221381448798e-28	6.156610471052633e-44	0.0	0.0
244.50705219871105	46.73587215619279	14905094.5574997	32024917.68239109	18.50303250681375	0.0004253944833089	1.5029302454470457e-14	0.0120490248896397	0.9669229827840372	2.297396384661767e-09	4.66987306266754e-12	1.7221861160331696e-28	1.8515216039945648e-35	6.320954554429091e-23	3.457845896877134e-21	6.867435237483651e-10	2.603567515556093e-53	4.899704134221374e-22	2.3541394613742698e-36	1.3056102415308386e-27	1.1209200179292734e-19	1.429463237883169e-28	9.735864283028198e-23	0.0001624059663934	0.0040892427580876	3.0587629771565595e-20	3.4396462137154745e-11	2.4683633649134423e-14	9.785161036946366e-22	2.9486740031246265e-23	6.097002913395534e-28	1.1140694543056048e-10	3.1085613447766256e-24	5.625254650762946e-30	1.5285932315756694e-19	1.941993008112284e-18	2.735969259412904e-20	1.7077382581998389e-15	3.046849812474005e-10	2.796370863459052e-19	0.0002451285980327	1.4918118699998663e-06	7.283294987102874e-20	5.010131405125754e-26	5.961386768254065e-25	1.705992636264875e-23	1.4378521281042104e-15	3.64027807977898e-26	1.0211525708945269e-13	5.193095819982789e-22	1.275515771792162e-18	3.50734153068879e-41	7.112980358681865e-32	4.402596263205437e-30	4.472501839919776e-26	8.106788016908606e-25	7.174900642491377e-20	4.407381210469221e-13	1.0022786899357289e-21	3.122894881014596e-16	6.09319602707361e-28	1.0882589247507965e-23	1.38643711579716e-32	2.489215869156875e-25	4.15042761921259e-07	2.800673470665455e-12	0.0068056076458037	8.51299714967007e-29	2.5158569669576178e-29	1.9482104436944048e-29	1.001631902683186e-51	9.572774854545791e-49	4.390008173072012e-08	0.0002084638813825	1.778107854395385e-05	9.806656357181206e-23	4.1517615243962013e-13	3.4445416034110804e-21	1.4774586645587514e-10	5.392432952534901e-11	0.0094132227833846	1.881026581960333e-05	6.408947618343982e-05	9.562420223885446e-24	1.285473207226376e-06	2.9453743033749226e-37	1.790770193119153e-44	4.352486829551197e-25	3.675639359239242e-19	3.055433362813712e-19	6.243077256902034e-55	2.1671254537032154e-28	4.722203988062475e-44	0.0	0.0
250.6825697650501	86.38460777631714	14649153.110809404	25078115.855367143	18.506234633387862	0.0007670439902653	3.0077659095138746e-15	0.0116101852608901	0.967081982225982	3.4762387210675417e-10	7.010149133960398e-13	3.118487775580672e-29	4.7785754003058615e-37	1.1970739331019156e-23	6.789875718270496e-22	6.8684752535928e-10	9.415000551061804e-55	2.2511034927568093e-22	2.979151578424502e-41	6.768866626944155e-28	5.3018957311931086e-20	1.7928372683899554e-29	4.30312133161838e-23	0.0001624403954357	0.004090505588585	1.7936287909968736e-20	1.5870159865488578e-11	9.873152569870228e-15	5.8861165365301e-22	1.6940889098837536e-23	5.254096591052743e-28	1.7423762852412228e-10	1.3779068731718148e-24	2.695640471185163e-30	1.816005218477593e-21	2.3357068297841725e-18	1.2992480885534441e-20	7.479006054148011e-16	1.2551188386695249e-10	2.3053136722077308e-21	0.0002451821865886	1.4922196159940266e-06	3.155255948362137e-20	4.309633523918849e-28	2.3655910160247865e-25	6.692734307195857e-24	6.491873180640094e-16	1.6306685971769794e-26	8.035831206009999e-14	1.3323686260068402e-22	6.039064483161623e-19	1.9112951760653648e-41	3.146381883163287e-32	1.8036327953854128e-30	1.937370296352887e-26	3.3353880635535004e-25	1.8961097724923503e-20	1.56576260302387e-13	4.837306912673082e-22	1.9083229662557955e-16	2.5781130800974996e-28	4.918622736405128e-24	6.906107077073657e-33	1.0637466277245592e-25	1.7752248598887857e-07	1.565802609295298e-12	0.0072448517438563	3.83009012305089e-29	1.2682835973050432e-29	7.880459240211827e-30	2.650532196087672e-52	4.886370042696805e-49	1.2986099858565272e-08	7.720316976900198e-05	7.820039665340016e-06	3.1309033503859365e-23	3.010248340908037e-13	2.384541142612242e-21	6.573414315944679e-11	1.263252021510596e-11	0.0094208759013322	7.887635653085145e-06	4.880191285486335e-05	1.2673628757747164e-24	5.797799087309189e-07	1.1081676900447322e-37	8.021361250516015e-45	9.60440405903622e-25	1.9452132039123292e-19	1.4352304512914625e-19	7.624695347183742e-55	3.9818873681800034e-29	2.541309388007412e-44	0.0	0.0
257.15629592966513	159.6696523759933	14386836.491137564	19632872.271693934	18.507724757755888	0.0013821915391611	4.425721210963382e-16	0.0113477073073003	0.9671558992603132	3.1917600846911405e-11	7.977763960833784e-14	3.27014695585591e-30	4.6244001446264055e-39	1.2752346758655535e-24	8.247814694548249e-23	6.868954158891126e-10	4.926893548720406e-56	8.858658141665578e-23	1.0783054047749472e-46	2.610984791523261e-28	2.1548250049283806e-20	1.1995257723810146e-30	1.6110759931866368e-23	0.0001624567955458	0.0040911228374275	7.858201611624205e-21	6.355594174715318e-12	3.1345858185408825e-15	2.5819352602616683e-22	8.35454309315828e-24	3.5697254400397083e-28	4.226437382256514e-10	5.222964573406136e-25	1.0924506319090994e-30	2.2726459640624686e-22	2.73726224549948e-18	4.217845573225147e-21	2.796660901473198e-16	4.408736147115263e-11	3.33763598390797e-23	0.00024520776631	1.4924042869524038e-06	1.1735346600721692e-20	1.7836212838606156e-29	7.600940441376908e-26	2.184030226211282e-24	2.424557073992003e-16	6.4109759348025925e-27	4.9760464180606655e-14	2.342856655823151e-23	2.5734086871960875e-19	9.119347700790951e-42	1.1615034926849552e-32	6.241038050406212e-31	7.162149167217579e-27	1.1649683879430687e-25	4.0210080904237515e-21	3.8078599221788496e-14	2.8332347187798365e-22	9.972996254587527e-17	9.170017776998167e-29	1.8819565082220823e-24	2.662000774913763e-33	3.829048874581034e-26	6.029340932063765e-08	7.293698072358402e-13	0.0075075078696337	1.4602995347243508e-29	5.542190356775757e-30	2.6710312273782946e-30	4.69052749853377e-53	1.849783176838957e-49	2.786128222153556e-09	2.5880161144282623e-05	3.295402159756274e-06	5.23054050770836e-24	1.9922327972174341e-13	1.4168895406096645e-21	2.475884933475841e-11	2.209835104891805e-12	0.0094244312276533	2.6903203340659303e-06	3.201178392330583e-05	9.110427760095576e-26	2.3256446121416402e-07	3.459863685785313e-38	3.0466763841457763e-45	2.406558927936508e-24	9.004265928110587e-20	5.785744806707018e-20	8.365732057064316e-55	4.206374372405856e-30	9.778319290648938e-45	0.0	0.0
264.0059684585057	295.12662667735043	14117766.336605148	15365945.288484313	18.508353769745483	0.0024885846643554	8.09030111229248e-17	0.01121078830626	0.967187214070426	1.2385671198632266e-12	1.5616002739858798e-14	1.2853480552075852e-31	8.636421191909293e-42	5.047906432282983e-26	7.292770208932366e-24	6.869156369021141e-10	2.262930378084696e-57	2.8554951689636743e-23	3.5191214050515466e-50	7.196734868173535e-29	7.191234984187314e-21	2.8177056480289116e-32	4.911332097901763e-24	0.0001624637972753	0.0040913885837182	2.633287458493683e-21	2.111333475485475e-12	7.324185290492066e-16	8.43518619793327e-23	3.3618277323151144e-24	1.6432734390211704e-28	8.388847311903025e-10	1.6234934686797382e-25	3.583444083824396e-31	1.826704285478302e-23	2.534013537743399e-18	7.436463841567284e-22	8.525286889432073e-17	1.2740841823870391e-11	7.224383418789481e-24	0.0002452186910186	1.4924779195965693e-06	3.625768327729245e-21	1.0904660305095934e-30	1.917960273275508e-26	5.683903884975667e-25	7.520458840762576e-17	2.017036647270553e-27	2.1442875727665722e-14	6.315601138559015e-24	9.256220288565676e-20	3.611956145605971e-42	3.481162846710825e-33	1.7492288093863456e-31	2.1674365586546063e-27	3.3145325070051115e-26	6.887718737378179e-22	5.0250163650934e-15	1.0374988708972717e-22	4.2357508530676027e-17	2.623713158072122e-29	5.826413422476848e-25	8.004823630684935e-34	1.1113034039653007e-26	1.445076168313068e-08	2.7673315169160094e-13	0.0076445401567875	4.50923186782673e-30	1.990408119579103e-30	7.275163370998629e-31	4.4553845183107885e-54	4.957092958497982e-50	2.9219673908886913e-10	8.202058369646517e-06	1.286181081966298e-06	2.559945119477364e-25	1.0990253207913541e-13	6.8857370283574335e-22	7.554894824927497e-12	3.410517255016937e-13	0.0094259852222425	8.124176908907927e-07	2.048886669573379e-05	2.6361839300491305e-27	1.028773382878745e-07	8.604778141966755e-39	9.372842071060378e-46	6.957562685899446e-24	3.5842171890401473e-20	1.889884617498052e-20	1.6371479803979191e-54	1.6627364856772602e-31	3.708598962171778e-45	0.0	0.0
271.1965002967637	545.4995641178449	13841607.801022468	12023349.004588298	18.50859215341957	0.0044778928012456	1.5944044957402758e-17	0.0111514655723842	0.9671991996620788	2.343639140421e-14	3.111532738464648e-15	7.540281664674619e-34	3.027060479977656e-45	2.9873976012774198e-28	1.0653273315376039e-24	6.869234453111267e-10	3.706799008858075e-59	7.183449210264066e-24	3.5489192265313046e-51	1.32719716156436e-29	1.8755047884209748e-21	2.526363583195475e-34	1.1668608687845907e-24	0.0001624664120211	0.0040914855199422	6.80666866514345e-22	5.53473133406399e-13	1.3269140792725514e-16	2.1069545451965146e-23	1.0453526601606523e-24	4.393860177860688e-29	1.2038202890816487e-09	3.954282168190949e-26	8.894062520076911e-32	3.12264764394468e-25	1.1199600105492357e-18	5.474471669768618e-23	2.003056398531163e-17	2.9148104044494974e-12	1.7738283943430346e-24	0.0002452227611299	1.4925035500870856e-06	8.963702550587501e-22	5.312589698306813e-32	3.68302312994022e-27	1.1329197643877568e-25	1.950343661430536e-17	4.8237113322307e-28	5.922692173511219e-15	1.5473208892759352e-24	2.5136809956040502e-20	1.1192001237604604e-42	8.155510044348276e-34	3.801030228026817e-32	5.1337985869448365e-28	7.362459297195542e-27	9.305063811672004e-23	2.7740484373566063e-16	2.4580842678819617e-23	1.3826990253016417e-17	5.7742947063083074e-30	1.3935866809309694e-25	1.8416392877853566e-34	2.487360622054548e-27	3.218293438866577e-09	8.234701950588757e-14	0.0077039414017737	1.0750935317462071e-30	5.5538323185407635e-31	1.526333711239676e-31	1.7834045692011103e-55	9.175932957679374e-51	2.2668916202816488e-11	2.5335946861915728e-06	4.351860404420198e-07	4.693767676662021e-27	4.966150303905558e-14	2.5867731478807423e-22	1.7850585083177308e-12	6.510286908902659e-14	0.009426607117643	2.314496111325142e-07	1.486788027259896e-05	6.880576959211073e-29	4.5801677086590334e-08	1.637464097266754e-39	2.2338228425997038e-46	2.364985376586135e-23	1.18681764441877e-20	4.5660371747915954e-21	3.2335295410695275e-54	9.80341948689716e-34	7.217420760558391e-46	0.0	0.0
279.61756869350586	1008.2783034621948	13557126.418774046	9405597.05990704	18.50866993356263	0.0080275155837583	1.6464779814537913e-18	0.0111311196336253	0.9672031720110458	1.2623113837956858e-15	2.7896432314890393e-16	1.2823644691511868e-37	7.639431154868613e-49	5.693076594731158e-32	1.2937590009346727e-25	6.869260905747833e-10	1.6887389833674828e-61	1.3434968492635518e-24	1.5091812476228e-52	1.4772912475291389e-30	3.6365495522527055e-22	4.767688246396579e-36	2.0630690435949483e-25	0.000162467224089	0.0040915136771164	1.3059247578718097e-22	1.087705271530452e-13	1.80844855284288e-17	3.909518808884746e-24	2.385006546104626e-25	5.085458707772209e-30	1.4137680367880611e-09	7.203296724261032e-27	1.610507354318525e-32	4.075731400683953e-27	2.5972993146564445e-19	1.4027779839146447e-24	3.4660060326605125e-18	5.064557517926086e-13	2.49394693927334e-25	0.0002452240192552	1.4925112029209282e-06	1.6961462945755355e-22	8.133585191574952e-33	5.223580338381469e-28	1.667233533108794e-26	4.14648255432326e-18	8.386667671862282e-29	1.0776530262815745e-15	1.5953012725521746e-25	4.9475972897534086e-21	2.55608511260646e-43	1.4285874262391292e-34	6.134933854709679e-33	9.094644160701499e-29	1.2244578987043614e-27	9.188563554721265e-24	5.174536895187565e-18	3.899492194982718e-24	3.282352397596558e-18	9.369147753163053e-31	2.4643606397578212e-26	3.1285674584228327e-35	4.1156576308956345e-28	8.937513987086696e-10	1.8248162531583082e-14	0.0077243309536643	1.8883278870697024e-31	1.1407259819593652e-31	2.3744668046053606e-32	2.451535931996957e-57	1.1698579596980133e-51	1.4094033794925473e-12	7.817807200853112e-07	1.1560625232533533e-07	3.8725288997119227e-29	1.874584828384517e-14	7.085255279476457e-23	3.1266461952904605e-13	1.6799905695680926e-14	0.0094268213197794	6.445876906502336e-08	1.2877015991450852e-05	2.638295331251652e-30	1.679164904921025e-08	2.296465402494377e-40	3.953848240873985e-47	9.696890275785688e-23	3.118553425449681e-21	6.8639937806204795e-22	3.6624210215166703e-54	1.6764456076012483e-37	4.2078929719076166e-47	0.0	0.0
288.9008529008274	1863.658935963837	13263468.297234988	7356069.910324918	18.5086909609192	0.0143609541607071	6.266279440147631e-20	0.011125874824186	0.9672042718488342	5.20199298486776e-17	8.740500458479891e-18	3.279629537699254e-44	2.705604144713931e-53	5.375926446927313e-37	9.079353353531132e-27	6.869268501443584e-10	2.027042543910867e-64	1.7895124244923366e-25	1.731763297224647e-54	8.91306546638549e-32	5.015906985494099e-23	4.869807651990162e-38	2.6043940215720886e-26	0.0001624674218074	0.0040915195573059	1.7814637534015636e-23	1.5291673815305828e-14	1.6281282701336993e-18	5.1653217119996585e-25	3.8440652621582926e-26	2.9980180432777954e-31	1.500521948719193e-09	9.405707252246124e-28	2.074106633785754e-33	1.8564762950601904e-29	3.2310368101282194e-20	1.101323345389033e-26	4.288316943240813e-19	6.413836631116204e-14	2.3298113540689766e-26	0.0002452243237821	1.492513146755072e-06	2.3433969674453122e-23	9.885930229874848e-34	5.322387572374413e-29	1.757012389187664e-27	6.8661557851822915e-19	1.0214595324037805e-29	1.3590997279097438e-16	5.8542108388569455e-27	6.96426516507709e-22	4.089523056920565e-44	1.7961780376364114e-35	7.0827318237314586e-34	1.1565623270380689e-29	1.4679624863550544e-28	6.694035205639421e-25	2.9277241249211966e-20	3.712874401971399e-25	5.407905858187238e-19	1.0809215603592115e-31	3.1030216077517264e-27	3.796858499465738e-36	4.8548492559382826e-29	1.9211931339536267e-10	2.87009364435354e-15	0.007729593631328	2.3446989419712278e-32	1.647323323070019e-32	2.675037855457046e-33	1.0372222255825922e-59	1.0334955728427096e-52	4.509076867578887e-14	2.425389355812755e-07	2.179425058156917e-08	5.003976033643832e-31	6.118844933851899e-15	1.3452871988952033e-23	3.90882154745348e-14	4.4754768682974004e-15	0.0094268776582298	1.7965652166109512e-08	1.2388914461776294e-05	2.570041026808813e-31	4.628333939887265e-09	2.298274913645742e-41	5.00257978012444e-48	4.931964219609641e-22	6.008441713685196e-22	4.709773045406091e-23	1.5833285586112854e-54	5.248733888725801e-44	5.007305820925834e-49	0.0	0.0
298.898503443442	3444.708289042429	12959934.107618067	5751849.624298588	18.50869566356584	0.0256563282743202	1.220475464938482e-21	0.0111249067809728	0.9672045295710788	1.4272430542395596e-18	1.3566225089980592e-19	7.390683095318239e-55	8.95450328742675e-59	3.100651210736065e-41	1.5184208009534132e-27	6.869270393537977e-10	6.317783487339219e-68	1.6471042945410627e-26	7.07283141662587e-57	2.6317788796757658e-33	4.7715261430425035e-24	2.4247314118164947e-40	2.2798959080548463e-27	0.0001624674561602	0.004091520121293	1.6760735772895072e-24	1.486755987521854e-15	9.741866584481561e-20	4.7033228362751356e-26	4.349573686415991e-27	4.485995183319456e-32	1.525654104428012e-09	8.53581261742688e-29	1.8515417240152431e-34	2.6894375267549195e-32	1.7858617087155735e-21	2.5161606831235546e-29	3.71282748493776e-20	5.728749740785991e-15	6.316256867545711e-27	0.0002452243764117	1.4925135810314223e-06	2.2741448978578804e-24	8.030612388224729e-35	3.820170885424412e-30	1.299535892035847e-28	8.296567398565549e-20	8.512424755858542e-31	1.1950427698709901e-17	1.155903022562534e-28	6.833984400151946e-23	4.431927783997245e-45	1.574043921856117e-36	5.696488344146623e-35	1.0250903103300973e-30	1.2337755681060269e-29	3.761809489575119e-26	4.814446308442943e-23	2.253354016880618e-26	5.998741472290192e-20	8.651584741274038e-33	2.711411167971721e-28	3.212451349693216e-37	3.9825266722062206e-30	3.476121935835011e-11	3.0988021547044753e-16	0.0077305674354945	1.995875033374076e-33	1.6220602024915806e-33	2.2087239904923e-34	1.2910497442590878e-62	6.346481841108923e-54	8.270950925702112e-16	7.60444300205363e-08	2.7408216086521886e-09	2.3182914323252803e-29	1.6544220485260349e-15	1.7128215003564912e-24	3.3966559523933024e-15	7.093117305912241e-16	0.0094268866507097	5.087650690009967e-09	1.2318071755446004e-05	9.09771290442424e-32	9.022839094235338e-10	1.6054881663145016e-42	4.399695494631452e-49	3.193944256684435e-21	7.729357217262407e-23	1.0240590373752816e-24	3.4575216171828816e-55	1.381191564058557e-48	1.365631644648725e-51	0.0	0.0
309.59932462537785	6367.052987869181	12645839.6938697	4496502.682117893	18.508696606289387	0.0457830030411481	1.8551047263510534e-23	0.0111247837968677	0.967204587346822	2.6584487766198603e-20	1.6958297806349732e-21	5.30884169733915e-63	4.2350444764752416e-65	2.947425328366769e-44	5.392636592658162e-28	6.869270865835022e-10	5.092284198041564e-72	1.0284290551570143e-27	1.5282945060950733e-59	3.4437923948138645e-35	3.072216327027344e-25	9.488447825430029e-43	1.3591528138165095e-28	0.0001624674584526	0.0040915198906434	1.0675412452321225e-25	9.792582633053942e-17	3.8954437600772096e-21	2.870744408307898e-27	3.624250149193642e-28	1.5451151486156947e-32	1.5305219255663706e-09	5.2789871694282494e-30	1.1245631638718608e-35	1.9525576012920127e-35	3.451174174754871e-23	1.6389395816548687e-32	2.2136474020221546e-21	3.5260760694889237e-16	2.84447516045196e-27	0.0002452243799337	1.4925136791691532e-06	1.5093640338169366e-25	4.4168237711018896e-36	1.9080149450621358e-31	6.664780126511259e-30	6.870720411730184e-21	4.791838940967791e-32	7.230815613728199e-19	1.7326491119268124e-30	4.554425135634244e-24	3.194189199819261e-46	9.43620298539792e-38	3.14015636446318e-36	6.21459335276747e-32	7.1357217579474735e-31	1.6471917240498737e-27	2.2614086117788195e-26	9.023488785861207e-28	4.408264382444057e-21	4.732879058481264e-34	1.618390781567133e-29	1.865083254991947e-38	2.2375214432811163e-31	5.9553170259693345e-12	2.2523811326541976e-17	0.0077306921979769	1.1345087408077275e-34	1.070362283535421e-34	1.4343138814020926e-35	4.66542322965815e-66	3.1344275410206263e-55	1.2744572888031793e-17	2.421750603184502e-08	2.2480769903608303e-10	5.0810370618517725e-28	3.0310279187521593e-16	1.437180093849438e-25	2.0178553561395394e-16	4.733015057825931e-17	0.0094268864543639	1.4806959445795308e-09	1.2317696839064578e-05	3.83356038085225e-32	1.1800627850572835e-10	7.721032168569218e-44	2.642117529131979e-50	2.679411723990221e-20	6.5167361655687435e-24	5.599831558504661e-27	6.060142535250713e-56	3.872406685318304e-51	1.0162103781568102e-54	0.0	0.0
321.13115274300344	11768.591227097211	12320375.330938824	3514399.654106301	18.50869679652892	0.0815845384264644	1.6450243682524504e-25	0.0111247737471878	0.9672046021938816	6.24501844913307e-22	1.2983067880833382e-23	5.36129205160424e-68	1.6027131492262198e-70	1.3302981438140512e-47	1.499084861205295e-28	6.869271007561884e-10	1.0570508188554431e-76	4.312047075185442e-29	1.2974397854627055e-62	1.812885615914357e-37	1.3253168102298402e-26	5.236152568757768e-45	5.4615753403144665e-30	0.0001624674566931	0.0040915196785076	4.555769376786589e-27	4.321126464635066e-18	1.294619958177391e-22	1.127572397926406e-28	3.565730737106134e-29	4.160709476783194e-33	1.531129805626697e-09	2.199787219291138e-31	4.597837030984889e-37	4.02370162139464e-37	4.424589048190372e-25	3.0105726418178075e-36	8.993946831028689e-23	1.4735609802314602e-17	9.596697048719256e-28	0.0002452243772795	1.4925137061214095e-06	6.742991437657856e-27	3.0608050346933974e-37	6.582530709822809e-33	2.353962400796878e-31	3.776625373829623e-22	1.8109241121558548e-33	2.9785721967990277e-20	2.0170348288600728e-32	2.0291372087670123e-25	1.5185372063884682e-47	3.8281877186764406e-39	1.1910894557915842e-37	2.5539891949001108e-33	2.8108356433626256e-32	5.619878626289753e-29	2.9980246866392388e-30	3.0043892245675306e-29	2.131604171472005e-22	1.7548101722957522e-35	6.53908769276365e-31	7.360524211229647e-40	8.534816688173835e-33	7.310625483391916e-13	1.0918609363828205e-18	0.0077307028846602	4.148449481476772e-36	4.6941405641909965e-36	8.116322548320272e-37	5.196654446108727e-70	8.047871425633159e-55	1.2174775647664764e-19	7.88558286341431e-09	1.1983594682585014e-11	2.016885385481094e-28	3.710062013870095e-17	7.900208899804234e-27	8.116046763564165e-18	1.0761661785509113e-18	0.0094268855847624	4.4734275307621534e-10	1.2320989615883962e-05	8.318979574499297e-33	1.0008109168116779e-11	2.535173914882968e-45	1.0722667571589818e-51	2.9201174400864963e-19	3.6691088307227984e-25	7.04166278926411e-30	6.556894023794259e-57	6.896162375084174e-54	2.9386087006281762e-58	0.0	0.0
333.8363421649309	21752.56586279177	11982389.66330609	2746246.6648245445	18.508696831733257	0.1450583391825616	5.96485739378561e-28	0.0111247735427623	0.9672046067524536	7.891717236797994e-23	3.9967166097359264e-26	4.453003495189128e-72	9.242270201592919e-76	2.246369712765859e-51	2.586441945861081e-29	6.86927105983198e-10	5.582736105272829e-82	1.2075191793517153e-30	3.0710217664831456e-66	3.464903783650972e-40	3.810440887789703e-28	1.9736856057596142e-47	1.4708810521741551e-31	0.0001624674551289	0.0040915195469522	1.294341134961745e-28	1.2702911651235426e-19	1.8621513626682288e-23	2.5672069316834925e-30	2.0235753464208467e-28	6.84172170740033e-34	1.5311780226130095e-09	6.176518081715349e-33	1.258073435094412e-38	4.533515405617305e-38	1.2989627761715388e-26	1.540978301245383e-40	2.47299282704582e-24	4.142984471836662e-19	2.0123631278911518e-28	0.0002452243749176	1.4925137153116825e-06	2.0098912952960833e-28	1.1496742702497069e-37	1.564132713172361e-34	6.475110771019403e-33	1.3692989751892662e-23	4.581653063893802e-35	8.29333363076164e-22	1.9257393970673367e-34	5.999776635165578e-27	4.748707470598639e-49	1.08788231098858e-40	3.3796043729718187e-38	1.5552093035151454e-34	1.3770092871450989e-33	1.4894798662508312e-30	1.1023005806679695e-34	4.339386981533266e-30	6.76861397280768e-24	4.388188239164012e-37	1.7789227717861002e-32	1.9630974251166112e-41	2.198680488377401e-34	5.4464552347144233e-14	3.577575572943082e-20	0.0077307033814984	8.976990742804457e-38	1.3633260043994546e-37	3.921301338283229e-38	4.034088886962759e-74	1.8118095338839416e-53	4.718668766046255e-22	2.68312593100891e-09	4.159803634227174e-13	2.065966831828875e-29	7.22656070791354e-17	4.0926394117005476e-28	2.1972982052102455e-19	7.46422503564776e-21	0.0094268850230672	1.4317397709078038e-10	1.2322364086835543e-05	8.579211862798677e-34	5.419930731133312e-13	5.653365398978177e-47	2.923414619435803e-53	4.092691991655313e-18	1.860073849515201e-26	2.0958923353955385e-33	3.021338627721308e-58	3.949400109904747e-57	8.131335648337219e-62	0.0	0.0
347.7482705932004	40206.5219603864	11630704.079155996	2145571.76612549	18.508696830661197	0.2573933659079171	2.488435676785657e-30	0.0111247737456792	0.9672046082189908	7.809602620443491e-24	4.6936848709410557e-29	3.2802699748291238e-71	1.0044836989020147e-81	5.6442025557944234e-55	2.7084038585438557e-30	6.869271081344976e-10	7.441453327842634e-88	2.2516983879428848e-32	6.379277181846918e-70	2.1449353892199845e-43	7.281456954262544e-30	3.23751584229822e-50	2.650499643811565e-33	0.0001624674540747	0.0040915194690332	2.4301323198783225e-30	2.497328284397224e-21	3.300868296453395e-24	2.599821984087229e-32	4.49752186347884e-27	6.763209241457381e-35	1.5311804359388687e-09	9.494844718354045e-34	2.2982164126470313e-40	3.522971148007949e-39	3.63386294729574e-28	2.155355477225367e-45	4.5791330287384016e-26	7.792402445957321e-21	2.5641101209658504e-29	0.0002452243733275	1.4925137187758003e-06	3.978568883262728e-30	3.389911330315253e-38	9.02677203931228e-36	1.530956299771473e-32	3.2619645632516146e-25	7.7503872515668e-37	1.5741497257486774e-23	1.5747112045140965e-36	1.1747794270036702e-28	9.772062587460496e-51	8.256062531593355e-41	8.027411386701672e-37	1.7862784408387206e-33	1.2088538123275e-32	3.037260814835899e-32	1.1068182194617667e-39	7.690214939612124e-31	1.4114798902376037e-25	7.377687194170013e-39	3.246870242062597e-34	3.5244862481426082e-43	3.8120237882982905e-36	2.437072271857849e-15	8.196056970390837e-21	0.0077307033193039	9.549430053595751e-40	2.6186411001800764e-39	1.2858932868157972e-39	1.013784851236528e-76	5.201687599233723e-52	6.783806970588109e-25	1.1460729671323666e-09	9.436224920295432e-15	9.944053046862548e-31	1.262851114486553e-15	2.787307403785986e-27	3.989212471930017e-21	2.0569435072768213e-22	0.0094268846964735	6.050237704407896e-11	1.2322784683330458e-05	4.6825027390067706e-35	1.8675239587366103e-14	8.52966948964476e-49	5.334909785215362e-55	7.243425901929973e-17	8.478342400938039e-26	2.772890163473006e-35	5.472870582116702e-60	1.772187668275729e-60	2.498636800752984e-65	0.0	0.0
363.0226010015958	74316.03326006695	11263989.994669309	1675963.3835654047	18.5086968154245	0.4557374076194949	1.0484584525157658e-30	0.0111247738613162	0.9672046082713832	1.9747784545093958e-24	8.188026807182006e-31	5.7233133229937566e-70	5.506055911077971e-88	4.452898612896828e-55	7.245346844625099e-31	6.869271087897941e-10	2.485624771235672e-94	2.7927047690430013e-34	8.308393188650372e-72	3.8072884454179655e-47	9.2389101047266e-32	3.0163145922438832e-52	1.4774103186483762e-34	0.0001624674533338	0.0040915194224174	2.974879433992757e-32	4.1118706875270643e-22	1.0006550138579235e-24	7.657650880211593e-35	1.2414124607235287e-25	1.693250534967046e-35	1.531180502768008e-09	2.1483509370466324e-32	7.232837205372243e-42	1.8515064383236043e-40	6.99533268890216e-30	8.092862075635266e-51	5.751475306996196e-28	9.774934811909572e-23	8.353427892219764e-30	0.0002452243722481	1.4925137195247257e-06	5.337387356196207e-32	2.5578394834892944e-38	1.4746225505879668e-34	3.598776346781629e-31	5.1631605231594376e-27	1.2289552138022148e-38	5.251827023907955e-24	1.1507950384714207e-38	3.806638379131564e-30	3.360461316817604e-52	1.7921927638779296e-39	2.6231360328751106e-35	4.5954026131098607e-32	2.7944852505171107e-31	4.6897134280742e-34	2.985920115677299e-45	2.383143387415033e-31	2.1040645920906047e-27	8.324601981210709e-41	3.9702180880045984e-36	4.291341023343138e-45	4.438837776846162e-38	2.7601058030464355e-16	1.6511997980513066e-19	0.0077307032653367	3.7069233485950484e-42	3.3267591987675205e-41	2.2267817170845072e-41	1.4826701256242315e-75	1.886906680932817e-50	7.612139507688444e-27	1.2969308197059424e-09	2.421392373955749e-16	2.652875083272372e-32	2.7215916295229723e-14	7.580375125847283e-26	4.8463376871093203e-23	1.066573115005385e-21	0.0094268845071124	8.433801152264268e-11	1.232273372608766e-05	1.4598448811070216e-36	5.468597650024242e-16	8.68556490700338e-51	6.503852124109906e-57	1.585883936026926e-15	1.7435421852004162e-24	4.820088143835836e-35	1.5120302453962262e-60	4.5248963619948835e-61	5.3941371916482205e-67	0.0	0.0
379.9844524536075	137362.61009974466	10880599.580996027	1308900.7775111608	18.508696781867872	0.804763976154742	7.470115430415854e-29	0.0111247739113987	0.9672046069894816	5.679951504296876e-23	4.261371698269972e-29	8.569986573594144e-67	1.601475026846327e-86	2.942818919688788e-52	2.212047313181883e-29	6.869271082222565e-10	3.826852435540895e-98	3.1992196517633927e-36	1.6211635514236856e-71	2.7396052967059443e-51	9.091172777187106e-34	1.4976459401310765e-49	3.6436644228644075e-33	0.0001624674520514	0.0040915193909689	3.8552882769683246e-33	1.0266079788013972e-20	2.4360402778132e-23	2.619904884196392e-37	4.2017381291984434e-24	4.774299596172675e-34	1.5311804578961667e-09	6.713213674567826e-31	1.1434601007689234e-40	6.634054971864426e-42	1.2596031574742238e-30	3.8362326627377334e-52	2.3888064401749537e-28	8.164030730688857e-25	3.112104713340446e-28	0.0002452243713159	1.492513717916065e-06	3.589397200181015e-32	2.2048319964891024e-36	3.980266834098347e-33	1.02089485698983e-29	7.025806898364681e-28	1.2698445405777587e-37	1.452795586878586e-22	7.75088383891081e-41	6.094012056639827e-29	1.4957360880349796e-50	4.750184932060867e-38	1.072769399267168e-33	1.4467132381195551e-30	7.757744204548491e-30	2.213105014078265e-34	1.0170622182381718e-46	5.847371137718369e-30	4.318835490296986e-27	6.293710210616996e-43	1.4169108650174744e-37	1.679034226654519e-45	3.4647565097327043e-40	3.513760760811804e-15	4.4165612027894136e-18	0.0077307032240424	3.948601143355445e-45	2.7956210994542443e-43	1.9916997907809567e-43	3.3527105478343284e-72	8.642731854872759e-49	7.3749674876562505e-25	3.115242062783989e-09	2.3794348338491218e-15	1.1345606709530349e-33	6.920142596452988e-13	2.540265921399209e-24	4.224398103967808e-25	1.6143976687448528e-20	0.0094268843890613	2.0659597840166888e-10	1.2322217273328505e-05	2.711668404688072e-38	3.0088684709320733e-15	5.9528438554016795e-53	5.291752566004057e-59	4.20613875453602e-14	4.19170282334845e-23	1.0905986446248791e-32	1.3029880753238926e-57	7.312300503925855e-58	1.8746850690112617e-65	0.0	0.0
398.8545964795232	253895.23398517133	10478673.563001389	1022050.2937263309	18.508696695272263	1.4171171884889724	7.20392302122003e-27	0.0111247738850373	0.9672046026837908	2.16000086145505e-21	4.9229384042641526e-27	1.5354660535254416e-63	5.0514671360795785e-82	3.991935162398815e-49	8.959799080554826e-28	6.86927105325796e-10	1.822848855067032e-92	4.1764980177553807e-35	4.922737115635114e-68	3.493116393391206e-49	5.7948818017973556e-33	1.7457673301525975e-46	1.3983231325155223e-31	0.0001624674315321	0.0040915193607633	1.2243626013585222e-31	3.2604015588724515e-19	6.746675445857405e-22	1.4433597409659031e-34	1.7275133351975298e-22	1.7665096417016609e-32	1.5311792913480401e-09	2.5184368442699922e-29	3.3916932353472746e-39	7.433178072384478e-43	8.73056684465688e-30	1.12496652358242e-48	1.1311191122663596e-26	2.0425231138960907e-26	1.5399511068006574e-26	0.0002452243699418	1.4925137114460452e-06	1.2645208924967338e-30	2.51847188728541e-34	1.2534292298279095e-31	3.418387657418662e-28	4.298559699148938e-27	5.587303551273686e-36	4.988922123136081e-21	1.0490018529516508e-40	1.8963097984023214e-27	1.3676231519568187e-48	1.4826237240833413e-36	5.46537623149857e-32	5.51971527369885e-29	2.545475111551906e-28	1.1212504496651416e-32	2.1496271971438628e-43	1.677837686730365e-28	1.2606933693638772e-25	3.268971823094431e-45	5.932846557271905e-36	7.918949214495828e-44	1.808682310600941e-42	5.861628566814503e-14	1.3877938529831016e-16	0.0077307031613885	9.768422349854608e-49	1.5475967165411506e-45	1.3843065280592677e-43	1.2753307855578456e-68	4.986487500340502e-47	1.4030065497035048e-22	8.923290257628877e-09	6.18394022684073e-14	1.3732107804729854e-32	2.0295770927132188e-11	1.0387368892353376e-22	1.0273511035835998e-24	1.5063900611684832e-18	0.0094268842973909	5.318231846898363e-10	1.2320601416043652e-05	6.016975787178448e-40	7.219041220347774e-14	4.673903853894768e-55	1.961303076177388e-60	1.3193619215300038e-12	1.1393919589525092e-21	3.6420437161769775e-30	2.5816202379895815e-54	2.415220033900164e-54	3.4451304811248896e-62	0.0	0.0
425.8696675083084	469289.20317964215	10050097.51741274	797927.9181906383	18.50869625394257	2.4531813937456537	9.762545822682872e-25	0.0111247739965715	0.9672045796926352	8.912357163643785e-20	4.324808846612404e-25	6.880434847815285e-60	5.2779580924314275e-77	1.3173674323375912e-45	4.023831652076495e-26	6.869270889525357e-10	3.740267989533786e-85	2.419837648550496e-33	1.1896429701049104e-63	4.554917280717856e-46	3.1646101955669012e-31	2.5701197793518192e-43	6.63524125864496e-30	0.0001624667730696	0.0040915192621838	1.336476513214334e-29	1.2076663180635733e-17	1.468785963542645e-20	1.5433961455278416e-31	8.666314896505938e-21	5.941486247935194e-31	1.5311404287542164e-09	1.1342109374377347e-27	1.1389758682186412e-37	2.0111546462018924e-40	3.8763560051299627e-29	5.3102408290213504e-45	6.841971699723147e-25	8.484548004186695e-25	8.911538139045407e-25	0.0002452243640654	1.492513675916163e-06	5.307006265784876e-29	3.5496309135709515e-32	4.550985225160432e-30	1.342869922899175e-26	1.5118846958904828e-26	3.0368429826210356e-34	2.0518615741142925e-19	9.367608847151592e-39	6.83530235888255e-26	1.5665867301806116e-46	5.578841403937051e-35	3.5093041883999544e-30	2.565611286378937e-27	9.833039001476491e-27	6.875143879855428e-31	6.774411237263701e-40	4.181140685620524e-27	4.176480377605283e-24	6.642544924849777e-45	4.082682010271291e-34	4.7687925111037175e-42	4.1624649231687146e-43	8.457991204894968e-13	5.090624394249136e-15	0.0077307025247485	3.379498941281414e-50	5.485304094981642e-48	9.668501548774264e-42	7.88464173128167e-65	3.678404882194917e-45	1.821597506326824e-20	3.983332769384174e-08	1.72016569790564e-12	2.595403090921362e-31	6.746507189774552e-10	5.2243910927117e-21	4.358885181222804e-23	5.418124954971903e-16	0.0094268840184586	1.9360220886112023e-09	1.2312139833084748e-05	4.9267639768304415e-39	1.8065034799048089e-12	2.2083263179489207e-53	1.0604730449626465e-58	4.831220451715754e-11	3.3946524483351756e-20	1.0586677676157764e-27	8.553512132853015e-51	1.5770667283904564e-50	7.573444745333441e-59	0.0	0.0
488.3446345058189	867414.2982685748	9559400.991901804	622849.7697877412	18.508682711838627	3.954263869696161	1.4638154945799669e-21	0.0111247799803326	0.9672038743699556	1.464396103617569e-17	4.68876227180694e-23	4.466535520432532e-54	4.090026105021852e-69	1.3114595252774014e-40	7.866398509421947e-24	6.869265853525221e-10	7.108055022517438e-77	1.9002508310303192e-31	1.1735282671069994e-57	1.5518058602109148e-42	2.3333841016232877e-29	1.59004377565981e-39	4.256715841795193e-28	0.0001624410128892	0.0040915162761867	8.843095458942438e-27	5.526914636778747e-16	3.9529312134527947e-19	2.856795605569925e-28	5.724884089792639e-19	3.8635552697315444e-29	1.529601792182221e-09	6.565532138162814e-26	4.476044052445376e-36	5.063263841945339e-37	1.8047447184529022e-28	2.953167061470922e-40	5.645228521197407e-23	6.093014504250955e-23	2.7905096761994e-22	0.000245224184562	1.4925125839965465e-06	2.7732026832295584e-27	3.367567260858621e-29	1.9973315290711807e-28	6.555243092651967e-25	4.407402586779537e-26	2.2532072270913503e-32	1.0870896801255169e-17	1.8011079053567132e-36	3.0050336419727244e-24	2.4423681317862104e-44	3.528596414778369e-33	3.100196512499489e-28	1.5699047807876744e-25	4.7558279352661245e-25	5.60216747283117e-29	1.8782581956508904e-35	2.803025084702372e-25	1.6131234525335165e-22	6.069925475540983e-43	3.895651339754107e-32	4.119188511992798e-40	3.522684862489981e-41	1.9215226116796548e-11	2.3114879989755465e-13	0.0077306804777465	6.626363777892453e-47	1.2133543447842618e-50	9.334919456930136e-40	5.120252449492407e-60	3.807239690137172e-43	3.732550941732814e-18	9.995834914104411e-07	4.9809102854526834e-11	4.905614237713799e-29	2.6304217959537986e-08	3.510776051262807e-19	2.4415890085501656e-21	3.610775160627088e-13	0.0094268748630888	2.8407065712186584e-08	1.2057531188602266e-05	8.988091729175912e-37	4.4572441162145586e-11	3.642597112696639e-51	9.267795097114404e-57	2.1659725472833363e-09	1.111128076539148e-18	3.747604020497554e-25	8.801359792587931e-46	5.5190640149183e-45	6.198852174232403e-54	0.0	0.0
574.4379279851935	1603291.871500284	8983224.714843927	501186.4735065566	18.50837887033736	6.2133789903058885	4.423238513163309e-18	0.0111250288358416	0.9671881204076024	4.533814727823117e-15	1.2977681693803367e-20	7.38424750975301e-48	7.180023721883898e-60	4.1860575402560537e-35	2.9677209136294682e-21	6.869152774573468e-10	9.391091502779827e-68	2.023456992560494e-29	3.27613629541682e-51	1.1367866530605183e-38	2.3261997998557264e-27	2.5295465089666556e-35	3.742200969030554e-26	0.0001613878442966	0.0040914499314591	3.30033189143104e-23	2.9719996527445445e-14	1.817340871453417e-17	5.614776932008319e-25	4.922566794639063e-17	4.60743000267521e-27	1.464996125906858e-09	4.754327249272789e-24	1.8506479977555342e-34	1.877705040712577e-33	5.562455627364238e-27	3.509689576400267e-35	6.380706602248698e-21	5.9020603169654046e-21	1.6830895189751157e-19	0.0002452201587848	1.4924880822829165e-06	1.7161234797650708e-25	5.967183572586656e-26	1.0449173607621632e-26	3.789442071911282e-23	8.449423267202358e-25	8.256891725276876e-30	7.305943927547319e-16	3.278973037818373e-33	1.5183366563277885e-22	5.1794069731407874e-42	2.5041291485647407e-30	3.795945174138251e-26	1.2537606153589564e-23	2.767401686712355e-23	6.0994780784643785e-27	1.2802031814382921e-30	8.066534768634927e-23	6.454863494032539e-21	7.59215929506471e-41	5.2094353170773e-30	1.242257371391742e-37	4.1368933453184237e-39	7.943569016345244e-10	1.2382118404772034e-11	0.0077299978330049	3.514378082079758e-43	4.587585320960342e-50	1.2425344217653752e-37	9.265399297274082e-55	5.617804473310285e-41	2.3880567531896216e-15	2.280293616413292e-05	1.126022943597491e-09	1.7656799029146375e-26	1.075976082301832e-06	3.157186719968629e-17	1.8188880038739216e-19	4.407015697314931e-10	0.0094266036024354	3.176486332663847e-07	6.387089011324303e-06	2.327113871707417e-33	1.0536282691022515e-09	2.4033652634254856e-48	1.1381456288549832e-54	1.0966956074429074e-07	3.2886829223136825e-17	2.1452045164843066e-22	2.678255040470215e-40	7.022767361075233e-39	7.32827007857431e-48	0.0	0.0
670.7032920613854	2963456.828357432	8311895.809510884	507418.5655130193	18.508207413650894	9.836090239251911	6.510116838609219e-16	0.0111129959462011	0.9671833053372418	1.0372116710142853e-13	3.900685991136817e-20	8.526765662336644e-43	1.5051415735156972e-52	6.29694874881778e-32	8.081377138730551e-20	6.86908066002156e-10	8.419144754613873e-61	2.242168703918957e-27	3.067702726603033e-46	7.982129567414524e-36	2.4144820576994806e-25	3.5390115064429807e-32	3.534510019743433e-24	0.0001522853977567	0.0040914687014561	6.889408343277969e-21	1.0664926791115361e-12	9.083735133918616e-17	5.894615091416815e-23	4.0789152950040095e-15	5.229076698362107e-26	7.068311795132454e-10	3.0992355510352023e-22	6.714841539699544e-33	3.480865756824346e-30	1.0107949049281475e-24	1.6216003765652384e-31	7.607316644848043e-19	5.918497335930551e-19	6.650428021173319e-18	0.0002452178871008	1.4924742129625538e-06	8.563053828539961e-24	6.1438908292772696e-24	6.8378951520344935e-25	1.759177214673576e-21	1.0533874420744385e-22	1.2129328903470729e-27	4.459565149265426e-14	4.082082104617457e-29	4.972165136568553e-21	1.1392117804204817e-39	1.0909676110789424e-27	4.982047017009105e-24	9.823006189929265e-22	1.2308813566703534e-21	5.484327524686331e-25	4.693511475185458e-27	1.7474603296615226e-21	3.007279958276933e-20	9.969944108261023e-39	7.602880067786315e-28	1.3317104552463544e-34	5.113888973226976e-37	3.5444243801800207e-09	4.5562467620301557e-10	0.0077377028819876	2.208989883006673e-40	4.560042189845455e-48	1.7572023545875388e-35	1.0787722434713296e-50	9.28442714958489e-39	2.1970342567180718e-14	3.942279735794026e-05	4.6945335746243275e-09	9.32757038627528e-24	1.0120241145162925e-05	2.9225794778057285e-15	1.4159358018758817e-17	1.4858719420845444e-08	0.0094230289853883	4.743858428320639e-08	1.9863930758248367e-09	2.08089792612582e-29	4.299534605963077e-09	3.212675396435533e-46	1.5577449897413077e-52	2.880677352473328e-06	9.117119447712517e-16	1.4312182798253746e-20	2.406017440753508e-37	3.179315669353772e-35	1.5960413631722825e-42	0.0	0.0
778.0924240348447	5477528.159186912	7535027.664805839	527068.207838178	18.509611818986038	15.672588208281288	3.486338858618279e-14	0.0109193956815714	0.9673456323515436	1.1726498913958357e-12	2.567622174466819e-22	2.1318287246864262e-38	1.7869760483223805e-46	1.9846276460959084e-29	1.075980055801667e-18	6.86954778470804e-10	7.450331887853522e-55	2.3905024019162745e-25	7.302140265856265e-42	4.1923655875499905e-33	2.833280935144077e-23	2.585191904106805e-29	3.2278413101428523e-22	0.0001498978434054	0.0040948419551093	1.3306887472538918e-19	5.9733190364535374e-12	3.298453872747711e-16	7.017325911849005e-22	1.9601998454262315e-13	3.9291406678559696e-25	9.25424649763571e-13	1.297556909105528e-20	1.896487026960367e-30	3.926718258698259e-27	8.611938826607062e-23	1.7803785294079983e-28	8.53992583469783e-17	5.609923000223466e-17	1.1961082693204054e-16	0.0002452364953931	1.492585741477132e-06	2.2511242306336774e-22	2.607631430006112e-22	2.7994908687515563e-24	6.2280015858933085e-21	6.761811616351405e-21	1.4990007459277843e-25	1.7708194943273097e-12	3.414771115524302e-25	3.172497493664893e-20	2.275439440141348e-37	2.4953645775444114e-25	6.280805745773024e-22	6.215831520171384e-20	1.4201657703696327e-20	2.950624113798038e-23	4.7369862352325735e-24	1.0671214379031286e-22	6.245691716331737e-20	1.2292852693593975e-36	1.1098665113889292e-25	1.0166617535106514e-31	5.988315853898532e-35	1.0712982466788884e-08	8.654114419719883e-09	0.0078437841106192	8.919643800561065e-38	3.1721415587156727e-45	2.36979898989534e-33	5.387642145250265e-47	1.6013843452173417e-36	9.790696348495369e-14	8.540391199835573e-06	1.4361514616408857e-08	1.3934883510355227e-20	9.45733714014185e-06	2.431613760070847e-13	1.0716487214596264e-15	3.375449436381633e-08	0.0093767148375139	2.136846400801704e-10	1.4137284031982597e-15	5.4959601271485265e-25	1.0260192232940664e-08	3.937531544673405e-44	4.2329225828089258e-50	4.927756400020093e-06	7.567578604437011e-15	2.1297790357097424e-19	6.614136806142463e-37	2.4984967934849114e-32	4.211824439631832e-38	0.0	0.0
897.7037623522223	10124431.1871132	6642601.838858661	548636.4007804355	18.537869609773672	25.147069991223525	1.985788618011721e-12	0.0064364427252532	0.9718102762906786	1.0872660129607383e-11	3.560861593648891e-21	1.288916428607032e-35	5.33498080109039e-41	8.280756414689241e-27	1.912185245166312e-17	6.878386985774466e-10	1.0342356299371352e-48	4.362544596285248e-23	2.4528867171578265e-37	1.9827997120698748e-29	1.2328999674221356e-20	1.4396158047157803e-26	1.5566716653801494e-20	5.438027208308624e-05	0.0041998179167549	9.554650033992828e-20	2.146902444786095e-12	4.753688730404045e-16	6.48050356403049e-22	3.058733470976565e-14	1.79160640503634e-24	4.5624379971727813e-17	1.4935690811070214e-19	3.712604459889613e-28	1.459037068896683e-24	9.948930614254788e-21	1.3136211801978602e-26	6.790477596111162e-15	7.321491907683564e-15	2.7253288104977324e-15	0.0002456109264955	1.4948556756906572e-06	2.959224444187267e-21	7.913279737485959e-21	8.126962568672373e-24	1.6727922146625415e-20	1.0479892632537957e-18	1.7210007507971148e-23	1.0586143882612412e-11	6.448176954517574e-23	5.61587372293649e-21	3.1938049087811885e-35	3.379824621078636e-23	5.957692842370813e-20	1.4112072647473136e-18	1.4326960478943386e-20	5.549164962942096e-21	8.600569692231754e-22	1.92626907278612e-21	4.5125233251292655e-18	1.2543709289279426e-34	1.4432152201906545e-23	1.0855709962692822e-28	6.794754010185345e-33	6.52371837433212e-08	7.720019989907087e-09	0.0093675320924773	5.043237126078873e-35	3.819997564829928e-41	2.609496279529509e-31	3.0224612218443186e-43	2.6666108569658773e-34	1.6936160433519972e-12	2.3362146551845703e-05	7.337003375012245e-08	6.491200673988446e-18	6.494303934659927e-06	1.4993909492570292e-11	7.508587892171246e-14	3.16473715902177e-07	0.0078465520029045	2.5597101125530743e-10	1.4722043160303794e-16	1.535486770499514e-21	1.4537898090173005e-07	4.891522871906339e-42	6.2608126639983065e-46	7.42730091006088e-06	1.3421200424047788e-13	1.2669755673559133e-17	1.9108805562264016e-32	2.365284471155913e-29	1.2216034140801365e-33	0.0	0.0
1030.5752703020012	18713570.041747887	5622755.588153729	564660.8962613763	18.563245760920257	40.543461443162805	8.359381168524817e-11	0.0022983270906029	0.9760052912368724	5.564940884601116e-11	1.8596698913204267e-18	4.107636144809319e-33	2.179058715617696e-36	2.8717848602269453e-24	2.978041134656341e-16	6.809704555367665e-10	3.317404274897388e-42	3.946670840591652e-20	2.474361647057449e-32	1.8694532934033272e-26	5.167896477698179e-19	3.677658195853828e-25	3.62986439541536e-20	7.91648358016056e-06	0.0042569374118921	1.6881317539147398e-20	1.8703878711819843e-13	1.8929719299842047e-16	1.756284204533163e-22	1.6030630394631901e-15	3.4110132097198375e-24	4.313394109935924e-16	7.427345318162256e-19	3.0660003192330627e-26	5.618280974231578e-22	6.4132227102977095e-19	2.913699038907112e-25	5.0212423857930676e-14	3.3075738699539244e-12	5.2945346079964024e-14	0.0002459471831739	1.4968838763285825e-06	1.824237503818005e-20	1.1901189551854392e-19	1.341054168247759e-23	8.521986339728884e-20	1.5714150212200722e-16	1.4828122063495433e-22	9.087116629352899e-12	2.8527640944206013e-20	4.6199027260288405e-19	7.011909902353438e-34	2.296170392673134e-22	3.660617588740688e-19	1.5306985983700873e-18	5.342411450196364e-21	5.379852607689868e-18	1.826206155798576e-20	9.717331119271416e-20	3.6389966170334734e-16	3.9508452248654067e-32	7.876093617969381e-22	4.9170176882604576e-26	8.25049602536543e-31	4.107589040718607e-07	5.325563875178498e-09	0.010661225255074	4.134594862855342e-32	1.6731009285324788e-36	3.83938376604081e-29	1.1620661635908377e-39	3.8110042416985836e-32	3.581929056416534e-11	0.0001090635201538	4.159767050046897e-07	1.6388081366692855e-16	1.671594296027833e-06	7.168784954242462e-11	3.683563331760808e-12	2.9486194087619613e-06	0.006397929141444	1.3437795268273215e-09	5.291843888877081e-16	1.2581930727800904e-19	5.249606676260292e-07	8.276432954248088e-41	2.580605115975649e-41	9.886269552325667e-06	3.5964635426726605e-13	1.3273617322727578e-16	2.719416433177529e-28	1.5674665383400426e-26	1.1810626840554073e-29	0.0	0.0
1176.539085461512	34589370.72466348	4461593.850790311	520647.54152582446	18.54544773672348	65.57882098669369	2.535083716611676e-09	0.0051243817991595	0.9732303468500276	1.5385553190161927e-09	6.400609063546155e-16	6.792504711801773e-30	1.4880272004478612e-32	5.508904274825058e-23	3.2073551307893923e-16	5.5333161899975e-11	3.1853148198903854e-40	2.3226667215397897e-21	9.978138943359756e-32	5.463513256975149e-27	8.147739867180152e-21	2.940326958078252e-26	2.970764575556261e-22	2.8666476619147293e-05	0.00423141265859	9.107236334210521e-19	2.5549177058332543e-12	1.2239187336364176e-14	1.7800879611782362e-20	5.024313722380828e-15	1.2928996583314985e-23	6.206149774657096e-14	8.193979312259184e-19	4.6945212412257175e-25	1.4981897615537652e-19	6.10428612345362e-17	1.1428130624254345e-22	4.869472988824097e-13	5.424285715618932e-11	8.383643804134914e-13	0.0002457123577826	1.493336637272982e-06	2.718819536459486e-19	8.840310777257584e-18	2.8143852534156334e-22	6.464325039253514e-19	5.768739582770742e-15	1.2511163251056067e-20	2.901104648759862e-11	3.304680100078039e-18	2.5633442604583453e-17	1.002724021986181e-37	2.3816688749940823e-22	3.431922678318381e-18	2.6406594443589804e-19	3.926675561189545e-21	2.4625743985935907e-16	1.1364717750775305e-18	3.2157647621021937e-17	2.78079841814138e-14	1.1905108508195656e-32	3.9743081041541842e-22	1.931117942560844e-25	5.769898929246537e-32	2.062483428895051e-06	3.934542900717532e-08	0.0096599969528193	6.613436091236404e-34	1.0505021240179394e-37	1.1038606628778728e-31	2.434733837370279e-36	3.84097443719363e-30	6.66340548520558e-10	0.0001330028906302	2.3216292814677e-06	6.072860996862484e-15	2.35580004963848e-06	1.5680679331769723e-10	2.8243928480679607e-11	4.909881155804214e-06	0.0073192336433469	6.778188454791602e-10	2.877176496779617e-17	9.592200479195257e-18	4.845759008253309e-07	7.283350645826664e-44	1.0078850503659668e-39	1.35735736665698e-05	3.835235754962917e-14	5.886474937865996e-17	1.4457604377496636e-24	5.161967120622698e-25	1.0208698686244228e-25	0.0	0.0
1335.6183537996326	63933528.68849276	3146994.3547065845	401903.1742953403	18.518867331047947	106.62295067411492	4.4333771271405974e-08	0.0093479159621645	0.969052054788468	2.3265696950132888e-08	8.605050629268867e-14	1.1844287609839342e-26	6.931930064624687e-29	1.0517679523554177e-21	5.496012643772971e-16	1.0974295056232609e-11	6.015415502055009e-38	8.991833687571538e-22	1.3350676757933537e-30	7.817659189394202e-27	9.816337863016986e-22	1.3998556060402324e-26	2.101124760798713e-23	7.68529331754546e-05	0.0041766047131384	3.898138190663944e-17	2.1587930898349588e-11	3.75459075228353e-13	1.2090399807753665e-18	3.327453514968283e-14	6.516538479047098e-23	4.3246208571069366e-12	1.4374150570135237e-18	7.435454139176164e-24	1.398064226855535e-17	2.4073966279772792e-15	1.1242781366517876e-20	2.115977314770038e-12	5.223067830256165e-10	7.364015981165232e-12	0.000245457492856	1.295896556125591e-06	3.496068831042556e-18	3.350869514858302e-16	4.611431339558199e-21	2.9385762245102632e-18	1.1077798307910133e-13	3.388811703850909e-19	6.630325761741288e-11	1.7938460928036815e-16	6.900613876227612e-16	9.56580342842924e-41	3.973179921497379e-22	2.422607964514395e-17	9.344849639968644e-20	5.020712616974502e-21	6.213273659815674e-15	3.132656585808048e-17	4.5548391491922e-15	1.1623937481640254e-12	1.3021589736436387e-32	2.457313238122521e-22	6.6355646682447665e-25	1.7144440151444822e-32	7.304649298636612e-06	2.0950590054589093e-07	0.0081951076139873	4.356614617745965e-34	1.904206456250194e-37	1.7319421266263803e-32	8.394977637225673e-40	1.0470116605020538e-34	7.0540461220049445e-09	0.0001409668112999	9.643438270913583e-06	1.0569826799207839e-13	2.8673700738492653e-06	2.5351525563131037e-10	1.3178274984040352e-10	6.848339622122274e-06	0.0087191101205326	3.4179174376431607e-10	2.3445088215925084e-18	3.0940197301125193e-16	4.049864455076488e-07	3.2466503449398936e-46	0.0	1.7279360730557057e-05	9.494674598152803e-15	4.8004225779775065e-17	1.942167942620761e-21	1.549480521077197e-23	1.8178974458340789e-22	0.0	0.0
1507.7433512142163	118172028.13833793	1667315.742994559	223185.087790215	18.486602058549277	174.27469837423567	4.920441528237173e-07	0.014453800680382	0.963973342760731	2.1380895107072448e-07	5.32103168846002e-12	7.307229393665903e-24	9.05805941636684e-26	1.254088562814711e-19	8.677701010107425e-15	2.862011382772632e-11	3.7019861544258414e-34	3.0714251828510007e-20	8.968527035332794e-28	8.638490205533157e-25	1.3987393271834135e-20	6.4530053504349e-25	1.9711932631602148e-22	0.0001605168956356	0.004085378094937	9.503937361490185e-16	1.2228021728802112e-10	6.224462178073566e-12	4.294437098647879e-17	1.9372294051946739e-13	2.605238636659194e-21	1.6507142141606866e-10	2.314982075433113e-17	7.564616257887767e-22	1.132360501000756e-16	9.482683972343982e-15	8.780281609169136e-20	1.2069799553519924e-12	6.678264499357641e-10	8.246502590668199e-12	0.0002455726216285	2.0791893768905586e-07	2.0259099339239453e-17	7.316348570298281e-15	2.5187554381513628e-20	3.7589194263850493e-19	2.5747482301588545e-13	9.16615070119336e-19	2.374877927407716e-11	1.0710140582755533e-15	7.41854947132825e-15	2.8800117266707442e-37	1.170409150430588e-21	2.2582834982805294e-17	7.768190017829056e-20	6.36359321508079e-20	1.973218029332148e-14	9.103945151234468e-17	3.196725784187565e-13	2.9506202434734524e-11	4.804995760815316e-26	2.9794129600061084e-22	3.380334877027539e-24	9.197354006543822e-32	1.896306137906365e-05	8.301773439644772e-07	0.0064434588631101	1.3161292414455558e-31	1.4308787922215822e-34	1.5829428525552055e-30	0.0	0.0	4.581905952026571e-08	0.0001269993053355	3.0596301642179675e-05	9.643047793786595e-13	3.013351677130424e-06	3.0462882581485474e-10	8.222238909281444e-11	7.880036991228737e-06	0.0104287600851105	1.565463252668755e-10	2.1904440526888866e-19	4.80477766977646e-15	2.899635289252754e-07	3.721195836285441e-42	2.3438577774901683e-41	1.963660619220318e-05	2.8916370668104995e-14	3.968687590679665e-16	8.385128445831881e-19	2.702782895514213e-21	1.8142374329553767e-20	0.0	0.0
1704.6452303	218424174.61999965	0.0	57622.46050969532	18.4510833321919	284.36657403724945	4.26499230807119e-06	0.0200231089041412	0.9584062246020004	1.475560785297324e-06	2.1661893782820748e-10	1.983115209577544e-21	4.827984805000169e-23	7.78435957686669e-18	8.806295116642559e-14	5.844764921944566e-11	7.190521638439561e-31	5.728247349357114e-19	2.4144412849600613e-25	4.597155411001704e-23	1.1937584015805997e-19	1.5782293879465298e-23	1.1626856391217489e-21	0.0002838225847138	0.003954215945146	1.52521705616239e-14	5.314987242113183e-10	7.059231113342292e-11	9.779943469214517e-16	8.650834347921435e-13	6.036416565808379e-20	4.652522369297762e-09	2.3583485677658624e-16	4.012073165026876e-20	6.455671516979092e-15	2.81512384839516e-13	4.399096998935726e-18	5.826000430356157e-12	7.749091652258933e-09	7.944840331009459e-11	0.0002450251812147	3.510765568453803e-07	3.5107986140052674e-16	1.1584325668932138e-13	7.596718519704333e-19	4.865968076939948e-18	5.131869165960017e-12	1.7847278944528144e-17	8.095821251429364e-11	5.32046489586265e-14	1.1822298183028442e-13	0.0	2.4768022690316102e-20	1.696997571421847e-16	5.305677127969157e-19	5.25574811888522e-19	5.586931027413509e-13	2.032251689909577e-15	1.5532392910377975e-11	5.770152484946886e-10	1.4159359130260468e-29	2.6041310261943337e-21	1.067466360755654e-22	2.775927500526625e-30	3.890628065235372e-05	2.6701332333295744e-06	0.0045354646135582	1.5905994154402846e-29	3.884680499824605e-32	6.575661936825471e-29	0.0	0.0	2.148379441684357e-07	9.415267880675605e-05	8.060801654770836e-05	5.559242170345275e-12	2.7048997404498525e-06	2.6801623157480737e-10	4.3663854861332415e-10	7.278017790097695e-06	0.0123001356232935	5.5298365217612916e-11	1.488687577391062e-20	4.458421657106652e-14	1.627345674444151e-07	0.0	0.0	1.9198506587392103e-05	6.288048460116842e-14	2.1194785707262054e-15	1.948169480454196e-16	2.3548376130163724e-19	1.0026216705818178e-17	0.0	0.0
