Temperature [K]	Pressure [Pa]	Height [m]	Kzz [cm2/s]	MMW [g/mol]	Density [kg/m3]	OH [VMR]	H2 [VMR]	H2O [VMR]	H [VMR]	O [VMR]	CH [VMR]	C [VMR]	CH2 [VMR]	CH3 [VMR]	CH4 [VMR]	C2 [VMR]	C2H2 [VMR]	C2H [VMR]	C2H3 [VMR]	C2H4 [VMR]	C2H5 [VMR]	C2H6 [VMR]	CO [VMR]	CO2 [VMR]	CH2OH [VMR]	H2CO [VMR]	HCO [VMR]	CH3O [VMR]	CH3OH [VMR]	CH3CO [VMR]	O2 [VMR]	H2CCO [VMR]	HCCO [VMR]	N [VMR]	NH [VMR]	CN [VMR]	HCN [VMR]	NO [VMR]	NH2 [VMR]	N2 [VMR]	NH3 [VMR]	N2H2 [VMR]	N2H [VMR]	N2H3 [VMR]	N2H4 [VMR]	HNO [VMR]	H2CN [VMR]	HNCO [VMR]	NO2 [VMR]	N2O [VMR]	C4H2 [VMR]	CH2NH2 [VMR]	CH2NH [VMR]	CH3NH2 [VMR]	CH3CHO [VMR]	HNO2 [VMR]	NCO [VMR]	HO2 [VMR]	H2O2 [VMR]	HC3N [VMR]	CH3CN [VMR]	CH2CN [VMR]	C2H3CN [VMR]	SH [VMR]	HSO [VMR]	H2S [VMR]	C3H3 [VMR]	C3H2 [VMR]	C3H4 [VMR]	C6H5 [VMR]	C6H6 [VMR]	S [VMR]	S2 [VMR]	SO [VMR]	CS [VMR]	COS [VMR]	CS2 [VMR]	NS [VMR]	HS2 [VMR]	SO2 [VMR]	S4 [VMR]	S8 [VMR]	HCS [VMR]	S3 [VMR]	C4H3 [VMR]	C4H5 [VMR]	S2O [VMR]	CH3SH [VMR]	CH3S [VMR]	O_1 [VMR]	CH2_1 [VMR]	N_2D [VMR]	He [VMR]	S8_l_s [VMR]
127.17696907956586	1.86041001692716e-05	10378110.004776752	8384400950.682011	23.993604978537142	4.2216836158846076e-10	6.6992304691374116e-09	0.00121621777261	7.918967573398833e-13	0.0002522572785984	0.0002645806419321	1.8535045293792125e-05	2.528654429991445e-10	2.2091295214938816e-10	2.743544448980332e-16	1.0660493375792497e-17	9.057369705271732e-15	6.219676745816378e-12	9.245731109432452e-12	1.3697235254968484e-19	1.6690117633071128e-19	1.4099341852116476e-27	8.923085778376438e-26	0.0001159293113128	3.357321195712813e-05	3.017607154532919e-23	1.3512700905396227e-16	7.512471197739552e-15	3.7170611784649336e-22	2.843479935282879e-22	1.0050477688706756e-23	2.453859398232171e-07	6.867443566185219e-18	2.377476175055416e-19	0.2840727062273844	5.4584047570726845e-09	9.481032448313162e-06	2.395487960731184e-08	3.867078793673341e-09	2.079313992874833e-15	0.7140152277293014	3.613969902060815e-13	4.810813233842063e-16	7.584006010015519e-18	1.4150208794418756e-29	2.2026171913702783e-36	3.009986990157152e-15	8.218307326729471e-12	2.0366740818626128e-21	7.911374752632539e-27	6.115910246095808e-08	3.8508927215812e-19	3.2815289191088657e-24	2.3659917612435606e-20	1.2161769026316139e-15	6.1728194565863744e-30	4.915902659475417e-28	1.613460103158669e-07	8.384019610992203e-21	1.771859238276344e-10	4.4024069048816885e-13	1.0666747550041812e-16	9.906635549785652e-17	3.431392455035168e-20	2.019396117523029e-27	1.1112528288001475e-31	6.640508336891751e-35	9.055202258015739e-22	2.482415180190708e-12	6.142970259808775e-17	2.5429801064162693e-28	8.474034907471861e-41	1.4036130878993382e-07	0.0	1.6345869737675315e-14	1.3668861053880762e-25	1.1657897251688301e-23	3.3487882925405027e-41	7.486191186420095e-15	4.2352120547097e-27	2.9154697936868673e-20	0.0	4.983168395791285e-09	4.1797373528875394e-13	7.481299037096234e-30	2.1012711561815065e-19	4.0576190366037106e-33	2.682452785151262e-68	3.3605101073359755e-41	3.4218342142636854e-18	8.37854823700144e-07	2.448524728100804e-14	1.1613656896409262e-35	0.0	0.0
128.8054234361366	3.461125431082915e-05	10278093.332451796	6537087364.135661	24.259927217703293	7.840841271528271e-10	6.2373692311945675e-09	0.0009814477036289	7.739407651789727e-13	0.0001914760100769	0.0002533371144356	1.7283685552253807e-05	2.920951011094836e-10	2.2097285427938942e-10	2.9111729425345643e-16	1.029841341333089e-17	9.126624255398107e-15	6.357509159249015e-12	9.273192441383179e-12	1.4124915159072458e-19	1.7393876471033388e-19	1.4507564080313788e-27	9.295215462216116e-26	0.0001189194643852	3.712490669870461e-05	3.134970129741273e-23	1.6192994668719106e-16	1.4611179746784803e-14	3.844415184461019e-22	2.9909246525441104e-22	1.103000841683698e-23	2.567024402843615e-07	7.503013304571132e-18	2.5860568767804e-19	0.2656276158238218	5.212359555634789e-09	9.414888792862508e-06	2.459319648872944e-08	3.954368163139838e-09	1.5826056893206796e-15	0.7327619495623234	3.5023944795746253e-13	4.973713131711775e-16	7.80280260896958e-18	1.470001334239185e-29	2.618650732953736e-36	3.12500927685154e-15	8.414860790489428e-12	2.377573130455167e-21	2.46003191418976e-26	6.740736007625459e-08	4.365950569097179e-19	3.393002603301912e-24	2.4344671653826166e-20	1.2635508092059484e-15	7.67216114206704e-30	1.114861838275886e-27	1.7626067448360274e-07	1.1970363762287323e-20	1.8666407567136079e-10	5.003812136080529e-13	1.1602868058365146e-16	1.0727374894580851e-16	3.934470569176872e-20	3.770519595403852e-27	1.5125885815437298e-31	7.934313729786685e-35	9.916381973909692e-22	2.663888613157833e-12	6.652552868962221e-17	3.2332979895368507e-28	1.315731269769024e-40	1.4652244897710209e-07	1.1517153502751487e-25	2.2416994704644452e-14	2.1744851821570832e-25	1.4376778709563282e-23	7.758251374415896e-41	8.337080391832869e-15	5.11509443584998e-27	3.8430389847455863e-20	1.2823717610219533e-27	1.621742954085691e-08	4.630656591548807e-13	1.0430432407667841e-29	2.388595815240375e-19	4.6529577220680436e-33	3.4551965288760613e-68	4.4771153479521047e-41	3.822903706815649e-18	7.270040233026832e-07	2.3150817727014064e-14	1.0990560095891792e-35	0.0	0.0
130.6100779053419	6.439112421827962e-05	10177658.784285458	5095706566.144582	24.48980281481888	1.4521938300918644e-09	5.648400312069264e-09	0.000827791136254	7.658210709912603e-13	0.0001517722792559	0.0002450079612719	1.6261722677043823e-05	3.482703529253411e-10	2.3010959733648543e-10	3.3329432947426523e-16	1.0105676849313442e-17	9.230809597040724e-15	6.511734104642382e-12	9.251701007283726e-12	1.4760750675893952e-19	1.8216257692816288e-19	1.4824115968128818e-27	9.648296420681612e-26	0.0001214561477335	4.011123722322457e-05	3.2269258193448863e-23	2.055084984610892e-16	2.8110960972877514e-14	3.928202731943147e-22	3.1275378419784995e-22	1.181805400365784e-23	2.66127003305282e-07	8.01272822146729e-18	2.753144366715456e-19	0.2495901762936548	5.055617464046337e-09	9.205926642842622e-06	2.5260471954597883e-08	3.948225178034771e-09	1.1974497669050737e-15	0.7489968750860415	3.4329212368394374e-13	5.100969045055755e-16	7.973892273297378e-18	1.5129771353547384e-29	3.287229021568474e-36	3.2123369625341042e-15	8.569052976456025e-12	2.956814770893727e-21	7.715745240845794e-26	7.244759866671927e-08	4.796945630105898e-19	3.480129041694523e-24	2.4879843669092886e-20	1.3005782832959877e-15	9.825939393657332e-30	2.585763038455175e-27	1.8821660824794653e-07	1.8271097754149902e-20	1.941070939462153e-10	5.499213869079662e-13	1.2351454200672898e-16	1.1381622966626826e-16	4.3516518871282624e-20	7.00692064968895e-27	2.346156921638541e-31	9.965540385242703e-35	1.0886111552234096e-21	2.807551156239228e-12	7.058906797729865e-17	3.851751752819209e-28	2.0821173671449398e-40	1.513437294615648e-07	0.0	3.2135596951591134e-14	3.5497618835041114e-25	1.735870732988645e-23	1.9872671311917795e-40	9.061780490262438e-15	5.8735708230835655e-27	5.0508217220423344e-20	0.0	3.5451825006497966e-08	4.995907570621502e-13	1.309084604020848e-29	2.6254362259702143e-19	5.146798537677686e-33	4.154343686094773e-68	6.265392296926177e-41	4.149466542557455e-18	5.879078720159861e-07	2.2187043266168312e-14	1.0550680644288384e-35	0.0	0.0
132.3500011645095	0.0001197938924968	10076809.090554597	3971326678.828836	24.70611775397446	2.6897084922931547e-09	4.853022283586994e-09	0.0007266207028292	7.67132096821454e-13	0.0001250799118509	0.0002388596702338	1.5340333188822285e-05	3.8501001589939256e-10	2.4748571318735035e-10	4.131439080632083e-16	1.0066080901342737e-17	9.370713972779616e-15	6.698325240486092e-12	9.183489965048584e-12	1.5898050131771832e-19	1.923975737846529e-19	1.5075905383963968e-27	1.0014888018367106e-25	0.0001237823805882	4.265423115180474e-05	3.300993976292201e-23	2.752088883340703e-16	5.3346114165612985e-14	3.974352401387012e-22	3.2648827102391607e-22	1.2443899426187581e-23	2.7439622173849814e-07	8.416885932965183e-18	2.886104711779306e-19	0.2343960296736466	4.984297544375776e-09	8.865435236874345e-06	2.6025543252852124e-08	3.797045052571185e-09	8.670729081717565e-16	0.764321531966374	3.4006071472441673e-13	5.203518001437384e-16	8.113224643863499e-18	1.5473963831019866e-29	4.378506612833996e-36	3.2769055120401204e-15	8.696658344587253e-12	3.834976003239158e-21	2.3787893036148976e-25	7.645287618431134e-08	5.153439443838626e-19	3.5504143988200275e-24	2.5315077044495472e-20	1.3302206925354098e-15	1.3033922763257242e-29	5.798391233578813e-27	1.976840079755821e-07	2.928298692919479e-20	2.0000899157312975e-10	5.896318914558457e-13	1.2944310269215606e-16	1.189907014765884e-16	4.6876121048634096e-20	1.2797950334838264e-26	4.334621894278809e-31	1.323777812453205e-34	1.2306150894593658e-21	2.920579549994107e-12	7.380577662336907e-17	4.375201607818511e-28	3.4313202451652196e-40	1.551862951641649e-07	0.0	4.7995505758177326e-14	5.606514437472505e-25	2.0855978777704185e-23	5.63673302071918e-40	9.732149054726408e-15	6.499669209405301e-27	6.734963875158823e-20	0.0	6.06358888975627e-08	5.287010488552633e-13	1.5235690419505792e-29	2.8156601616851184e-19	5.544841347077397e-33	4.7500398170656735e-68	9.301879514156074e-41	4.410076995597239e-18	4.308173232513089e-07	2.1501068473382732e-14	1.0252649523895089e-35	0.0	0.0
134.1581519986705	0.0002228657575679	9975529.670492943	3094432087.341672	24.929513862387974	4.98115513915186e-09	3.8279095051036495e-09	0.0006603273306998	7.780194959390583e-13	0.0001065200688467	0.000234267205351	1.4396362330599232e-05	4.118342523781931e-10	2.718925310415414e-10	5.551650220198102e-16	1.0173947335879597e-17	9.522576895613687e-15	6.93269653964417e-12	9.064752023292167e-12	1.799724441188496e-19	2.056016439001984e-19	1.5283235895361247e-27	1.0430181178497995e-25	0.0001261149353202	4.491226523080164e-05	3.3641978251471374e-23	3.873950385618711e-16	9.977351246924261e-14	3.986815333537519e-22	3.415598231092809e-22	1.2944614543443224e-23	2.822341542923396e-07	8.740115722926552e-18	2.993781614097168e-19	0.2186143285300394	5.0069383901217454e-09	8.402190931364425e-06	2.6959046939632384e-08	3.4267472293005632e-09	6.232218967659992e-16	0.7801895976689208	3.4016356202839e-13	5.291049034583069e-16	8.234715075130174e-18	1.5763884132784516e-29	6.228485297440212e-36	3.3207871874033655e-15	8.811270319907364e-12	5.281770714776189e-21	6.991117596211823e-25	7.965074065228579e-08	5.452255336445546e-19	3.61055337820665e-24	2.5693453458544006e-20	1.3551580735201224e-15	1.796465008710037e-29	1.1809672294041223e-26	2.0522496598683417e-07	4.9503854805197405e-20	2.0484664645119783e-10	6.211191556923657e-13	1.3418412253476243e-16	1.2313128888690958e-16	4.955069247053882e-20	2.31575982938922e-26	9.68374633835976e-31	1.8734465149729318e-34	1.4880765138076037e-21	3.010262524052845e-12	7.638615560509791e-17	4.802927470444861e-28	5.995685649246588e-40	1.5838399675196645e-07	0.0	7.451574762987309e-14	8.867916935903356e-25	2.530415368754234e-23	1.7748467598587044e-39	1.0487121334881795e-14	7.004756078327852e-27	9.241169560063788e-20	0.0	8.81458346301906e-08	5.51995873525711e-13	1.7989989800451534e-29	2.9674022542046533e-19	5.8625901536957846e-33	5.2387632194316476e-68	1.4817895757236247e-40	4.617897200084561e-18	2.796630885932165e-07	2.1017989812176722e-14	1.0066359756177192e-35	0.0	0.0
136.05999839070574	0.0004146216878093	9873862.177041706	2410701075.228156	25.17842397872008	9.228690382276557e-09	2.6874652763753e-09	0.0006177637871205	7.993272904968961e-13	9.30275342037839e-05	0.0002307100674712	1.3321434559793643e-05	4.2575099785339767e-10	3.0102445733564667e-10	8.046334791754458e-16	1.04351428712811e-17	9.586854098498583e-15	7.227789300351745e-12	8.884783453089005e-12	2.1654660000904992e-19	2.2289417558991285e-19	1.5457807315713792e-27	1.0934113264935426e-25	0.0001286460738219	4.7056098181580336e-05	3.4231105013418164e-23	5.706096854624862e-16	1.8313375382883957e-13	3.966922469322634e-22	3.5938734142881343e-22	1.3358141231094602e-23	2.9034225363373445e-07	9.006989443868528e-18	3.0854104521303103e-19	0.2009563528898925	5.144593993937471e-09	7.809978221398927e-06	2.8132976737588697e-08	2.79295036256471e-09	4.531640666434864e-16	0.7979042515102772	3.434725687451324e-13	5.371872765790295e-16	8.350340235062538e-18	1.6026901660212076e-29	9.539378669209556e-36	3.3421865965090028e-15	8.924684239910197e-12	7.682405436645407e-21	1.879634360265097e-24	8.227643386850765e-08	5.712549652730296e-19	3.6663805783791566e-24	2.605154192470235e-20	1.3777140056686649e-15	2.575009168991705e-29	2.037827521756023e-26	2.113788563771715e-07	9.050881528939328e-20	2.0904771237653359e-10	6.46181784247063e-13	1.3809264077097192e-16	1.265520019850129e-16	5.1694415896597044e-20	4.2349225359958596e-26	2.5589781556609072e-30	2.8490606770651624e-34	2.003936867651289e-21	3.0825394062716228e-12	7.853463655439891e-17	5.1480034838667255e-28	1.1251069455938028e-39	1.612295025555465e-07	5.131310295470055e-26	1.2005115980266466e-13	1.4131629483024662e-24	3.141887903150695e-23	6.166739785752518e-39	1.1567021412339223e-14	7.412195604291571e-27	1.318216846812736e-19	2.215817723136342e-28	1.1474062934740162e-07	5.71160901834125e-13	2.1123172802718215e-29	3.090338656717876e-19	6.119419252209253e-33	5.633735203720253e-68	2.5633214273660597e-40	4.787315890600676e-18	1.6093393223585637e-07	2.0672814745388576e-14	9.971831635778912e-36	0.0	0.0
137.98404514003937	0.0007713663412358	9771958.199181473	1877697479.8780367	25.46711947490593	1.7123857984237864e-08	1.6723472850595687e-09	0.000591806954193	8.326779168392705e-13	8.263240937152561e-05	0.000227772384903	1.2029924097001478e-05	4.0922070093708094e-10	3.310010573989128e-10	1.240924076849123e-15	1.0867325783292445e-17	9.30994419385036e-15	7.586461670963509e-12	8.624168058637081e-12	2.7429011664694905e-19	2.4546602243523843e-19	1.5598263733038548e-27	1.1573080442179083e-25	0.0001315265922806	4.924632987993794e-05	3.483970397803132e-23	8.73867459165176e-16	3.27354340584566e-13	3.9127379453505124e-22	3.815767495035102e-22	1.3717843133841654e-23	2.993733654004499e-07	9.238333673046717e-18	3.1699844370775256e-19	0.1804208307616518	5.424574075789664e-09	7.067269023375398e-06	2.9607453371461628e-08	1.9855284508573096e-09	3.33392063264844e-16	0.8184760601139319	3.500456125904429e-13	5.45247139031301e-16	8.469715735195771e-18	1.6285126307642658e-29	1.586908610168316e-35	3.335643834122496e-15	9.046611433478894e-12	1.195168247898928e-20	4.449950424543288e-24	8.453537354797515e-08	5.95103995804327e-19	3.7226497934365136e-24	2.6417600763497012e-20	1.3997148871591809e-15	3.8307058645771645e-29	2.842899710761714e-26	2.165522055825033e-07	1.8442669023571704e-19	2.1295637210088006e-10	6.661909371864235e-13	1.4144606914141506e-16	1.2947612705346375e-16	5.3439883113641334e-20	7.947207724199733e-26	7.663633298443808e-30	4.697189451217339e-34	3.06735378924405e-21	3.140113997393145e-12	8.042357315328389e-17	5.428466841526107e-28	2.2817640339253414e-39	1.6395472052401418e-07	1.3002544882913763e-25	2.0030416077833293e-13	2.2311097936622443e-24	4.039345750852066e-23	2.327756656048809e-38	1.3356817314464548e-14	7.748288876748645e-27	1.9693093868543121e-19	3.3092577268146014e-29	1.3845076472296498e-07	5.876486136955352e-13	2.4508818889442417e-29	3.1934863834397087e-19	6.333727166366511e-33	5.954696595700532e-68	4.870902248369559e-40	4.931248470819141e-18	8.471974383888371e-08	2.039799542437011e-14	9.959050653169202e-36	0.0	0.0
139.97761842968032	0.0014350576679556	9669954.608675946	1462279566.1990106	25.8016189788752	3.181615478481847e-08	9.57767173943911e-10	0.0005777280185984	8.805235057553713e-13	7.403847815289927e-05	0.0002251157233437	1.0465170264178006e-05	3.6573972476984727e-10	3.5692458289860685e-10	1.993159950639589e-15	1.1499562105859796e-17	8.451095966003247e-15	7.984571941511173e-12	8.251737465267022e-12	3.5647819451264103e-19	2.7428765905797304e-19	1.5682601258339335e-27	1.2402415611038583e-25	0.0001348277687472	5.1613113162737856e-05	3.5530623472417164e-23	1.37956649682593e-15	5.641308304135212e-13	3.818449704513418e-22	4.099669131260811e-22	1.404931286455988e-23	3.0989637044519136e-07	9.44836707805932e-18	3.256257827092448e-19	0.1565898605134689	5.865153266591214e-09	6.152570515385377e-06	3.139675892551178e-08	1.236808728774895e-09	2.53629940117825e-16	0.842329173637049	3.6001360754589254e-13	5.536767358420889e-16	8.599278142663219e-18	1.6553829311583e-29	2.893813060381296e-35	3.294034947896404e-15	9.183545557316132e-12	2.1387116981340668e-20	9.26786912166736e-24	8.657932114532471e-08	6.177081565490552e-19	3.7827164744926796e-24	2.680806518606377e-20	1.4222951583014448e-15	5.88856492283437e-29	3.270459075798857e-26	2.209085524082446e-07	4.190528374245847e-19	2.1679984062429896e-10	6.814866742820603e-13	1.4438230635818726e-16	1.3191084173187547e-16	5.485613091446225e-20	1.5307832900852304e-25	2.5100976533668608e-29	8.469221189097264e-34	5.2788133930527904e-21	3.179725490415024e-12	8.217422266439578e-17	5.661520747722066e-28	5.00348466387584e-39	1.6670715789340657e-07	4.83630718256995e-25	3.45206311008957e-13	3.520016916373849e-24	5.432409163411455e-23	9.367650506693326e-38	1.6444833722429418e-14	8.037133103974161e-27	3.1061458466781586e-19	8.384356001492645e-28	1.5854854416059577e-07	6.023773645434799e-13	3.916779745224842e-29	3.2838701144896087e-19	6.519992076174732e-33	6.221126654373914e-68	1.0278478989813559e-39	5.059481230186699e-18	4.193871173424121e-08	2.0100845082064872e-14	1.0029548974893154e-35	0.0	0.0
142.00107842159778	0.0026697956603327	9567979.249734225	1138571423.539963	26.17350927033369	5.9188633782904745e-08	5.283597810514734e-10	0.0005720747373081	9.461879474397052e-13	6.640319590693687e-05	0.0002224565600043	8.621681772958341e-06	2.9368259488900885e-10	3.735357183637709e-10	3.260615357993706e-15	1.2371436028817321e-17	6.857010347006494e-15	8.34137830363631e-12	7.722367094490158e-12	4.630324290605287e-19	3.0939821800737973e-19	1.566118781376228e-27	1.348901692339545e-25	0.0001384759274096	5.422584194387128e-05	3.637249827693502e-23	2.2208060288071408e-15	9.221023354406676e-13	3.674196872628361e-22	4.466478036546938e-22	1.436768124424022e-23	3.223259860465333e-07	9.640651321176386e-18	3.3526120060038655e-19	0.1300724732930329	6.464349274048717e-09	5.068767652287903e-06	3.339945173152288e-08	7.169857491578461e-10	1.9984802323995231e-16	0.8688591589488612	3.734582029704792e-13	5.624952043829299e-16	8.741001060813596e-18	1.68394612614195e-29	5.837913942023369e-35	3.210547191967921e-15	9.33564479944288e-12	4.4745670546901996e-20	1.7912597459562718e-23	8.848330926170849e-08	6.384400163057758e-19	3.8480910930041954e-24	2.722176562302029e-20	1.445592952227098e-15	9.29852874818428e-29	3.388357908048676e-26	2.2421277208646122e-07	1.0187660862985241e-18	2.2064135190096943e-10	6.905725501805649e-13	1.4680590519335739e-16	1.3335811171285842e-16	5.589363373792362e-20	2.901708576065849e-25	8.69168413228636e-29	1.6834359823404728e-33	9.922971576473124e-21	3.1878513076448468e-12	8.383227538513085e-17	5.859500338992022e-28	1.1812448303146932e-38	1.6951419114570022e-07	1.4029390750735951e-24	6.120576427764395e-13	5.4617699296049696e-24	7.710287073201728e-23	3.918992851080855e-37	2.1745460793194972e-14	8.297771101827607e-27	5.228939699942585e-19	4.262374688150239e-28	1.7507974461825493e-07	6.152131871929205e-13	3.4085529032461564e-29	3.3653885068202296e-19	6.686330920955438e-33	6.447648136184605e-68	2.4315429239714183e-39	5.177193634579775e-18	1.9400291927955952e-08	1.962963978953273e-14	1.0204389360670252e-35	0.0	0.0
144.08686148839297	0.0049669145896316	9466032.428597173	886375356.7917532	26.556938460449157	1.101108961992222e-07	2.8597445738575193e-10	0.000572003898504	1.0341834572242642e-12	5.925276545077268e-05	0.0002196002389619	6.580985995745592e-06	2.0921481280217815e-10	3.7459488943659086e-10	5.283736258651905e-15	1.3535436633486893e-17	4.787299404646388e-15	8.485216855930419e-12	6.980412485692682e-12	5.845105148349488e-19	3.4862223702003585e-19	1.5466264736532914e-27	1.4918395452106972e-25	0.0001421997404611	5.7063567185449146e-05	3.744565780656365e-23	3.5962110951864385e-15	1.398847002902754e-12	3.4674266126189016e-22	4.940841911989905e-22	1.4678081837168188e-23	3.3688574744485066e-07	9.80237340693956e-18	3.465774736276904e-19	0.1027205716209179	7.209419126946936e-09	3.8672286246285625e-06	3.5296192980456904e-08	4.196925870801606e-10	1.6577264552154538e-16	0.8962177941974118	3.902948773101533e-13	5.713001350111535e-16	8.892589664371685e-18	1.7141693970255537e-29	1.315603004674207e-34	3.0817176387733414e-15	9.490186556622426e-12	1.0368438588941554e-19	3.479641917301454e-23	9.023744870991953e-08	6.53735485789538e-19	3.918784669717474e-24	2.763731638992073e-20	1.4686191697215316e-15	1.5000305883494647e-28	3.4826884333476876e-26	2.256617335327758e-07	2.5084281726151135e-18	2.2436128517753527e-10	6.892691816029798e-13	1.4826002840227863e-16	1.322483701268564e-16	5.631586498041387e-20	5.2116760624937195e-25	3.1170893522301635e-28	3.7172027598164536e-33	1.9747218454289262e-20	3.136014603244216e-12	8.534335421339601e-17	6.028114714595935e-28	2.9864755750420113e-38	1.722680483076119e-07	4.565362723302242e-24	1.1109888779955522e-12	8.25787124763665e-24	1.1642168909150986e-22	1.6585817819262687e-36	3.081004615351771e-14	8.545157291546224e-27	9.52435781106026e-19	1.7918999309907203e-28	1.8838877199843495e-07	6.240287120792852e-13	2.3867136858302854e-29	3.4382542660049223e-19	6.833253297739832e-33	6.6423151566433304e-68	6.491118487189913e-39	5.284434944366077e-18	8.261878165112257e-09	1.8730412540985503e-14	1.0550038468166876e-35	0.0	0.0
146.20990509095313	0.0092404976557724	9363994.523356134	689929848.6171178	26.91560798557397	2.0460334999278724e-07	1.5440825704136506e-10	0.0005750295056033	1.1512568902328326e-12	5.245128442577977e-05	0.0002165276347174	4.528588355332432e-06	1.2789802885717963e-10	3.5147077336118043e-10	8.194722600617611e-15	1.506876642858359e-17	2.7147387706581978e-15	8.151086440040103e-12	5.977312377918265e-12	6.814261981027799e-19	3.8584312001694308e-19	1.5074489564048494e-27	1.681317289922129e-25	0.0001455601364996	6.001437106496326e-05	3.882078416413431e-23	5.7531909922166405e-15	1.9131239006403764e-12	3.1869843259155527e-22	5.555951032763272e-22	1.4984038905215977e-23	3.5371632707350174e-07	9.89425670108489e-18	3.5939245181131547e-19	0.0771301800116774	8.129188633661961e-09	2.6591950848896064e-06	3.645375134478922e-08	2.7456375189273776e-10	1.4703549894999622e-16	0.921811957330331	4.103465964249266e-13	5.79437755934398e-16	9.051601732921281e-18	1.746643032292731e-29	3.348191968028422e-34	2.9187308704598884e-15	9.606200703368475e-12	2.484849136671183e-19	7.533817104614431e-23	9.177449578399938e-08	6.552288444811473e-19	3.995686749144109e-24	2.802079607601221e-20	1.4896746978991584e-15	2.468059451600109e-28	4.028093442872865e-26	2.238083657276778e-07	5.9610207833789894e-18	2.2772272128565703e-10	6.70681968150147e-13	1.4776754643796323e-16	1.2513232724176646e-16	5.564438681179079e-20	8.535947037516872e-25	1.1384028976261232e-27	9.195999299854174e-33	4.028691146739391e-20	2.981232221163783e-12	8.652982464203809e-17	6.167886302396382e-28	8.078159497432629e-38	1.74775214811667e-07	1.519675175174332e-23	2.055181815255927e-12	1.1758502575378792e-23	1.8854338241830448e-22	6.840421679985598e-36	4.654144877311919e-14	8.797766189876303e-27	1.911611956041633e-18	2.583088180662054e-28	1.9885341858981656e-07	6.230025816094169e-13	4.3908474548299516e-29	3.4994712833666715e-19	6.954252479307073e-33	6.8090741831977434e-68	1.953065149881851e-38	5.377740610206978e-18	3.261789446103042e-09	1.7026895845912864e-14	1.1249447098489148e-35	0.0	0.0
148.44219687870523	0.017191114400191	9261584.30674655	536938205.7537023	27.21849592155947	3.7914100748919297e-07	8.894323091562162e-11	0.000579168233834	1.308737812457579e-12	4.610351603027713e-05	0.0002134254603764	2.713171854750125e-06	6.667949914726122e-11	2.963295945898649e-10	1.1558072129185362e-14	1.7100927003182113e-17	1.188269130406627e-15	7.085299321682849e-12	4.709130258287756e-12	6.704737640928818e-19	4.096077345217679e-19	1.4651292339055866e-27	1.937311405605181e-25	0.0001480889557774	6.29290185736141e-05	4.0413039278536266e-23	8.856027873927322e-15	2.2751210065194687e-12	2.829279001041624e-22	6.36545163529951e-22	1.5307284067525113e-23	3.7319286708443234e-07	9.828778186807286e-18	3.7056256876698457e-19	0.0555189148064848	9.290349544461121e-09	1.5916628681603077e-06	3.594705194488592e-08	2.3215295733009929e-10	1.4653653150808994e-16	0.9434259510678368	4.336486733750563e-13	5.863752287188627e-16	9.223418319200454e-18	1.7855511732887262e-29	9.75306081155479e-34	2.770025439495236e-15	9.578833131587086e-12	5.964851035885532e-19	2.1026645719158644e-22	9.302825890800513e-08	6.287473436310858e-19	4.0853171367383e-24	2.834251342116438e-20	1.5072503797945393e-15	4.173023940615692e-28	6.500692429135177e-26	2.167345668619544e-07	1.3159114877783059e-17	2.3051113256180103e-10	6.277064999824244e-13	1.4364990300540811e-16	1.0665169615768075e-16	5.319568999408547e-20	1.252674492390402e-24	4.227299817616029e-27	2.5809697806594525e-32	8.132858289761926e-20	2.682038245219836e-12	8.706223040906981e-17	6.278145136635402e-28	2.3650657597479746e-37	1.768624987490699e-07	5.058539533494042e-23	3.862773553932272e-12	1.529890918801509e-23	3.3053117450681026e-22	2.637280829325376e-35	7.43460101929819e-14	9.094307338019956e-27	4.327333098998789e-18	1.2460635630428327e-27	2.068439105105041e-07	6.001108002730625e-13	1.762629557871708e-28	3.543492175308787e-19	7.03503506758435e-33	6.9544475650097276e-68	6.534540287766911e-38	5.4535812370262914e-18	1.2589646807860188e-09	1.4112616978727327e-14	1.2796812486312936e-35	0.0	0.0
150.76162451048714	0.031982521432256	9158492.485773873	417809147.0709477	27.452177192427747	7.004685878645818e-07	6.188944906423209e-11	0.0005831691244317	1.526331181062932e-12	4.0351261474293904e-05	0.0002105700675097	1.3516632791993386e-06	2.838691712179092e-11	2.1174391280147527e-10	1.3933682163801854e-14	1.985383054886349e-17	3.633528804912926e-16	5.304789402642329e-12	3.270882436649897e-12	4.879772802192518e-19	4.043503716012938e-19	1.470957468816896e-27	2.2940929850886785e-25	0.000149455644675	6.570443744074967e-05	4.157493030335648e-23	1.2627288371457188e-14	2.243266514312416e-12	2.405484536091132e-22	7.463978323193373e-22	1.5717874334729432e-23	3.963142899984088e-07	9.44769284877995e-18	3.6999981786540283e-19	0.0388466826403164	1.0844305236997629e-08	7.920892339413788e-07	3.287008608030744e-08	2.712495451036626e-10	1.7301737939552626e-16	0.9601007937840806	4.60793494443323e-13	5.920364264994995e-16	9.428457164626145e-18	1.844120512308244e-29	3.3017047251053426e-33	2.7521155855305964e-15	9.189993426215816e-12	1.3977021491828874e-18	8.057786203614553e-22	9.398028600328024e-08	5.589025472128004e-19	4.205751396019015e-24	2.859027725994429e-20	1.5207375420973354e-15	7.394600704139552e-28	1.7575734401167644e-25	2.026983686895028e-07	2.6355607126845425e-17	2.3264490893852016e-10	5.594100909432239e-13	1.335895345097801e-16	7.374978540703064e-17	4.837295699234379e-20	1.6187438693399923e-24	1.5900565325866964e-26	8.37016319239091e-32	1.5680056501427258e-19	2.237317546240673e-12	8.651656955757345e-17	6.360414049058823e-28	7.724705778464956e-37	1.7846069146213037e-07	1.6730419461126856e-22	7.370285427109204e-12	1.703276014998335e-23	6.3330893042917415e-22	8.918315299904192e-35	1.2460640620391344e-13	9.522345830955232e-27	1.1285172348516614e-17	0.0	2.12761181456073e-07	5.367105943074655e-13	6.371463319857796e-29	3.560872083552189e-19	7.045191202789567e-33	7.096848636248938e-68	2.3975480977903177e-37	5.511130699724472e-18	5.195680063133274e-10	9.967683100510718e-15	1.6567058142996446e-35	0.0	0.0
153.1298862443428	0.0595006032391568	9054456.262577908	325063276.3345563	27.621320727509204	1.2909095969590243e-06	5.678285340252257e-11	0.0005865230083533	1.838123562814632e-12	3.5239300367544035e-05	0.0002081138343311	5.305103749393011e-07	9.342459653044765e-12	1.1991774291286178e-10	1.3420583017542784e-14	2.369354813076557e-17	6.875377836847841e-17	3.2985002971208928e-12	1.8884190595182098e-12	2.2632457417842535e-19	3.5859705754611164e-19	1.5918632813755215e-27	2.8103708983125046e-25	0.0001495697277498	6.834246788660461e-05	4.0677872727570304e-23	1.5931213400972606e-14	1.736872529519097e-12	1.948363996809912e-22	9.020285777801478e-22	1.6366404463927953e-23	4.2500334214083226e-07	8.593248733341213e-18	3.407393388029197e-19	0.0267807944825929	1.2971260027187957e-08	3.105267235233894e-07	2.7057141157839303e-08	3.9817531323629287e-10	2.577219380152869e-16	0.9721694373076945	4.929489906734055e-13	5.969740119362752e-16	9.704819203470136e-18	1.956237100580554e-29	1.3188502505746929e-32	3.0888565634770816e-15	8.138045061481338e-12	3.1576199124822773e-18	3.8505652499010384e-21	9.466542105140873e-08	4.442103339246567e-19	4.39340762465874e-24	2.8770420507572196e-20	1.5304804391413609e-15	1.3999528360138307e-27	7.7560463609787245e-25	1.8139358256522745e-07	4.8706701926986004e-17	2.3418484598393163e-10	4.769709216241631e-13	1.1595180192726414e-16	3.5320882212530176e-17	4.129593551988996e-20	2.043218671533537e-24	6.047263273594951e-26	3.2089999810511104e-31	2.8276469028472373e-19	1.718849859080415e-12	8.47395083818523e-17	6.419040700870539e-28	2.941058914681834e-36	1.7961063611864945e-07	5.528136492359283e-22	1.429308235532926e-11	1.5054724448004238e-23	1.3362277667926674e-21	2.462344194633338e-34	2.167882814185032e-13	1.027484775314264e-26	3.424893814899214e-17	0.0	2.17037933289369e-07	4.190522471013127e-13	0.0	3.5364542991940883e-19	6.942117294679819e-33	7.2810516914930686e-68	9.994069219328172e-37	5.552619977549232e-18	2.4164765796458407e-10	5.529115581040961e-15	2.675321596598515e-35	0.0	0.0
155.5493358381466	0.1106955182793354	8949263.005363423	252869344.35800824	27.740008406417477	2.374424938814673e-06	6.722295402611933e-11	0.000589200860556	2.3039097484704884e-12	3.074895023427612e-05	0.000205927753271	1.6126139801712133e-07	2.3510583901831216e-12	5.246667567840268e-11	1.0072014345701232e-14	2.921885608131836e-17	7.748209963286276e-18	1.7178141860775716e-12	8.41619715979648e-13	6.297195424749236e-20	2.8147097586827533e-19	1.8369828680615166e-27	3.5877131178918416e-25	0.0001485828906086	7.094854956570609e-05	3.618969009954945e-23	1.7513074120139737e-14	1.0394784458209434e-12	1.5124916886250466e-22	1.1337310066383134e-21	1.7503995931300962e-23	4.6236158114399146e-07	7.34218148702316e-18	2.7484003481658896e-19	0.0183163380644218	1.5746717931471823e-08	9.4268068859567e-08	1.976747791303306e-08	6.525816129590338e-10	4.993248074621471e-16	0.9806368475825324	5.311822338401036e-13	6.025624033142624e-16	1.010579218955529e-17	2.2065575619150068e-29	6.284585663207726e-32	4.1953309081630704e-15	6.333734585877246e-12	7.018403138732833e-18	2.039597565375522e-20	9.514494172747645e-08	3.099108750472465e-19	4.711806321711792e-24	2.8899377525974725e-20	1.537314131566779e-15	2.8154097388961927e-27	4.8252483836073096e-24	1.5512525651682365e-07	9.175175352371104e-17	2.352645123255348e-10	3.9838745041271544e-13	9.283098096339036e-17	9.974131146388945e-18	3.3213097824073144e-20	3.98649779931524e-24	2.335583823366014e-25	1.484163531826952e-30	4.805830098347331e-19	1.234730190664085e-12	8.223650665949318e-17	6.459593009008264e-28	1.3438151799248984e-35	1.8040820996396217e-07	1.821420863679347e-21	2.8255338317451887e-11	1.032199729836952e-23	3.1127618602273847e-21	5.4127199126606325e-34	3.8514487864296244e-13	1.178963406763262e-26	1.2078198666831926e-16	5.30436267768542e-29	2.200883191450334e-07	2.670294119038899e-13	7.29998264620959e-31	3.4559768361649904e-19	6.732054612334134e-33	7.61139746095089e-68	5.191391421432841e-36	5.581784120931177e-18	1.2360617964071187e-10	2.3195585257034884e-15	5.796085675767776e-35	0.0	0.0
158.05205752860218	0.2059390510358192	8842731.13435574	196682024.1398676	27.82289774302696	4.360445801258983e-06	9.49060531067898e-11	0.0005913688234339	3.0335128465930928e-12	2.6826636594002325e-05	0.0002036459482906	4.397316436038033e-08	5.274083134701303e-13	2.0484646082572213e-11	6.817630825776796e-15	3.7474720240480034e-17	6.941536022421152e-19	7.856019834926062e-13	2.679187796654042e-13	1.398834928435383e-20	2.0609223326543008e-19	2.1856247782160687e-27	4.815217676209328e-25	0.0001467546095517	7.369690481005492e-05	3.022199807877847e-23	1.8808020317316012e-14	5.582177955093057e-13	1.1563867811465145e-22	1.4975341306307282e-21	1.9465042305236216e-23	5.131351995814245e-07	6.024935929118898e-18	1.906671291497302e-19	0.0124074211031567	1.906256013644864e-08	2.5660514671093244e-08	1.3115475570735312e-08	1.1162975213633379e-09	1.0945629009306406e-15	0.9865490427629112	5.745844345675902e-13	6.11642695548223e-16	1.0697748543714901e-17	2.8184671219239017e-29	3.544981241475508e-31	6.849104299675356e-15	4.298534371851998e-12	1.6494481204237638e-17	1.119411511461129e-19	9.547809092517645e-08	1.9179268524949272e-19	5.262985297212368e-24	2.8995396209039264e-20	1.542086728924742e-15	5.9297634252086665e-27	3.681322987005064e-23	1.2798079822853348e-07	1.972935717105609e-16	2.3601786192571995e-10	3.3465914889967265e-13	7.00844816027097e-17	1.6949037818078617e-18	2.570859648297148e-20	1.496757444108685e-23	9.241497317477822e-25	8.369326853493823e-30	7.876369058814907e-19	8.475413290244679e-13	7.977017635500613e-17	6.487075016093299e-28	7.257553554292994e-35	1.8094601021628962e-07	5.977794641703018e-21	5.7197403868242285e-11	6.4057642446178355e-24	7.976293041991225e-21	1.0905801016634249e-33	6.876186587583607e-13	1.5158224295435591e-26	4.90389214364048e-16	0.0	2.2225619952246523e-07	1.3958587427502994e-13	0.0	3.320189930038376e-19	6.485034593955394e-33	8.343937897648204e-68	3.441861397455205e-35	5.602208761851175e-18	6.624256626544079e-11	8.508298812382405e-16	1.6777881639805687e-34	0.0	0.0
160.66856563147564	0.3831310734235117	8734696.931006815	153972943.04337227	27.88077019623797	7.996707419366705e-06	1.4737847132375132e-10	0.0005932014627931	4.2325711957946395e-12	2.3374487097994183e-05	0.0002008961443186	1.3801023770591228e-08	1.3576306813896808e-13	9.170348074678915e-12	5.355966522843736e-15	5.0350329526335794e-17	8.236606475508534e-20	3.267687554920115e-13	5.933785258206585e-14	4.109111506053656e-21	1.5695341298930846e-19	2.7772420480033447e-27	6.856138452693543e-25	0.0001442351389787	7.67843402452899e-05	2.7873334471827065e-23	2.395878824633661e-14	3.4593748775277724e-13	9.103691306475193e-23	2.0983357268501733e-21	2.247725771486414e-23	5.841910233910648e-07	4.8674636333510194e-18	1.1622137335174914e-19	0.0082849326479214	2.2630593098838933e-08	8.036782935890364e-09	8.304985759936228e-09	1.92596983782718e-09	2.096861311343707e-15	0.9906753325296422	6.165605367029579e-13	6.296594042478668e-16	1.1570294666071492e-17	4.4211235279780273e-29	2.2091984867779797e-30	1.22143134489846e-14	2.767714635069177e-12	4.268032713896802e-17	6.15369744463126e-19	9.570768007285488e-08	1.0857886010070946e-19	6.1917601939180464e-24	2.90754165993715e-20	1.5454188609563942e-15	1.3300715311268014e-26	3.0997713961480896e-22	1.0302468607934061e-07	4.654466511709777e-16	2.3654289229000687e-10	2.8682784175443744e-13	5.17418168928889e-17	2.6944343434136147e-19	1.9557301520564e-20	7.286421888211051e-23	3.7693464495403734e-24	5.730386713709735e-29	1.260997418195521e-18	5.613960419211222e-13	7.773302354189743e-17	6.505035810799596e-28	4.365789539867828e-34	1.8127961613342521e-07	1.9516566402298884e-20	1.1902153125007444e-10	4.659827286938798e-24	2.2177124558172923e-20	2.5528391405233945e-33	1.2182744741791957e-12	2.3479578259802835e-26	2.2460348608599643e-15	2.828958510100319e-34	2.2378808930720495e-07	7.051624602831351e-14	0.0	3.1397148411438023e-19	6.253583223103884e-33	1.0158271770974571e-67	2.781457118739666e-34	5.6164958813608655e-18	3.5768071678179426e-11	3.60022756670915e-16	5.956963935812091e-34	0.0	0.0
163.3214670134758	0.7127808867931563	8625075.947082909	120585997.00532688	27.921315813677424	1.4656782192435177e-05	2.3937368159111616e-10	0.0005948277910607	6.323403998638578e-12	2.0246682907974977e-05	0.0001973925685846	4.820161557787473e-09	3.7771959771264454e-14	4.572004696157035e-12	4.776252893503663e-15	7.150810023281568e-17	1.2117849146744044e-20	1.238208560959365e-13	1.0116082178832251e-14	1.5203975529822732e-21	1.2899133658337481e-19	3.822001233499808e-27	1.0439197398029763e-24	0.0001409641219352	8.043967905672431e-05	3.012052000647292e-23	3.530752915443995e-14	2.396644075253247e-13	7.648576893542922e-23	3.1523235750178465e-21	2.623648724894503e-23	6.865421716111522e-07	3.891313794219007e-18	6.328340356801763e-20	0.0054004895687598	2.6119353181279332e-08	2.801105741510354e-09	5.109082885399704e-09	3.3200071851101236e-09	3.4704965545307896e-15	0.9935643271061606	6.38173018491815e-13	6.654984736997326e-16	1.2875206739108373e-17	8.907887455187715e-29	1.39127735761439e-29	2.2120923100371363e-14	1.8257947876132494e-12	1.1750422987215911e-16	3.3639644580012025e-18	9.586372713007205e-08	5.74260729501257e-20	7.682194171898735e-24	2.9158963756803243e-20	1.5477533282008401e-15	3.177189708323128e-26	2.727934134431231e-21	8.084834225337465e-08	1.103805073770802e-15	2.3691016060320657e-10	2.513414972059083e-13	3.800717146380212e-17	5.97381006771255e-20	1.4720120028176644e-20	3.8425096241001714e-22	1.5799012843412918e-23	4.729300785466237e-28	1.9653840863139976e-18	3.557979749103635e-13	7.615841577472192e-17	6.5159439298624925e-28	2.7231709009458737e-33	1.814191645978127e-07	6.33615833403985e-20	2.560013927513702e-10	3.8281169679043215e-24	6.593234650410459e-20	6.707172300225643e-33	2.140960180948756e-12	4.7402537897523324e-26	1.1375589314518426e-14	2.526161098622491e-33	2.248704423503164e-07	3.8846868868376086e-14	9.97900549535119e-32	2.91027147903016e-19	6.057084014926208e-33	1.5183845581758864e-67	2.6104872086603346e-33	5.626518605223011e-18	1.905200555637601e-11	1.746789863459918e-16	2.306704242883223e-33	0.0	0.0
166.0700963069758	1.326064701664212	8513762.05803862	94401976.8492724	27.949705520733104	2.6843583613216636e-05	3.8999757655731335e-10	0.0005963032773626	1.021593833509763e-11	1.737033088799979e-05	0.0001928896951033	1.6351851521076427e-09	9.961283059774678e-15	2.2203510123868395e-12	4.257105257917625e-15	1.0806396219741442e-16	1.70111792766134e-21	4.2175272664979926e-14	1.6046406909135816e-15	5.463921360488222e-22	1.0805454918036809e-19	5.356075617408113e-27	1.70334829810276e-24	0.000136777364805	8.489570814473677e-05	3.48941215138995e-23	5.307927958123349e-14	1.623908412218915e-13	6.981696161619531e-23	5.12899448702281e-21	2.922053277399597e-23	8.373206037632422e-07	3.062552556841816e-18	3.0936546081013364e-20	0.0033854643195447	2.8605488519691023e-08	9.4804138648488e-10	2.977701112518892e-09	5.634247121846381e-09	5.32565743919553e-15	0.9955848568881798	5.96006229904196e-13	7.269533058596001e-16	1.4807817729266798e-17	2.1820582704271993e-28	8.39495827864327e-29	3.8773437654200886e-14	1.1874666742360065e-12	3.5157535454205864e-16	1.812998335870303e-17	9.596366552824373e-08	2.841544467123323e-20	9.97323211162967e-24	2.9274274306766744e-20	1.549388118880923e-15	7.650705253175705e-26	2.3749718021156502e-20	6.11723861078073e-08	2.5593071200346774e-15	2.371687539275514e-10	2.2408737539914954e-13	2.792649543150576e-17	1.4292215960214056e-20	1.0959041388225746e-20	2.1371840114660908e-21	6.841083934263551e-23	4.6395106580740495e-27	2.9439241832382893e-18	2.1064984756972317e-13	7.497385808185416e-17	6.521055668579908e-28	1.637170975830265e-32	1.812966429038509e-07	2.034753990795988e-19	5.713101917683381e-10	3.1746696111104583e-24	2.0641139618557061e-19	1.7709240574992095e-32	3.686419005531438e-12	1.3045445914319069e-25	6.213382556983214e-14	9.019732619393791e-33	2.2563486315485218e-07	2.1705673540127243e-14	5.703587064544937e-31	2.6152463813289865e-19	5.900405455888255e-33	3.197833290782589e-67	2.6753602594427224e-32	5.633547746357119e-18	9.92251999488886e-12	8.511554822637393e-17	8.899095809470983e-33	0.0	0.0
168.94342077923093	2.467024054069625	8400642.181761649	73876155.9670231	27.96944717104039	4.9125384510939325e-05	6.212814519965614e-10	0.0005976101037311	1.7991120108958154e-11	1.479523059658954e-05	0.0001871451169639	4.891365660992e-10	2.218706429332488e-15	9.544846011680225e-13	3.4957996782333347e-15	1.7441270957943361e-16	1.8756019185575383e-22	1.2622697344413768e-14	2.481096359402204e-16	1.6018407517641152e-22	8.422538151261073e-20	6.992379910827636e-27	2.9712495827774112e-24	0.0001314921075384	9.037114906235171e-05	3.9381379011997417e-23	7.447509428275308e-14	9.783900059086165e-14	6.975883674059353e-23	9.102022280239986e-21	2.8869728978727014e-23	1.0606932935103155e-06	2.3587200587544144e-18	1.3309770579197404e-20	0.0019898299477498	2.8950461102469985e-08	2.8273911657518457e-10	1.5534289409615159e-09	9.363706359581652e-09	7.235833801470667e-15	0.9969871061200732	4.40419785154624e-13	7.918423651697368e-16	1.7005512252422305e-17	5.497600718092412e-28	4.321156049705778e-28	6.224447398494313e-14	6.82207212922066e-13	1.1278304052237848e-15	9.677373179219092e-17	9.600740353004901e-08	1.298096802389917e-20	1.337020093278196e-23	2.9468827042421304e-20	1.5505255110853125e-15	1.7162353548050696e-25	1.982700028370066e-19	4.381889745310721e-08	5.842146625516926e-15	2.373562423129313e-10	2.0083175554909375e-13	2.0600446418061338e-17	2.7753031211272138e-21	8.061934763724217e-21	1.2665486880869916e-20	3.0715060194735723e-22	5.319121515911383e-26	4.150769811584227e-18	1.1101517238868091e-13	7.408118967582434e-17	6.518379287866768e-28	8.780254690501678e-32	1.8067991963834642e-07	6.409154760103827e-19	1.320633977560424e-09	2.480337729989332e-24	6.700297717617834e-19	4.37786574890037e-32	6.168192126913405e-12	4.754190317780254e-25	3.554768321314197e-13	3.2146816287475956e-32	2.261738250780956e-07	1.091165933999416e-14	3.2303871449538174e-30	2.2446895018623053e-19	5.780509793607495e-33	1.0959266341058696e-66	2.8107286666125632e-31	5.6384511173040624e-18	5.016557115440382e-12	3.830434786104846e-17	3.189737032033601e-32	0.0	0.0
171.95512337485494	4.589676262191373	8285602.332310153	57792742.14743257	27.982857332974756	8.983570311012478e-05	9.47994929438243e-10	0.000598664385007	3.4712870677334374e-11	1.2691436166950372e-05	0.0001799591211087	1.1983171302706492e-10	3.691980989123354e-16	3.3596708792836653e-13	2.509161974335871e-15	3.020101426136265e-16	1.154087515625352e-23	3.2261133303169585e-15	3.457292988383132e-17	3.630095271201219e-23	5.590341889976118e-20	7.89358393686902e-27	5.5791768643521354e-24	0.0001249573104662	9.703856343237284e-05	3.972936931820681e-23	9.193843032683493e-14	4.8757755098893344e-14	7.621008223216535e-23	1.7612341451447524e-20	2.3342823992939024e-23	1.3788730515613836e-06	1.779621210507985e-18	4.826514367876153e-21	0.0010484069619291	2.6089021397852682e-08	6.894065526120609e-11	6.74453012358941e-10	1.5295272676590327e-08	7.892351258008717e-15	0.9979363263221273	2.1813769349997221e-13	7.531739077929439e-16	1.7105578437564936e-17	1.1052199604883383e-27	1.5742007397333735e-27	8.593983878032418e-14	3.059937032257896e-13	3.4689137172485048e-15	5.202099198097668e-16	9.59485291177402e-08	5.336769147154639e-21	1.827289339524875e-23	2.982622462595924e-20	1.5512993603439588e-15	3.344720763462736e-25	1.5585509797657788e-18	2.895568655758688e-08	1.3341675388668691e-14	2.3750910442125206e-10	1.769827885599838e-13	1.532489114678693e-17	3.90562291940836e-22	5.874535941513227e-21	8.140534884928688e-20	1.4296003449567689e-21	6.9924455638040315e-25	5.302708625234627e-18	4.726423662675816e-14	7.334243866836509e-17	6.487458283626057e-28	3.781043027614551e-31	1.7897724396993574e-07	1.9509780145501067e-18	3.110204604809316e-09	1.7690167480074528e-24	2.2206129375677697e-18	9.766316121564532e-32	9.921013926576316e-12	2.092942913432217e-24	2.0408712593539864e-12	1.1607283383928695e-31	2.2655154879527e-07	4.4417399073125815e-15	1.8003342503191704e-29	1.8177883658946372e-19	5.691357618141635e-33	6.924573590097307e-66	2.8476758959925286e-30	5.641808514026633e-18	2.450023935410768e-12	1.5112230229573656e-17	9.924906312804672e-32	0.0	0.0
174.9918030780175	8.538679692633636	8168609.487455744	45195432.97761483	27.991403989589703	0.0001642811288657	1.3304272259384563e-09	0.0005993434839307	7.357901832552785e-11	1.1298305792231535e-05	0.0001713258044716	2.3627461880703468e-11	4.048279469631677e-17	9.312160177732785e-14	1.574894470185543e-15	5.684922260894141e-16	7.278823408424165e-25	6.839006153431374e-16	4.071786844555411e-18	1.3445582099317178e-23	3.0269505204134796e-20	7.596069616358114e-27	1.1711542175740224e-23	0.0001171092212424	0.0001049746573487	3.4218859162721146e-23	9.908057619210693e-14	1.9923290664586282e-14	9.008074441571778e-23	3.6864493239766243e-20	1.3887087335697666e-23	1.7612563567988449e-06	1.32728837671521e-18	1.3764713002668559e-21	0.0004562452964463	1.9710894158606148e-08	1.3455839645997323e-11	2.2921912543520983e-10	2.4965106346257893e-08	6.638809128958656e-15	0.9985373738329372	6.725100135521054e-14	5.078149019531803e-16	1.2220847393410017e-17	1.4517393047700831e-27	3.585424243289073e-27	9.321521766648425e-14	9.527006634056917e-14	8.074418474508168e-15	2.883922260188972e-15	9.560313285503652e-08	1.88990875816234e-21	2.5015666553137654e-23	3.049568018410276e-20	1.5517948834360377e-15	5.566139445579591e-25	1.1258348535625693e-17	1.6981652423107745e-08	3.050364216513405e-14	2.376831327166775e-10	1.4844597346854016e-13	1.1552951502763269e-17	5.978873290905596e-23	4.2681026837790265e-21	5.604146628534602e-19	6.719092758433191e-21	1.0155567257031278e-23	5.6109412689792656e-18	1.3287433398269276e-14	7.243652872317277e-17	6.3148683243892245e-28	1.0751076484659711e-30	1.750387831177943e-07	5.612825528345526e-18	7.0944736865797044e-09	1.1995402765044996e-24	7.392289393322146e-18	2.0319721745801992e-31	1.4840407343036785e-11	1.0014924285408852e-23	1.0806940388604198e-11	4.230597001503122e-31	2.2681195838128814e-07	1.35336827361023e-15	9.529890674173823e-29	1.3900969887125898e-19	5.6264458529007256e-33	8.854975844018212e-65	2.6123983849458665e-29	5.643994745621197e-18	1.1495662217910857e-12	5.2406271924682184e-18	2.337209980792752e-31	0.0	0.0
178.14522248942782	15.885445231508106	8049572.706809003	35332478.4020764	27.99609852332545	0.0003002705259758	1.411755515430044e-09	0.0005995328176959	1.7236151309121163e-10	1.0839228076466127e-05	0.0001618256439853	3.847382880910082e-12	2.867195167075272e-18	1.9961210240210926e-14	8.369263242308084e-16	1.1911605612618417e-15	5.601582116453881e-26	1.1577810900558415e-16	3.843977881556151e-19	1.1296100921439056e-23	1.361231521161925e-20	6.567628658249353e-27	2.8915459701310173e-23	0.0001080167000804	0.0001141192932607	2.506511635988917e-23	8.99790497373119e-14	7.486757646348197e-15	1.1453563434280193e-22	8.347464545849906e-20	4.6329741555418285e-24	1.951011445147688e-06	9.7180125095933e-19	2.887192424078568e-22	0.0001402826186612	1.0646658758928222e-08	2.114708266400192e-12	5.941552173489483e-11	4.039010452891116e-08	3.891610435897801e-15	0.9988628679025277	1.148313413149886e-14	1.7619734309637758e-16	4.585727746415293e-18	9.663486217427815e-28	4.0859059915949445e-27	5.71736974737834e-14	1.6460420511115606e-14	1.1354139712177836e-14	1.5887395933955127e-14	9.4453055636939e-08	5.312971720137578e-22	3.441581260818869e-23	3.1758121219212464e-20	1.552071068749191e-15	8.289828961933026e-25	6.085190452421556e-17	8.227488813063291e-09	6.441191531234487e-14	2.3800727256867686e-10	1.1535942750090366e-13	8.862239158459764e-18	1.2752657127159757e-23	3.111083177743109e-21	3.5654345004225425e-18	2.9232210044994683e-20	1.4632288595885612e-22	4.019251181787387e-18	1.6626626911224514e-15	7.037269631586574e-17	5.635951969361695e-28	1.3462163980763726e-30	1.683358178472776e-07	1.4909089320812718e-17	1.3796684854922648e-08	9.345380490457676e-25	2.45852002877914e-17	4.702194156882772e-31	1.7205960158134372e-11	4.8145171683867496e-23	4.2845318325231866e-11	1.649876943429525e-30	2.2698597148918346e-07	2.906611386206567e-16	4.630723356779147e-28	1.0215609953406748e-19	5.579689996296927e-33	2.429133284980772e-63	1.7681456105195652e-28	5.645269331305946e-18	5.124127151517867e-13	1.5685106052217273e-18	2.9849230481491136e-31	0.0	0.0
181.47193914588848	29.553441432045464	7928367.253717607	27613259.795968488	27.998005181637183	0.0005484229874819	6.70288040840595e-10	0.0005992303835276	4.5963169621160716e-10	1.1325640038572268e-05	0.000152839342396	5.147493153852311e-13	1.665561589593376e-19	3.168414984817892e-15	2.991863396824436e-16	2.864388179661489e-15	3.802914917670652e-27	1.465999341005548e-17	2.682672766289839e-20	2.865216300278413e-24	5.22645913140943e-21	5.254454517445654e-27	8.595532681051145e-23	9.788795143262072e-05	0.0001242732138547	1.552438716182407e-23	5.535346107896195e-14	4.6767973372755855e-15	1.6455501356738444e-22	2.1716011507725653e-19	4.771913628825406e-25	1.3643933547222987e-06	6.529168638205782e-19	4.174894611449931e-23	2.293272748974833e-05	3.028764989685182e-09	2.2713005548445385e-13	1.2174407864310758e-11	6.41784050344033e-08	1.1970496892169809e-15	0.9989895739291362	8.506692858381747e-16	1.79720122660193e-17	5.907509419394989e-19	1.834925605402336e-28	1.3291537839862603e-27	1.1974098324384508e-14	9.405736622132445e-16	9.556194927576564e-15	7.695031304450467e-14	9.168491328209573e-08	1.0172437138592788e-22	4.7723935762012093e-23	3.416845685651981e-20	1.5521897910864373e-15	1.1419431303838911e-24	1.4465500228289363e-16	2.838765609372351e-09	9.227656447665452e-14	2.38830286800255e-10	8.486211874923228e-14	6.941838066421459e-18	5.450186422793385e-25	2.283132269716112e-21	1.353512805417581e-17	8.984340269707367e-20	1.5781562216607057e-21	1.6422682107953086e-18	5.843083658384064e-17	6.489034281513083e-17	4.239575512841394e-28	5.6039582338858305e-31	1.647406106031059e-07	3.848346883997899e-17	1.7365698354570835e-08	1.1435170568517655e-24	8.312934035438822e-17	1.6879747406700494e-30	9.083842700696124e-12	2.338179383996357e-22	9.192964306425011e-11	7.002983011309428e-30	2.2709837488202054e-07	4.3156411529450944e-17	2.225588674060876e-27	7.387028208086449e-20	5.5461057566579136e-33	1.4738479603326928e-61	4.54216229569112e-28	5.645886272620692e-18	2.099147117669715e-13	3.6019837999686293e-19	9.115383584025048e-32	0.0	0.0
184.8952604755862	54.981518474847526	7804925.58295793	21574000.958996385	27.998577489101724	0.001001421469299	1.2399776881176343e-10	0.0005986950206219	1.500781935772432e-09	1.227266097241536e-05	0.000143529924301	5.2671700045503656e-14	1.2167325286216947e-20	3.6057851785537045e-16	6.147264553030613e-17	8.182106064769031e-15	1.2140044713631164e-28	1.253288745127496e-18	1.2419658858636736e-21	1.3655981623177082e-25	1.703856476362315e-21	3.6991933934302775e-27	3.0412493785595573e-22	8.69648247027936e-05	0.0001352067884203	8.725073919532653e-24	1.9556415300676252e-14	9.403446181975044e-15	2.9581967463591306e-22	7.152529954991537e-19	1.2526544051137024e-26	5.413585992416629e-07	3.911945115677168e-19	3.900681843182455e-24	1.4791820973850245e-06	3.343775532650164e-10	6.894161329670023e-15	2.1667042177308245e-12	9.975725292998785e-08	1.4317046082151283e-16	0.999020710850686	2.6423923299412893e-17	3.6492853068183094e-19	3.468839727563594e-20	6.061605950925921e-30	7.435910406555834e-29	1.0733712951857456e-14	1.1923257530878085e-17	4.6751657481775536e-15	2.9657836760085473e-13	8.751552962839026e-08	1.0613360003309904e-23	6.607340723316495e-23	3.8755183345762044e-20	1.5522367305026229e-15	1.3742857047783538e-24	1.3116606397072162e-16	5.287692205686217e-10	7.75501120689707e-14	2.4110221221318237e-10	6.177295007006526e-14	5.571981007076577e-18	2.1388888015973264e-27	1.6908520336663238e-21	2.5599497104522443e-17	1.7315734710923717e-19	1.0949485655494411e-20	3.398538472396083e-19	4.602958206214734e-19	5.388177463656059e-17	2.779520736880341e-28	1.8473801145409183e-31	1.688746250529498e-07	1.0155681670626455e-16	1.3172491491472514e-08	2.7749427839818548e-24	2.854647515194518e-16	1.1835165991593652e-29	1.2945764488248612e-12	1.1756815213200841e-21	1.6423733322205164e-10	2.9948721827032016e-29	2.271723371653181e-07	4.639892049713207e-18	1.1517131889516256e-26	5.324895146443789e-20	5.522077469164308e-33	2.015425161302751e-59	2.983824253314752e-28	5.646166651135405e-18	8.453628559844772e-14	1.2421973724561852e-19	4.181778788233549e-33	0.0	0.0
188.42788480453103	102.28816771647205	7679176.444795448	16850712.452554043	27.998913756131977	0.0018281481564505	8.595280512718563e-11	0.0005982297956145	6.0550529460112604e-09	1.3101218332709848e-05	0.00013190422862	2.819908740185473e-15	5.959347875938151e-22	2.161847410458538e-17	6.969420195246809e-18	2.781172823604964e-14	1.7062302620743144e-30	6.395992861654128e-20	3.3671637770655055e-23	3.805368799791165e-27	3.526085923159724e-22	1.6521942345903408e-27	1.255011478992657e-21	7.526369817674497e-05	0.0001469138640528	3.323077407899088e-24	3.867684560695051e-15	2.6334273119752636e-14	6.4399024832562525e-22	2.845539136747188e-18	7.267082292577423e-28	4.844583339612018e-07	2.097879798574363e-19	2.158612862982608e-25	7.405648317195239e-08	2.8447388691074137e-11	2.0437961591309992e-16	3.4642414039494854e-13	1.266283437634207e-07	1.3135650868958396e-17	0.999033402562975	1.033175092665071e-18	3.0633714304235987e-21	3.0270924525244148e-21	1.0989380779936294e-31	2.2836839043409403e-30	2.8343380937088992e-14	6.375332366018965e-20	1.1624745697844172e-15	8.075186078489113e-13	8.358565180309876e-08	4.933699344504307e-25	9.132425614447825e-23	4.7023496858223663e-20	1.5522876129923477e-15	1.0368909648376467e-24	3.6145105234829583e-16	4.375634194903142e-11	1.4697529369819254e-13	2.4781282257060127e-10	4.5005588628035726e-14	4.594434108211648e-18	1.1900611189300427e-28	1.266465056506653e-21	9.323579409019064e-17	6.998419487782113e-19	1.390288940558169e-19	5.728357300608692e-21	7.880617335935576e-22	3.9399253384892464e-17	1.6769014100801255e-28	3.054199032041187e-31	1.6058148471481008e-07	2.175094606466716e-16	2.0854973904541503e-08	4.297536895537319e-24	8.809632631043578e-16	4.6363409375098397e-29	1.15412475859752e-13	4.836933744631117e-21	7.795565754259084e-10	1.2196961109461763e-28	2.272247836099121e-07	2.4774848204179123e-19	4.587466800834715e-26	3.839747896732615e-20	5.5049935900689145e-33	6.234130559794672e-57	1.848529632287653e-28	5.6463530233355364e-18	3.90493043552142e-14	1.5921442556356665e-19	5.506400691624604e-34	0.0	0.0
192.1422611998904	190.2979318328495	7551001.655289453	13157859.706860889	27.99929058109301	0.0033354019523024	1.52108943332786e-10	0.0005978719133926	2.9123497513644133e-08	1.3709267378194764e-05	0.0001174052479302	4.3038918165452587e-17	8.446344508237143e-24	4.549251300231085e-19	2.1379626157156935e-18	1.0943521971464933e-13	9.5596336412539e-33	1.9919795994449975e-21	5.373350412152866e-25	2.0975689872115475e-28	6.177516643106423e-23	6.371553640690587e-28	5.958928356780947e-21	6.245200759848413e-05	0.0001597307680115	1.2871252530445746e-24	2.9093042646755658e-15	6.768064932686941e-14	1.6455361025773698e-21	1.3274194065137345e-17	8.804041590072394e-29	1.2758760948832618e-06	9.495118804317394e-20	7.223250758452658e-27	1.7185140084116992e-08	1.1299770286989627e-11	3.629035474375176e-17	1.5274063815722514e-13	1.5173611929243268e-07	5.4793963002091626e-18	0.999046866451644	8.984400043400304e-19	2.75522001441632e-22	1.5160186409120648e-21	2.9244644452932404e-32	1.0122542805798062e-30	7.362865913734682e-14	4.2023517271129656e-21	1.414485325261159e-16	1.8923807587293627e-12	8.050260823784682e-08	9.051956888093392e-27	1.267206591398939e-22	6.056229836493977e-20	1.5524071746940944e-15	6.861347841193434e-25	2.367118916803268e-15	1.4133826130829766e-12	8.248583610562735e-13	2.6872920718241884e-10	3.2792802868429044e-14	3.895822110070221e-18	2.051425507052892e-28	9.615414482672097e-22	6.905931550955531e-16	5.861995384851642e-18	2.8593595964888935e-18	1.2374211898786969e-23	2.9979040673466e-25	2.8489846828785266e-17	8.973758781894466e-29	5.909101376379124e-31	1.0793938253024089e-07	2.254031744389044e-16	6.754431659240438e-08	3.149189424287236e-25	1.863498799453978e-15	5.722386703925601e-30	3.462374304909459e-14	9.674199850402181e-21	6.736494036999554e-09	4.743725658250214e-28	2.2726362202233014e-07	3.3532297639367524e-21	6.47913593651041e-26	2.7707001898876966e-20	5.492876193053168e-33	4.2896624733085165e-54	5.813926123484456e-28	5.6465206119787954e-18	2.0577435952176065e-14	3.0298994139893443e-19	8.72799659780699e-34	0.0	0.0
195.96124133034385	354.0321785823551	7420335.474806306	10271556.131832607	27.99987043303189	0.0060844112018682	3.035398361530081e-10	0.0005974963166932	1.6447921754763549e-07	1.4158160397553088e-05	9.026466471553358e-05	1.2753581632407945e-18	4.781503152812959e-26	1.8331337941189705e-19	5.004887900819683e-18	4.81497267128305e-13	1.942151784853356e-35	8.278525968313012e-22	1.1372573219509464e-25	2.470115882492512e-28	1.1905301554054737e-22	2.9601200854800337e-27	3.1688126702062496e-20	4.804263001324665e-05	0.000174146454901	8.790653239858348e-24	1.3241621038045426e-14	1.457846370303015e-13	5.2031309865997954e-21	7.16816648656611e-17	2.857353355905598e-28	7.503794316434666e-06	3.270225419043669e-20	2.8143724574483478e-27	5.7682871609962285e-09	7.414810738983754e-12	7.967204505724416e-17	6.903248255547655e-13	1.8093485576123081e-07	3.565797988946479e-18	0.9990675486312764	1.959257171926082e-18	1.4244898272270641e-22	1.3446206102016798e-21	3.2840603476915646e-32	1.6197230974454538e-30	2.172221203397588e-13	3.2439540496298135e-21	2.148192299516072e-17	3.806846891190616e-12	7.798003452279865e-08	6.211574239711301e-29	1.751991744453298e-22	8.052548915570744e-20	1.5527727881582522e-15	4.639284858168838e-24	1.7154967805441547e-14	4.47666399138141e-14	1.1673255026364424e-11	3.3687021817822744e-10	2.3865962335147693e-14	3.3957746808190322e-18	4.760999863808561e-28	7.419375844022461e-22	3.459035822959677e-15	3.3530922567133376e-17	4.027589062463056e-17	5.80521923945068e-27	2.618231221582867e-29	2.0613229196572225e-17	3.795387866378477e-29	8.957986146771789e-31	1.9388048968323824e-08	1.9578305390562664e-17	1.3112773349783318e-07	5.155307882773192e-26	1.0511736314250518e-15	4.251352838299245e-31	5.3094037573768876e-15	1.6226408754507575e-21	3.1710400872417386e-08	1.8153730411960563e-27	2.2729414149183466e-07	2.3434216935361538e-22	4.157851780433923e-27	1.9998736066375577e-20	5.4843122040599706e-33	6.371257411768293e-51	9.98147943493045e-27	5.6467290367219696e-18	1.62884841554704e-14	5.957450762929355e-19	2.5503265986574044e-33	0.0	0.0
199.96733705837013	658.6450113491584	7287058.234431	8016330.391545726	28.00082399806032	0.0110931052924567	8.6360291557459e-10	0.0005966220237942	1.0593663786655216e-06	1.4116208119238074e-05	3.944653781099565e-05	4.45470532147973e-18	1.3046580953160256e-25	5.083504040073531e-19	1.958278155466861e-17	2.231117147481474e-12	1.3151910955178495e-38	5.1433252684691586e-21	3.8393743139354598e-25	4.762707430831643e-27	6.621337412938639e-22	5.651178814739254e-26	1.7742555175292696e-19	3.1768250433401635e-05	0.0001904297365162	1.4571939197959365e-22	5.699927326289425e-14	2.358074865099223e-13	2.4792379297818668e-20	4.3447170415815533e-16	6.3932347765438715e-27	2.4315571283387333e-05	8.183526623878237e-21	9.675190563362688e-27	1.6928099487519167e-09	7.055302667389013e-12	2.483676253804936e-16	4.44656051205989e-12	1.7597396080816284e-07	3.2733404596056898e-18	0.9991015778883132	8.05580561159026e-18	1.5914261704146173e-21	1.9393211175974924e-21	1.022536407854187e-30	4.3048638957940324e-29	8.811416911855427e-13	3.796097773221112e-21	1.0879891995348807e-16	4.015450431934573e-12	7.558429852238935e-08	1.6024399656118268e-31	2.4291776216827323e-22	1.0883021136680726e-19	1.5539638354770573e-15	6.805111388593878e-23	1.4327082027281232e-13	9.783134873616853e-14	1.4457609672111866e-10	5.841364467211731e-10	1.7334425657396998e-14	3.037269552811491e-18	2.4114851055616665e-27	5.835522736122631e-22	1.4568765143639e-14	1.6678073264590356e-16	4.573184573362475e-16	7.666528861504647e-31	1.825618030443131e-32	1.4915096408343568e-17	1.01923545765584e-29	8.447268489296587e-31	3.185066606739834e-09	4.460784302328994e-18	1.3029526555520892e-07	1.4116342307049801e-25	4.697264333514393e-16	6.584043884144176e-31	1.903451108852612e-15	7.104439251657639e-22	4.875389613896133e-08	8.135704782058681e-27	2.2732052350918305e-07	1.0705442491693452e-22	8.491970764539875e-27	1.4433351273437886e-20	5.47830861477872e-33	1.7676066651795275e-47	7.001259256033269e-25	5.647053618409353e-18	1.3357594266931631e-14	1.0190582473062902e-18	1.5457646204863588e-32	0.0	0.0
204.0763275512183	1225.3497767130746	7151104.854789136	6254714.473575115	28.0017637368894	0.0202228710409501	3.5239151338600085e-08	0.000592996108994	7.10468544972389e-06	9.250355727803613e-06	7.45565502668571e-07	1.86117117447708e-17	5.71918541260685e-25	2.160165967665232e-18	7.946999651780828e-16	9.577451471212984e-12	3.700567509903833e-40	1.1814912122634716e-19	4.725829464490207e-24	7.975429613340604e-25	3.284681448353034e-20	1.641705783458881e-23	9.127527240440153e-19	1.438097875689411e-05	0.0002078254854269	5.2759326688503565e-20	1.0831969415005555e-13	2.057020316311257e-13	3.143295445059834e-19	2.7643969184805106e-15	6.3527889822210124e-24	3.1937070413380634e-05	3.5585945957048946e-21	8.064630835621637e-27	7.144306046463171e-10	5.907853408115408e-11	4.553073440523217e-16	2.687250961822511e-11	7.833348677621057e-08	8.909897086847993e-17	0.9991351594579988	3.23245054321707e-16	1.1777235465583505e-18	3.3074099507211163e-20	6.305262908175275e-28	9.16406231753715e-27	1.7466058358443378e-11	9.79702417739442e-20	9.687206060856601e-16	1.5322539547480372e-12	7.254941678703232e-08	2.515292520913121e-34	3.310578918952389e-22	1.4569481906484942e-19	1.5578115956563905e-15	6.624026320353097e-22	7.361761254450602e-12	4.232520444126875e-13	2.003900065578886e-09	1.745068600419595e-09	1.2565603701413978e-14	2.7801145645652092e-18	4.0558374368318203e-25	4.693896348640436e-22	1.1269058809704933e-13	4.641919753091957e-15	8.146198296913815e-15	8.058819584159713e-30	1.5894746435760144e-30	1.078952683693349e-17	2.0044511291675026e-30	4.022162914507844e-31	5.547218895659572e-10	2.7733660060573378e-17	4.7840508666355393e-08	1.9863359882018628e-25	1.5892179434802584e-16	1.1339266592954068e-30	1.4666664082410248e-13	8.296124495157146e-21	1.338465202504942e-07	3.140160171760023e-26	2.27341602323295e-07	1.2090395903250718e-22	5.376534876922804e-26	1.0414963942303431e-20	5.474065547274445e-33	5.20953303489378e-44	7.441793836536487e-22	5.6461729097261416e-18	4.5388263426817456e-15	1.0553099424146881e-18	1.1551089186450889e-29	0.0	0.0
208.47244862433124	2279.6529988364628	7012285.587085875	4879056.251749553	28.002239594064164	0.0368300937857818	7.023516139212942e-08	0.0005792624996414	2.389794654839023e-05	3.087976932854633e-06	9.045657860697917e-08	2.4998805208780304e-18	8.390413989896919e-26	1.5278534714096749e-18	8.532095525694872e-16	2.6098183933635947e-11	1.3549227318678468e-41	2.608954053197998e-20	5.689245524160174e-25	3.22539782388875e-25	2.630291822003829e-20	3.092408445441004e-23	2.162772518555761e-18	4.050642956277804e-06	0.0002181602880548	7.994659930439894e-19	4.395176634700144e-14	8.417895260439001e-14	1.9947409517751212e-18	7.076207146374522e-15	1.3374490368054298e-23	1.8697637104539925e-05	8.228029661030591e-22	8.191966719354525e-28	1.6654242654582228e-10	2.53960452063166e-11	1.614095391282684e-16	1.1217065904183612e-10	2.8576554360423562e-08	1.8402396639855822e-16	0.9991521774740536	7.092086763456329e-16	2.1616427800686888e-18	2.1578016909140924e-20	1.3902490828457266e-26	1.2491335288176164e-25	2.1801308092107247e-11	7.665244046072111e-20	3.0428917242517924e-15	1.510578747095601e-12	5.82943315444048e-08	1.6993996919262933e-36	4.321028339674624e-22	1.882528379558868e-19	1.5670451015677946e-15	2.826665174986833e-22	1.4615407982378865e-11	4.242534397768851e-13	2.0637858449395037e-09	5.937982470640698e-09	9.09592821050627e-15	2.5970787180522e-18	2.5583168542316137e-24	3.8672003438519523e-22	7.831158319046955e-14	9.623536712741312e-15	8.186276498905188e-15	4.199481168977548e-31	9.357983970163832e-32	7.803438398114708e-18	2.054646804008347e-30	5.701269970197445e-31	2.4829702868460686e-10	1.7359424387340122e-17	1.6435493120509074e-08	1.806227411223753e-25	8.946460573060274e-17	1.5344138272274371e-30	2.313519267765171e-13	9.086422942063847e-21	1.6556233097405625e-07	4.479194479468961e-26	2.273551545619471e-07	1.1466032888536224e-22	9.744917733005088e-26	7.514218169140396e-21	5.469883754787471e-33	7.15164938679663e-42	9.956897475247e-22	5.127491908731104e-18	4.568873995111005e-16	2.8983467068317252e-19	2.17220108870387e-29	0.0	0.0
212.89415056675028	4241.089274153394	6870586.13004888	3805085.010952927	28.002481172936086	0.0670965483157238	1.9372694498298123e-08	0.0005649590039934	3.9068172901848e-05	1.4085638429661868e-06	1.602580732227057e-07	1.4491770343372598e-20	5.140551429195484e-28	2.889647612074638e-20	2.075163412896093e-17	4.214669125315752e-11	6.729186238307889e-46	9.399516185631819e-22	1.1853818008421095e-26	1.9100207958648074e-26	6.134263296380312e-22	1.1817755553983329e-23	3.279364580301963e-18	3.5540273083269854e-06	0.0002186592518505	3.308412650021114e-20	7.780104639699634e-14	1.234557710062047e-13	1.0095168265823884e-19	4.841535287166441e-16	4.78158873211228e-25	1.0882990922269702e-05	1.602428729100105e-22	1.438625656585217e-28	2.356199812808203e-11	3.560093853595943e-12	2.2363596577195693e-18	2.3586142853942285e-10	8.640958662753506e-09	1.6802166208834438e-17	0.9991608220912174	9.721021302473603e-17	6.11404745781691e-20	1.855321594678705e-21	4.223709854617454e-28	3.5053215946921285e-27	4.840035384395581e-12	1.5425704647002334e-20	9.09515961961463e-16	8.754922633140349e-13	4.3341921289401184e-08	4.116974065537802e-39	6.177644369397584e-22	2.6517341622253167e-19	1.5809359755829246e-15	3.51844858848735e-22	3.2017678259998824e-12	2.175160034443188e-14	1.8320838321649187e-09	2.524911131598219e-09	6.583031943269824e-15	2.4694900411269984e-18	1.5291746641551482e-24	3.2702588637629097e-22	1.936672657356341e-13	9.798551886816536e-15	3.2351742226049315e-14	2.4375854907771228e-33	3.143990517801651e-35	5.646550841197945e-18	7.251011655736073e-30	4.150356882973459e-30	3.2495719917354355e-10	9.604340812485939e-17	2.984540133252867e-08	3.387108672841129e-26	4.50754093523807e-16	1.1877810798556026e-30	2.4180843463689497e-14	9.960395849034868e-20	1.520783431622697e-07	8.288082954270691e-26	2.2736407831823786e-07	6.2225224162030726e-24	8.25204944071867e-25	5.422977423691295e-21	5.466252969730585e-33	2.984318585489565e-40	1.2746368287848326e-22	3.784441157711489e-18	9.122040068263669e-18	2.4874255758343136e-21	1.7970786331312506e-30	0.0	0.0
217.57686190930053	7890.164968317295	6725836.410509008	2966857.398658323	28.0026333946257	0.1221412132102026	3.653618055699127e-09	0.0005504957952852	5.385879453975872e-05	7.706676225310054e-07	4.328134309292115e-07	1.137679285788655e-22	4.298973995218412e-30	6.434857934677333e-22	2.1220050270234586e-18	5.403624413490375e-11	1.167978713717246e-49	1.2974750107482921e-23	9.977662701517287e-29	3.752270450608886e-28	3.839008328082782e-23	4.7276668296257204e-24	4.916285898717188e-18	7.803004168080755e-06	0.0002144117804437	1.2492062516620822e-21	5.407400741413613e-13	5.046112290598731e-13	5.8410145943378976e-21	5.123686138954655e-17	8.653342856909963e-26	5.508789777874223e-06	1.911371958470969e-23	1.2343475989403973e-29	3.745716283613963e-12	2.981262532480396e-13	1.934820080469846e-20	3.269437997146335e-10	3.747004350877778e-09	1.0271382973285531e-18	0.999166267274006	1.0510287358743757e-17	2.8053263838136665e-22	2.246484987583559e-21	3.5300758019767525e-30	4.1855734770180106e-29	9.949644884392904e-13	5.1871723408389415e-20	3.326016963886741e-16	5.45959599203586e-13	3.2090366939783315e-08	5.536520023309252e-41	8.926560345475598e-22	3.7751314130079334e-19	1.6019851649843789e-15	6.945051556389901e-22	6.43463740276241e-13	5.177935154789022e-16	9.966600291965432e-10	5.839206308076049e-10	4.768949027676702e-15	2.3894799185295214e-18	4.365976963791116e-25	2.8443314070367592e-22	3.1632091897685e-13	8.310875890162032e-15	7.662017042423243e-14	6.30108344436592e-33	4.9350198532216716e-39	4.091166859386532e-18	2.568022922641388e-29	3.53845037423722e-29	5.49041757791203e-10	3.6784944108893053e-16	5.7325713625337946e-08	5.550766770575359e-27	6.521051083466447e-15	9.157884191711242e-31	1.270392555900754e-15	7.56848720365653e-19	1.2437542092168348e-07	1.8061451739450107e-25	2.273703091303572e-07	4.279000170789473e-25	4.5412558810515e-24	3.916504155037085e-21	5.463625386303253e-33	5.207330154911954e-38	3.086670671978863e-23	2.676959950587804e-18	1.007513495239632e-20	3.306602100675052e-23	6.153711948490104e-32	0.0	0.0
222.3621936442634	14678.941942265265	6577972.259643987	2312789.726999964	28.00274416587993	0.2223434681164756	9.62321335322903e-10	0.0005350590395497	6.947600839085269e-05	4.117240103679921e-07	5.386266337687765e-07	3.6538055738098033e-23	1.4545886255467856e-30	4.35418781402826e-22	7.338181380657177e-19	6.281522372890805e-11	1.0551989759370585e-49	1.777597098000664e-25	8.685791590851753e-31	7.880874342174715e-30	1.1566320942676796e-23	2.692899463014421e-24	6.93914386558178e-18	1.5764424250125238e-05	0.0002064514378337	5.589167342373644e-22	3.3761815798110625e-12	1.918629602900621e-12	1.1229936132078827e-20	1.2194667421673089e-17	1.3668047540027056e-25	1.6322829466538584e-06	1.3875445190104204e-24	4.9359090151416505e-31	8.376063597708525e-13	4.7164666153553344e-14	2.0037320274124534e-23	3.92565284423041e-10	2.0875377193996127e-09	1.8522453124131882e-19	0.9991702289101744	3.2319842669702048e-18	4.924860902773318e-24	3.390682404640331e-21	2.068577737910013e-31	3.689904909195493e-30	4.581616781831702e-13	1.5606154984840135e-19	2.050083564128753e-16	5.882722687101103e-13	2.394566158049185e-08	1.830515651370165e-40	1.260808983827416e-21	5.267284530613724e-19	1.6375180855224525e-15	8.969197002183737e-22	2.1724895348006459e-13	1.4834810826474165e-17	3.193646966201063e-10	1.419470451337438e-10	3.4612892427962512e-15	2.354419292198339e-18	1.6935401992381383e-25	2.544513003176614e-22	2.7409684543454813e-13	6.786977745617199e-15	9.392601889454785e-14	1.668291945443403e-32	3.3898985809084376e-41	2.9703439527123008e-18	7.94657622720312e-29	2.446742945571104e-28	8.582752147787654e-10	7.201450050797991e-16	5.02594241730509e-08	9.937732566476964e-27	1.1856848669251052e-13	8.7798274842708e-30	2.5195935575464113e-16	2.8564853704954534e-18	1.311335658352221e-07	3.7891167758276176e-25	2.2737478946562255e-07	8.472549824978662e-25	2.0999647084681785e-23	2.831398363933129e-21	5.4617338033083136e-33	5.929242609485103e-35	1.1502175836253104e-23	1.825384469875973e-18	1.658763088296127e-26	1.3135337933233649e-23	5.460659552185363e-33	0.0	0.0
227.41191250204216	27308.850627282514	6426822.14060879	1802544.667404088	28.002794284726395	0.4044655726766754	2.0691269007966967e-10	0.000519527583505	8.510971289910962e-05	2.057302721789255e-07	4.56077409063217e-07	1.2945424568776025e-23	5.483911427112098e-31	3.692815376852673e-22	3.6632596850930653e-19	6.937189262259108e-11	1.868943548551209e-49	1.7177247968225488e-26	5.15431098760639e-32	2.144346655551675e-30	4.1797868388250584e-24	1.5103975581933538e-24	9.48418914553794e-18	2.810312740907615e-05	0.0001941132391793	3.5413582166334856e-21	1.63794617993068e-11	6.122308330921767e-12	1.0398635920522781e-19	5.0863276038345e-18	1.683799935443721e-25	3.0837126232032454e-08	1.622360007709814e-25	1.0148753170065159e-31	2.499481157762047e-13	1.2363291278576424e-14	9.967415882830996e-25	4.398756407590635e-10	1.451653750901047e-09	6.429170483989323e-20	0.9991720237741468	1.7873977640331315e-18	5.023056552852375e-25	4.811058775525415e-21	3.487119399077789e-31	1.2463526408693648e-30	3.524235037321266e-13	4.393999184438612e-19	1.0928591811529995e-16	9.910490384699328e-13	1.8066733312946626e-08	7.094862917089591e-40	1.806026450949137e-21	7.458923702746212e-19	1.6999424164315857e-15	7.729530460390937e-22	7.055651376390052e-14	4.313256489075954e-18	7.337044921965575e-12	2.18857722469533e-11	2.518660855437744e-15	2.356189284055988e-18	6.011317310995128e-26	2.34019772207664e-22	1.7147904620514836e-13	4.570872813999791e-15	8.62852283913592e-14	4.7303361313339767e-32	2.0811087945329042e-42	2.162444122035204e-18	2.182635021188416e-28	1.3840562528927975e-27	1.3391725157475234e-08	7.644839844408854e-14	2.64292390486484e-08	6.331926932329844e-25	9.45947912859339e-12	2.0033883036950703e-26	1.2106991062809785e-15	5.620794751456997e-16	1.424215721807859e-07	6.544125922683369e-22	2.27377764003416e-07	2.2440490885304e-23	7.443984200115792e-20	2.0493484979849223e-21	5.460364843963466e-33	2.0476643813333343e-31	4.8997050064488596e-24	1.1857774443503836e-18	4.209631132579076e-38	6.2695095638141516e-24	6.609697410573656e-34	0.0	0.0
232.7419106659666	50805.65925776384	6272204.508697157	1404589.512830583	28.00280741155236	0.7352398694764262	3.867033534797503e-11	0.0005035142759471	0.0001011898137831	6.942348533007837e-08	8.801147470026873e-08	5.023681419981646e-24	2.2793919733473583e-31	5.811225341517968e-22	5.544790395024405e-19	7.433552209979041e-11	7.439172850067542e-49	2.919197031082414e-26	5.54435837031392e-32	5.1187481074866535e-30	5.944920734146015e-24	1.6740274089670397e-24	1.2447318397808212e-17	4.3499496577304245e-05	0.0001787165347962	1.3642651771502452e-20	3.6242584730135396e-11	1.1962528568904879e-11	8.275004598314908e-19	5.035512886951549e-18	5.563364432409822e-25	1.4550769020373807e-10	1.2367984164366826e-25	1.2408721982319067e-31	1.463740038278538e-13	8.283659804373643e-15	1.1213170916172897e-23	4.740907156971327e-10	1.2755336162639087e-09	1.5929289412813832e-19	0.9991724969748396	4.421019952891856e-18	3.839300711141863e-24	4.622286809579876e-21	1.812802888162761e-30	1.994759521780631e-29	9.935600764980712e-13	1.1913575600064512e-18	4.926605410771731e-17	8.748204800721678e-13	1.3819133128856112e-08	4.13814996398696e-39	2.6477191455139904e-21	1.0829261521861625e-18	1.808466241687605e-15	3.0058117986285984e-22	2.4010170494016592e-14	1.4888674561232796e-18	9.068119279029014e-14	3.029592576249346e-12	1.838276564855778e-15	2.37787629775019e-18	5.04331408592614e-26	2.2118668655710283e-22	1.35808511669846e-13	5.229256758864096e-15	8.602928930096348e-14	2.0327226561777013e-31	3.775617062100965e-42	1.5793090236391898e-18	7.853857821207688e-28	6.67052622460987e-27	1.4656919964075438e-07	4.3597748884758654e-11	7.967331137141873e-09	2.768604599088663e-23	5.079215132070722e-10	4.2080583818144834e-23	4.5984676268726566e-14	2.872985123163327e-13	2.7120126006167453e-08	4.710673351543209e-16	2.2737971060986335e-07	1.1452261059571162e-21	1.7016394281986705e-15	1.484887858523509e-21	5.4593722556600235e-33	1.4615035162846231e-27	2.0652778235177385e-23	7.608178089312106e-19	3.674485633356128e-49	3.3055091889742435e-24	1.78984944059578e-34	0.0	0.0
238.2765125132932	94519.35739973192	6113988.653184562	1094282.009647977	28.002810037678795	1.3360758667110184	7.268746344287885e-12	0.0004874873708539	0.000117240254268	2.0056927906034505e-08	2.2190643217113082e-08	1.678565597401313e-24	8.115013000037955e-32	6.383025378098284e-22	8.5244523910226855e-19	7.806619674883545e-11	3.956455040431431e-48	3.032322201856693e-26	3.0531682279086707e-32	7.451235845710061e-30	6.2859920640962214e-24	1.7970967695128017e-24	1.525158703960518e-17	5.944585612326726e-05	0.0001627677604675	3.044212177638388e-20	4.659341015386215e-11	1.6519052775142025e-11	2.9985722259256026e-18	5.837857583198999e-18	7.738755486070021e-24	1.7614523584592864e-11	1.291472341223125e-25	1.4123186803257863e-31	1.171525974545129e-13	3.905078962038241e-15	1.471753399173497e-23	4.988664144601619e-10	1.505114104084014e-09	3.140736829319655e-19	0.9991725941683904	6.834972848463908e-18	2.060478447204847e-23	3.773732928433469e-21	3.4051596934449667e-29	1.8686134899355837e-28	2.5646149512847698e-12	3.139447404766809e-18	2.2114929319333306e-17	1.3580500782212605e-12	1.0743301757446884e-08	2.811517323808766e-38	3.942590759668171e-21	1.6026807825699333e-18	1.962884526038359e-15	1.4753585924857116e-22	1.0655871327176743e-14	6.559509981308129e-19	2.0728169894652427e-14	4.28551868152485e-13	1.3466349073699534e-15	2.402138013988001e-18	3.929157554595498e-26	2.140801889408606e-22	2.269450011463596e-13	7.412961367256552e-15	1.5507280483421494e-13	1.1016391757943685e-30	4.303660916059549e-42	1.1579390810558918e-18	3.2115943514073728e-27	3.0068086928206635e-26	1.6178085912366965e-07	2.0836288556940727e-10	4.554383821955177e-09	6.320507225539688e-23	2.981377714616386e-09	4.338963089069162e-22	9.49047023612376e-14	1.0137472167529073e-12	1.2516916085060809e-08	3.1387843126929836e-14	2.273810223943927e-07	4.805850441232131e-21	2.2643937148791176e-14	1.0770134788185805e-21	5.458653651570054e-33	4.9176077392170166e-24	1.4205129044954222e-22	6.064272354249612e-19	8.848960708193409e-50	1.7798962152404662e-24	3.410088340202552e-35	0.0	0.0
244.14530112627267	175844.75929997957	5951958.345516214	852370.417685238	28.002811082687924	2.425898744489967	1.380958304175643e-12	0.0004724869238102	0.0001322471699934	5.467043064938025e-09	3.945926670331338e-09	5.651294100333812e-25	2.937436528607991e-32	5.302546141484302e-22	1.5819728403096268e-18	8.086973628014169e-11	5.342942100233696e-47	4.068073079910952e-26	1.906295722087308e-32	1.3663511286520292e-29	7.944274521991601e-24	2.0527776551821337e-24	1.7736340918707277e-17	7.440536531945079e-05	0.000147796842468	4.868664555757658e-20	4.2824620070985026e-11	1.7548568764341276e-11	8.538814599116107e-18	1.316653384980597e-17	1.2989091091867577e-22	2.86230421664565e-12	1.2683893518102766e-25	1.5557157463449816e-31	7.822558959470833e-14	1.215100479437949e-15	1.3102513391123476e-23	5.168447149505528e-10	2.475931982673097e-09	3.6631811402652807e-19	0.9991726337149514	5.6081633792564985e-18	8.37013452542877e-21	2.9155323946252827e-21	1.815505762287848e-26	7.950995955049389e-28	1.2510483227280032e-11	8.154699119910359e-18	1.0509347148108213e-17	1.912581700288142e-12	8.508442496821748e-09	5.02979220689662e-37	5.94954677183617e-21	2.5414143902487752e-18	2.154059901316475e-15	5.413841849889806e-23	6.506307440015562e-15	2.5946934712010964e-19	6.876184104949129e-15	6.287212262344389e-14	9.908790395605909e-16	2.4242212490013254e-18	3.690557623567823e-26	2.1108345223597925e-22	5.007933956953898e-13	1.6846296993784864e-14	3.401226453228503e-13	6.62612377076748e-30	6.851023895012578e-42	8.530326525273539e-19	1.3532917628687175e-26	1.3394374814336162e-25	1.582221710545501e-07	7.224920546962469e-10	3.1186863695191987e-09	1.1679857142855206e-22	1.4433577673619637e-08	3.2974612162311386e-21	1.6244783094879464e-13	2.081739804800321e-12	5.026277746919714e-09	1.044055517881342e-12	2.2738165579586362e-07	1.4323873985646392e-20	1.9351371972806885e-13	7.818723516385448e-22	5.458133472310008e-33	1.0205410333339095e-20	1.5173025427476602e-21	8.557876474792547e-19	8.015934730121759e-50	9.955330332855676e-25	4.3856446796070934e-36	0.0	0.0
250.319926946296	327143.35162582726	5785916.750167547	663818.6429783183	28.002812373710203	4.401840538709445	3.755076474699911e-13	0.0004593383661056	0.0001453971408638	1.3520364868711295e-09	2.0429975419732e-10	1.9820257808817352e-25	1.1101247313023224e-32	4.342252460043029e-22	3.1094359955075773e-18	8.296105753122507e-11	2.1350142394361925e-44	1.2464901870294383e-25	2.4565998272383942e-32	4.930805847006128e-29	1.443691400991878e-23	2.916889221322856e-24	1.9798317865072745e-17	8.75000311965583e-05	0.0001346613505487	5.261626889793781e-20	2.663217060431404e-11	1.4199791059916883e-11	1.709136324906017e-17	6.581061603627831e-17	2.173436920543197e-21	8.92159716917292e-14	9.389990975837669e-26	1.2565021248306838e-31	2.037764485169694e-14	1.498158112062932e-16	9.750624866467353e-24	5.299091867275897e-10	5.164395013244219e-09	1.373867141544002e-19	0.9991726804388136	1.488352039242294e-18	4.498111198860793e-18	2.042414020410937e-21	1.0320970399301904e-22	4.839128536511596e-25	1.9254451882609271e-10	2.0924029027727688e-17	7.625506768768165e-18	9.045522377873021e-13	6.876854459279159e-09	2.75741804856925e-34	9.001180181781679e-21	8.46909250310431e-18	2.37220569651486e-15	7.171895358780182e-24	7.103583347583518e-15	8.162515006311625e-20	3.5599719996114444e-16	1.515147124034447e-14	7.33035954075e-16	2.442473825483916e-18	6.359014541199716e-26	2.109629184798932e-22	6.720787571319785e-13	4.3133412728886486e-14	4.245667025989937e-13	4.3475602919548616e-29	2.8799784342251247e-41	6.320446846183781e-19	5.708773600128755e-26	5.782827395546031e-25	1.2306019429257294e-07	1.4668850112367494e-09	7.72524584837883e-10	4.643631919351632e-22	5.53091865705168e-08	6.078856664700523e-20	3.079461085430382e-13	2.573938829043965e-12	2.3326405687738747e-10	1.125679782536002e-11	2.2736885556225317e-07	3.6886886338771516e-20	1.0347824241188272e-12	5.679613215394648e-22	5.4577565535492325e-33	9.225074189651333e-18	9.936458187352902e-21	1.2048349768600744e-18	4.002682032024123e-50	5.7065355591724605e-25	3.2164287602243417e-37	0.0	0.0
256.77730004178056	608620.7683358118	5615682.90723494	516886.3544423644	28.002814258072885	7.983288048333053	9.402018234914874e-14	0.0004483204237135	0.0001564146640729	1.5528958445892043e-10	4.089505088046772e-12	6.070085797025918e-26	3.912485918194448e-33	2.6586305285009424e-22	2.2474404197340592e-18	8.449355167700425e-11	1.5911746895697478e-41	1.5206712975586718e-24	1.0238136903561815e-31	5.564292335937634e-28	3.5430295453972264e-23	7.030193038981045e-24	2.140901482403008e-17	9.842068310101516e-05	0.0001236414641801	1.2286955307999564e-20	3.001772175291592e-12	4.619973512290127e-12	2.0440013591754483e-18	4.3192118431594943e-16	2.2100423028262286e-20	1.8488286967907213e-15	1.531501131837101e-25	3.359463987929034e-31	7.372879408667739e-16	2.2095895114187996e-18	3.1363551125185173e-22	5.393969151160379e-10	8.755668464478703e-09	2.1082035274585064e-19	0.9991727467923586	1.3935567030872286e-16	5.687539811220701e-16	6.6467184933542525e-22	2.455306978759837e-19	1.2632978696996266e-21	1.5167925485006434e-09	5.3135078273405885e-17	5.39500304876551e-17	1.2319432303762666e-13	5.6853157813283795e-09	1.7092570990788524e-31	1.3520247360074971e-20	1.0905424797213275e-16	2.603259401888938e-15	6.215314538202821e-25	5.7656610344057216e-15	1.3618214086203989e-18	2.4570819026472563e-18	6.4939739691869126e-15	5.45919214271761e-16	2.4566498877724506e-18	1.6753892712771029e-25	2.1268082105116197e-22	2.4834692782798333e-13	7.185106263149473e-14	8.346676760380295e-14	4.855935974086467e-28	0.0	4.716737172210985e-19	2.9091841781229923e-25	2.205020879327633e-24	6.03670608751599e-08	1.1219517498251063e-09	1.0390689242486847e-10	5.75648845395929e-19	1.546039792911742e-07	1.9152331525202967e-16	1.585396004237984e-11	8.582181336849333e-13	3.328832127115361e-12	1.636412448395815e-11	2.2298862411715482e-07	1.1895605435549685e-19	1.3362043137987856e-12	4.127260551640304e-22	5.457483307550464e-33	1.0709764905949573e-15	6.682115327818559e-21	2.0736644092931643e-19	8.097391479842831e-51	1.9359449133546784e-25	2.5981689538536265e-39	0.0	0.0
273.450160398567	1132284.1739218486	5434498.736562364	402409.0159822084	28.002816362518864	13.94661932477832	1.6155104658509414e-14	0.0004389750355165	0.0001657587945519	1.2826106669987554e-11	9.041132221851056e-14	1.3393461248588075e-26	1.9965940672567024e-33	9.08652058435835e-23	3.0108807134228857e-19	8.565981870280923e-11	4.2406869253255135e-39	1.6138507161177518e-23	2.08041266028263e-31	7.640645958773221e-27	8.115985794321212e-23	2.0070637130626705e-23	2.269423966226145e-17	0.0001074395464521	0.0001142959871076	2.5108688370912104e-20	1.4251345711949069e-13	1.0714395559987613e-12	2.3704289810408663e-19	2.7548669201761817e-15	9.889271031589275e-21	1.3599855913954428e-16	2.429596803910084e-25	1.6395187618180997e-30	8.154318635428344e-19	1.7737428541831234e-17	3.1411111345089123e-23	5.46588301946498e-10	8.995349651147536e-09	1.0918404485563644e-16	0.9991728210248012	1.3776932217824209e-13	1.5228976339323422e-14	4.253342509041528e-22	1.5510092977228852e-16	3.2761075782153677e-18	3.654689852828791e-09	1.9869179569795743e-16	1.3631638365366026e-16	8.550823474515912e-15	4.774589806677271e-09	3.5762966361448586e-29	3.0713127567626334e-20	7.899427380323834e-16	2.8108358752493058e-15	6.825013761770405e-26	1.9430754103480964e-15	1.2231429533303724e-19	3.477995379256257e-20	2.596321213063983e-15	4.0406807907919873e-16	2.467699306068209e-18	4.6597524873603675e-25	2.1475394419022715e-22	9.031848310156997e-14	1.5606791287144314e-13	1.571964414355613e-14	5.283745091237545e-27	0.0	3.5008775185804215e-19	3.361346444848861e-25	8.043009850240983e-24	2.0828383618709604e-08	5.639554554707427e-10	2.176104286876545e-11	1.275498137547785e-16	4.81248402485006e-07	2.214059578560919e-13	1.8405846131571595e-09	1.84809454251156e-13	1.620683555633867e-13	8.641241080913206e-12	1.8702703849994617e-07	7.582788927431787e-18	7.671660416668824e-13	2.9504387839694414e-22	5.457277202907468e-33	8.203924687089688e-15	1.0800618543582796e-21	4.49488295724021e-21	3.724191617917118e-50	3.5477973751414114e-26	2.3476806456823982e-38	0.0	0.0
324.61117956915865	2106512.819172297	5219561.234260226	313234.5901791343	28.002818588101864	21.857090994216264	1.3242503752745296e-15	0.0004301141292504	0.0001746208332406	5.973656862043019e-12	9.173899741635537e-16	1.5290840792743127e-27	6.674811622050018e-34	1.8026441693376402e-23	4.2109553052408025e-19	8.669614527984947e-11	6.378341893929536e-38	8.38950263467899e-23	6.322646757431274e-32	6.988551776634582e-26	7.06804222229258e-23	2.307653661145869e-23	2.3877141070015054e-17	0.0001157730653145	0.0001054461551709	1.2123066007336654e-19	1.7169226470619492e-13	1.933436465945152e-12	3.726403008054852e-18	1.374258355419126e-14	1.236910961941657e-21	1.906186941865585e-16	2.448921441351882e-25	6.911771372184797e-31	4.0546553360579713e-19	3.2971718698311344e-15	4.864125119406829e-24	5.529640190643015e-10	7.940178610532196e-10	8.514158042182106e-14	0.9991728996582776	9.915957721866236e-11	1.299778586608124e-13	4.484964866446607e-21	1.8740645110774333e-14	6.273052564934899e-15	6.816490922658936e-10	1.7948893568657026e-15	1.0184414240108846e-14	1.68571179169515e-17	3.782748589355121e-09	2.460326423977907e-27	1.8908972884667977e-19	2.496428118678212e-15	3.0128767501304184e-15	1.4753040659316908e-27	2.6207144628034245e-17	1.4857553294730052e-19	4.966371606870303e-19	4.72384803186832e-16	2.782496231151789e-16	2.47766761085878e-18	3.2151382012211926e-25	2.1653788643910763e-22	9.600729533948858e-13	5.9887570503246295e-12	1.0727084239188373e-12	7.533343764248019e-27	2.1184714172710045e-29	2.4223077505059203e-19	4.0614501738042e-26	3.689654337516309e-23	2.159296249520558e-09	3.2870303202989726e-10	2.2140899065600135e-12	2.7269338727207574e-17	9.97583459385839e-07	5.821504559519194e-13	1.7089854419896476e-08	9.63564073041545e-13	1.619973862680637e-14	4.417409709284247e-12	1.2297511420982466e-07	1.605318882787433e-18	4.940290934569118e-13	1.9066116660745369e-22	5.4570997506328026e-33	1.7686010554733508e-14	1.0945208380068774e-19	1.1121420936101867e-20	1.8609130065614483e-46	4.060793537828967e-27	3.5479155348448966e-35	0.0	0.0
404.8218115155976	3918977.549573613	4951738.793065135	257448.73184677365	28.00282162356572	32.606234335871314	1.6582220196274812e-17	0.0004212979495455	0.0001834062278131	4.619790732775151e-12	1.1484452389163265e-17	2.4092108157858378e-29	7.104078794360873e-36	5.286097474502922e-25	1.1606195282804969e-17	8.770461124859833e-11	2.2154840302384367e-37	8.638700543099502e-22	4.8280608222578895e-33	3.7056526647670404e-25	4.076559232602017e-22	1.7006183341608411e-22	2.5093393229134426e-17	0.0001238704581356	9.666383507996966e-05	2.4872936294703442e-18	3.3790008229886113e-13	3.729232205769637e-12	2.121826684835357e-17	4.0119680954876984e-14	2.1836897602380002e-21	2.378644385269857e-16	1.031183511689445e-24	4.638108987698615e-31	3.1483394382624923e-19	4.095521428011377e-15	6.998916193517055e-24	5.59161751713172e-10	1.0607213103156108e-12	1.944189483412083e-13	0.9991730010262062	2.0580359700909293e-08	3.418902874737064e-13	3.910562324496394e-20	8.778053461577005e-14	2.409411055195194e-13	4.693743924113684e-13	1.52718481190957e-14	4.478704360238141e-13	7.604029825719737e-22	2.1763617588521116e-09	4.329684416352892e-25	1.173687058806979e-18	8.661611321864234e-15	3.330326699956236e-15	1.6910410966108492e-25	8.220354622339404e-22	3.726410616100048e-20	3.1886139056932e-18	1.9188723766982208e-17	1.5560462419988186e-16	2.489404458831585e-18	2.1366399653124354e-24	2.0992107489067977e-22	1.1491133056258433e-11	3.998543788521396e-11	2.0921140558980568e-10	4.8557416202280125e-26	2.527105070743508e-31	1.3704381217469417e-19	2.114697852968384e-28	5.380074651999772e-23	1.8439822961943799e-10	6.014956015484665e-10	1.3768725498998617e-12	6.713016710074695e-19	1.6825360572392534e-06	9.43110099959353e-13	1.5809222187375792e-08	2.5590921846702625e-11	2.8893579693942097e-12	1.041387580140268e-11	3.7653504352038594e-08	1.5820119352119578e-20	1.4227058059636005e-12	8.851779509115484e-23	5.4568769344262544e-33	2.7123432647842602e-14	1.0697975584377541e-16	2.9689368916531165e-19	2.5235973417146908e-42	1.0063510116523624e-28	7.486211743741804e-35	0.0	0.0
503.9037586305212	7290905.089339404	4618714.5950477375	332782.4752141998	28.002823266854257	48.733280411232194	9.436042834713374e-19	0.0004155961068924	0.0001890737178863	1.6137542044347552e-12	2.5056770260973447e-22	7.492601189985409e-34	5.828999702189512e-41	5.551516754869337e-29	3.0912206743877293e-18	8.792622230820688e-11	1.8033308983774416e-41	1.3357309923963524e-20	1.2626614871102055e-34	3.2910103724772367e-25	2.827617609393309e-21	2.1175405425924803e-22	2.6411622094273085e-17	0.0001292370270619	9.09973750828126e-05	1.252552963098502e-18	2.5296366350494734e-15	1.686151446423433e-13	1.9063168327394783e-21	1.3028588399514558e-14	7.068612488003902e-23	6.768611351767782e-19	1.7630415356739598e-23	1.583342781705116e-33	1.4107804868393449e-21	5.249026150071901e-17	5.35148596319146e-27	5.631283045241287e-10	4.223047798137941e-15	2.2897453683967057e-17	0.999173055135388	3.884304714809261e-08	4.506177323009447e-15	1.6089912278861263e-19	8.214324075844233e-16	2.377244852884704e-15	6.619751693169636e-17	2.51734758198528e-14	5.328673472777861e-15	5.2135881886741635e-28	1.139058656028861e-09	2.3337947935378174e-23	7.696044352828875e-19	3.2845806434135764e-14	7.137710046497065e-16	9.63034847092786e-25	2.956028473298781e-25	2.7018818048792238e-24	9.024246983445085e-23	5.348793831353862e-19	7.65459464877082e-17	2.523189916083436e-18	1.7003222838381505e-23	1.4191677310368162e-22	2.694331831901549e-11	2.667399214175162e-11	7.062004256292675e-09	2.0213067537349404e-24	6.442041440488362e-35	6.925594992786005e-20	6.375875906635619e-33	8.045372983610619e-23	1.1505823880583e-11	1.2744084990862567e-09	6.591274961399138e-14	8.223968247700077e-21	1.982446597871392e-06	1.1759339777606189e-12	9.08548791866032e-09	4.3831654503100765e-11	2.312523135900625e-11	1.5462037141623125e-13	2.590873479841148e-13	4.109707271231923e-23	3.862807934659842e-13	1.0618691574039941e-24	5.444652000460248e-33	3.3214457678328003e-14	1.6610479692644628e-16	7.181490041348216e-20	3.4792541576043976e-42	1.0136574363791736e-32	4.301579288325805e-36	0.0	0.0
625.5942530502275	13564072.860672235	4205803.394132871	424452.275575868	28.00282324075095	73.02795888536872	2.155685835332347e-17	0.0004115122686211	0.0001927594176895	1.6885409119277648e-12	5.664009479865081e-23	1.7222192437782335e-36	1.176910162244931e-40	6.333206085836265e-28	4.222576023001997e-18	8.806039682895065e-11	3.375083407711259e-45	8.502646483188438e-20	5.195057091140584e-33	3.81864387489757e-25	8.362665135510612e-20	1.4583679387480076e-22	2.725477917800194e-17	0.0001333278011975	8.731233088076453e-05	1.2105931106969802e-19	4.04269890020619e-15	1.4523081117787616e-14	7.297672505701997e-23	2.925127296198984e-15	2.025598065392768e-23	5.746168421862055e-21	4.920934723047026e-22	4.352956039738722e-31	2.6318069060303417e-21	1.1187993814528235e-16	4.554389281042521e-25	5.65772333844748e-10	2.2859404011210823e-15	7.886211261921608e-17	0.9991730512594148	5.0717976057032426e-08	1.5852849738120366e-17	1.2766598353761136e-18	3.97768236359637e-18	1.9699055931351186e-17	7.382032692669195e-17	3.091818841466503e-16	1.174501811418976e-13	6.152106889688437e-27	4.666407402054399e-10	7.126044608281932e-25	7.652305802872411e-20	1.4434062410891855e-14	1.0813331815752968e-16	1.998136257681269e-23	6.152628792339419e-24	4.308816537869662e-23	1.4128536998762062e-26	1.69599260190899e-21	2.5508682723758624e-17	2.6478673858079093e-18	7.216245397476127e-23	5.15548606357052e-23	1.5850016809036384e-10	1.6003820948007648e-11	3.871985976738979e-07	3.1684376079513263e-23	1.3052242513651623e-37	2.5494354339964966e-20	3.101907659086292e-32	9.847622666129662e-23	1.5791703880431439e-12	1.6104239287113335e-08	4.68639100471221e-14	6.1678664326380026e-21	1.5767174552731374e-06	1.3271545252424357e-12	4.711769068886749e-09	1.3330633718338594e-10	3.6885381332079874e-11	1.7095424920093446e-13	9.598279062140733e-19	5.7185133899537056e-24	1.9833670146369825e-12	9.343904429753819e-29	4.681036825541602e-33	3.7175034784604303e-14	1.452911316700339e-16	9.995096034396261e-20	5.12862346087212e-39	2.6690048682014406e-31	5.213991476155464e-33	0.0	0.0
775.4497472732588	25234737.020324413	3694805.945571405	537461.0943419193	28.002823898748307	109.60665737952294	5.8171817502629495e-16	0.0004076561533562	0.0001951921712321	4.034498757619723e-12	1.3149176526525975e-20	8.42707348800716e-35	1.34895738370379e-38	1.6661261313328215e-26	1.267937978684358e-17	8.814521290347731e-11	1.1638872182643756e-43	2.9885050434577016e-20	1.2703317689069166e-32	7.938709943302761e-26	4.005273751226736e-18	1.2064907186436355e-22	1.6233629805058952e-17	0.000137140172942	8.487998390672181e-05	3.9496897472473804e-20	6.277623617678916e-14	4.9639387956273465e-15	1.3543051189835804e-22	1.0814035335104302e-15	2.0004704815846757e-23	4.692698600575529e-19	3.86084775195719e-20	3.9288074864114684e-28	4.829626806621564e-21	7.820026688201333e-17	3.684034488216353e-23	5.674868635413547e-10	7.766201958480509e-15	4.276592781550585e-16	0.9991730727882436	5.8459679560818055e-08	2.0892851586198457e-19	1.659204554216695e-17	1.2602320650529012e-20	3.8211674443023413e-19	3.344934827114685e-17	1.6815425354277302e-17	2.750875733790566e-12	4.315887485395622e-25	5.828248822221139e-11	8.954371815366209e-27	5.433485800116306e-21	4.042495044065923e-15	1.5005861779292288e-17	6.444298551626426e-22	2.5744548597440413e-22	1.5335882097934636e-21	6.917912979814309e-25	8.940217873843924e-23	6.558975211550758e-19	3.2954788358820637e-18	1.7289227736545613e-22	1.6437723339380332e-24	2.331146930707569e-10	4.6147937726318156e-12	1.7989345219301292e-06	3.776999411798351e-24	1.2816679812956188e-33	1.7405156061884204e-21	3.350316848406777e-31	1.1019783478855164e-22	2.073676840242265e-13	1.757214135962894e-09	2.3651639389031614e-13	3.2018206834545125e-18	1.966956094433479e-07	1.4014685484081293e-12	1.8593080984622703e-09	1.6843637106910195e-11	4.673602658823057e-11	4.437538346518904e-17	3.13259147329519e-28	4.653071867741825e-21	1.1599316032496496e-14	2.6484795058088743e-32	5.482301260172247e-36	3.774671501027663e-14	1.929712991042754e-16	5.901814184900259e-20	1.3408595475908397e-33	2.300299150951401e-29	1.3877561515148236e-30	0.0	0.0
963.050614242706	46946957.527134165	3061450.90044837	666338.2954942883	28.002824114793103	164.1913040793541	5.64572203701052e-15	0.0004043515576826	0.0001983230336269	5.5146449253371375e-12	1.917646712245704e-21	1.286022722243687e-32	6.779782125004115e-36	1.1705676541929255e-25	2.080511594414016e-17	8.817828304812007e-11	4.896356571017013e-43	6.789741293206456e-20	9.422426609111394e-33	2.473656505308669e-26	1.318374933600796e-18	8.555028973629326e-25	1.3095786081965412e-19	0.0001404317043262	8.174917196779075e-05	1.448094232393461e-20	4.659533460728839e-13	1.5053274509511249e-15	1.3445380481398973e-22	7.263483389160864e-16	1.5373008178343968e-23	6.3980612523705575e-22	2.95927888545904e-18	8.273642975442783e-26	9.66604352962508e-21	2.3764798220816428e-17	8.028973868265839e-22	5.69749189173947e-10	1.0778189834125961e-13	1.0970434618560013e-15	0.9991730790380152	6.351684978580073e-08	1.392942702937153e-19	9.674735269770732e-17	2.4546419384291057e-23	9.445263503009298e-22	7.348472248897638e-18	1.1306468263672781e-18	2.188827224437572e-11	1.2234712492182528e-24	2.4063797803838173e-14	5.460047179509796e-29	1.409795904233644e-23	1.406354261847131e-15	1.0828779932813877e-19	8.35093110232518e-21	1.6242151344996245e-22	2.376177058743636e-20	4.97934481784979e-26	2.407103191611986e-23	7.702855370272e-22	5.7691952407998724e-18	2.4163906492490946e-22	1.389215529749547e-25	6.699756037337513e-11	1.9972002333094947e-14	1.9651365361574537e-06	7.390978644910563e-27	5.438110214778965e-32	8.727331825787318e-24	1.4756742648570233e-30	1.1561449126406406e-22	6.623081894577471e-15	3.1824461798648364e-11	7.989283288727025e-13	8.392191643167533e-16	3.5957530117281035e-08	1.2921417904755856e-12	4.170853200226032e-11	6.365596411170993e-13	5.417772159965715e-11	7.522795995156193e-22	1.4689848427527514e-39	8.523973779927466e-19	1.2702379457627783e-16	5.2695966879303924e-36	5.626792951720739e-35	6.265491110887745e-14	7.998991369097857e-17	1.238175173717242e-20	5.922777571969487e-32	4.039907272264112e-28	5.255571548225451e-29	0.0	0.0
1205.006469160461	87340590.04773432	2270946.616730065	748409.036804999	28.002824122972157	244.1285410248744	2.5761626151102388e-12	0.000386310037938	0.0002163616116108	4.5667328890088367e-10	2.523249503683401e-18	9.224643963919558e-27	6.684996923342894e-29	1.4605584563542193e-21	2.027291111119403e-15	8.798672003966425e-11	2.7060461095261844e-35	8.611600486303503e-18	1.934976184055905e-27	9.58919952565962e-24	3.2963264547064226e-18	6.04368715424041e-24	1.6099121412585332e-20	0.0001584712727441	6.371047140746414e-05	4.658200882411625e-19	2.638902481102337e-12	4.250596620810444e-14	1.0222635998492703e-20	5.721222159506907e-16	1.026990317585237e-21	7.591699847460502e-19	1.363184249348426e-16	3.1423908735932986e-22	3.3182089910529207e-19	4.401252901219513e-17	6.877483447178268e-19	6.095594071506472e-10	2.5435201319406125e-13	1.5155597678774504e-13	0.9991730787636218	6.585764190573458e-08	2.59280415579542e-17	2.8648021134156714e-14	3.644437370254881e-21	2.6912387749797608e-20	1.19959135516563e-17	8.72414457432576e-18	1.0518282940405492e-10	7.030938452297418e-23	3.111927595975826e-16	9.975178732205762e-30	1.0591461844684765e-21	6.702626064411357e-16	3.204549073965023e-19	9.128135214714264e-20	1.7985884497470367e-21	1.7501291247441643e-17	1.7278972062333617e-22	4.3239931671917996e-20	7.573998894692133e-25	1.10355582455776e-17	1.9474970137573967e-20	3.928165089390317e-25	1.4417385628144504e-09	1.0378453633964981e-13	1.963564732694989e-06	5.517141479263365e-28	2.556375664861618e-31	2.5769390173252606e-26	8.045376188978049e-29	2.9614089767908725e-23	1.498959987640367e-12	5.939794369080776e-10	1.5046448365647726e-11	4.548614237692413e-14	3.4964455761250715e-08	2.3019960796990065e-12	1.0408544692001329e-13	8.964075878327255e-12	1.26734727511808e-10	2.575958298854425e-20	7.375017735029173e-38	3.145990180272472e-17	6.4872807167198105e-15	3.807304706901505e-36	6.401703116731277e-33	2.245749970921938e-13	2.007214485236646e-16	1.0085276539546581e-18	8.997450188597733e-27	1.494302936560151e-23	4.052124195360564e-25	0.0	0.0
1522.9917499637463	162489308.60913318	1274977.966934867	601213.7644044443	28.00282243137511	359.351139488876	8.14342511143835e-10	0.0003658431190881	0.0002368712288457	3.47166474092218e-08	5.6207871201453e-14	2.2606480383096653e-22	1.658784690532736e-23	6.115291928064801e-19	6.477400796331255e-15	3.328193249027955e-12	1.0506205950326837e-29	1.868473740002192e-17	3.8394441026183135e-24	1.0309209009844186e-22	2.5505164448015813e-19	2.3087613031392432e-24	1.1164841564969024e-22	0.000178998521944	4.3177960974436985e-05	7.370818356123972e-18	4.7276883316440216e-12	1.4603755515338365e-12	3.4313329199849143e-19	2.408575932486199e-16	2.8882349233899205e-21	1.6875102518762234e-14	1.334812206127654e-16	2.8100024951264645e-20	8.502380668058032e-15	1.2053966788028246e-13	9.044258933534417e-16	1.817545239459078e-09	4.3644314200924003e-10	1.7029638905544252e-11	0.9991730180159136	6.612607623520374e-08	3.3712449339076693e-15	6.774875930332908e-12	7.852120305130276e-19	1.760966208348109e-18	3.1576108012516594e-14	2.78986386630293e-16	3.461461168240677e-10	7.928426127647156e-18	3.824111947577545e-13	1.472830823088406e-31	1.1497951761859303e-20	1.1333830593185347e-15	1.2387387555708686e-19	1.1555430650513298e-20	2.4918500454167057e-17	8.731492736761138e-15	6.136255039929339e-18	9.373990360669626e-17	6.915390273662956e-24	2.0985998192438147e-18	1.4861216029925708e-19	9.992018612144604e-26	3.4001714607572886e-08	1.5459568148164252e-11	1.8859294841048208e-06	2.3355371745111768e-27	1.521190191813958e-29	4.5854200547376735e-27	1.2974333088412897e-33	2.9292568924126144e-30	4.926847069301512e-10	1.4273393764134218e-08	3.1266775412552284e-09	1.4624503142750386e-12	3.884121332618233e-08	4.811912862725048e-12	6.16424996431231e-11	1.6166844612371478e-10	9.928889080941473e-09	2.4804050260782187e-18	6.786883114947614e-35	1.3601096487198665e-15	3.901319724503263e-13	3.617051193299361e-37	4.400716117652196e-37	2.258183424195388e-11	4.1470570547943365e-17	3.434836139513224e-18	1.0300959259634764e-20	1.357368540572861e-20	1.6572321105598309e-18	0.0	0.0
1957.522465	302296737.38	0.0	170219.1765120899	28.002784296920797	520.1371815505709	9.616625156301581e-08	0.0003539173066839	0.0002487738188082	1.3109126829819353e-06	2.3133291892188383e-10	9.601334025169637e-19	4.620333076120281e-19	8.498454703730314e-17	1.5791945874868578e-14	2.1453493679974814e-13	3.488389718303605e-25	2.7397697563972682e-17	1.6456038735552813e-21	6.07430207686086e-22	2.55646616615038e-20	9.424291802910514e-25	1.6903548482496635e-24	0.0001917253648733	3.046210405040809e-05	8.731391010315272e-17	8.513188348027255e-12	2.9537831576105806e-11	8.02649938609038e-18	1.3938700773365523e-16	7.268982534131527e-21	7.042122635538689e-11	1.269921111879771e-16	1.1199157202490049e-18	2.7704778178774595e-11	6.189584333501184e-11	2.400930754570311e-13	3.1097646925281636e-09	1.401738930281247e-07	5.639588855164105e-10	0.999171594682866	4.3800616721524244e-08	2.3943337156927053e-13	7.163577260030427e-10	8.740745843052624e-17	2.672884384608505e-17	1.5743400617605464e-11	3.721276121081037e-15	6.124804133628514e-10	8.350473413008709e-14	1.5537313619672172e-10	4.056936801729724e-31	5.432076241807232e-20	1.3625823192564614e-15	3.7303441199885015e-20	2.239630948729365e-21	4.965868613785499e-14	1.0376672071883481e-12	3.9592398140413324e-14	5.887087753803664e-14	2.310719238549579e-23	3.5133596505404132e-19	5.197832903684272e-19	1.8124356265872662e-26	2.833174418812757e-07	6.224073736593157e-10	1.129041559211634e-06	6.843905960525628e-27	3.754320150350564e-28	9.720741968710844e-28	7.035859108378807e-47	0.0	3.623058970223944e-08	7.020223732498749e-08	1.5691042390183708e-07	1.6222408748575695e-11	2.5951828284398043e-08	3.3805947333426764e-12	4.8894242424534794e-09	6.632954938905412e-10	2.218275432802603e-07	1.5062513867963368e-17	4.8474153907455065e-34	2.0470166814955567e-14	2.524409027260225e-12	5.03571830893378e-36	1.2158103464201546e-37	3.84887679967054e-10	6.689817219235178e-18	5.5956336973416824e-18	1.1651069284318079e-15	3.587695155089116e-18	4.174761200823809e-13	0.0	0.0
