SEQ='N '     NUCCHG= 7                                                  /LS/

   PARENT TERM INDEXING                 BWNP=  11835491.1   NPRNTI= 4   NPRNTF= 4
   --------------------
   INDP         CODE                 S L   WI        WNP
   ----         ----                 - -   --  ----------
     1          2S2 2P2             (3)1( 4.0)        0.0 
     2          2S2 2P2             (1)2( 2.0)    17957.0 
     3          2S2 2P2             (1)0( 0.0)    32477.5 
     4          2S1 2P3             (5)0( 2.0)    39696.0 

   LS RESOLVED TERM INDEXING            BWNR=  11943486.1   NTRM= 406
   -------------------------
   INDX  INDP   CODE                 S L   WJ        WNR
   ----  ----   ----                 - -   --  ----------
     1  9999    2S2 2P3             (4)0( 1.5)        0.0 
     2  9999    2S2 2P3             (2)2( 4.5)    19204.0 
     3  9999    2S2 2P3             (2)1( 2.5)    28860.9 
     4     1    2S2 2P2 3S1         (4)1( 5.5)    75192.4 
     5     1    2S2 2P2 3S1         (2)1( 2.5)    77914.0 
     6     1    2S2 2P2 3P1         (2)0( 0.5)    82977.7 
     7  9999    2S1 2P4             (4)1( 5.5)    83290.7 
     8     1    2S2 2P2 3P1         (4)2( 9.5)    83638.8 
     9     1    2S2 2P2 3P1         (4)1( 5.5)    84079.0 
    10     1    2S2 2P2 3P1         (2)2( 4.5)    88785.1 
    11     1    2S2 2P2 3P1         (2)1( 2.5)    90268.4 
    12     2    2S2 2P2 3S1         (2)2( 4.5)    94056.6 
    13     1    2S2 2P2 4S1         (4)1( 5.5)    94449.7 
    14     1    2S2 2P2 3P1         (4)0( 1.5)    94863.8 
    15     1    2S2 2P2 4S1         (2)1( 2.5)    95183.6 
    16     1    2S2 2P2 3D1         (2)1( 2.5)    95542.6 
    17     1    2S2 2P2 3D1         (4)1( 5.5)    95572.9 
    18     1    2S2 2P2 3D1         (4)3(13.5)    95621.8 
    19     1    2S2 2P2 3D1         (2)3( 6.5)    95736.3 
    20     1    2S2 2P2 3D1         (4)2( 9.5)    95867.3 
    21     1    2S2 2P2 3D1         (2)2( 4.5)    96011.4 
    22     1    2S2 2P2 4P1         (2)0( 0.5)    96759.3 
    23     1    2S2 2P2 4P1         (4)2( 9.5)    96964.1 
    24     1    2S2 2P2 4P1         (4)1( 5.5)    97100.5 
    25     1    2S2 2P2 4P1         (2)2( 4.5)    99004.4 
    26     1    2S2 2P2 4P1         (2)1( 2.5)    99507.7 
    27     1    2S2 2P2 4P1         (4)0( 1.5)   100362.5 
    28     1    2S2 2P2 5S1         (4)1( 5.5)   100596.6 
    29     1    2S2 2P2 5S1         (2)1( 2.5)   100896.9 
    30     1    2S2 2P2 4D1         (2)1( 2.5)   101018.3 
    31     1    2S2 2P2 4D1         (4)1( 5.5)   101035.5 
    32     1    2S2 2P2 4D1         (4)3(13.5)   101042.0 
    33     1    2S2 2P2 4D1         (2)3( 6.5)   101107.2 
    34     1    2S2 2P2 4F1         (4)2( 9.5)   101111.9 
    35     1    2S2 2P2 4F1         (2)2( 4.5)   101111.9 
    36     1    2S2 2P2 4F1         (4)4(17.5)   101125.8 
    37     1    2S2 2P2 4F1         (2)4( 8.5)   101126.2 
    38     1    2S2 2P2 4D1         (4)2( 9.5)   101143.1 
    39     1    2S2 2P2 4F1         (4)3(13.5)   101166.4 
    40     1    2S2 2P2 4F1         (2)3( 6.5)   101166.8 
    41     1    2S2 2P2 4D1         (2)2( 4.5)   101225.1 
    42     1    2S2 2P2 5P1         (2)0( 0.5)   101576.0 
    43     1    2S2 2P2 5P1         (4)2( 9.5)   101665.7 
    44     1    2S2 2P2 5P1         (4)1( 5.5)   101725.6 
    45     2    2S2 2P2 3P1         (2)3( 6.5)   102454.6 
    46     1    2S2 2P2 5P1         (2)2( 4.5)   102616.7 
    47     1    2S2 2P2 5P1         (2)1( 2.5)   102841.0 
    48     1    2S2 2P2 5P1         (4)0( 1.5)   103154.8 
    49     1    2S2 2P2 6S1         (4)1( 5.5)   103336.1 
    50     1    2S2 2P2 6S1         (2)1( 2.5)   103487.8 
    51     1    2S2 2P2 5D1         (2)1( 2.5)   103543.0 
    52     1    2S2 2P2 5D1         (4)3(13.5)   103552.8 
    53     1    2S2 2P2 5D1         (4)1( 5.5)   103552.8 
    54     1    2S2 2P2 5G1         (4)3(13.5)   103572.2 
    55     1    2S2 2P2 5G1         (2)3( 6.5)   103572.2 
    56     1    2S2 2P2 5G1         (4)4(17.5)   103572.2 
    57     1    2S2 2P2 5G1         (2)4( 8.5)   103572.2 
    58     1    2S2 2P2 5G1         (4)5(21.5)   103572.2 
    59     1    2S2 2P2 5G1         (2)5(10.5)   103572.2 
    60     1    2S2 2P2 5D1         (2)3( 6.5)   103590.1 
    61     1    2S2 2P2 5F1         (4)2( 9.5)   103592.9 
    62     1    2S2 2P2 5F1         (2)2( 4.5)   103592.9 
    63     1    2S2 2P2 5F1         (4)4(17.5)   103600.0 
    64     1    2S2 2P2 5F1         (2)4( 8.5)   103600.2 
    65     1    2S2 2P2 5D1         (4)2( 9.5)   103604.0 
    66     1    2S2 2P2 5F1         (4)3(13.5)   103620.7 
    67     1    2S2 2P2 5F1         (2)3( 6.5)   103621.1 
    68     1    2S2 2P2 5D1         (2)2( 4.5)   103650.9 
    69     1    2S2 2P2 6P1         (2)0( 0.5)   103838.9 
    70     1    2S2 2P2 6P1         (4)2( 9.5)   103886.2 
    71     1    2S2 2P2 6P1         (4)1( 5.5)   103917.8 
    72     1    2S2 2P2 6P1         (2)2( 4.5)   104399.5 
    73     1    2S2 2P2 6P1         (2)1( 2.5)   104518.6 
    74     1    2S2 2P2 6P1         (4)0( 1.5)   104672.4 
    75     1    2S2 2P2 7S1         (4)1( 5.5)   104793.0 
    76     1    2S2 2P2 7S1         (2)1( 2.5)   104880.1 
    77     1    2S2 2P2 6D1         (2)1( 2.5)   104909.9 
    78     1    2S2 2P2 6D1         (4)3(13.5)   104914.9 
    79     1    2S2 2P2 6D1         (4)1( 5.5)   104915.9 
    80     1    2S2 2P2 6G1         (4)3(13.5)   104927.5 
    81     1    2S2 2P2 6G1         (2)3( 6.5)   104927.5 
    82     1    2S2 2P2 6G1         (4)4(17.5)   104927.5 
    83     1    2S2 2P2 6G1         (2)4( 8.5)   104927.5 
    84     1    2S2 2P2 6G1         (4)5(21.5)   104927.5 
    85     1    2S2 2P2 6G1         (2)5(10.5)   104927.5 
    86     1    2S2 2P2 6H1         (4)4(17.5)   104936.8 
    87     1    2S2 2P2 6H1         (2)4( 8.5)   104936.8 
    88     1    2S2 2P2 6H1         (4)5(21.5)   104936.8 
    89     1    2S2 2P2 6H1         (2)5(10.5)   104936.8 
    90     1    2S2 2P2 6H1         (4)6(25.5)   104936.8 
    91     1    2S2 2P2 6H1         (2)6(12.5)   104936.8 
    92     1    2S2 2P2 6D1         (2)3( 6.5)   104937.7 
    93     1    2S2 2P2 6F1         (4)2( 9.5)   104939.4 
    94     1    2S2 2P2 6F1         (2)2( 4.5)   104939.4 
    95     1    2S2 2P2 6F1         (4)4(17.5)   104943.5 
    96     1    2S2 2P2 6F1         (2)4( 8.5)   104943.7 
    97     1    2S2 2P2 6D1         (4)2( 9.5)   104944.3 
    98     1    2S2 2P2 6F1         (4)3(13.5)   104955.4 
    99     1    2S2 2P2 6F1         (2)3( 6.5)   104955.7 
   100     1    2S2 2P2 6D1         (2)2( 4.5)   104972.9 
   101     1    2S2 2P2 7P1         (2)0( 0.5)   105084.3 
   102     1    2S2 2P2 7P1         (4)2( 9.5)   105112.3 
   103     1    2S2 2P2 7P1         (4)1( 5.5)   105131.0 
   104     1    2S2 2P2 7P1         (2)2( 4.5)   105419.5 
   105     1    2S2 2P2 7P1         (2)1( 2.5)   105490.3 
   106     1    2S2 2P2 7P1         (4)0( 1.5)   105578.2 
   107     1    2S2 2P2 8S1         (4)1( 5.5)   105659.5 
   108     1    2S2 2P2 8S1         (2)1( 2.5)   105714.1 
   109     1    2S2 2P2 7D1         (2)1( 2.5)   105732.0 
   110     1    2S2 2P2 7D1         (4)3(13.5)   105734.9 
   111     1    2S2 2P2 7D1         (4)1( 5.5)   105735.9 
   112     1    2S2 2P2 7G1         (4)3(13.5)   105743.3 
   113     1    2S2 2P2 7G1         (2)3( 6.5)   105743.3 
   114     1    2S2 2P2 7G1         (4)4(17.5)   105743.3 
   115     1    2S2 2P2 7G1         (2)4( 8.5)   105743.3 
   116     1    2S2 2P2 7G1         (4)5(21.5)   105743.3 
   117     1    2S2 2P2 7G1         (2)5(10.5)   105743.3 
   118     1    2S2 2P2 7H1         (4)4(17.5)   105749.2 
   119     1    2S2 2P2 7H1         (2)4( 8.5)   105749.2 
   120     1    2S2 2P2 7H1         (4)5(21.5)   105749.2 
   121     1    2S2 2P2 7H1         (2)5(10.5)   105749.2 
   122     1    2S2 2P2 7H1         (4)6(25.5)   105749.2 
   123     1    2S2 2P2 7H1         (2)6(12.5)   105749.2 
   124     1    2S2 2P2 7D1         (2)3( 6.5)   105749.7 
   125     1    2S2 2P2 7F1         (4)2( 9.5)   105750.8 
   126     1    2S2 2P2 7F1         (2)2( 4.5)   105750.8 
   127     1    2S2 2P2 7I1         (4)5(21.5)   105751.8 
   128     1    2S2 2P2 7I1         (2)5(10.5)   105751.8 
   129     1    2S2 2P2 7I1         (4)6(25.5)   105751.8 
   130     1    2S2 2P2 7I1         (2)6(12.5)   105751.8 
   131     1    2S2 2P2 7I1         (4)7(29.5)   105751.8 
   132     1    2S2 2P2 7I1         (2)7(14.5)   105751.8 
   133     1    2S2 2P2 7D1         (4)2( 9.5)   105753.3 
   134     1    2S2 2P2 7F1         (4)4(17.5)   105753.4 
   135     1    2S2 2P2 7F1         (2)4( 8.5)   105753.5 
   136     1    2S2 2P2 7F1         (4)3(13.5)   105760.9 
   137     1    2S2 2P2 7F1         (2)3( 6.5)   105761.1 
   138     1    2S2 2P2 7D1         (2)2( 4.5)   105771.9 
   139     1    2S2 2P2 8P1         (2)0( 0.5)   105842.9 
   140     1    2S2 2P2 8P1         (4)2( 9.5)   105860.9 
   141     1    2S2 2P2 8P1         (4)1( 5.5)   105872.9 
   142     1    2S2 2P2 8P1         (2)2( 4.5)   106059.0 
   143     1    2S2 2P2 8P1         (2)1( 2.5)   106104.5 
   144     1    2S2 2P2 8P1         (4)0( 1.5)   106159.8 
   145     1    2S2 2P2 8D1         (2)1( 2.5)   106264.5 
   146     1    2S2 2P2 8D1         (4)3(13.5)   106266.3 
   147     1    2S2 2P2 8D1         (4)1( 5.5)   106267.2 
   148     1    2S2 2P2 8G1         (4)3(13.5)   106272.2 
   149     1    2S2 2P2 8G1         (2)3( 6.5)   106272.2 
   150     1    2S2 2P2 8G1         (4)4(17.5)   106272.2 
   151     1    2S2 2P2 8G1         (2)4( 8.5)   106272.2 
   152     1    2S2 2P2 8G1         (4)5(21.5)   106272.2 
   153     1    2S2 2P2 8G1         (2)5(10.5)   106272.2 
   154     1    2S2 2P2 8H1         (4)4(17.5)   106276.1 
   155     1    2S2 2P2 8H1         (2)4( 8.5)   106276.1 
   156     1    2S2 2P2 8H1         (4)5(21.5)   106276.1 
   157     1    2S2 2P2 8H1         (2)5(10.5)   106276.1 
   158     1    2S2 2P2 8H1         (4)6(25.5)   106276.1 
   159     1    2S2 2P2 8H1         (2)6(12.5)   106276.1 
   160     1    2S2 2P2 8D1         (2)3( 6.5)   106276.5 
   161     1    2S2 2P2 8F1         (4)2( 9.5)   106277.2 
   162     1    2S2 2P2 8F1         (2)2( 4.5)   106277.2 
   163     1    2S2 2P2 8I1         (4)5(21.5)   106277.9 
   164     1    2S2 2P2 8I1         (2)5(10.5)   106277.9 
   165     1    2S2 2P2 8I1         (4)6(25.5)   106277.9 
   166     1    2S2 2P2 8I1         (2)6(12.5)   106277.9 
   167     1    2S2 2P2 8I1         (4)7(29.5)   106277.9 
   168     1    2S2 2P2 8I1         (2)7(14.5)   106277.9 
   169     1    2S2 2P2 8D1         (4)2( 9.5)   106278.6 
   170     1    2S2 2P2 8J1         (4)6(25.5)   106278.8 
   171     1    2S2 2P2 8J1         (2)6(12.5)   106278.8 
   172     1    2S2 2P2 8J1         (4)7(29.5)   106278.8 
   173     1    2S2 2P2 8J1         (2)7(14.5)   106278.8 
   174     1    2S2 2P2 8J1         (4)8(33.5)   106278.8 
   175     1    2S2 2P2 8J1         (2)8(16.5)   106278.8 
   176     1    2S2 2P2 8F1         (4)4(17.5)   106278.9 
   177     1    2S2 2P2 8F1         (2)4( 8.5)   106279.0 
   178     1    2S2 2P2 8F1         (4)3(13.5)   106284.0 
   179     1    2S2 2P2 8F1         (2)3( 6.5)   106284.1 
   180     1    2S2 2P2 8D1         (2)2( 4.5)   106291.4 
   181     2    2S2 2P2 3P1         (2)1( 2.5)   107764.2 
   182     3    2S2 2P2 3S1         (2)0( 0.5)   108679.9*
   183     2    2S2 2P2 3P1         (2)2( 4.5)   109488.6*
   184     2    2S2 2P2 4S1         (2)2( 4.5)   112651.4*
   185     2    2S2 2P2 3D1         (2)3( 6.5)   113474.1*
   186     2    2S2 2P2 3D1         (2)2( 4.5)   113618.9*
   187     2    2S2 2P2 3D1         (2)4( 8.5)   113760.6*
   188     2    2S2 2P2 3D1         (2)1( 2.5)   113899.3*
   189     4    2S1 2P3 3S1         (6)0( 2.5)   114012.7*
   190     2    2S2 2P2 3D1         (2)0( 0.5)   114088.8*
   191     2    2S2 2P2 4P1         (2)3( 6.5)   115191.7*
   192     2    2S2 2P2 4P1         (2)1( 2.5)   116574.7*
   193     2    2S2 2P2 4P1         (2)2( 4.5)   116853.1*
   194     2    2S2 2P2 5S1         (2)2( 4.5)   118653.7*
   195     2    2S2 2P2 4D1         (2)3( 6.5)   118965.0*
   196     2    2S2 2P2 4D1         (2)2( 4.5)   119028.3*
   197     2    2S2 2P2 4F1         (2)4( 8.5)   119062.8*
   198     2    2S2 2P2 4F1         (2)3( 6.5)   119070.8*
   199     2    2S2 2P2 4D1         (2)4( 8.5)   119076.7*
   200     2    2S2 2P2 4F1         (2)2( 4.5)   119105.4*
   201     2    2S2 2P2 4F1         (2)5(10.5)   119113.4*
   202     2    2S2 2P2 4F1         (2)1( 2.5)   119141.9*
   203     2    2S2 2P2 4D1         (2)1( 2.5)   119142.7*
   204     2    2S2 2P2 4D1         (2)0( 0.5)   119220.6*
   205     2    2S2 2P2 5P1         (2)3( 6.5)   119742.9*
   206     2    2S2 2P2 5P1         (2)1( 2.5)   120314.0*
   207     2    2S2 2P2 5P1         (2)2( 4.5)   120416.3*
   208     3    2S2 2P2 3P1         (2)1( 2.5)   120481.2*
   209     4    2S1 2P3 3S1         (4)0( 1.5)   121201.1*
   210     2    2S2 2P2 6S1         (2)2( 4.5)   121343.7*
   211     2    2S2 2P2 5D1         (2)3( 6.5)   121494.8*
   212     2    2S2 2P2 5D1         (2)2( 4.5)   121527.6*
   213     2    2S2 2P2 5G1         (2)2( 4.5)   121529.2*
   214     2    2S2 2P2 5G1         (2)3( 6.5)   121529.2*
   215     2    2S2 2P2 5G1         (2)4( 8.5)   121529.2*
   216     2    2S2 2P2 5G1         (2)5(10.5)   121529.2*
   217     2    2S2 2P2 5G1         (2)6(12.5)   121529.2*
   218     2    2S2 2P2 5F1         (2)4( 8.5)   121546.8*
   219     2    2S2 2P2 5D1         (2)4( 8.5)   121549.8*
   220     2    2S2 2P2 5F1         (2)3( 6.5)   121550.9*
   221     2    2S2 2P2 5F1         (2)2( 4.5)   121568.6*
   222     2    2S2 2P2 5F1         (2)5(10.5)   121572.6*
   223     2    2S2 2P2 5D1         (2)1( 2.5)   121585.3*
   224     2    2S2 2P2 5F1         (2)1( 2.5)   121587.2*
   225     2    2S2 2P2 5D1         (2)0( 0.5)   121624.7*
   226     2    2S2 2P2 6P1         (2)3( 6.5)   121907.0*
   227     2    2S2 2P2 6P1         (2)1( 2.5)   122201.6*
   228     2    2S2 2P2 6P1         (2)2( 4.5)   122251.9*
   229     2    2S2 2P2 7S1         (2)2( 4.5)   122779.1*
   230     2    2S2 2P2 6D1         (2)3( 6.5)   122864.0*
   231     2    2S2 2P2 6D1         (2)2( 4.5)   122883.0*
   232     2    2S2 2P2 6G1         (2)2( 4.5)   122884.5*
   233     2    2S2 2P2 6G1         (2)3( 6.5)   122884.5*
   234     2    2S2 2P2 6G1         (2)4( 8.5)   122884.5*
   235     2    2S2 2P2 6G1         (2)5(10.5)   122884.5*
   236     2    2S2 2P2 6G1         (2)6(12.5)   122884.5*
   237     2    2S2 2P2 6H1         (2)3( 6.5)   122893.8*
   238     2    2S2 2P2 6H1         (2)4( 8.5)   122893.8*
   239     2    2S2 2P2 6H1         (2)5(10.5)   122893.8*
   240     2    2S2 2P2 6H1         (2)6(12.5)   122893.8*
   241     2    2S2 2P2 6H1         (2)7(14.5)   122893.8*
   242     2    2S2 2P2 6F1         (2)4( 8.5)   122894.6*
   243     2    2S2 2P2 6D1         (2)4( 8.5)   122895.1*
   244     2    2S2 2P2 6F1         (2)3( 6.5)   122897.0*
   245     2    2S2 2P2 6F1         (2)2( 4.5)   122907.2*
   246     2    2S2 2P2 6F1         (2)5(10.5)   122909.5*
   247     2    2S2 2P2 6D1         (2)1( 2.5)   122916.2*
   248     2    2S2 2P2 6F1         (2)1( 2.5)   122918.0*
   249     2    2S2 2P2 6D1         (2)0( 0.5)   122938.8*
   250     4    2S1 2P3 3P1         (6)1( 8.5)   122996.2*
   251     2    2S2 2P2 7P1         (2)3( 6.5)   123107.2*
   252     2    2S2 2P2 7P1         (2)1( 2.5)   123279.9*
   253     2    2S2 2P2 7P1         (2)2( 4.5)   123308.8*
   254     2    2S2 2P2 8S1         (2)2( 4.5)   123634.7*
   255     2    2S2 2P2 7D1         (2)3( 6.5)   123687.2*
   256     2    2S2 2P2 7D1         (2)2( 4.5)   123699.2*
   257     2    2S2 2P2 7G1         (2)2( 4.5)   123700.4*
   258     2    2S2 2P2 7G1         (2)3( 6.5)   123700.4*
   259     2    2S2 2P2 7G1         (2)4( 8.5)   123700.4*
   260     2    2S2 2P2 7G1         (2)5(10.5)   123700.4*
   261     2    2S2 2P2 7G1         (2)6(12.5)   123700.4*
   262     2    2S2 2P2 7H1         (2)3( 6.5)   123706.2*
   263     2    2S2 2P2 7H1         (2)4( 8.5)   123706.2*
   264     2    2S2 2P2 7H1         (2)5(10.5)   123706.2*
   265     2    2S2 2P2 7H1         (2)6(12.5)   123706.2*
   266     2    2S2 2P2 7H1         (2)7(14.5)   123706.2*
   267     2    2S2 2P2 7D1         (2)4( 8.5)   123706.5*
   268     2    2S2 2P2 7F1         (2)4( 8.5)   123706.7*
   269     2    2S2 2P2 7F1         (2)3( 6.5)   123708.2*
   270     2    2S2 2P2 7I1         (2)4( 8.5)   123708.8*
   271     2    2S2 2P2 7I1         (2)5(10.5)   123708.8*
   272     2    2S2 2P2 7I1         (2)6(12.5)   123708.8*
   273     2    2S2 2P2 7I1         (2)7(14.5)   123708.8*
   274     2    2S2 2P2 7I1         (2)8(16.5)   123708.8*
   275     2    2S2 2P2 7F1         (2)2( 4.5)   123714.6*
   276     2    2S2 2P2 7F1         (2)5(10.5)   123716.1*
   277     2    2S2 2P2 7D1         (2)1( 2.5)   123720.0*
   278     2    2S2 2P2 7F1         (2)1( 2.5)   123721.4*
   279     2    2S2 2P2 7D1         (2)0( 0.5)   123734.2*
   280     2    2S2 2P2 8P1         (2)3( 6.5)   123842.3*
   281     2    2S2 2P2 8P1         (2)1( 2.5)   123952.4*
   282     2    2S2 2P2 8P1         (2)2( 4.5)   123970.6*
   283     2    2S2 2P2 8D1         (2)3( 6.5)   124220.3*
   284     2    2S2 2P2 8D1         (2)2( 4.5)   124228.4*
   285     2    2S2 2P2 8G1         (2)2( 4.5)   124229.3*
   286     2    2S2 2P2 8G1         (2)3( 6.5)   124229.3*
   287     2    2S2 2P2 8G1         (2)4( 8.5)   124229.3*
   288     2    2S2 2P2 8G1         (2)5(10.5)   124229.3*
   289     2    2S2 2P2 8G1         (2)6(12.5)   124229.3*
   290     2    2S2 2P2 8D1         (2)4( 8.5)   124233.2*
   291     2    2S2 2P2 8H1         (2)3( 6.5)   124233.2*
   292     2    2S2 2P2 8H1         (2)4( 8.5)   124233.2*
   293     2    2S2 2P2 8H1         (2)5(10.5)   124233.2*
   294     2    2S2 2P2 8H1         (2)6(12.5)   124233.2*
   295     2    2S2 2P2 8H1         (2)7(14.5)   124233.2*
   296     2    2S2 2P2 8F1         (2)4( 8.5)   124233.5*
   297     2    2S2 2P2 8F1         (2)3( 6.5)   124234.5*
   298     2    2S2 2P2 8I1         (2)4( 8.5)   124234.9*
   299     2    2S2 2P2 8I1         (2)5(10.5)   124234.9*
   300     2    2S2 2P2 8I1         (2)6(12.5)   124234.9*
   301     2    2S2 2P2 8I1         (2)7(14.5)   124234.9*
   302     2    2S2 2P2 8I1         (2)8(16.5)   124234.9*
   303     2    2S2 2P2 8J1         (2)5(10.5)   124235.8*
   304     2    2S2 2P2 8J1         (2)6(12.5)   124235.8*
   305     2    2S2 2P2 8J1         (2)7(14.5)   124235.8*
   306     2    2S2 2P2 8J1         (2)8(16.5)   124235.8*
   307     2    2S2 2P2 8J1         (2)9(18.5)   124235.8*
   308     2    2S2 2P2 8F1         (2)2( 4.5)   124238.8*
   309     2    2S2 2P2 8F1         (2)5(10.5)   124239.8*
   310     2    2S2 2P2 8D1         (2)1( 2.5)   124242.3*
   311     2    2S2 2P2 8F1         (2)1( 2.5)   124243.4*
   312     2    2S2 2P2 8D1         (2)0( 0.5)   124251.7*
   313     3    2S2 2P2 4S1         (2)0( 0.5)   127198.5*
   314     3    2S2 2P2 3D1         (2)2( 4.5)   128208.2*
   315     4    2S1 2P3 3P1         (4)1( 5.5)   130353.3*
   316     3    2S2 2P2 4P1         (2)1( 2.5)   130508.3*
   317     3    2S2 2P2 5S1         (2)0( 0.5)   133185.0*
   318     3    2S2 2P2 4D1         (2)2( 4.5)   133570.6*
   319     3    2S2 2P2 4F1         (2)3( 6.5)   133613.8*
   320     4    2S1 2P3 4S1         (6)0( 2.5)   133910.9*
   321     3    2S2 2P2 5P1         (2)1( 2.5)   134592.6*
   322     4    2S1 2P3 3D1         (6)2(14.5)   135356.4*
   323     4    2S1 2P3 3D1         (4)2( 9.5)   135501.4*
   324     4    2S1 2P3 4S1         (4)0( 1.5)   135821.2*
   325     3    2S2 2P2 6S1         (2)0( 0.5)   135869.6*
   326     3    2S2 2P2 5G1         (2)4( 8.5)   136049.7*
   327     3    2S2 2P2 5D1         (2)2( 4.5)   136057.8*
   328     3    2S2 2P2 5F1         (2)3( 6.5)   136082.8*
   329     4    2S1 2P3 4P1         (6)1( 8.5)   136554.5*
   330     3    2S2 2P2 6P1         (2)1( 2.5)   136597.9*
   331     3    2S2 2P2 7S1         (2)0( 0.5)   137302.7*
   332     3    2S2 2P2 6G1         (2)4( 8.5)   137405.0*
   333     3    2S2 2P2 6D1         (2)2( 4.5)   137408.7*
   334     3    2S2 2P2 6H1         (2)5(10.5)   137414.3*
   335     3    2S2 2P2 6F1         (2)3( 6.5)   137424.1*
   336     3    2S2 2P2 7P1         (2)1( 2.5)   137727.8*
   337     3    2S2 2P2 8S1         (2)0( 0.5)   138157.1*
   338     3    2S2 2P2 7G1         (2)4( 8.5)   138220.8*
   339     3    2S2 2P2 7D1         (2)2( 4.5)   138222.8*
   340     3    2S2 2P2 7H1         (2)5(10.5)   138226.7*
   341     3    2S2 2P2 7I1         (2)6(12.5)   138229.3*
   342     3    2S2 2P2 7F1         (2)3( 6.5)   138232.8*
   343     3    2S2 2P2 8P1         (2)1( 2.5)   138426.7*
   344     3    2S2 2P2 8G1         (2)4( 8.5)   138749.7*
   345     3    2S2 2P2 8D1         (2)2( 4.5)   138750.9*
   346     3    2S2 2P2 8H1         (2)5(10.5)   138753.6*
   347     3    2S2 2P2 8I1         (2)6(12.5)   138755.4*
   348     3    2S2 2P2 8J1         (2)7(14.5)   138756.3*
   349     3    2S2 2P2 8F1         (2)3( 6.5)   138757.7*
   350     4    2S1 2P3 4P1         (4)1( 5.5)   139024.9*
   351     4    2S1 2P3 5S1         (6)0( 2.5)   140196.7*
   352     4    2S1 2P3 4D1         (6)2(14.5)   140751.3*
   353     4    2S1 2P3 4F1         (6)3(20.5)   140832.0*
   354     4    2S1 2P3 4F1         (4)3(13.5)   140832.4*
   355     4    2S1 2P3 4D1         (4)2( 9.5)   140834.1*
   356     4    2S1 2P3 5S1         (4)0( 1.5)   140974.6*
   357     4    2S1 2P3 5P1         (6)1( 8.5)   141314.9*
   358     4    2S1 2P3 5P1         (4)1( 5.5)   142426.5*
   359     4    2S1 2P3 6S1         (6)0( 2.5)   142983.8*
   360     4    2S1 2P3 5D1         (6)2(14.5)   143255.0*
   361     4    2S1 2P3 5G1         (6)4(26.5)   143268.2*
   362     4    2S1 2P3 5G1         (4)4(17.5)   143268.2*
   363     4    2S1 2P3 5F1         (6)3(20.5)   143301.1*
   364     4    2S1 2P3 5F1         (4)3(13.5)   143301.5*
   365     4    2S1 2P3 5D1         (4)2( 9.5)   143302.4*
   366     4    2S1 2P3 6S1         (4)0( 1.5)   143375.6*
   367     4    2S1 2P3 6P1         (6)1( 8.5)   143557.4*
   368     4    2S1 2P3 6P1         (4)1( 5.5)   144150.3*
   369     4    2S1 2P3 7S1         (6)0( 2.5)   144461.3*
   370     4    2S1 2P3 6D1         (6)2(14.5)   144614.2*
   371     4    2S1 2P3 6G1         (6)4(26.5)   144623.5*
   372     4    2S1 2P3 6G1         (4)4(17.5)   144623.5*
   373     4    2S1 2P3 6H1         (6)5(32.5)   144632.8*
   374     4    2S1 2P3 6H1         (4)5(21.5)   144632.8*
   375     4    2S1 2P3 6F1         (6)3(20.5)   144642.5*
   376     4    2S1 2P3 6F1         (4)3(13.5)   144642.7*
   377     4    2S1 2P3 6D1         (4)2( 9.5)   144643.3*
   378     4    2S1 2P3 7S1         (4)0( 1.5)   144686.0*
   379     4    2S1 2P3 7P1         (6)1( 8.5)   144793.5*
   380     4    2S1 2P3 7P1         (4)1( 5.5)   145146.6*
   381     4    2S1 2P3 8S1         (6)0( 2.5)   145338.2*
   382     4    2S1 2P3 7D1         (6)2(14.5)   145432.9*
   383     4    2S1 2P3 7G1         (6)4(26.5)   145439.4*
   384     4    2S1 2P3 7G1         (4)4(17.5)   145439.4*
   385     4    2S1 2P3 7H1         (6)5(32.5)   145445.2*
   386     4    2S1 2P3 7H1         (4)5(21.5)   145445.2*
   387     4    2S1 2P3 7I1         (6)6(38.5)   145447.8*
   388     4    2S1 2P3 7I1         (4)6(25.5)   145447.8*
   389     4    2S1 2P3 7F1         (6)3(20.5)   145451.3*
   390     4    2S1 2P3 7F1         (4)3(13.5)   145451.5*
   391     4    2S1 2P3 7D1         (4)2( 9.5)   145451.8*
   392     4    2S1 2P3 8S1         (4)0( 1.5)   145478.8*
   393     4    2S1 2P3 8P1         (6)1( 8.5)   145547.4*
   394     4    2S1 2P3 8P1         (4)1( 5.5)   145774.6*
   395     4    2S1 2P3 8D1         (6)2(14.5)   145963.7*
   396     4    2S1 2P3 8G1         (6)4(26.5)   145968.3*
   397     4    2S1 2P3 8G1         (4)4(17.5)   145968.3*
   398     4    2S1 2P3 8H1         (6)5(32.5)   145972.2*
   399     4    2S1 2P3 8H1         (4)5(21.5)   145972.2*
   400     4    2S1 2P3 8I1         (6)6(38.5)   145973.9*
   401     4    2S1 2P3 8I1         (4)6(25.5)   145973.9*
   402     4    2S1 2P3 8J1         (6)7(44.5)   145974.8*
   403     4    2S1 2P3 8J1         (4)7(29.5)   145974.8*
   404     4    2S1 2P3 8F1         (6)3(20.5)   145976.2*
   405     4    2S1 2P3 8F1         (4)3(13.5)   145976.4*
   406     4    2S1 2P3 8D1         (4)2( 9.5)   145976.6*

   N-SHELL INDEXING                                     NREP= 42
   ----------------
   IREP    N
   -----   -
     1     1
     2     2
     3     3
     4     4
     5     5
     6     6
     7     7
     8     8
     9     9
    10    10
    11    11
    12    12
    13    13
    14    14
    15    15
    16    16
    17    18
    18    20
    19    22
    20    25
    21    29
    22    35
    23    39
    24    45
    25    49
    26    55
    27    61
    28    70
    29    81
    30   100
    31   115
    32   140
    33   162
    34   200
    35   235
    36   300
    37   353
    38   450
    39   535
    40   700
    41   811
    42   999



 --------------------------------
 PRTI= 1  TRMPRT= (3P)  SPNPRT= 3

   INDX TE=  1.00E+01  2.00E+01  5.00E+01  1.00E+02  2.00E+02  5.00E+02  1.00E+03  2.00E+03  5.00E+03  1.00E+04
   ---- ---  2.00E+04  5.00E+04  1.00E+05  2.00E+05  5.00E+05  1.00E+06  2.00E+06  5.00E+06  1.00E+07
     1       3.18E-12  2.25E-12  1.42E-12  1.01E-12  7.13E-13  4.53E-13  3.23E-13  2.32E-13  1.53E-13  1.15E-13
             8.94E-14  6.87E-14  5.77E-14  4.68E-14  3.05E-14  1.88E-14  1.01E-14  3.75E-15  1.60E-15
     2       2.32E-12  1.64E-12  1.04E-12  7.36E-13  5.22E-13  3.32E-13  2.37E-13  1.70E-13  1.13E-13  8.65E-14
             6.96E-14  5.75E-14  5.18E-14  4.51E-14  3.17E-14  2.03E-14  1.13E-14  4.26E-15  1.83E-15
     3       1.05E-12  7.45E-13  4.71E-13  3.34E-13  2.36E-13  1.50E-13  1.07E-13  7.76E-14  5.20E-14  4.01E-14
             3.29E-14  2.85E-14  2.68E-14  2.43E-14  1.78E-14  1.17E-14  6.56E-15  2.51E-15  1.09E-15
     4       6.16E-15  4.36E-15  2.78E-15  1.98E-15  1.43E-15  9.62E-16  7.49E-16  6.31E-16  6.04E-16  6.72E-16
             7.93E-16  9.70E-16  1.07E-15  1.12E-15  1.10E-15  9.88E-16  7.96E-16  4.89E-16  2.91E-16
     5       2.38E-15  1.68E-15  1.07E-15  7.65E-16  5.53E-16  3.72E-16  2.91E-16  2.47E-16  2.41E-16  2.76E-16
             3.38E-16  4.35E-16  4.96E-16  5.35E-16  5.35E-16  4.86E-16  3.94E-16  2.43E-16  1.45E-16
     6       1.03E-14  7.30E-15  4.61E-15  3.25E-15  2.29E-15  1.44E-15  1.01E-15  7.14E-16  4.77E-16  3.91E-16
             3.61E-16  3.57E-16  3.45E-16  3.05E-16  2.13E-16  1.37E-16  7.64E-17  2.95E-17  1.28E-17
     7       1.83E-17  1.29E-17  8.19E-18  5.82E-18  4.15E-18  2.69E-18  1.99E-18  1.54E-18  1.28E-18  1.47E-18
             2.55E-18  9.02E-18  2.51E-17  5.88E-17  1.22E-16  1.54E-16  1.51E-16  1.05E-16  6.46E-17
     8       9.53E-14  6.73E-14  4.25E-14  3.00E-14  2.12E-14  1.33E-14  9.35E-15  6.62E-15  4.44E-15  3.67E-15
             3.43E-15  3.46E-15  3.37E-15  3.00E-15  2.11E-15  1.36E-15  7.60E-16  2.94E-16  1.28E-16
     9       5.41E-14  3.83E-14  2.42E-14  1.71E-14  1.20E-14  7.57E-15  5.32E-15  3.77E-15  2.54E-15  2.11E-15
             1.99E-15  2.03E-15  1.99E-15  1.78E-15  1.26E-15  8.10E-16  4.54E-16  1.76E-16  7.66E-17
    10       2.09E-14  1.47E-14  9.32E-15  6.59E-15  4.66E-15  2.94E-15  2.09E-15  1.51E-15  1.07E-15  9.66E-16
             1.01E-15  1.18E-15  1.25E-15  1.18E-15  8.71E-16  5.73E-16  3.25E-16  1.27E-16  5.55E-17
    11       9.78E-15  6.92E-15  4.37E-15  3.09E-15  2.19E-15  1.39E-15  9.89E-16  7.19E-16  5.23E-16  4.87E-16
             5.33E-16  6.53E-16  7.11E-16  6.83E-16  5.09E-16  3.37E-16  1.92E-16  7.50E-17  3.29E-17
    13       5.50E-17  3.97E-17  2.68E-17  2.11E-17  1.84E-17  1.98E-17  2.71E-17  4.38E-17  8.82E-17  1.40E-16
             2.00E-16  2.70E-16  3.03E-16  3.19E-16  3.11E-16  2.79E-16  2.25E-16  1.38E-16  8.21E-17
    14       2.99E-15  2.11E-15  1.34E-15  9.48E-16  6.73E-16  4.32E-16  3.13E-16  2.36E-16  1.91E-16  2.05E-16
             2.64E-16  3.84E-16  4.55E-16  4.61E-16  3.58E-16  2.41E-16  1.39E-16  5.48E-17  2.41E-17
    15       2.33E-17  1.68E-17  1.14E-17  8.94E-18  7.78E-18  8.45E-18  1.16E-17  1.91E-17  3.95E-17  6.42E-17
             9.37E-17  1.30E-16  1.48E-16  1.57E-16  1.54E-16  1.39E-16  1.12E-16  6.91E-17  4.10E-17
    16       6.79E-14  4.80E-14  3.03E-14  2.13E-14  1.50E-14  9.25E-15  6.32E-15  4.19E-15  2.26E-15  1.31E-15
             6.94E-16  2.64E-16  1.16E-16  4.82E-17  1.41E-17  5.37E-18  2.00E-18  5.28E-19  1.90E-19
    17       1.35E-13  9.53E-14  6.01E-14  4.23E-14  2.97E-14  1.84E-14  1.25E-14  8.32E-15  4.49E-15  2.60E-15
             1.38E-15  5.26E-16  2.32E-16  9.61E-17  2.81E-17  1.07E-17  3.99E-18  1.05E-18  3.79E-19
    18       3.11E-13  2.20E-13  1.39E-13  9.76E-14  6.85E-14  4.24E-14  2.89E-14  1.92E-14  1.04E-14  6.00E-15
             3.20E-15  1.22E-15  5.37E-16  2.23E-16  6.52E-17  2.48E-17  9.26E-18  2.45E-18  8.81E-19
    19       1.51E-13  1.07E-13  6.74E-14  4.75E-14  3.33E-14  2.06E-14  1.41E-14  9.36E-15  5.06E-15  2.94E-15
             1.57E-15  5.99E-16  2.64E-16  1.10E-16  3.22E-17  1.23E-17  4.58E-18  1.21E-18  4.36E-19
    20       2.09E-13  1.48E-13  9.32E-14  6.57E-14  4.61E-14  2.85E-14  1.95E-14  1.30E-14  7.04E-15  4.09E-15
             2.19E-15  8.39E-16  3.71E-16  1.54E-16  4.53E-17  1.73E-17  6.45E-18  1.71E-18  6.14E-19
    21       1.01E-13  7.13E-14  4.50E-14  3.17E-14  2.22E-14  1.38E-14  9.43E-15  6.28E-15  3.42E-15  1.99E-15
             1.07E-15  4.10E-16  1.82E-16  7.58E-17  2.23E-17  8.51E-18  3.18E-18  8.40E-19  3.03E-19
    22       5.17E-15  3.65E-15  2.30E-15  1.62E-15  1.13E-15  6.88E-16  4.61E-16  3.01E-16  1.69E-16  1.19E-16
             1.01E-16  1.01E-16  1.02E-16  9.34E-17  6.72E-17  4.38E-17  2.47E-17  9.62E-18  4.20E-18
    23       4.89E-14  3.46E-14  2.18E-14  1.53E-14  1.07E-14  6.52E-15  4.38E-15  2.86E-15  1.61E-15  1.14E-15
             9.79E-16  9.95E-16  1.01E-15  9.29E-16  6.70E-16  4.37E-16  2.47E-16  9.60E-17  4.20E-17
    24       2.83E-14  2.00E-14  1.26E-14  8.84E-15  6.17E-15  3.77E-15  2.54E-15  1.66E-15  9.40E-16  6.69E-16
             5.77E-16  5.91E-16  6.02E-16  5.55E-16  4.01E-16  2.62E-16  1.48E-16  5.76E-17  2.52E-17
    25       1.31E-14  9.25E-15  5.83E-15  4.11E-15  2.88E-15  1.78E-15  1.21E-15  8.14E-16  4.89E-16  3.80E-16
             3.67E-16  4.25E-16  4.56E-16  4.34E-16  3.20E-16  2.11E-16  1.20E-16  4.68E-17  2.05E-17
    26       6.61E-15  4.67E-15  2.95E-15  2.08E-15  1.46E-15  9.02E-16  6.19E-16  4.19E-16  2.57E-16  2.06E-16
             2.06E-16  2.46E-16  2.68E-16  2.57E-16  1.91E-16  1.26E-16  7.16E-17  2.80E-17  1.23E-17
    27       3.24E-15  2.29E-15  1.45E-15  1.02E-15  7.18E-16  4.48E-16  3.10E-16  2.14E-16  1.37E-16  1.16E-16
             1.23E-16  1.56E-16  1.74E-16  1.69E-16  1.27E-16  8.41E-17  4.79E-17  1.88E-17  8.24E-18
    28       8.82E-17  6.13E-17  3.68E-17  2.39E-17  1.43E-17  6.02E-18  4.34E-18  9.92E-18  3.11E-17  5.61E-17
             8.38E-17  1.14E-16  1.28E-16  1.34E-16  1.30E-16  1.17E-16  9.39E-17  5.78E-17  3.43E-17
    29       3.89E-17  2.71E-17  1.63E-17  1.06E-17  6.33E-18  2.66E-18  1.95E-18  4.56E-18  1.46E-17  2.68E-17
             4.06E-17  5.60E-17  6.32E-17  6.64E-17  6.48E-17  5.82E-17  4.69E-17  2.89E-17  1.71E-17
    30       4.14E-14  2.93E-14  1.85E-14  1.30E-14  9.13E-15  5.65E-15  3.86E-15  2.56E-15  1.38E-15  8.01E-16
             4.27E-16  1.62E-16  7.15E-17  2.97E-17  8.67E-18  3.30E-18  1.23E-18  3.25E-19  1.17E-19
    31       8.23E-14  5.81E-14  3.67E-14  2.58E-14  1.81E-14  1.12E-14  7.67E-15  5.09E-15  2.75E-15  1.59E-15
             8.49E-16  3.24E-16  1.43E-16  5.91E-17  1.73E-17  6.59E-18  2.45E-18  6.48E-19  2.33E-19
    32       1.91E-13  1.35E-13  8.53E-14  6.01E-14  4.22E-14  2.61E-14  1.78E-14  1.18E-14  6.41E-15  3.71E-15
             1.98E-15  7.54E-16  3.32E-16  1.38E-16  4.03E-17  1.54E-17  5.72E-18  1.51E-18  5.44E-19
    33       9.30E-14  6.57E-14  4.15E-14  2.92E-14  2.05E-14  1.27E-14  8.69E-15  5.78E-15  3.13E-15  1.82E-15
             9.73E-16  3.72E-16  1.64E-16  6.81E-17  1.99E-17  7.60E-18  2.83E-18  7.48E-19  2.70E-19
    34       6.92E-14  4.88E-14  3.07E-14  2.15E-14  1.50E-14  9.02E-15  5.93E-15  3.70E-15  1.76E-15  8.99E-16
             4.17E-16  1.33E-16  5.18E-17  1.94E-17  5.12E-18  1.84E-18  6.54E-19  1.66E-19  5.89E-20
    35       3.46E-14  2.44E-14  1.54E-14  1.08E-14  7.48E-15  4.51E-15  2.97E-15  1.85E-15  8.80E-16  4.50E-16
             2.08E-16  6.63E-17  2.59E-17  9.72E-18  2.56E-18  9.18E-19  3.27E-19  8.31E-20  2.94E-20
    36       1.24E-13  8.74E-14  5.50E-14  3.85E-14  2.68E-14  1.61E-14  1.06E-14  6.62E-15  3.15E-15  1.61E-15
             7.47E-16  2.38E-16  9.30E-17  3.49E-17  9.18E-18  3.29E-18  1.17E-18  2.98E-19  1.06E-19
    37       6.19E-14  4.37E-14  2.75E-14  1.93E-14  1.34E-14  8.07E-15  5.31E-15  3.31E-15  1.58E-15  8.05E-16
             3.74E-16  1.19E-16  4.65E-17  1.74E-17  4.59E-18  1.65E-18  5.86E-19  1.49E-19  5.28E-20
    38       1.31E-13  9.25E-14  5.83E-14  4.11E-14  2.89E-14  1.79E-14  1.22E-14  8.15E-15  4.42E-15  2.57E-15
             1.38E-15  5.27E-16  2.33E-16  9.67E-17  2.83E-17  1.08E-17  4.03E-18  1.06E-18  3.83E-19
    39       9.46E-14  6.67E-14  4.20E-14  2.94E-14  2.05E-14  1.23E-14  8.12E-15  5.07E-15  2.42E-15  1.24E-15
             5.74E-16  1.83E-16  7.15E-17  2.68E-17  7.06E-18  2.53E-18  9.03E-19  2.30E-19  8.13E-20
    40       4.73E-14  3.34E-14  2.10E-14  1.47E-14  1.02E-14  6.17E-15  4.06E-15  2.53E-15  1.21E-15  6.18E-16
             2.87E-16  9.14E-17  3.58E-17  1.34E-17  3.53E-18  1.27E-18  4.51E-19  1.15E-19  4.06E-20
    41       6.31E-14  4.46E-14  2.81E-14  1.98E-14  1.39E-14  8.64E-15  5.92E-15  3.95E-15  2.15E-15  1.26E-15
             6.74E-16  2.59E-16  1.15E-16  4.77E-17  1.40E-17  5.33E-18  1.99E-18  5.26E-19  1.89E-19
    42       3.34E-15  2.35E-15  1.48E-15  1.04E-15  7.19E-16  4.33E-16  2.85E-16  1.79E-16  9.29E-17  5.95E-17
             4.62E-17  4.45E-17  4.49E-17  4.15E-17  3.01E-17  1.97E-17  1.12E-17  4.35E-18  1.90E-18
    43       3.20E-14  2.26E-14  1.42E-14  9.94E-15  6.90E-15  4.16E-15  2.74E-15  1.73E-15  9.00E-16  5.80E-16
             4.54E-16  4.41E-16  4.47E-16  4.14E-16  3.01E-16  1.97E-16  1.11E-16  4.34E-17  1.90E-17
    44       1.86E-14  1.32E-14  8.27E-15  5.80E-15  4.03E-15  2.43E-15  1.60E-15  1.01E-15  5.28E-16  3.42E-16
             2.69E-16  2.63E-16  2.67E-16  2.48E-16  1.80E-16  1.18E-16  6.68E-17  2.60E-17  1.14E-17
    46       9.79E-15  6.91E-15  4.35E-15  3.06E-15  2.14E-15  1.30E-15  8.74E-16  5.68E-16  3.13E-16  2.17E-16
             1.87E-16  2.01E-16  2.12E-16  2.00E-16  1.48E-16  9.71E-17  5.51E-17  2.15E-17  9.43E-18
    47       5.17E-15  3.65E-15  2.30E-15  1.62E-15  1.13E-15  6.93E-16  4.67E-16  3.06E-16  1.72E-16  1.22E-16
             1.08E-16  1.18E-16  1.26E-16  1.19E-16  8.82E-17  5.81E-17  3.30E-17  1.29E-17  5.65E-18
    48       2.86E-15  2.02E-15  1.27E-15  8.97E-16  6.29E-16  3.88E-16  2.63E-16  1.75E-16  1.01E-16  7.35E-17
             6.75E-17  7.69E-17  8.28E-17  7.90E-17  5.86E-17  3.87E-17  2.20E-17  8.60E-18  3.77E-18
    49       2.01E-16  1.40E-16  8.59E-17  5.74E-17  3.63E-17  1.71E-17  8.51E-18  6.26E-18  1.51E-17  2.84E-17
             4.31E-17  5.89E-17  6.58E-17  6.85E-17  6.62E-17  5.94E-17  4.79E-17  2.95E-17  1.75E-17
    50       9.10E-17  6.36E-17  3.89E-17  2.60E-17  1.65E-17  7.77E-18  3.87E-18  2.91E-18  7.28E-18  1.38E-17
             2.12E-17  2.92E-17  3.27E-17  3.41E-17  3.30E-17  2.97E-17  2.40E-17  1.47E-17  8.74E-18
    51       2.48E-14  1.75E-14  1.10E-14  7.78E-15  5.46E-15  3.38E-15  2.31E-15  1.53E-15  8.27E-16  4.79E-16
             2.55E-16  9.69E-17  4.27E-17  1.77E-17  5.16E-18  1.96E-18  7.31E-19  1.93E-19  6.95E-20
    52       1.15E-13  8.12E-14  5.12E-14  3.61E-14  2.53E-14  1.57E-14  1.07E-14  7.11E-15  3.84E-15  2.23E-15
             1.18E-15  4.51E-16  1.99E-16  8.24E-17  2.40E-17  9.15E-18  3.41E-18  8.99E-19  3.24E-19
    53       4.93E-14  3.48E-14  2.19E-14  1.55E-14  1.09E-14  6.72E-15  4.59E-15  3.05E-15  1.65E-15  9.54E-16
             5.08E-16  1.93E-16  8.52E-17  3.53E-17  1.03E-17  3.92E-18  1.46E-18  3.85E-19  1.39E-19
    54       3.59E-14  2.53E-14  1.58E-14  1.10E-14  7.57E-15  4.40E-15  2.76E-15  1.60E-15  6.74E-16  3.12E-16
             1.32E-16  3.83E-17  1.43E-17  5.20E-18  1.34E-18  4.76E-19  1.69E-19  4.28E-20  1.52E-20
    55       1.80E-14  1.27E-14  7.92E-15  5.52E-15  3.78E-15  2.20E-15  1.38E-15  8.01E-16  3.37E-16  1.56E-16
             6.60E-17  1.91E-17  7.14E-18  2.60E-18  6.70E-19  2.38E-19  8.45E-20  2.14E-20  7.58E-21
    56       4.62E-14  3.25E-14  2.04E-14  1.42E-14  9.73E-15  5.66E-15  3.54E-15  2.06E-15  8.67E-16  4.01E-16
             1.70E-16  4.92E-17  1.84E-17  6.68E-18  1.72E-18  6.13E-19  2.17E-19  5.51E-20  1.95E-20
    57       2.31E-14  1.63E-14  1.02E-14  7.09E-15  4.86E-15  2.83E-15  1.77E-15  1.03E-15  4.33E-16  2.01E-16
             8.49E-17  2.46E-17  9.18E-18  3.34E-18  8.61E-19  3.06E-19  1.09E-19  2.75E-20  9.74E-21
    58       5.64E-14  3.98E-14  2.49E-14  1.73E-14  1.19E-14  6.92E-15  4.33E-15  2.52E-15  1.06E-15  4.90E-16
             2.07E-16  6.02E-17  2.24E-17  8.17E-18  2.10E-18  7.49E-19  2.66E-19  6.73E-20  2.38E-20
    59       2.82E-14  1.99E-14  1.25E-14  8.67E-15  5.95E-15  3.46E-15  2.17E-15  1.26E-15  5.30E-16  2.45E-16
             1.04E-16  3.01E-17  1.12E-17  4.08E-18  1.05E-18  3.74E-19  1.33E-19  3.37E-20  1.19E-20
    60       5.60E-14  3.96E-14  2.50E-14  1.76E-14  1.24E-14  7.65E-15  5.24E-15  3.48E-15  1.89E-15  1.10E-15
             5.85E-16  2.23E-16  9.84E-17  4.08E-17  1.19E-17  4.54E-18  1.69E-18  4.46E-19  1.61E-19
    61       6.08E-14  4.29E-14  2.70E-14  1.89E-14  1.32E-14  7.93E-15  5.21E-15  3.25E-15  1.55E-15  7.89E-16
             3.66E-16  1.16E-16  4.54E-17  1.70E-17  4.48E-18  1.61E-18  5.72E-19  1.46E-19  5.15E-20
    62       3.04E-14  2.14E-14  1.35E-14  9.46E-15  6.58E-15  3.97E-15  2.61E-15  1.63E-15  7.73E-16  3.95E-16
             1.83E-16  5.81E-17  2.27E-17  8.51E-18  2.24E-18  8.03E-19  2.86E-19  7.28E-20  2.58E-20
    63       1.09E-13  7.68E-14  4.83E-14  3.39E-14  2.36E-14  1.42E-14  9.35E-15  5.83E-15  2.77E-15  1.42E-15
             6.56E-16  2.09E-16  8.15E-17  3.06E-17  8.04E-18  2.89E-18  1.03E-18  2.61E-19  9.25E-20
    64       5.44E-14  3.84E-14  2.42E-14  1.69E-14  1.18E-14  7.11E-15  4.67E-15  2.91E-15  1.39E-15  7.08E-16
             3.28E-16  1.04E-16  4.08E-17  1.53E-17  4.02E-18  1.44E-18  5.14E-19  1.31E-19  4.63E-20
    65       7.93E-14  5.60E-14  3.53E-14  2.49E-14  1.75E-14  1.08E-14  7.42E-15  4.94E-15  2.68E-15  1.56E-15
             8.31E-16  3.18E-16  1.40E-16  5.82E-17  1.70E-17  6.47E-18  2.41E-18  6.36E-19  2.29E-19
    66       8.35E-14  5.89E-14  3.71E-14  2.60E-14  1.81E-14  1.09E-14  7.18E-15  4.48E-15  2.13E-15  1.09E-15
             5.06E-16  1.61E-16  6.29E-17  2.36E-17  6.21E-18  2.23E-18  7.94E-19  2.02E-19  7.15E-20
    67       4.18E-14  2.95E-14  1.85E-14  1.30E-14  9.04E-15  5.45E-15  3.59E-15  2.24E-15  1.07E-15  5.45E-16
             2.53E-16  8.05E-17  3.15E-17  1.18E-17  3.11E-18  1.11E-18  3.97E-19  1.01E-19  3.57E-20
    68       3.84E-14  2.71E-14  1.71E-14  1.21E-14  8.47E-15  5.26E-15  3.61E-15  2.41E-15  1.31E-15  7.64E-16
             4.09E-16  1.57E-16  6.92E-17  2.88E-17  8.42E-18  3.21E-18  1.19E-18  3.16E-19  1.14E-19
    69       2.28E-15  1.61E-15  1.01E-15  7.06E-16  4.88E-16  2.90E-16  1.88E-16  1.16E-16  5.77E-17  3.52E-17
             2.58E-17  2.39E-17  2.40E-17  2.22E-17  1.61E-17  1.06E-17  5.99E-18  2.34E-18  1.02E-18
    70       2.20E-14  1.55E-14  9.76E-15  6.82E-15  4.72E-15  2.81E-15  1.83E-15  1.13E-15  5.64E-16  3.45E-16
             2.55E-16  2.38E-16  2.39E-16  2.22E-16  1.61E-16  1.06E-16  5.99E-17  2.33E-17  1.02E-17
    71       1.29E-14  9.11E-15  5.72E-15  4.00E-15  2.77E-15  1.65E-15  1.07E-15  6.66E-16  3.33E-16  2.04E-16
             1.52E-16  1.42E-16  1.43E-16  1.33E-16  9.66E-17  6.34E-17  3.59E-17  1.40E-17  6.13E-18
    72       7.39E-15  5.21E-15  3.28E-15  2.30E-15  1.60E-15  9.69E-16  6.42E-16  4.08E-16  2.14E-16  1.39E-16
             1.11E-16  1.12E-16  1.16E-16  1.09E-16  7.97E-17  5.24E-17  2.98E-17  1.16E-17  5.09E-18
    73       4.01E-15  2.83E-15  1.78E-15  1.25E-15  8.71E-16  5.29E-16  3.53E-16  2.26E-16  1.20E-16  7.93E-17
             6.45E-17  6.62E-17  6.91E-17  6.50E-17  4.77E-17  3.14E-17  1.78E-17  6.97E-18  3.05E-18
    74       2.33E-15  1.65E-15  1.04E-15  7.30E-16  5.10E-16  3.12E-16  2.09E-16  1.36E-16  7.35E-17  4.95E-17
             4.13E-17  4.34E-17  4.57E-17  4.31E-17  3.17E-17  2.09E-17  1.19E-17  4.64E-18  2.03E-18
    75       2.34E-16  1.64E-16  1.00E-16  6.75E-17  4.32E-17  2.08E-17  1.04E-17  5.77E-18  9.41E-18  1.70E-17
             2.55E-17  3.45E-17  3.83E-17  3.97E-17  3.84E-17  3.44E-17  2.77E-17  1.70E-17  1.01E-17
    76       1.08E-16  7.55E-17  4.63E-17  3.11E-17  1.99E-17  9.64E-18  4.81E-18  2.70E-18  4.57E-18  8.37E-18
             1.26E-17  1.71E-17  1.91E-17  1.98E-17  1.92E-17  1.72E-17  1.39E-17  8.51E-18  5.04E-18
    77       1.57E-14  1.11E-14  6.99E-15  4.92E-15  3.45E-15  2.14E-15  1.46E-15  9.68E-16  5.22E-16  3.01E-16
             1.60E-16  6.08E-17  2.67E-17  1.11E-17  3.23E-18  1.23E-18  4.59E-19  1.21E-19  4.36E-20
    78       7.28E-14  5.14E-14  3.25E-14  2.29E-14  1.60E-14  9.93E-15  6.78E-15  4.50E-15  2.43E-15  1.40E-15
             7.46E-16  2.83E-16  1.25E-16  5.16E-17  1.51E-17  5.74E-18  2.14E-18  5.65E-19  2.03E-19
    79       3.12E-14  2.20E-14  1.39E-14  9.79E-15  6.87E-15  4.25E-15  2.90E-15  1.93E-15  1.04E-15  6.01E-16
             3.19E-16  1.21E-16  5.34E-17  2.21E-17  6.46E-18  2.46E-18  9.16E-19  2.42E-19  8.71E-20
    80       4.09E-14  2.88E-14  1.81E-14  1.26E-14  8.62E-15  5.01E-15  3.14E-15  1.82E-15  7.68E-16  3.55E-16
             1.50E-16  4.35E-17  1.62E-17  5.91E-18  1.52E-18  5.42E-19  1.92E-19  4.87E-20  1.72E-20
    81       2.05E-14  1.44E-14  9.03E-15  6.28E-15  4.31E-15  2.51E-15  1.57E-15  9.12E-16  3.84E-16  1.78E-16
             7.51E-17  2.18E-17  8.12E-18  2.95E-18  7.61E-19  2.71E-19  9.60E-20  2.43E-20  8.61E-21
    82       5.26E-14  3.71E-14  2.32E-14  1.62E-14  1.11E-14  6.45E-15  4.04E-15  2.35E-15  9.88E-16  4.57E-16
             1.93E-16  5.60E-17  2.09E-17  7.60E-18  1.96E-18  6.96E-19  2.47E-19  6.26E-20  2.21E-20
    83       2.63E-14  1.85E-14  1.16E-14  8.08E-15  5.54E-15  3.22E-15  2.02E-15  1.17E-15  4.94E-16  2.28E-16
             9.66E-17  2.80E-17  1.04E-17  3.80E-18  9.79E-19  3.48E-19  1.23E-19  3.13E-20  1.11E-20
    84       6.43E-14  4.53E-14  2.84E-14  1.97E-14  1.35E-14  7.88E-15  4.94E-15  2.87E-15  1.21E-15  5.58E-16
             2.36E-16  6.84E-17  2.55E-17  9.29E-18  2.39E-18  8.51E-19  3.02E-19  7.65E-20  2.71E-20
    85       3.21E-14  2.26E-14  1.42E-14  9.87E-15  6.77E-15  3.94E-15  2.47E-15  1.43E-15  6.04E-16  2.79E-16
             1.18E-16  3.42E-17  1.28E-17  4.64E-18  1.20E-18  4.26E-19  1.51E-19  3.83E-20  1.35E-20
    86       1.86E-14  1.31E-14  8.14E-15  5.61E-15  3.78E-15  2.10E-15  1.24E-15  6.70E-16  2.53E-16  1.08E-16
             4.32E-17  1.19E-17  4.33E-18  1.55E-18  3.97E-19  1.41E-19  4.99E-20  1.26E-20  4.47E-21
    87       9.31E-15  6.54E-15  4.07E-15  2.81E-15  1.89E-15  1.05E-15  6.21E-16  3.35E-16  1.26E-16  5.42E-17
             2.16E-17  5.93E-18  2.16E-18  7.77E-19  1.99E-19  7.04E-20  2.49E-20  6.32E-21  2.23E-21
    88       2.27E-14  1.60E-14  9.95E-15  6.86E-15  4.62E-15  2.57E-15  1.52E-15  8.19E-16  3.09E-16  1.32E-16
             5.28E-17  1.45E-17  5.29E-18  1.90E-18  4.85E-19  1.72E-19  6.10E-20  1.54E-20  5.46E-21
    89       1.14E-14  8.00E-15  4.98E-15  3.43E-15  2.31E-15  1.28E-15  7.59E-16  4.10E-16  1.55E-16  6.62E-17
             2.64E-17  7.25E-18  2.64E-18  9.50E-19  2.43E-19  8.61E-20  3.05E-20  7.72E-21  2.73E-21
    90       2.69E-14  1.89E-14  1.18E-14  8.11E-15  5.46E-15  3.03E-15  1.79E-15  9.68E-16  3.65E-16  1.57E-16
             6.23E-17  1.71E-17  6.25E-18  2.24E-18  5.74E-19  2.03E-19  7.21E-20  1.82E-20  6.45E-21
    91       1.34E-14  9.45E-15  5.88E-15  4.05E-15  2.73E-15  1.52E-15  8.97E-16  4.84E-16  1.83E-16  7.83E-17
             3.12E-17  8.57E-18  3.12E-18  1.12E-18  2.87E-19  1.02E-19  3.60E-20  9.12E-21  3.23E-21
    92       3.56E-14  2.52E-14  1.59E-14  1.12E-14  7.85E-15  4.87E-15  3.33E-15  2.21E-15  1.20E-15  6.93E-16
             3.69E-16  1.40E-16  6.19E-17  2.56E-17  7.50E-18  2.86E-18  1.06E-18  2.81E-19  1.01E-19
    93       4.53E-14  3.19E-14  2.01E-14  1.41E-14  9.80E-15  5.91E-15  3.88E-15  2.42E-15  1.15E-15  5.85E-16
             2.71E-16  8.59E-17  3.35E-17  1.26E-17  3.30E-18  1.18E-18  4.22E-19  1.07E-19  3.80E-20
    94       2.26E-14  1.60E-14  1.00E-14  7.05E-15  4.90E-15  2.95E-15  1.94E-15  1.21E-15  5.74E-16  2.93E-16
             1.35E-16  4.30E-17  1.68E-17  6.28E-18  1.65E-18  5.92E-19  2.11E-19  5.36E-20  1.90E-20
    95       8.12E-14  5.73E-14  3.60E-14  2.53E-14  1.76E-14  1.06E-14  6.96E-15  4.34E-15  2.06E-15  1.05E-15
             4.86E-16  1.54E-16  6.02E-17  2.26E-17  5.94E-18  2.13E-18  7.58E-19  1.93E-19  6.83E-20
    96       4.06E-14  2.86E-14  1.80E-14  1.26E-14  8.78E-15  5.29E-15  3.48E-15  2.17E-15  1.03E-15  5.25E-16
             2.43E-16  7.72E-17  3.01E-17  1.13E-17  2.97E-18  1.06E-18  3.79E-19  9.64E-20  3.41E-20
    97       5.05E-14  3.57E-14  2.25E-14  1.59E-14  1.12E-14  6.91E-15  4.73E-15  3.14E-15  1.70E-15  9.87E-16
             5.26E-16  2.00E-16  8.82E-17  3.66E-17  1.07E-17  4.07E-18  1.52E-18  4.01E-19  1.44E-19
    98       6.24E-14  4.40E-14  2.77E-14  1.94E-14  1.35E-14  8.15E-15  5.36E-15  3.34E-15  1.59E-15  8.11E-16
             3.76E-16  1.19E-16  4.66E-17  1.75E-17  4.59E-18  1.65E-18  5.87E-19  1.49E-19  5.28E-20
    99       3.12E-14  2.20E-14  1.38E-14  9.71E-15  6.75E-15  4.07E-15  2.68E-15  1.67E-15  7.95E-16  4.06E-16
             1.88E-16  5.97E-17  2.33E-17  8.73E-18  2.30E-18  8.24E-19  2.93E-19  7.46E-20  2.64E-20
   100       2.46E-14  1.74E-14  1.10E-14  7.72E-15  5.43E-15  3.37E-15  2.31E-15  1.54E-15  8.36E-16  4.86E-16
             2.60E-16  9.91E-17  4.37E-17  1.81E-17  5.31E-18  2.02E-18  7.54E-19  1.99E-19  7.17E-20
   101       1.63E-15  1.15E-15  7.22E-16  5.03E-16  3.47E-16  2.04E-16  1.31E-16  7.97E-17  3.84E-17  2.26E-17
             1.59E-17  1.43E-17  1.44E-17  1.33E-17  9.66E-18  6.33E-18  3.59E-18  1.40E-18  6.12E-19
   102       1.59E-14  1.12E-14  7.01E-15  4.89E-15  3.37E-15  1.99E-15  1.28E-15  7.79E-16  3.77E-16  2.23E-16
             1.58E-16  1.43E-16  1.43E-16  1.33E-16  9.65E-17  6.33E-17  3.59E-17  1.40E-17  6.12E-18
   103       9.33E-15  6.58E-15  4.13E-15  2.88E-15  1.99E-15  1.17E-15  7.54E-16  4.60E-16  2.23E-16  1.32E-16
             9.41E-17  8.55E-17  8.58E-17  7.95E-17  5.79E-17  3.80E-17  2.15E-17  8.39E-18  3.67E-18
   104       5.66E-15  3.99E-15  2.51E-15  1.76E-15  1.22E-15  7.32E-16  4.80E-16  3.00E-16  1.52E-16  9.43E-17
             7.10E-17  6.84E-17  7.01E-17  6.55E-17  4.79E-17  3.15E-17  1.79E-17  6.98E-18  3.05E-18
   105       3.12E-15  2.20E-15  1.39E-15  9.72E-16  6.76E-16  4.07E-16  2.68E-16  1.69E-16  8.67E-17  5.44E-17
             4.16E-17  4.06E-17  4.18E-17  3.92E-17  2.87E-17  1.89E-17  1.07E-17  4.18E-18  1.83E-18
   106       1.87E-15  1.32E-15  8.32E-16  5.84E-16  4.07E-16  2.47E-16  1.64E-16  1.04E-16  5.42E-17  3.46E-17
             2.69E-17  2.68E-17  2.77E-17  2.60E-17  1.91E-17  1.26E-17  7.14E-18  2.79E-18  1.22E-18
   107       2.30E-16  1.61E-16  9.85E-17  6.61E-17  4.23E-17  2.05E-17  1.02E-17  5.17E-18  6.43E-18  1.11E-17
             1.63E-17  2.18E-17  2.41E-17  2.49E-17  2.39E-17  2.14E-17  1.73E-17  1.06E-17  6.26E-18
   108       1.07E-16  7.49E-17  4.59E-17  3.08E-17  1.97E-17  9.58E-18  4.79E-18  2.44E-18  3.14E-18  5.45E-18
             8.09E-18  1.09E-17  1.20E-17  1.24E-17  1.19E-17  1.07E-17  8.65E-18  5.31E-18  3.13E-18
   109       1.05E-14  7.41E-15  4.68E-15  3.29E-15  2.31E-15  1.43E-15  9.75E-16  6.45E-16  3.47E-16  2.00E-16
             1.06E-16  4.03E-17  1.77E-17  7.32E-18  2.13E-18  8.10E-19  3.01E-19  7.93E-20  2.85E-20
   110       4.88E-14  3.45E-14  2.17E-14  1.53E-14  1.08E-14  6.65E-15  4.54E-15  3.00E-15  1.62E-15  9.33E-16
             4.95E-16  1.88E-16  8.26E-17  3.41E-17  9.94E-18  3.78E-18  1.40E-18  3.70E-19  1.33E-19
   111       2.09E-14  1.48E-14  9.31E-15  6.56E-15  4.60E-15  2.85E-15  1.94E-15  1.29E-15  6.92E-16  3.99E-16
             2.12E-16  8.05E-17  3.54E-17  1.46E-17  4.26E-18  1.62E-18  6.01E-19  1.59E-19  5.70E-20
   112       3.60E-14  2.54E-14  1.59E-14  1.11E-14  7.58E-15  4.41E-15  2.76E-15  1.60E-15  6.74E-16  3.11E-16
             1.32E-16  3.81E-17  1.42E-17  5.17E-18  1.33E-18  4.74E-19  1.68E-19  4.26E-20  1.51E-20
   113       1.80E-14  1.27E-14  7.94E-15  5.53E-15  3.79E-15  2.21E-15  1.38E-15  8.01E-16  3.37E-16  1.56E-16
             6.58E-17  1.91E-17  7.11E-18  2.59E-18  6.67E-19  2.37E-19  8.41E-20  2.13E-20  7.54E-21
   114       4.63E-14  3.26E-14  2.04E-14  1.42E-14  9.75E-15  5.67E-15  3.55E-15  2.06E-15  8.67E-16  4.00E-16
             1.69E-16  4.90E-17  1.83E-17  6.65E-18  1.71E-18  6.10E-19  2.16E-19  5.48E-20  1.94E-20
   115       2.31E-14  1.63E-14  1.02E-14  7.11E-15  4.88E-15  2.84E-15  1.78E-15  1.03E-15  4.33E-16  2.00E-16
             8.46E-17  2.45E-17  9.14E-18  3.33E-18  8.57E-19  3.05E-19  1.08E-19  2.74E-20  9.70E-21
   116       5.65E-14  3.98E-14  2.50E-14  1.74E-14  1.19E-14  6.93E-15  4.34E-15  2.52E-15  1.06E-15  4.89E-16
             2.07E-16  5.99E-17  2.23E-17  8.13E-18  2.09E-18  7.45E-19  2.64E-19  6.70E-20  2.37E-20
   117       2.83E-14  1.99E-14  1.25E-14  8.69E-15  5.96E-15  3.47E-15  2.17E-15  1.26E-15  5.30E-16  2.45E-16
             1.03E-16  3.00E-17  1.12E-17  4.07E-18  1.05E-18  3.73E-19  1.32E-19  3.35E-20  1.19E-20
   118       2.61E-14  1.83E-14  1.14E-14  7.87E-15  5.30E-15  2.94E-15  1.74E-15  9.40E-16  3.54E-16  1.52E-16
             6.04E-17  1.66E-17  6.06E-18  2.18E-18  5.56E-19  1.97E-19  6.98E-20  1.77E-20  6.25E-21
   119       1.30E-14  9.17E-15  5.71E-15  3.93E-15  2.65E-15  1.47E-15  8.71E-16  4.70E-16  1.77E-16  7.59E-17
             3.02E-17  8.31E-18  3.03E-18  1.09E-18  2.78E-19  9.86E-20  3.49E-20  8.84E-21  3.13E-21
   120       3.19E-14  2.24E-14  1.40E-14  9.62E-15  6.48E-15  3.60E-15  2.13E-15  1.15E-15  4.33E-16  1.86E-16
             7.39E-17  2.03E-17  7.40E-18  2.66E-18  6.79E-19  2.41E-19  8.54E-20  2.16E-20  7.64E-21
   121       1.59E-14  1.12E-14  6.98E-15  4.81E-15  3.24E-15  1.80E-15  1.06E-15  5.74E-16  2.17E-16  9.28E-17
             3.69E-17  1.02E-17  3.70E-18  1.33E-18  3.40E-19  1.21E-19  4.27E-20  1.08E-20  3.82E-21
   122       3.77E-14  2.65E-14  1.65E-14  1.14E-14  7.65E-15  4.25E-15  2.52E-15  1.36E-15  5.12E-16  2.19E-16
             8.73E-17  2.40E-17  8.75E-18  3.14E-18  8.03E-19  2.85E-19  1.01E-19  2.55E-20  9.03E-21
   123       1.88E-14  1.32E-14  8.24E-15  5.68E-15  3.83E-15  2.13E-15  1.26E-15  6.79E-16  2.56E-16  1.10E-16
             4.37E-17  1.20E-17  4.37E-18  1.57E-18  4.01E-19  1.42E-19  5.04E-20  1.28E-20  4.52E-21
   124       2.39E-14  1.69E-14  1.07E-14  7.51E-15  5.28E-15  3.27E-15  2.23E-15  1.48E-15  7.99E-16  4.62E-16
             2.46E-16  9.33E-17  4.11E-17  1.70E-17  4.95E-18  1.88E-18  6.99E-19  1.84E-19  6.63E-20
   125       3.31E-14  2.34E-14  1.47E-14  1.03E-14  7.17E-15  4.32E-15  2.84E-15  1.76E-15  8.35E-16  4.25E-16
             1.96E-16  6.23E-17  2.43E-17  9.10E-18  2.39E-18  8.58E-19  3.06E-19  7.77E-20  2.75E-20
   126       1.66E-14  1.17E-14  7.36E-15  5.16E-15  3.59E-15  2.16E-15  1.42E-15  8.82E-16  4.17E-16  2.12E-16
             9.82E-17  3.11E-17  1.21E-17  4.55E-18  1.20E-18  4.29E-19  1.53E-19  3.88E-20  1.38E-20
   127       9.61E-15  6.74E-15  4.16E-15  2.83E-15  1.86E-15  9.80E-16  5.46E-16  2.75E-16  9.46E-17  3.83E-17
             1.47E-17  3.92E-18  1.41E-18  5.04E-19  1.28E-19  4.54E-20  1.61E-20  4.07E-21  1.44E-21
   128       4.81E-15  3.37E-15  2.08E-15  1.41E-15  9.31E-16  4.90E-16  2.73E-16  1.37E-16  4.73E-17  1.92E-17
             7.34E-18  1.96E-18  7.05E-19  2.52E-19  6.41E-20  2.27E-20  8.03E-21  2.03E-21  7.19E-22
   129       1.14E-14  7.96E-15  4.92E-15  3.34E-15  2.20E-15  1.16E-15  6.46E-16  3.25E-16  1.12E-16  4.53E-17
             1.74E-17  4.63E-18  1.67E-18  5.95E-19  1.51E-19  5.36E-20  1.90E-20  4.81E-21  1.70E-21
   130       5.68E-15  3.98E-15  2.46E-15  1.67E-15  1.10E-15  5.79E-16  3.23E-16  1.62E-16  5.59E-17  2.27E-17
             8.68E-18  2.31E-18  8.34E-19  2.98E-19  7.57E-20  2.68E-20  9.49E-21  2.40E-21  8.50E-22
   131       1.31E-14  9.19E-15  5.67E-15  3.86E-15  2.54E-15  1.34E-15  7.45E-16  3.74E-16  1.29E-16  5.23E-17
             2.00E-17  5.34E-18  1.92E-18  6.87E-19  1.75E-19  6.19E-20  2.19E-20  5.55E-21  1.96E-21
   132       6.55E-15  4.60E-15  2.84E-15  1.93E-15  1.27E-15  6.68E-16  3.72E-16  1.87E-16  6.45E-17  2.61E-17
             1.00E-17  2.67E-18  9.62E-19  3.43E-19  8.74E-20  3.09E-20  1.10E-20  2.77E-21  9.80E-22
   133       3.40E-14  2.40E-14  1.52E-14  1.07E-14  7.50E-15  4.65E-15  3.18E-15  2.11E-15  1.14E-15  6.59E-16
             3.50E-16  1.33E-16  5.86E-17  2.42E-17  7.06E-18  2.68E-18  9.98E-19  2.63E-19  9.47E-20
   134       5.95E-14  4.20E-14  2.64E-14  1.85E-14  1.29E-14  7.75E-15  5.09E-15  3.17E-15  1.50E-15  7.64E-16
             3.53E-16  1.12E-16  4.37E-17  1.63E-17  4.30E-18  1.54E-18  5.49E-19  1.40E-19  4.94E-20
   135       2.97E-14  2.10E-14  1.32E-14  9.25E-15  6.43E-15  3.88E-15  2.54E-15  1.58E-15  7.50E-16  3.82E-16
             1.76E-16  5.59E-17  2.18E-17  8.17E-18  2.15E-18  7.71E-19  2.75E-19  6.98E-20  2.47E-20
   136       4.58E-14  3.23E-14  2.03E-14  1.43E-14  9.91E-15  5.98E-15  3.93E-15  2.44E-15  1.16E-15  5.91E-16
             2.73E-16  8.66E-17  3.38E-17  1.27E-17  3.33E-18  1.20E-18  4.26E-19  1.08E-19  3.83E-20
   137       2.29E-14  1.62E-14  1.02E-14  7.13E-15  4.96E-15  2.99E-15  1.96E-15  1.22E-15  5.80E-16  2.95E-16
             1.37E-16  4.33E-17  1.69E-17  6.33E-18  1.67E-18  5.97E-19  2.13E-19  5.41E-20  1.92E-20
   138       1.66E-14  1.17E-14  7.40E-15  5.21E-15  3.66E-15  2.27E-15  1.56E-15  1.04E-15  5.61E-16  3.25E-16
             1.73E-16  6.61E-17  2.91E-17  1.21E-17  3.51E-18  1.33E-18  4.97E-19  1.31E-19  4.71E-20
   139       1.21E-15  8.55E-16  5.35E-16  3.72E-16  2.55E-16  1.49E-16  9.46E-17  5.68E-17  2.68E-17  1.55E-17
             1.06E-17  9.32E-18  9.27E-18  8.55E-18  6.19E-18  4.05E-18  2.29E-18  8.93E-19  3.91E-19
   140       1.18E-14  8.33E-15  5.22E-15  3.63E-15  2.49E-15  1.46E-15  9.27E-16  5.58E-16  2.64E-16  1.53E-16
             1.05E-16  9.29E-17  9.25E-17  8.54E-17  6.19E-17  4.05E-17  2.29E-17  8.93E-18  3.91E-18
   141       6.98E-15  4.92E-15  3.08E-15  2.14E-15  1.47E-15  8.62E-16  5.48E-16  3.31E-16  1.57E-16  9.10E-17
             6.29E-17  5.57E-17  5.55E-17  5.12E-17  3.71E-17  2.43E-17  1.37E-17  5.35E-18  2.34E-18
   142       4.42E-15  3.12E-15  1.96E-15  1.37E-15  9.46E-16  5.63E-16  3.65E-16  2.26E-16  1.11E-16  6.69E-17
             4.84E-17  4.50E-17  4.55E-17  4.23E-17  3.08E-17  2.02E-17  1.14E-17  4.46E-18  1.95E-18
   143       2.47E-15  1.74E-15  1.09E-15  7.66E-16  5.31E-16  3.17E-16  2.07E-16  1.29E-16  6.41E-17  3.89E-17
             2.85E-17  2.68E-17  2.72E-17  2.54E-17  1.85E-17  1.21E-17  6.85E-18  2.67E-18  1.17E-18
   144       1.51E-15  1.06E-15  6.69E-16  4.69E-16  3.26E-16  1.96E-16  1.29E-16  8.06E-17  4.07E-17  2.50E-17
             1.86E-17  1.77E-17  1.81E-17  1.69E-17  1.23E-17  8.06E-18  4.56E-18  1.78E-18  7.80E-19
   145       7.37E-15  5.21E-15  3.28E-15  2.31E-15  1.62E-15  1.00E-15  6.82E-16  4.51E-16  2.42E-16  1.39E-16
             7.37E-17  2.79E-17  1.22E-17  5.07E-18  1.48E-18  5.64E-19  2.10E-19  5.55E-20  2.00E-20
   146       3.43E-14  2.42E-14  1.53E-14  1.08E-14  7.55E-15  4.66E-15  3.17E-15  2.10E-15  1.13E-15  6.49E-16
             3.44E-16  1.30E-16  5.71E-17  2.36E-17  6.90E-18  2.63E-18  9.80E-19  2.59E-19  9.32E-20
   147       1.47E-14  1.04E-14  6.54E-15  4.60E-15  3.23E-15  1.99E-15  1.36E-15  8.99E-16  4.82E-16  2.78E-16
             1.47E-16  5.57E-17  2.45E-17  1.01E-17  2.96E-18  1.13E-18  4.20E-19  1.11E-19  3.99E-20
   148       2.95E-14  2.08E-14  1.30E-14  9.06E-15  6.22E-15  3.61E-15  2.26E-15  1.31E-15  5.51E-16  2.54E-16
             1.07E-16  3.11E-17  1.16E-17  4.22E-18  1.09E-18  3.86E-19  1.37E-19  3.47E-20  1.23E-20
   149       1.47E-14  1.04E-14  6.51E-15  4.53E-15  3.11E-15  1.81E-15  1.13E-15  6.55E-16  2.75E-16  1.27E-16
             5.37E-17  1.55E-17  5.80E-18  2.11E-18  5.43E-19  1.93E-19  6.85E-20  1.74E-20  6.14E-21
   150       3.79E-14  2.67E-14  1.67E-14  1.17E-14  7.99E-15  4.64E-15  2.91E-15  1.69E-15  7.08E-16  3.27E-16
             1.38E-16  4.00E-17  1.49E-17  5.42E-18  1.40E-18  4.97E-19  1.76E-19  4.47E-20  1.58E-20
   151       1.90E-14  1.34E-14  8.37E-15  5.83E-15  4.00E-15  2.32E-15  1.45E-15  8.43E-16  3.54E-16  1.63E-16
             6.90E-17  2.00E-17  7.45E-18  2.71E-18  6.98E-19  2.48E-19  8.81E-20  2.23E-20  7.90E-21
   152       4.64E-14  3.27E-14  2.05E-14  1.42E-14  9.77E-15  5.68E-15  3.55E-15  2.06E-15  8.65E-16  3.99E-16
             1.69E-16  4.89E-17  1.82E-17  6.63E-18  1.71E-18  6.07E-19  2.15E-19  5.46E-20  1.93E-20
   153       2.32E-14  1.63E-14  1.02E-14  7.12E-15  4.88E-15  2.84E-15  1.78E-15  1.03E-15  4.33E-16  2.00E-16
             8.44E-17  2.44E-17  9.11E-18  3.31E-18  8.54E-19  3.04E-19  1.08E-19  2.73E-20  9.66E-21
   154       2.65E-14  1.86E-14  1.16E-14  7.98E-15  5.37E-15  2.98E-15  1.77E-15  9.52E-16  3.59E-16  1.54E-16
             6.12E-17  1.68E-17  6.13E-18  2.20E-18  5.63E-19  2.00E-19  7.07E-20  1.79E-20  6.33E-21
   155       1.32E-14  9.30E-15  5.79E-15  3.99E-15  2.69E-15  1.49E-15  8.83E-16  4.76E-16  1.79E-16  7.69E-17
             3.06E-17  8.41E-18  3.07E-18  1.10E-18  2.81E-19  9.98E-20  3.53E-20  8.95E-21  3.16E-21
   156       3.23E-14  2.27E-14  1.42E-14  9.75E-15  6.57E-15  3.65E-15  2.16E-15  1.16E-15  4.39E-16  1.88E-16
             7.48E-17  2.06E-17  7.49E-18  2.69E-18  6.88E-19  2.44E-19  8.64E-20  2.19E-20  7.74E-21
   157       1.62E-14  1.14E-14  7.08E-15  4.88E-15  3.28E-15  1.82E-15  1.08E-15  5.82E-16  2.19E-16  9.39E-17
             3.74E-17  1.03E-17  3.75E-18  1.35E-18  3.44E-19  1.22E-19  4.32E-20  1.09E-20  3.87E-21
   158       3.82E-14  2.69E-14  1.67E-14  1.15E-14  7.76E-15  4.31E-15  2.55E-15  1.37E-15  5.18E-16  2.22E-16
             8.84E-17  2.43E-17  8.85E-18  3.18E-18  8.13E-19  2.88E-19  1.02E-19  2.59E-20  9.14E-21
   159       1.91E-14  1.34E-14  8.36E-15  5.76E-15  3.88E-15  2.15E-15  1.27E-15  6.87E-16  2.59E-16  1.11E-16
             4.42E-17  1.21E-17  4.43E-18  1.59E-18  4.06E-19  1.44E-19  5.10E-20  1.29E-20  4.57E-21
   160       1.68E-14  1.19E-14  7.51E-15  5.29E-15  3.71E-15  2.30E-15  1.57E-15  1.04E-15  5.58E-16  3.22E-16
             1.71E-16  6.48E-17  2.84E-17  1.18E-17  3.44E-18  1.31E-18  4.89E-19  1.29E-19  4.65E-20
   161       2.46E-14  1.74E-14  1.09E-14  7.66E-15  5.32E-15  3.20E-15  2.10E-15  1.30E-15  6.15E-16  3.12E-16
             1.44E-16  4.56E-17  1.78E-17  6.66E-18  1.75E-18  6.28E-19  2.24E-19  5.69E-20  2.01E-20
   162       1.23E-14  8.69E-15  5.47E-15  3.83E-15  2.66E-15  1.60E-15  1.05E-15  6.51E-16  3.08E-16  1.56E-16
             7.21E-17  2.28E-17  8.90E-18  3.33E-18  8.76E-19  3.14E-19  1.12E-19  2.84E-20  1.01E-20
   163       1.60E-14  1.12E-14  6.93E-15  4.71E-15  3.10E-15  1.63E-15  9.10E-16  4.57E-16  1.58E-16  6.39E-17
             2.44E-17  6.52E-18  2.35E-18  8.39E-19  2.13E-19  7.56E-20  2.68E-20  6.77E-21  2.39E-21
   164       8.01E-15  5.61E-15  3.47E-15  2.36E-15  1.55E-15  8.16E-16  4.55E-16  2.29E-16  7.88E-17  3.19E-17
             1.22E-17  3.26E-18  1.17E-18  4.19E-19  1.07E-19  3.78E-20  1.34E-20  3.39E-21  1.20E-21
   165       1.89E-14  1.33E-14  8.19E-15  5.57E-15  3.67E-15  1.93E-15  1.08E-15  5.40E-16  1.86E-16  7.55E-17
             2.89E-17  7.71E-18  2.78E-18  9.91E-19  2.52E-19  8.93E-20  3.16E-20  8.00E-21  2.83E-21
   166       9.46E-15  6.64E-15  4.10E-15  2.79E-15  1.83E-15  9.64E-16  5.38E-16  2.70E-16  9.31E-17  3.77E-17
             1.44E-17  3.85E-18  1.39E-18  4.95E-19  1.26E-19  4.47E-20  1.58E-20  4.00E-21  1.41E-21
   167       2.18E-14  1.53E-14  9.45E-15  6.43E-15  4.23E-15  2.23E-15  1.24E-15  6.24E-16  2.15E-16  8.71E-17
             3.33E-17  8.89E-18  3.20E-18  1.14E-18  2.91E-19  1.03E-19  3.65E-20  9.23E-21  3.27E-21
   168       1.09E-14  7.66E-15  4.73E-15  3.21E-15  2.11E-15  1.11E-15  6.20E-16  3.12E-16  1.07E-16  4.35E-17
             1.67E-17  4.45E-18  1.60E-18  5.72E-19  1.45E-19  5.15E-20  1.82E-20  4.62E-21  1.63E-21
   169       2.40E-14  1.69E-14  1.07E-14  7.53E-15  5.28E-15  3.27E-15  2.23E-15  1.48E-15  7.96E-16  4.59E-16
             2.44E-16  9.24E-17  4.06E-17  1.68E-17  4.91E-18  1.87E-18  6.98E-19  1.84E-19  6.63E-20
   170       4.97E-15  3.47E-15  2.12E-15  1.42E-15  9.07E-16  4.50E-16  2.36E-16  1.12E-16  3.58E-17  1.39E-17
             5.21E-18  1.36E-18  4.88E-19  1.74E-19  4.41E-20  1.56E-20  5.53E-21  1.40E-21  4.95E-22
   171       2.48E-15  1.73E-15  1.06E-15  7.09E-16  4.53E-16  2.25E-16  1.18E-16  5.58E-17  1.79E-17  6.97E-18
             2.60E-18  6.82E-19  2.44E-19  8.69E-20  2.21E-20  7.81E-21  2.76E-21  6.99E-22  2.47E-22
   172       5.73E-15  4.00E-15  2.44E-15  1.64E-15  1.05E-15  5.19E-16  2.73E-16  1.29E-16  4.13E-17  1.61E-17
             6.01E-18  1.57E-18  5.64E-19  2.01E-19  5.09E-20  1.80E-20  6.38E-21  1.61E-21  5.71E-22
   173       2.86E-15  2.00E-15  1.22E-15  8.18E-16  5.23E-16  2.59E-16  1.36E-16  6.43E-17  2.06E-17  8.05E-18
             3.00E-18  7.87E-19  2.82E-19  1.00E-19  2.55E-20  9.01E-21  3.19E-21  8.07E-22  2.85E-22
   174       6.49E-15  4.54E-15  2.77E-15  1.85E-15  1.19E-15  5.88E-16  3.09E-16  1.46E-16  4.68E-17  1.82E-17
             6.81E-18  1.78E-18  6.39E-19  2.27E-19  5.77E-20  2.04E-20  7.23E-21  1.83E-21  6.47E-22
   175       3.25E-15  2.27E-15  1.38E-15  9.27E-16  5.93E-16  2.94E-16  1.54E-16  7.29E-17  2.34E-17  9.12E-18
             3.41E-18  8.92E-19  3.19E-19  1.14E-19  2.89E-20  1.02E-20  3.61E-21  9.14E-22  3.23E-22
   176       4.42E-14  3.12E-14  1.96E-14  1.38E-14  9.56E-15  5.75E-15  3.77E-15  2.34E-15  1.11E-15  5.62E-16
             2.59E-16  8.21E-17  3.20E-17  1.20E-17  3.15E-18  1.13E-18  4.02E-19  1.02E-19  3.62E-20
   177       2.21E-14  1.56E-14  9.81E-15  6.87E-15  4.78E-15  2.87E-15  1.88E-15  1.17E-15  5.53E-16  2.81E-16
             1.30E-16  4.10E-17  1.60E-17  5.99E-18  1.57E-18  5.65E-19  2.01E-19  5.11E-20  1.81E-20
   178       3.41E-14  2.40E-14  1.51E-14  1.06E-14  7.37E-15  4.44E-15  2.91E-15  1.81E-15  8.55E-16  4.35E-16
             2.01E-16  6.36E-17  2.48E-17  9.29E-18  2.44E-18  8.76E-19  3.12E-19  7.93E-20  2.81E-20
   179       1.70E-14  1.20E-14  7.56E-15  5.30E-15  3.68E-15  2.22E-15  1.45E-15  9.04E-16  4.28E-16  2.17E-16
             1.00E-16  3.18E-17  1.24E-17  4.64E-18  1.22E-18  4.38E-19  1.56E-19  3.96E-20  1.40E-20
   180       1.17E-14  8.28E-15  5.23E-15  3.68E-15  2.59E-15  1.60E-15  1.10E-15  7.28E-16  3.93E-16  2.27E-16
             1.21E-16  4.59E-17  2.02E-17  8.36E-18  2.44E-18  9.32E-19  3.47E-19  9.18E-20  3.31E-20
   181       2.12E-21  1.64E-21  1.36E-21  1.51E-21  2.46E-21  8.91E-21  3.22E-20  1.30E-19  8.43E-19  3.06E-18
             8.84E-18  2.34E-17  3.55E-17  4.18E-17  3.62E-17  2.56E-17  1.52E-17  6.12E-18  2.72E-18


 -----------------------------------------
 PRTF= 1  TRMPRT= (3P)  SPNPRT= 3  NSYS= 2
                                                                                              -----------------
                                                                                              SYS= 1  SPNSYS= 2
   IREP
   ----
     2       3.38E-12  2.39E-12  1.51E-12  1.07E-12  7.58E-13  4.82E-13  3.44E-13  2.48E-13  1.65E-13  1.27E-13
             1.03E-13  8.59E-14  7.86E-14  6.95E-14  4.95E-14  3.20E-14  1.78E-14  6.77E-15  2.93E-15
     3       3.63E-13  2.57E-13  1.62E-13  1.14E-13  8.02E-14  4.98E-14  3.42E-14  2.30E-14  1.31E-14  8.34E-15
             5.53E-15  3.83E-15  3.31E-15  2.91E-15  2.19E-15  1.55E-15  9.94E-16  4.78E-16  2.49E-16
     4       3.66E-13  2.59E-13  1.63E-13  1.15E-13  8.02E-14  4.91E-14  3.31E-14  2.15E-14  1.13E-14  6.52E-15
             3.69E-15  1.93E-15  1.40E-15  1.11E-15  7.79E-16  5.37E-16  3.34E-16  1.56E-16  7.94E-17
     5       3.33E-13  2.35E-13  1.48E-13  1.04E-13  7.23E-14  4.37E-14  2.90E-14  1.84E-14  9.15E-15  5.01E-15
             2.64E-15  1.19E-15  7.61E-16  5.50E-16  3.64E-16  2.46E-16  1.51E-16  6.90E-17  3.49E-17
     6       2.97E-13  2.09E-13  1.32E-13  9.20E-14  6.37E-14  3.80E-14  2.47E-14  1.53E-14  7.31E-15  3.86E-15
             1.94E-15  8.04E-16  4.72E-16  3.18E-16  2.01E-16  1.33E-16  8.07E-17  3.66E-17  1.84E-17
     7       2.65E-13  1.87E-13  1.17E-13  8.16E-14  5.61E-14  3.30E-14  2.11E-14  1.27E-14  5.86E-15  3.01E-15
             1.46E-15  5.73E-16  3.18E-16  2.04E-16  1.23E-16  8.05E-17  4.84E-17  2.17E-17  1.09E-17
     8       2.38E-13  1.68E-13  1.05E-13  7.28E-14  4.97E-14  2.87E-14  1.80E-14  1.06E-14  4.75E-15  2.38E-15
             1.13E-15  4.25E-16  2.26E-16  1.39E-16  8.09E-17  5.19E-17  3.10E-17  1.38E-17  6.89E-18
     9       2.15E-13  1.52E-13  9.45E-14  6.53E-14  4.43E-14  2.52E-14  1.55E-14  8.99E-15  3.90E-15  1.92E-15
             8.93E-16  3.25E-16  1.67E-16  9.94E-17  5.64E-17  3.57E-17  2.11E-17  9.38E-18  4.67E-18
    10       1.96E-13  1.38E-13  8.58E-14  5.90E-14  3.97E-14  2.23E-14  1.35E-14  7.65E-15  3.24E-15  1.56E-15
             7.17E-16  2.54E-16  1.28E-16  7.40E-17  4.11E-17  2.58E-17  1.51E-17  6.65E-18  3.30E-18
    11       1.80E-13  1.26E-13  7.84E-14  5.37E-14  3.59E-14  1.97E-14  1.18E-14  6.57E-15  2.72E-15  1.29E-15
             5.85E-16  2.04E-16  1.00E-16  5.68E-17  3.09E-17  1.94E-17  1.14E-17  5.03E-18  2.48E-18
    12       1.66E-13  1.17E-13  7.20E-14  4.91E-14  3.25E-14  1.76E-14  1.04E-14  5.68E-15  2.31E-15  1.08E-15
             4.84E-16  1.66E-16  8.00E-17  4.44E-17  2.36E-17  1.46E-17  8.53E-18  3.74E-18  1.85E-18
    13       1.54E-13  1.08E-13  6.65E-14  4.51E-14  2.96E-14  1.58E-14  9.15E-15  4.95E-15  1.97E-15  9.15E-16
             4.06E-16  1.37E-16  6.51E-17  3.55E-17  1.87E-17  1.16E-17  6.70E-18  2.92E-18  1.44E-18
    14       1.44E-13  1.01E-13  6.17E-14  4.16E-14  2.71E-14  1.42E-14  8.14E-15  4.34E-15  1.70E-15  7.82E-16
             3.43E-16  1.14E-16  5.39E-17  2.91E-17  1.51E-17  9.20E-18  5.31E-18  2.31E-18  1.13E-18
    15       1.35E-13  9.39E-14  5.73E-14  3.84E-14  2.48E-14  1.28E-14  7.25E-15  3.81E-15  1.48E-15  6.72E-16
             2.93E-16  9.68E-17  4.50E-17  2.39E-17  1.22E-17  7.42E-18  4.28E-18  1.86E-18  9.15E-19
    16       1.27E-13  8.82E-14  5.36E-14  3.57E-14  2.29E-14  1.17E-14  6.50E-15  3.38E-15  1.29E-15  5.82E-16
             2.52E-16  8.25E-17  3.81E-17  2.00E-17  1.01E-17  6.10E-18  3.51E-18  1.52E-18  7.47E-19
    17       1.13E-13  7.84E-14  4.72E-14  3.11E-14  1.96E-14  9.71E-15  5.29E-15  2.69E-15  1.00E-15  4.46E-16
             1.91E-16  6.15E-17  2.79E-17  1.44E-17  7.13E-18  4.27E-18  2.45E-18  1.05E-18  5.03E-19
    18       1.02E-13  7.04E-14  4.20E-14  2.73E-14  1.69E-14  8.20E-15  4.38E-15  2.19E-15  7.99E-16  3.51E-16
             1.49E-16  4.74E-17  2.13E-17  1.08E-17  5.24E-18  3.12E-18  1.78E-18  7.59E-19  3.59E-19
    19       9.26E-14  6.38E-14  3.77E-14  2.42E-14  1.48E-14  6.98E-15  3.67E-15  1.80E-15  6.48E-16  2.82E-16
             1.18E-16  3.73E-17  1.66E-17  8.31E-18  3.97E-18  2.34E-18  1.33E-18  5.69E-19  2.77E-19
    20       8.13E-14  5.57E-14  3.23E-14  2.04E-14  1.22E-14  5.59E-15  2.87E-15  1.38E-15  4.86E-16  2.09E-16
             8.69E-17  2.70E-17  1.18E-17  5.83E-18  2.73E-18  1.60E-18  9.01E-19  3.84E-19  1.86E-19
    21       6.96E-14  4.72E-14  2.69E-14  1.66E-14  9.65E-15  4.26E-15  2.13E-15  1.01E-15  3.45E-16  1.46E-16
             6.02E-17  1.85E-17  7.98E-18  3.87E-18  1.78E-18  1.03E-18  5.76E-19  2.44E-19  1.17E-19
    22       5.67E-14  3.79E-14  2.09E-14  1.25E-14  7.03E-15  2.97E-15  1.44E-15  6.62E-16  2.21E-16  9.25E-17
             3.76E-17  1.14E-17  4.83E-18  2.30E-18  1.03E-18  5.88E-19  3.27E-19  1.38E-19  6.56E-20
    23       5.03E-14  3.32E-14  1.80E-14  1.05E-14  5.81E-15  2.39E-15  1.14E-15  5.17E-16  1.71E-16  7.07E-17
             2.86E-17  8.56E-18  3.62E-18  1.71E-18  7.53E-19  4.28E-19  2.37E-19  9.90E-20  4.70E-20
    24       4.27E-14  2.78E-14  1.46E-14  8.34E-15  4.47E-15  1.78E-15  8.32E-16  3.71E-16  1.20E-16  4.94E-17
             1.98E-17  5.88E-18  2.46E-18  1.15E-18  4.98E-19  2.80E-19  1.54E-19  6.40E-20  3.01E-20
    25       3.86E-14  2.48E-14  1.28E-14  7.21E-15  3.80E-15  1.49E-15  6.87E-16  3.04E-16  9.75E-17  3.98E-17
             1.59E-17  4.70E-18  1.96E-18  9.04E-19  3.89E-19  2.18E-19  1.20E-19  4.93E-20  2.31E-20
    26       3.35E-14  2.12E-14  1.07E-14  5.87E-15  3.03E-15  1.16E-15  5.27E-16  2.30E-16  7.31E-17  2.97E-17
             1.18E-17  3.46E-18  1.43E-18  6.56E-19  2.79E-19  1.55E-19  8.48E-20  3.47E-20  1.61E-20
    27       2.95E-14  1.84E-14  8.99E-15  4.86E-15  2.46E-15  9.21E-16  4.14E-16  1.79E-16  5.63E-17  2.27E-17
             8.99E-18  2.62E-18  1.08E-18  4.91E-19  2.07E-19  1.14E-19  6.22E-20  2.52E-20  1.16E-20
    28       2.46E-14  1.50E-14  7.11E-15  3.74E-15  1.85E-15  6.76E-16  2.99E-16  1.28E-16  3.97E-17  1.59E-17
             6.26E-18  1.81E-18  7.42E-19  3.34E-19  1.39E-19  7.63E-20  4.12E-20  1.65E-20  7.53E-21
    29       2.02E-14  1.20E-14  5.47E-15  2.81E-15  1.36E-15  4.83E-16  2.11E-16  8.90E-17  2.73E-17  1.09E-17
             4.25E-18  1.22E-18  4.98E-19  2.23E-19  9.13E-20  4.98E-20  2.69E-20  1.10E-20  5.17E-21
    30       1.48E-14  8.50E-15  3.68E-15  1.82E-15  8.54E-16  2.94E-16  1.26E-16  5.23E-17  1.58E-17  6.24E-18
             2.42E-18  6.92E-19  2.79E-19  1.23E-19  4.96E-20  2.68E-20  1.44E-20  5.82E-21  2.70E-21
    31       1.19E-14  6.66E-15  2.79E-15  1.35E-15  6.22E-16  2.10E-16  8.87E-17  3.66E-17  1.09E-17  4.30E-18
             1.66E-18  4.73E-19  1.90E-19  8.32E-20  3.32E-20  1.78E-20  9.49E-21  3.80E-21  1.75E-21
    32       8.65E-15  4.65E-15  1.86E-15  8.75E-16  3.93E-16  1.29E-16  5.40E-17  2.20E-17  6.51E-18  2.54E-18
             9.78E-19  2.76E-19  1.10E-19  4.78E-20  1.88E-20  9.99E-21  5.28E-21  2.08E-21  9.45E-22
    33       6.72E-15  3.52E-15  1.36E-15  6.28E-16  2.78E-16  8.99E-17  3.71E-17  1.50E-17  4.41E-18  1.71E-18
             6.58E-19  1.85E-19  7.35E-20  3.17E-20  1.23E-20  6.52E-21  3.42E-21  1.33E-21  5.96E-22
    34       4.57E-15  2.30E-15  8.56E-16  3.84E-16  1.67E-16  5.27E-17  2.15E-17  8.62E-18  2.51E-18  9.69E-19
             3.70E-19  1.03E-19  4.09E-20  1.75E-20  6.71E-21  3.52E-21  1.85E-21  7.37E-22  3.40E-22
    35       3.35E-15  1.64E-15  5.93E-16  2.62E-16  1.12E-16  3.49E-17  1.41E-17  5.62E-18  1.62E-18  6.24E-19
             2.38E-19  6.62E-20  2.60E-20  1.11E-20  4.21E-21  2.19E-21  1.15E-21  4.52E-22  2.06E-22
    36       2.04E-15  9.63E-16  3.34E-16  1.44E-16  6.04E-17  1.85E-17  7.40E-18  2.92E-18  8.36E-19  3.20E-19
             1.21E-19  3.36E-20  1.31E-20  5.54E-21  2.08E-21  1.07E-21  5.55E-22  2.14E-22  9.62E-23
    37       1.44E-15  6.67E-16  2.26E-16  9.61E-17  3.98E-17  1.21E-17  4.80E-18  1.88E-18  5.36E-19  2.04E-19
             7.72E-20  2.13E-20  8.32E-21  3.49E-21  1.30E-21  6.65E-22  3.41E-22  1.30E-22  5.75E-23
    38       8.43E-16  3.79E-16  1.24E-16  5.20E-17  2.12E-17  6.34E-18  2.50E-18  9.73E-19  2.75E-19  1.04E-19
             3.93E-20  1.08E-20  4.20E-21  1.75E-21  6.43E-22  3.27E-22  1.68E-22  6.57E-23  2.99E-23
    39       5.67E-16  2.50E-16  8.06E-17  3.33E-17  1.35E-17  3.99E-18  1.56E-18  6.06E-19  1.71E-19  6.46E-20
             2.43E-20  6.66E-21  2.58E-21  1.07E-21  3.89E-22  1.97E-22  1.01E-22  3.88E-23  1.75E-23
    40       2.99E-16  1.29E-16  4.04E-17  1.65E-17  6.59E-18  1.93E-18  7.49E-19  2.89E-19  8.07E-20  3.05E-20
             1.14E-20  3.12E-21  1.20E-21  4.95E-22  1.78E-22  8.95E-23  4.52E-23  1.70E-23  7.50E-24
    41       2.08E-16  8.83E-17  2.75E-17  1.11E-17  4.43E-18  1.29E-18  4.99E-19  1.92E-19  5.34E-20  2.01E-20
             7.53E-21  2.05E-21  7.90E-22  3.24E-22  1.16E-22  5.80E-23  2.91E-23  1.08E-23  4.71E-24
    42       1.22E-16  5.11E-17  1.57E-17  6.30E-18  2.49E-18  7.20E-19  2.78E-19  1.07E-19  2.96E-20  1.11E-20
             4.15E-21  1.13E-21  4.34E-22  1.78E-22  6.31E-23  3.14E-23  1.59E-23  6.09E-24  2.74E-24

                                                                                              -----------------
                                                                                              SYS= 2  SPNSYS= 4
   IREP
   ----
     2       3.18E-12  2.25E-12  1.42E-12  1.01E-12  7.13E-13  4.53E-13  3.23E-13  2.32E-13  1.53E-13  1.15E-13
             8.94E-14  6.87E-14  5.78E-14  4.69E-14  3.06E-14  1.90E-14  1.03E-14  3.86E-15  1.67E-15
     3       8.13E-13  5.75E-13  3.63E-13  2.56E-13  1.80E-13  1.12E-13  7.67E-14  5.18E-14  2.97E-14  1.93E-14
             1.32E-14  9.28E-15  7.92E-15  6.78E-15  4.94E-15  3.44E-15  2.16E-15  1.02E-15  5.26E-16
     4       7.73E-13  5.46E-13  3.44E-13  2.42E-13  1.69E-13  1.03E-13  6.97E-14  4.53E-14  2.37E-14  1.37E-14
             7.78E-15  4.09E-15  2.95E-15  2.31E-15  1.60E-15  1.10E-15  6.80E-16  3.15E-16  1.60E-16
     5       6.89E-13  4.86E-13  3.06E-13  2.14E-13  1.49E-13  9.02E-14  5.97E-14  3.78E-14  1.88E-14  1.03E-14
             5.41E-15  2.45E-15  1.56E-15  1.12E-15  7.38E-16  4.96E-16  3.03E-16  1.39E-16  7.00E-17
     6       6.07E-13  4.28E-13  2.69E-13  1.88E-13  1.30E-13  7.76E-14  5.04E-14  3.11E-14  1.49E-14  7.84E-15
             3.94E-15  1.63E-15  9.56E-16  6.43E-16  4.04E-16  2.67E-16  1.62E-16  7.34E-17  3.68E-17
     7       5.38E-13  3.79E-13  2.38E-13  1.66E-13  1.14E-13  6.69E-14  4.27E-14  2.57E-14  1.19E-14  6.07E-15
             2.96E-15  1.16E-15  6.41E-16  4.10E-16  2.48E-16  1.61E-16  9.69E-17  4.35E-17  2.18E-17
     8       4.81E-13  3.39E-13  2.12E-13  1.47E-13  1.00E-13  5.81E-14  3.64E-14  2.15E-14  9.58E-15  4.80E-15
             2.28E-15  8.55E-16  4.54E-16  2.79E-16  1.62E-16  1.04E-16  6.20E-17  2.77E-17  1.38E-17
     9       4.34E-13  3.06E-13  1.90E-13  1.32E-13  8.93E-14  5.08E-14  3.13E-14  1.81E-14  7.85E-15  3.85E-15
             1.79E-15  6.53E-16  3.36E-16  2.00E-16  1.13E-16  7.16E-17  4.23E-17  1.88E-17  9.35E-18
    10       3.95E-13  2.78E-13  1.73E-13  1.19E-13  8.00E-14  4.48E-14  2.71E-14  1.54E-14  6.51E-15  3.14E-15
             1.44E-15  5.11E-16  2.56E-16  1.48E-16  8.22E-17  5.16E-17  3.02E-17  1.33E-17  6.61E-18
    11       3.62E-13  2.54E-13  1.58E-13  1.08E-13  7.20E-14  3.97E-14  2.37E-14  1.32E-14  5.46E-15  2.59E-15
             1.17E-15  4.09E-16  2.01E-16  1.14E-16  6.19E-17  3.88E-17  2.29E-17  1.01E-17  4.97E-18
    12       3.34E-13  2.34E-13  1.45E-13  9.86E-14  6.53E-14  3.54E-14  2.08E-14  1.14E-14  4.62E-15  2.17E-15
             9.71E-16  3.32E-16  1.60E-16  8.89E-17  4.73E-17  2.93E-17  1.71E-17  7.48E-18  3.70E-18
    13       3.10E-13  2.17E-13  1.33E-13  9.04E-14  5.94E-14  3.17E-14  1.84E-14  9.92E-15  3.95E-15  1.83E-15
             8.13E-16  2.74E-16  1.30E-16  7.11E-17  3.75E-17  2.31E-17  1.34E-17  5.84E-18  2.88E-18
    14       2.89E-13  2.02E-13  1.24E-13  8.34E-14  5.43E-14  2.85E-14  1.63E-14  8.69E-15  3.41E-15  1.57E-15
             6.88E-16  2.29E-16  1.08E-16  5.83E-17  3.02E-17  1.84E-17  1.06E-17  4.62E-18  2.27E-18
    15       2.70E-13  1.88E-13  1.15E-13  7.70E-14  4.97E-14  2.57E-14  1.45E-14  7.64E-15  2.95E-15  1.35E-15
             5.87E-16  1.94E-16  9.01E-17  4.79E-17  2.44E-17  1.48E-17  8.56E-18  3.72E-18  1.83E-18
    16       2.54E-13  1.77E-13  1.07E-13  7.16E-14  4.58E-14  2.34E-14  1.30E-14  6.77E-15  2.58E-15  1.17E-15
             5.05E-16  1.65E-16  7.62E-17  4.01E-17  2.02E-17  1.22E-17  7.02E-18  3.04E-18  1.49E-18
    17       2.26E-13  1.57E-13  9.45E-14  6.22E-14  3.92E-14  1.94E-14  1.06E-14  5.39E-15  2.01E-15  8.93E-16
             3.82E-16  1.23E-16  5.59E-17  2.89E-17  1.43E-17  8.55E-18  4.89E-18  2.11E-18  1.01E-18
    18       2.04E-13  1.41E-13  8.40E-14  5.47E-14  3.39E-14  1.64E-14  8.76E-15  4.38E-15  1.60E-15  7.03E-16
             2.98E-16  9.48E-17  4.25E-17  2.16E-17  1.05E-17  6.24E-18  3.55E-18  1.52E-18  7.18E-19
    19       1.85E-13  1.28E-13  7.54E-14  4.85E-14  2.96E-14  1.40E-14  7.34E-15  3.61E-15  1.30E-15  5.64E-16
             2.37E-16  7.46E-17  3.31E-17  1.66E-17  7.94E-18  4.68E-18  2.66E-18  1.14E-18  5.55E-19
    20       1.63E-13  1.11E-13  6.47E-14  4.09E-14  2.44E-14  1.12E-14  5.73E-15  2.77E-15  9.72E-16  4.18E-16
             1.74E-16  5.40E-17  2.36E-17  1.17E-17  5.46E-18  3.20E-18  1.80E-18  7.69E-19  3.72E-19
    21       1.39E-13  9.44E-14  5.37E-14  3.32E-14  1.93E-14  8.52E-15  4.26E-15  2.01E-15  6.90E-16  2.93E-16
             1.21E-16  3.69E-17  1.60E-17  7.75E-18  3.55E-18  2.06E-18  1.15E-18  4.88E-19  2.35E-19
    22       1.14E-13  7.58E-14  4.19E-14  2.51E-14  1.41E-14  5.94E-15  2.88E-15  1.32E-15  4.43E-16  1.85E-16
             7.52E-17  2.27E-17  9.67E-18  4.60E-18  2.06E-18  1.18E-18  6.55E-19  2.75E-19  1.31E-19
    23       1.01E-13  6.65E-14  3.59E-14  2.11E-14  1.16E-14  4.78E-15  2.28E-15  1.04E-15  3.41E-16  1.42E-16
             5.72E-17  1.71E-17  7.24E-18  3.41E-18  1.51E-18  8.56E-19  4.74E-19  1.98E-19  9.40E-20
    24       8.54E-14  5.55E-14  2.92E-14  1.67E-14  8.94E-15  3.56E-15  1.66E-15  7.43E-16  2.41E-16  9.89E-17
             3.96E-17  1.18E-17  4.93E-18  2.29E-18  9.96E-19  5.60E-19  3.08E-19  1.28E-19  6.02E-20
    25       7.72E-14  4.97E-14  2.56E-14  1.44E-14  7.60E-15  2.97E-15  1.37E-15  6.07E-16  1.95E-16  7.97E-17
             3.18E-17  9.39E-18  3.91E-18  1.81E-18  7.78E-19  4.36E-19  2.39E-19  9.87E-20  4.62E-20
    26       6.71E-14  4.25E-14  2.13E-14  1.17E-14  6.07E-15  2.32E-15  1.05E-15  4.61E-16  1.46E-16  5.93E-17
             2.36E-17  6.91E-18  2.86E-18  1.31E-18  5.58E-19  3.10E-19  1.70E-19  6.94E-20  3.22E-20
    27       5.89E-14  3.67E-14  1.80E-14  9.72E-15  4.93E-15  1.84E-15  8.29E-16  3.59E-16  1.13E-16  4.55E-17
             1.80E-17  5.25E-18  2.16E-18  9.83E-19  4.14E-19  2.29E-19  1.24E-19  5.04E-20  2.32E-20
    28       4.92E-14  3.00E-14  1.42E-14  7.49E-15  3.71E-15  1.35E-15  5.99E-16  2.56E-16  7.94E-17  3.18E-17
             1.25E-17  3.63E-18  1.48E-18  6.69E-19  2.78E-19  1.53E-19  8.24E-20  3.30E-20  1.51E-20
    29       4.03E-14  2.40E-14  1.09E-14  5.61E-15  2.72E-15  9.66E-16  4.21E-16  1.78E-16  5.46E-17  2.17E-17
             8.50E-18  2.45E-18  9.96E-19  4.45E-19  1.83E-19  9.96E-20  5.37E-20  2.20E-20  1.03E-20
    30       2.97E-14  1.70E-14  7.36E-15  3.64E-15  1.71E-15  5.88E-16  2.51E-16  1.05E-16  3.16E-17  1.25E-17
             4.84E-18  1.38E-18  5.58E-19  2.46E-19  9.93E-20  5.36E-20  2.87E-20  1.16E-20  5.40E-21
    31       2.39E-14  1.33E-14  5.58E-15  2.70E-15  1.24E-15  4.19E-16  1.77E-16  7.31E-17  2.19E-17  8.60E-18
             3.33E-18  9.46E-19  3.80E-19  1.66E-19  6.64E-20  3.56E-20  1.90E-20  7.61E-21  3.50E-21
    32       1.73E-14  9.30E-15  3.72E-15  1.75E-15  7.87E-16  2.59E-16  1.08E-16  4.40E-17  1.30E-17  5.08E-18
             1.96E-18  5.52E-19  2.20E-19  9.57E-20  3.76E-20  2.00E-20  1.06E-20  4.17E-21  1.89E-21
    33       1.34E-14  7.03E-15  2.73E-15  1.26E-15  5.56E-16  1.80E-16  7.43E-17  3.00E-17  8.83E-18  3.43E-18
             1.32E-18  3.70E-19  1.47E-19  6.35E-20  2.47E-20  1.30E-20  6.84E-21  2.66E-21  1.19E-21
    34       9.13E-15  4.60E-15  1.71E-15  7.69E-16  3.33E-16  1.05E-16  4.30E-17  1.72E-17  5.01E-18  1.94E-18
             7.40E-19  2.07E-19  8.17E-20  3.50E-20  1.34E-20  7.03E-21  3.69E-21  1.47E-21  6.80E-22
    35       6.69E-15  3.28E-15  1.19E-15  5.23E-16  2.23E-16  6.98E-17  2.82E-17  1.12E-17  3.24E-18  1.25E-18
             4.75E-19  1.32E-19  5.21E-20  2.22E-20  8.42E-21  4.39E-21  2.29E-21  9.04E-22  4.13E-22
    36       4.07E-15  1.93E-15  6.69E-16  2.88E-16  1.21E-16  3.70E-17  1.48E-17  5.84E-18  1.67E-18  6.40E-19
             2.42E-19  6.72E-20  2.63E-20  1.11E-20  4.16E-21  2.15E-21  1.11E-21  4.29E-22  1.92E-22
    37       2.88E-15  1.33E-15  4.52E-16  1.92E-16  7.97E-17  2.41E-17  9.59E-18  3.76E-18  1.07E-18  4.09E-19
             1.54E-19  4.27E-20  1.66E-20  6.99E-21  2.60E-21  1.33E-21  6.82E-22  2.59E-22  1.15E-22
    38       1.69E-15  7.57E-16  2.49E-16  1.04E-16  4.25E-17  1.27E-17  5.00E-18  1.95E-18  5.50E-19  2.09E-19
             7.87E-20  2.16E-20  8.40E-21  3.50E-21  1.29E-21  6.54E-22  3.36E-22  1.31E-22  5.99E-23
    39       1.13E-15  5.00E-16  1.61E-16  6.66E-17  2.70E-17  7.97E-18  3.13E-18  1.21E-18  3.41E-19  1.29E-19
             4.85E-20  1.33E-20  5.15E-21  2.14E-21  7.78E-22  3.94E-22  2.01E-22  7.76E-23  3.49E-23
    40       5.98E-16  2.57E-16  8.09E-17  3.29E-17  1.32E-17  3.85E-18  1.50E-18  5.78E-19  1.61E-19  6.09E-20
             2.28E-20  6.24E-21  2.40E-21  9.91E-22  3.57E-22  1.79E-22  9.04E-23  3.40E-23  1.50E-23
    41       4.15E-16  1.77E-16  5.50E-17  2.22E-17  8.85E-18  2.57E-18  9.98E-19  3.83E-19  1.07E-19  4.03E-20
             1.51E-20  4.11E-21  1.58E-21  6.49E-22  2.32E-22  1.16E-22  5.81E-23  2.16E-23  9.41E-24
    42       2.43E-16  1.02E-16  3.14E-17  1.26E-17  4.99E-18  1.44E-18  5.56E-19  2.13E-19  5.92E-20  2.23E-20
             8.31E-21  2.26E-21  8.68E-22  3.55E-22  1.26E-22  6.28E-23  3.17E-23  1.22E-23  5.48E-24


 -----------------------------------------
 PRTF= 2  TRMPRT= (1D)  SPNPRT= 1  NSYS= 1
                                                                                              -----------------
                                                                                              SYS= 1  SPNSYS= 2
   IREP
   ----
     3       2.12E-21  1.64E-21  1.36E-21  1.51E-21  2.46E-21  8.91E-21  3.22E-20  1.30E-19  8.43E-19  3.06E-18
             8.84E-18  2.34E-17  3.55E-17  4.18E-17  3.62E-17  2.56E-17  1.52E-17  6.12E-18  2.73E-18



 --------------------------------
 PRTI= 2  TRMPRT= (1D)  SPNPRT= 1

   INDX TE=  1.00E+01  2.00E+01  5.00E+01  1.00E+02  2.00E+02  5.00E+02  1.00E+03  2.00E+03  5.00E+03  1.00E+04
   ---- ---  2.00E+04  5.00E+04  1.00E+05  2.00E+05  5.00E+05  1.00E+06  2.00E+06  5.00E+06  1.00E+07
     2       6.41E-12  4.54E-12  2.87E-12  2.03E-12  1.44E-12  9.14E-13  6.51E-13  4.67E-13  3.09E-13  2.32E-13
             1.82E-13  1.42E-13  1.21E-13  9.96E-14  6.59E-14  4.10E-14  2.22E-14  8.27E-15  3.53E-15
     3       1.69E-12  1.19E-12  7.54E-13  5.34E-13  3.78E-13  2.40E-13  1.71E-13  1.23E-13  8.18E-14  6.21E-14
             4.95E-14  3.99E-14  3.52E-14  3.00E-14  2.06E-14  1.31E-14  7.19E-15  2.71E-15  1.16E-15
    10       3.28E-14  2.32E-14  1.46E-14  1.03E-14  7.26E-15  4.53E-15  3.14E-15  2.17E-15  1.35E-15  1.00E-15
             7.92E-16  6.18E-16  5.09E-16  3.98E-16  2.49E-16  1.52E-16  8.25E-17  3.11E-17  1.34E-17
    11       1.62E-14  1.14E-14  7.22E-15  5.09E-15  3.58E-15  2.23E-15  1.55E-15  1.07E-15  6.73E-16  5.02E-16
             4.03E-16  3.22E-16  2.70E-16  2.14E-16  1.35E-16  8.34E-17  4.53E-17  1.71E-17  7.39E-18
    12       8.49E-15  6.02E-15  3.83E-15  2.74E-15  1.98E-15  1.33E-15  1.03E-15  8.74E-16  8.43E-16  9.45E-16
             1.13E-15  1.40E-15  1.57E-15  1.66E-15  1.64E-15  1.47E-15  1.19E-15  7.32E-16  4.35E-16
    16       1.24E-17  8.78E-18  5.52E-18  3.87E-18  2.69E-18  1.62E-18  1.07E-18  6.66E-19  3.17E-19  1.63E-19
             7.60E-20  2.45E-20  9.72E-21  3.70E-21  9.90E-22  3.59E-22  1.29E-22  3.31E-23  1.17E-23
    19       8.08E-17  5.71E-17  3.59E-17  2.52E-17  1.75E-17  1.06E-17  6.94E-18  4.33E-18  2.07E-18  1.06E-18
             4.95E-19  1.60E-19  6.34E-20  2.41E-20  6.46E-21  2.34E-21  8.42E-22  2.16E-22  7.67E-23
    21       2.14E-18  1.51E-18  9.52E-19  6.67E-19  4.64E-19  2.80E-19  1.84E-19  1.15E-19  5.49E-20  2.82E-20
             1.32E-20  4.26E-21  1.69E-21  6.43E-22  1.72E-22  6.25E-23  2.25E-23  5.76E-24  2.05E-24
    25       7.78E-15  5.49E-15  3.44E-15  2.41E-15  1.66E-15  9.88E-16  6.38E-16  3.90E-16  1.88E-16  1.05E-16
             6.05E-17  3.35E-17  2.34E-17  1.66E-17  9.82E-18  5.89E-18  3.16E-18  1.18E-18  5.08E-19
    26       3.68E-15  2.60E-15  1.63E-15  1.14E-15  7.88E-16  4.68E-16  3.02E-16  1.85E-16  8.92E-17  4.99E-17
             2.90E-17  1.62E-17  1.14E-17  8.19E-18  4.87E-18  2.93E-18  1.57E-18  5.90E-19  2.54E-19
    30       7.89E-18  5.56E-18  3.49E-18  2.43E-18  1.67E-18  9.83E-19  6.24E-19  3.70E-19  1.62E-19  7.75E-20
             3.40E-20  1.03E-20  3.95E-21  1.47E-21  3.86E-22  1.39E-22  4.95E-23  1.26E-23  4.47E-24
    33       4.96E-17  3.50E-17  2.19E-17  1.53E-17  1.05E-17  6.19E-18  3.93E-18  2.33E-18  1.02E-18  4.88E-19
             2.14E-19  6.50E-20  2.49E-20  9.26E-21  2.43E-21  8.74E-22  3.12E-22  7.95E-23  2.82E-23
    41       1.29E-18  9.07E-19  5.69E-19  3.97E-19  2.73E-19  1.60E-19  1.02E-19  6.04E-20  2.64E-20  1.27E-20
             5.57E-21  1.69E-21  6.47E-22  2.41E-22  6.32E-23  2.27E-23  8.11E-24  2.07E-24  7.33E-25
    45       1.08E-13  7.62E-14  4.81E-14  3.40E-14  2.40E-14  1.51E-14  1.06E-14  7.53E-15  5.09E-15  4.26E-15
             4.05E-15  4.17E-15  4.12E-15  3.71E-15  2.62E-15  1.69E-15  9.50E-16  3.68E-16  1.60E-16
    46       3.34E-15  2.35E-15  1.47E-15  1.02E-15  6.93E-16  3.95E-16  2.42E-16  1.37E-16  5.69E-17  2.71E-17
             1.27E-17  5.10E-18  2.87E-18  1.76E-18  9.38E-19  5.43E-19  2.86E-19  1.06E-19  4.53E-20
    47       1.58E-15  1.11E-15  6.94E-16  4.81E-16  3.27E-16  1.87E-16  1.14E-16  6.48E-17  2.69E-17  1.29E-17
             6.05E-18  2.43E-18  1.37E-18  8.46E-19  4.53E-19  2.63E-19  1.39E-19  5.13E-20  2.20E-20
    51       4.35E-18  3.06E-18  1.91E-18  1.32E-18  8.99E-19  5.11E-19  3.12E-19  1.75E-19  7.07E-20  3.20E-20
             1.34E-20  3.88E-21  1.45E-21  5.32E-22  1.38E-22  4.93E-23  1.75E-23  4.45E-24  1.58E-24
    60       2.71E-17  1.91E-17  1.19E-17  8.24E-18  5.60E-18  3.18E-18  1.94E-18  1.09E-18  4.41E-19  1.99E-19
             8.34E-20  2.42E-20  9.05E-21  3.31E-21  8.60E-22  3.07E-22  1.09E-22  2.78E-23  9.83E-24
    72       1.84E-15  1.29E-15  8.01E-16  5.50E-16  3.67E-16  2.01E-16  1.17E-16  6.25E-17  2.36E-17  1.04E-17
             4.38E-18  1.44E-18  6.76E-19  3.52E-19  1.63E-19  8.92E-20  4.56E-20  1.65E-20  7.02E-21
    73       8.69E-16  6.10E-16  3.79E-16  2.60E-16  1.74E-16  9.52E-17  5.56E-17  2.96E-17  1.12E-17  4.91E-18
             2.08E-18  6.84E-19  3.22E-19  1.68E-19  7.80E-20  4.28E-20  2.19E-20  7.94E-21  3.37E-21
    77       2.56E-18  1.80E-18  1.12E-18  7.67E-19  5.13E-19  2.81E-19  1.65E-19  8.81E-20  3.32E-20  1.44E-20
             5.81E-21  1.63E-21  6.01E-22  2.18E-22  5.60E-23  2.00E-23  7.08E-24  1.80E-24  6.36E-25
    92       1.59E-17  1.12E-17  6.93E-18  4.76E-18  3.18E-18  1.74E-18  1.02E-18  5.46E-19  2.06E-19  8.91E-20
             3.60E-20  1.01E-20  3.72E-21  1.35E-21  3.48E-22  1.24E-22  4.39E-23  1.11E-23  3.95E-24
   104       1.15E-15  8.09E-16  4.99E-16  3.39E-16  2.22E-16  1.17E-16  6.51E-17  3.30E-17  1.16E-17  4.85E-18
             1.94E-18  5.73E-19  2.40E-19  1.09E-19  4.31E-20  2.19E-20  1.07E-20  3.75E-21  1.57E-21
   105       5.47E-16  3.84E-16  2.37E-16  1.61E-16  1.05E-16  5.53E-17  3.09E-17  1.56E-17  5.51E-18  2.30E-18
             9.19E-19  2.72E-19  1.14E-19  5.18E-20  2.06E-20  1.05E-20  5.11E-21  1.79E-21  7.52E-22
   109       1.63E-18  1.14E-18  7.04E-19  4.79E-19  3.15E-19  1.66E-19  9.34E-20  4.78E-20  1.70E-20  7.11E-21
             2.80E-21  7.66E-22  2.80E-22  1.01E-22  2.58E-23  9.17E-24  3.25E-24  8.24E-25  2.92E-25
   124       1.01E-17  7.06E-18  4.35E-18  2.96E-18  1.95E-18  1.03E-18  5.78E-19  2.95E-19  1.05E-19  4.40E-20
             1.73E-20  4.74E-21  1.73E-21  6.23E-22  1.60E-22  5.68E-23  2.01E-23  5.10E-24  1.80E-24
   142       7.91E-16  5.53E-16  3.38E-16  2.27E-16  1.46E-16  7.34E-17  3.93E-17  1.91E-17  6.38E-18  2.57E-18
             9.96E-19  2.79E-19  1.09E-19  4.50E-20  1.55E-20  7.22E-21  3.33E-21  1.12E-21  4.59E-22
   143       3.75E-16  2.62E-16  1.61E-16  1.08E-16  6.93E-17  3.49E-17  1.87E-17  9.07E-18  3.03E-18  1.22E-18
             4.73E-19  1.32E-19  5.18E-20  2.14E-20  7.38E-21  3.44E-21  1.59E-21  5.33E-22  2.19E-22
   145       1.10E-18  7.69E-19  4.71E-19  3.16E-19  2.04E-19  1.04E-19  5.62E-20  2.76E-20  9.40E-21  3.82E-21
             1.47E-21  3.97E-22  1.44E-22  5.16E-23  1.32E-23  4.68E-24  1.66E-24  4.20E-25  1.49E-25
   160       6.80E-18  4.75E-18  2.91E-18  1.96E-18  1.26E-18  6.41E-19  3.47E-19  1.71E-19  5.81E-20  2.36E-20
             9.10E-21  2.45E-21  8.90E-22  3.19E-22  8.15E-23  2.89E-23  1.02E-23  2.59E-24  9.18E-25
   181       1.84E-14  1.30E-14  8.24E-15  5.83E-15  4.12E-15  2.61E-15  1.86E-15  1.35E-15  9.74E-16  8.97E-16
             9.68E-16  1.17E-15  1.26E-15  1.20E-15  8.94E-16  5.90E-16  3.36E-16  1.31E-16  5.75E-17
   183       2.36E-14  1.67E-14  1.06E-14  7.48E-15  5.29E-15  3.36E-15  2.41E-15  1.76E-15  1.31E-15  1.26E-15
             1.44E-15  1.84E-15  2.05E-15  2.00E-15  1.51E-15  1.00E-15  5.72E-16  2.24E-16  9.85E-17
   184       7.81E-17  5.65E-17  3.81E-17  3.00E-17  2.61E-17  2.82E-17  3.87E-17  6.28E-17  1.28E-16  2.04E-16
             2.94E-16  3.99E-16  4.51E-16  4.76E-16  4.66E-16  4.18E-16  3.38E-16  2.07E-16  1.23E-16
   185       2.87E-13  2.03E-13  1.28E-13  9.01E-14  6.32E-14  3.91E-14  2.67E-14  1.77E-14  9.53E-15  5.51E-15
             2.93E-15  1.11E-15  4.90E-16  2.03E-16  5.94E-17  2.26E-17  8.42E-18  2.22E-18  8.01E-19
   186       1.98E-13  1.40E-13  8.82E-14  6.21E-14  4.36E-14  2.70E-14  1.84E-14  1.22E-14  6.61E-15  3.83E-15
             2.04E-15  7.78E-16  3.43E-16  1.42E-16  4.17E-17  1.59E-17  5.93E-18  1.57E-18  5.64E-19
   187       3.44E-13  2.43E-13  1.53E-13  1.08E-13  7.58E-14  4.70E-14  3.21E-14  2.13E-14  1.16E-14  6.71E-15
             3.59E-15  1.37E-15  6.06E-16  2.52E-16  7.39E-17  2.82E-17  1.05E-17  2.78E-18  1.00E-18
   188       1.11E-13  7.83E-14  4.94E-14  3.48E-14  2.44E-14  1.51E-14  1.04E-14  6.89E-15  3.74E-15  2.18E-15
             1.17E-15  4.48E-16  1.98E-16  8.26E-17  2.42E-17  9.26E-18  3.46E-18  9.14E-19  3.29E-19
   190       3.52E-14  2.49E-14  1.57E-14  1.11E-14  7.77E-15  4.82E-15  3.30E-15  2.20E-15  1.20E-15  7.00E-16
             3.76E-16  1.45E-16  6.44E-17  2.69E-17  7.91E-18  3.02E-18  1.13E-18  2.99E-19  1.08E-19
   191       5.72E-14  4.04E-14  2.55E-14  1.79E-14  1.25E-14  7.64E-15  5.14E-15  3.37E-15  1.91E-15  1.37E-15
             1.19E-15  1.23E-15  1.26E-15  1.16E-15  8.40E-16  5.49E-16  3.10E-16  1.21E-16  5.28E-17
   192       1.60E-14  1.13E-14  7.15E-15  5.03E-15  3.52E-15  2.17E-15  1.47E-15  9.84E-16  5.83E-16  4.44E-16
             4.18E-16  4.71E-16  5.00E-16  4.73E-16  3.48E-16  2.29E-16  1.30E-16  5.07E-17  2.22E-17
   193       2.44E-14  1.73E-14  1.09E-14  7.66E-15  5.37E-15  3.31E-15  2.26E-15  1.51E-15  9.06E-16  6.99E-16
             6.71E-16  7.70E-16  8.24E-16  7.83E-16  5.77E-16  3.80E-16  2.16E-16  8.43E-17  3.69E-17
   194       1.27E-16  8.82E-17  5.30E-17  3.44E-17  2.06E-17  8.67E-18  6.28E-18  1.45E-17  4.58E-17  8.29E-17
             1.24E-16  1.70E-16  1.91E-16  2.00E-16  1.95E-16  1.75E-16  1.41E-16  8.67E-17  5.15E-17
   195       1.75E-13  1.24E-13  7.79E-14  5.49E-14  3.85E-14  2.38E-14  1.63E-14  1.08E-14  5.83E-15  3.38E-15
             1.80E-15  6.84E-16  3.01E-16  1.25E-16  3.65E-17  1.39E-17  5.17E-18  1.37E-18  4.92E-19
   196       1.22E-13  8.59E-14  5.42E-14  3.82E-14  2.68E-14  1.66E-14  1.13E-14  7.53E-15  4.08E-15  2.37E-15
             1.26E-15  4.82E-16  2.12E-16  8.81E-17  2.58E-17  9.82E-18  3.66E-18  9.67E-19  3.48E-19
   197       1.12E-13  7.93E-14  4.99E-14  3.50E-14  2.43E-14  1.47E-14  9.63E-15  6.00E-15  2.86E-15  1.46E-15
             6.77E-16  2.15E-16  8.41E-17  3.15E-17  8.30E-18  2.98E-18  1.06E-18  2.70E-19  9.55E-20
   198       8.71E-14  6.15E-14  3.87E-14  2.71E-14  1.88E-14  1.14E-14  7.47E-15  4.66E-15  2.22E-15  1.13E-15
             5.25E-16  1.67E-16  6.53E-17  2.45E-17  6.44E-18  2.31E-18  8.23E-19  2.09E-19  7.41E-20
   199       2.14E-13  1.51E-13  9.55E-14  6.73E-14  4.72E-14  2.93E-14  2.00E-14  1.33E-14  7.22E-15  4.20E-15
             2.24E-15  8.58E-16  3.79E-16  1.57E-16  4.60E-17  1.76E-17  6.54E-18  1.73E-18  6.23E-19
   200       6.13E-14  4.32E-14  2.72E-14  1.91E-14  1.33E-14  8.00E-15  5.26E-15  3.28E-15  1.56E-15  8.00E-16
             3.71E-16  1.18E-16  4.62E-17  1.73E-17  4.56E-18  1.64E-18  5.83E-19  1.48E-19  5.25E-20
   201       1.34E-13  9.48E-14  5.96E-14  4.18E-14  2.91E-14  1.75E-14  1.15E-14  7.20E-15  3.43E-15  1.75E-15
             8.15E-16  2.59E-16  1.01E-16  3.80E-17  1.00E-17  3.59E-18  1.28E-18  3.25E-19  1.15E-19
   202       3.62E-14  2.55E-14  1.61E-14  1.13E-14  7.83E-15  4.73E-15  3.11E-15  1.94E-15  9.26E-16  4.74E-16
             2.20E-16  7.02E-17  2.75E-17  1.03E-17  2.71E-18  9.73E-19  3.47E-19  8.81E-20  3.12E-20
   203       6.94E-14  4.90E-14  3.09E-14  2.18E-14  1.53E-14  9.49E-15  6.50E-15  4.33E-15  2.36E-15  1.37E-15
             7.35E-16  2.82E-16  1.25E-16  5.18E-17  1.52E-17  5.79E-18  2.16E-18  5.71E-19  2.06E-19
   204       2.23E-14  1.58E-14  9.96E-15  7.02E-15  4.93E-15  3.06E-15  2.10E-15  1.40E-15  7.65E-16  4.47E-16
             2.40E-16  9.24E-17  4.09E-17  1.70E-17  5.00E-18  1.91E-18  7.12E-19  1.88E-19  6.78E-20
   205       3.80E-14  2.68E-14  1.69E-14  1.18E-14  8.22E-15  4.96E-15  3.27E-15  2.07E-15  1.09E-15  7.05E-16
             5.58E-16  5.49E-16  5.60E-16  5.20E-16  3.78E-16  2.48E-16  1.40E-16  5.47E-17  2.39E-17
   206       1.22E-14  8.60E-15  5.41E-15  3.80E-15  2.65E-15  1.61E-15  1.07E-15  6.92E-16  3.75E-16  2.54E-16
             2.13E-16  2.23E-16  2.32E-16  2.18E-16  1.60E-16  1.05E-16  5.97E-17  2.33E-17  1.02E-17
   207       1.92E-14  1.36E-14  8.54E-15  6.00E-15  4.18E-15  2.55E-15  1.70E-15  1.10E-15  6.00E-16  4.10E-16
             3.48E-16  3.68E-16  3.85E-16  3.62E-16  2.66E-16  1.75E-16  9.93E-17  3.88E-17  1.70E-17
   208       2.30E-17  1.63E-17  1.04E-17  7.42E-18  5.38E-18  3.68E-18  2.96E-18  2.72E-18  3.70E-18  6.66E-18
             1.32E-17  2.70E-17  3.71E-17  4.12E-17  3.42E-17  2.37E-17  1.39E-17  5.56E-18  2.46E-18
   210       2.92E-16  2.04E-16  1.25E-16  8.33E-17  5.28E-17  2.48E-17  1.24E-17  9.17E-18  2.24E-17  4.22E-17
             6.43E-17  8.81E-17  9.85E-17  1.03E-16  9.93E-17  8.91E-17  7.19E-17  4.42E-17  2.62E-17
   211       1.05E-13  7.38E-14  4.66E-14  3.28E-14  2.30E-14  1.42E-14  9.73E-15  6.45E-15  3.48E-15  2.02E-15
             1.07E-15  4.08E-16  1.80E-16  7.44E-17  2.17E-17  8.26E-18  3.07E-18  8.11E-19  2.92E-19
   212       7.30E-14  5.16E-14  3.25E-14  2.29E-14  1.61E-14  9.96E-15  6.81E-15  4.53E-15  2.45E-15  1.42E-15
             7.57E-16  2.89E-16  1.27E-16  5.27E-17  1.54E-17  5.86E-18  2.18E-18  5.76E-19  2.07E-19
   213       2.31E-14  1.63E-14  1.02E-14  7.09E-15  4.86E-15  2.83E-15  1.77E-15  1.03E-15  4.33E-16  2.01E-16
             8.49E-17  2.46E-17  9.18E-18  3.34E-18  8.61E-19  3.06E-19  1.09E-19  2.75E-20  9.74E-21
   214       3.23E-14  2.28E-14  1.43E-14  9.93E-15  6.81E-15  3.96E-15  2.48E-15  1.44E-15  6.07E-16  2.81E-16
             1.19E-16  3.45E-17  1.29E-17  4.68E-18  1.21E-18  4.29E-19  1.52E-19  3.85E-20  1.36E-20
   215       4.16E-14  2.93E-14  1.83E-14  1.28E-14  8.76E-15  5.09E-15  3.19E-15  1.85E-15  7.80E-16  3.61E-16
             1.53E-16  4.43E-17  1.65E-17  6.01E-18  1.55E-18  5.51E-19  1.96E-19  4.96E-20  1.75E-20
   216       5.08E-14  3.58E-14  2.24E-14  1.56E-14  1.07E-14  6.22E-15  3.90E-15  2.26E-15  9.54E-16  4.41E-16
             1.87E-16  5.41E-17  2.02E-17  7.35E-18  1.89E-18  6.74E-19  2.39E-19  6.06E-20  2.14E-20
   217       6.00E-14  4.23E-14  2.65E-14  1.84E-14  1.26E-14  7.36E-15  4.61E-15  2.68E-15  1.13E-15  5.21E-16
             2.21E-16  6.40E-17  2.39E-17  8.69E-18  2.24E-18  7.96E-19  2.82E-19  7.16E-20  2.53E-20
   218       9.87E-14  6.96E-14  4.38E-14  3.07E-14  2.14E-14  1.29E-14  8.46E-15  5.28E-15  2.51E-15  1.28E-15
             5.93E-16  1.89E-16  7.36E-17  2.76E-17  7.27E-18  2.61E-18  9.28E-19  2.36E-19  8.36E-20
   219       1.29E-13  9.14E-14  5.77E-14  4.06E-14  2.85E-14  1.77E-14  1.21E-14  8.05E-15  4.36E-15  2.53E-15
             1.35E-15  5.16E-16  2.28E-16  9.44E-17  2.76E-17  1.05E-17  3.91E-18  1.03E-18  3.72E-19
   220       7.66E-14  5.40E-14  3.40E-14  2.38E-14  1.66E-14  9.99E-15  6.57E-15  4.09E-15  1.95E-15  9.94E-16
             4.61E-16  1.46E-16  5.72E-17  2.14E-17  5.64E-18  2.02E-18  7.21E-19  1.83E-19  6.49E-20
   221       5.40E-14  3.81E-14  2.40E-14  1.68E-14  1.17E-14  7.05E-15  4.64E-15  2.89E-15  1.38E-15  7.04E-16
             3.27E-16  1.04E-16  4.06E-17  1.52E-17  4.01E-18  1.44E-18  5.12E-19  1.30E-19  4.61E-20
   222       1.19E-13  8.36E-14  5.26E-14  3.69E-14  2.57E-14  1.55E-14  1.02E-14  6.35E-15  3.03E-15  1.55E-15
             7.17E-16  2.28E-16  8.92E-17  3.34E-17  8.80E-18  3.16E-18  1.12E-18  2.86E-19  1.01E-19
   223       4.21E-14  2.97E-14  1.88E-14  1.32E-14  9.29E-15  5.76E-15  3.95E-15  2.63E-15  1.43E-15  8.32E-16
             4.45E-16  1.70E-16  7.52E-17  3.12E-17  9.13E-18  3.48E-18  1.30E-18  3.42E-19  1.23E-19
   224       3.20E-14  2.26E-14  1.42E-14  9.96E-15  6.93E-15  4.18E-15  2.75E-15  1.72E-15  8.19E-16  4.19E-16
             1.94E-16  6.19E-17  2.42E-17  9.07E-18  2.39E-18  8.57E-19  3.05E-19  7.76E-20  2.75E-20
   225       1.37E-14  9.65E-15  6.09E-15  4.29E-15  3.02E-15  1.87E-15  1.28E-15  8.58E-16  4.68E-16  2.73E-16
             1.46E-16  5.61E-17  2.48E-17  1.03E-17  3.02E-18  1.15E-18  4.29E-19  1.13E-19  4.08E-20
   226       2.65E-14  1.87E-14  1.17E-14  8.21E-15  5.68E-15  3.39E-15  2.21E-15  1.37E-15  6.87E-16  4.24E-16
             3.16E-16  2.97E-16  3.00E-16  2.79E-16  2.03E-16  1.33E-16  7.54E-17  2.94E-17  1.29E-17
   227       9.05E-15  6.39E-15  4.02E-15  2.81E-15  1.95E-15  1.18E-15  7.74E-16  4.88E-16  2.52E-16  1.60E-16
             1.25E-16  1.23E-16  1.26E-16  1.18E-16  8.63E-17  5.67E-17  3.22E-17  1.26E-17  5.50E-18
   228       1.45E-14  1.02E-14  6.43E-15  4.51E-15  3.13E-15  1.89E-15  1.25E-15  7.88E-16  4.08E-16  2.62E-16
             2.05E-16  2.04E-16  2.10E-16  1.96E-16  1.44E-16  9.45E-17  5.36E-17  2.09E-17  9.17E-18
   229       3.42E-16  2.39E-16  1.47E-16  9.85E-17  6.31E-17  3.05E-17  1.52E-17  8.46E-18  1.40E-17  2.54E-17
             3.82E-17  5.16E-17  5.73E-17  5.96E-17  5.76E-17  5.16E-17  4.16E-17  2.55E-17  1.51E-17
   230       6.61E-14  4.67E-14  2.94E-14  2.07E-14  1.46E-14  9.00E-15  6.14E-15  4.07E-15  2.19E-15  1.27E-15
             6.73E-16  2.56E-16  1.12E-16  4.66E-17  1.36E-17  5.18E-18  1.93E-18  5.09E-19  1.83E-19
   231       4.63E-14  3.27E-14  2.06E-14  1.45E-14  1.02E-14  6.32E-15  4.32E-15  2.87E-15  1.55E-15  8.97E-16
             4.77E-16  1.81E-16  7.98E-17  3.31E-17  9.67E-18  3.68E-18  1.37E-18  3.62E-19  1.30E-19
   232       2.63E-14  1.85E-14  1.16E-14  8.08E-15  5.54E-15  3.22E-15  2.02E-15  1.17E-15  4.94E-16  2.28E-16
             9.66E-17  2.80E-17  1.04E-17  3.80E-18  9.79E-19  3.48E-19  1.23E-19  3.13E-20  1.11E-20
   233       3.68E-14  2.59E-14  1.62E-14  1.13E-14  7.76E-15  4.51E-15  2.83E-15  1.64E-15  6.91E-16  3.20E-16
             1.35E-16  3.92E-17  1.46E-17  5.32E-18  1.37E-18  4.87E-19  1.73E-19  4.38E-20  1.55E-20
   234       4.73E-14  3.34E-14  2.09E-14  1.45E-14  9.98E-15  5.80E-15  3.63E-15  2.11E-15  8.89E-16  4.11E-16
             1.74E-16  5.04E-17  1.88E-17  6.84E-18  1.76E-18  6.27E-19  2.22E-19  5.63E-20  1.99E-20
   235       5.79E-14  4.08E-14  2.55E-14  1.78E-14  1.22E-14  7.09E-15  4.44E-15  2.58E-15  1.09E-15  5.02E-16
             2.13E-16  6.16E-17  2.30E-17  8.36E-18  2.15E-18  7.66E-19  2.72E-19  6.89E-20  2.44E-20
   236       6.84E-14  4.82E-14  3.02E-14  2.10E-14  1.44E-14  8.38E-15  5.25E-15  3.05E-15  1.28E-15  5.94E-16
             2.51E-16  7.28E-17  2.71E-17  9.88E-18  2.54E-18  9.05E-19  3.21E-19  8.14E-20  2.88E-20
   237       1.30E-14  9.16E-15  5.70E-15  3.93E-15  2.65E-15  1.47E-15  8.70E-16  4.69E-16  1.77E-16  7.59E-17
             3.02E-17  8.31E-18  3.03E-18  1.09E-18  2.78E-19  9.86E-20  3.49E-20  8.84E-21  3.13E-21
   238       1.68E-14  1.18E-14  7.33E-15  5.05E-15  3.40E-15  1.89E-15  1.12E-15  6.03E-16  2.28E-16  9.76E-17
             3.88E-17  1.07E-17  3.89E-18  1.40E-18  3.57E-19  1.27E-19  4.49E-20  1.14E-20  4.02E-21
   239       2.05E-14  1.44E-14  8.96E-15  6.17E-15  4.16E-15  2.31E-15  1.37E-15  7.37E-16  2.78E-16  1.19E-16
             4.75E-17  1.31E-17  4.76E-18  1.71E-18  4.37E-19  1.55E-19  5.49E-20  1.39E-20  4.91E-21
   240       2.42E-14  1.70E-14  1.06E-14  7.30E-15  4.91E-15  2.73E-15  1.62E-15  8.71E-16  3.29E-16  1.41E-16
             5.61E-17  1.54E-17  5.62E-18  2.02E-18  5.16E-19  1.83E-19  6.48E-20  1.64E-20  5.81E-21
   241       2.79E-14  1.96E-14  1.22E-14  8.42E-15  5.67E-15  3.15E-15  1.86E-15  1.01E-15  3.79E-16  1.63E-16
             6.47E-17  1.78E-17  6.49E-18  2.33E-18  5.96E-19  2.11E-19  7.48E-20  1.89E-20  6.70E-21
   242       7.35E-14  5.18E-14  3.26E-14  2.29E-14  1.59E-14  9.58E-15  6.30E-15  3.92E-15  1.86E-15  9.49E-16
             4.39E-16  1.39E-16  5.44E-17  2.04E-17  5.36E-18  1.92E-18  6.84E-19  1.74E-19  6.16E-20
   243       8.24E-14  5.82E-14  3.67E-14  2.59E-14  1.82E-14  1.13E-14  7.70E-15  5.12E-15  2.77E-15  1.60E-15
             8.54E-16  3.25E-16  1.43E-16  5.94E-17  1.73E-17  6.61E-18  2.46E-18  6.50E-19  2.34E-19
   244       5.70E-14  4.02E-14  2.53E-14  1.77E-14  1.23E-14  7.44E-15  4.89E-15  3.04E-15  1.45E-15  7.37E-16
             3.41E-16  1.08E-16  4.22E-17  1.58E-17  4.16E-18  1.49E-18  5.32E-19  1.35E-19  4.78E-20
   245       4.03E-14  2.85E-14  1.79E-14  1.26E-14  8.73E-15  5.26E-15  3.46E-15  2.16E-15  1.03E-15  5.23E-16
             2.42E-16  7.69E-17  3.00E-17  1.12E-17  2.96E-18  1.06E-18  3.78E-19  9.61E-20  3.40E-20
   246       8.85E-14  6.24E-14  3.93E-14  2.75E-14  1.92E-14  1.16E-14  7.60E-15  4.74E-15  2.25E-15  1.15E-15
             5.32E-16  1.69E-16  6.60E-17  2.47E-17  6.51E-18  2.33E-18  8.31E-19  2.11E-19  7.48E-20
   247       2.69E-14  1.90E-14  1.20E-14  8.45E-15  5.94E-15  3.68E-15  2.52E-15  1.68E-15  9.11E-16  5.29E-16
             2.82E-16  1.08E-16  4.74E-17  1.97E-17  5.75E-18  2.19E-18  8.17E-19  2.16E-19  7.77E-20
   248       2.39E-14  1.69E-14  1.06E-14  7.45E-15  5.18E-15  3.13E-15  2.06E-15  1.28E-15  6.11E-16  3.12E-16
             1.45E-16  4.59E-17  1.79E-17  6.72E-18  1.77E-18  6.34E-19  2.26E-19  5.74E-20  2.03E-20
   249       8.77E-15  6.19E-15  3.91E-15  2.76E-15  1.94E-15  1.20E-15  8.25E-16  5.50E-16  2.99E-16  1.74E-16
             9.31E-17  3.56E-17  1.57E-17  6.52E-18  1.91E-18  7.27E-19  2.71E-19  7.16E-20  2.58E-20
   251       1.92E-14  1.35E-14  8.49E-15  5.93E-15  4.09E-15  2.42E-15  1.56E-15  9.51E-16  4.63E-16  2.75E-16
             1.96E-16  1.79E-16  1.80E-16  1.67E-16  1.22E-16  7.97E-17  4.52E-17  1.76E-17  7.71E-18
   252       6.82E-15  4.81E-15  3.02E-15  2.11E-15  1.46E-15  8.73E-16  5.68E-16  3.53E-16  1.76E-16  1.07E-16
             7.92E-17  7.49E-17  7.62E-17  7.10E-17  5.19E-17  3.41E-17  1.93E-17  7.54E-18  3.30E-18
   253       1.10E-14  7.76E-15  4.88E-15  3.41E-15  2.36E-15  1.41E-15  9.22E-16  5.73E-16  2.87E-16  1.76E-16
             1.31E-16  1.24E-16  1.27E-16  1.18E-16  8.64E-17  5.68E-17  3.22E-17  1.26E-17  5.50E-18
   254       3.37E-16  2.36E-16  1.44E-16  9.69E-17  6.20E-17  3.00E-17  1.50E-17  7.61E-18  9.57E-18  1.65E-17
             2.44E-17  3.27E-17  3.61E-17  3.73E-17  3.58E-17  3.20E-17  2.59E-17  1.59E-17  9.40E-18
   255       4.42E-14  3.12E-14  1.97E-14  1.39E-14  9.73E-15  6.02E-15  4.10E-15  2.72E-15  1.46E-15  8.42E-16
             4.47E-16  1.69E-16  7.44E-17  3.08E-17  8.96E-18  3.40E-18  1.26E-18  3.33E-19  1.20E-19
   256       3.11E-14  2.19E-14  1.38E-14  9.76E-15  6.85E-15  4.24E-15  2.89E-15  1.92E-15  1.03E-15  5.97E-16
             3.17E-16  1.20E-16  5.29E-17  2.19E-17  6.38E-18  2.42E-18  9.01E-19  2.37E-19  8.54E-20
   257       2.31E-14  1.63E-14  1.02E-14  7.11E-15  4.88E-15  2.84E-15  1.78E-15  1.03E-15  4.33E-16  2.00E-16
             8.46E-17  2.45E-17  9.14E-18  3.33E-18  8.57E-19  3.05E-19  1.08E-19  2.74E-20  9.70E-21
   258       3.24E-14  2.28E-14  1.43E-14  9.95E-15  6.83E-15  3.97E-15  2.49E-15  1.44E-15  6.07E-16  2.80E-16
             1.19E-16  3.43E-17  1.28E-17  4.66E-18  1.20E-18  4.27E-19  1.51E-19  3.84E-20  1.36E-20
   259       4.16E-14  2.93E-14  1.84E-14  1.28E-14  8.78E-15  5.10E-15  3.20E-15  1.85E-15  7.80E-16  3.60E-16
             1.52E-16  4.41E-17  1.65E-17  5.99E-18  1.54E-18  5.49E-19  1.95E-19  4.93E-20  1.75E-20
   260       5.09E-14  3.59E-14  2.25E-14  1.56E-14  1.07E-14  6.24E-15  3.91E-15  2.27E-15  9.53E-16  4.40E-16
             1.86E-16  5.39E-17  2.01E-17  7.32E-18  1.89E-18  6.71E-19  2.38E-19  6.03E-20  2.13E-20
   261       6.01E-14  4.24E-14  2.65E-14  1.85E-14  1.27E-14  7.37E-15  4.62E-15  2.68E-15  1.13E-15  5.20E-16
             2.20E-16  6.38E-17  2.38E-17  8.65E-18  2.23E-18  7.93E-19  2.81E-19  7.13E-20  2.52E-20
   262       1.83E-14  1.28E-14  7.99E-15  5.51E-15  3.71E-15  2.06E-15  1.22E-15  6.58E-16  2.48E-16  1.06E-16
             4.23E-17  1.16E-17  4.24E-18  1.52E-18  3.89E-19  1.38E-19  4.89E-20  1.24E-20  4.38E-21
   263       2.35E-14  1.65E-14  1.03E-14  7.08E-15  4.77E-15  2.65E-15  1.57E-15  8.46E-16  3.19E-16  1.37E-16
             5.44E-17  1.50E-17  5.45E-18  1.96E-18  5.00E-19  1.77E-19  6.29E-20  1.59E-20  5.63E-21
   264       2.87E-14  2.02E-14  1.26E-14  8.65E-15  5.83E-15  3.24E-15  1.92E-15  1.03E-15  3.90E-16  1.67E-16
             6.65E-17  1.83E-17  6.66E-18  2.39E-18  6.11E-19  2.17E-19  7.68E-20  1.95E-20  6.88E-21
   265       3.39E-14  2.38E-14  1.48E-14  1.02E-14  6.89E-15  3.83E-15  2.27E-15  1.22E-15  4.61E-16  1.97E-16
             7.86E-17  2.16E-17  7.87E-18  2.83E-18  7.23E-19  2.56E-19  9.08E-20  2.30E-20  8.13E-21
   266       3.91E-14  2.75E-14  1.71E-14  1.18E-14  7.95E-15  4.42E-15  2.61E-15  1.41E-15  5.32E-16  2.28E-16
             9.07E-17  2.49E-17  9.09E-18  3.26E-18  8.34E-19  2.96E-19  1.05E-19  2.65E-20  9.38E-21
   267       5.54E-14  3.91E-14  2.47E-14  1.74E-14  1.22E-14  7.56E-15  5.17E-15  3.43E-15  1.85E-15  1.07E-15
             5.69E-16  2.16E-16  9.50E-17  3.93E-17  1.15E-17  4.35E-18  1.62E-18  4.27E-19  1.54E-19
   268       5.38E-14  3.80E-14  2.39E-14  1.67E-14  1.16E-14  7.01E-15  4.60E-15  2.86E-15  1.35E-15  6.89E-16
             3.18E-16  1.01E-16  3.94E-17  1.47E-17  3.88E-18  1.39E-18  4.95E-19  1.26E-19  4.46E-20
   269       4.17E-14  2.95E-14  1.85E-14  1.30E-14  9.03E-15  5.44E-15  3.57E-15  2.22E-15  1.05E-15  5.35E-16
             2.47E-16  7.84E-17  3.06E-17  1.15E-17  3.01E-18  1.08E-18  3.85E-19  9.79E-20  3.47E-20
   270       7.08E-15  4.96E-15  3.06E-15  2.08E-15  1.37E-15  7.21E-16  4.02E-16  2.02E-16  6.97E-17  2.82E-17
             1.08E-17  2.88E-18  1.04E-18  3.71E-19  9.44E-20  3.34E-20  1.18E-20  2.99E-21  1.06E-21
   271       8.65E-15  6.07E-15  3.74E-15  2.55E-15  1.68E-15  8.82E-16  4.92E-16  2.47E-16  8.51E-17  3.45E-17
             1.32E-17  3.52E-18  1.27E-18  4.53E-19  1.15E-19  4.09E-20  1.45E-20  3.66E-21  1.29E-21
   272       1.02E-14  7.17E-15  4.42E-15  3.01E-15  1.98E-15  1.04E-15  5.81E-16  2.92E-16  1.01E-16  4.08E-17
             1.56E-17  4.17E-18  1.50E-18  5.36E-19  1.36E-19  4.83E-20  1.71E-20  4.33E-21  1.53E-21
   273       1.18E-14  8.27E-15  5.11E-15  3.47E-15  2.28E-15  1.20E-15  6.70E-16  3.37E-16  1.16E-16  4.71E-17
             1.80E-17  4.81E-18  1.73E-18  6.18E-19  1.57E-19  5.57E-20  1.97E-20  4.99E-21  1.76E-21
   274       1.34E-14  9.37E-15  5.79E-15  3.94E-15  2.59E-15  1.36E-15  7.60E-16  3.82E-16  1.32E-16  5.33E-17
             2.04E-17  5.45E-18  1.96E-18  7.00E-19  1.78E-19  6.31E-20  2.23E-20  5.66E-21  2.00E-21
   275       2.96E-14  2.09E-14  1.31E-14  9.20E-15  6.40E-15  3.86E-15  2.53E-15  1.58E-15  7.47E-16  3.81E-16
             1.76E-16  5.58E-17  2.18E-17  8.16E-18  2.15E-18  7.70E-19  2.74E-19  6.97E-20  2.47E-20
   276       6.49E-14  4.58E-14  2.88E-14  2.02E-14  1.41E-14  8.47E-15  5.56E-15  3.46E-15  1.64E-15  8.36E-16
             3.87E-16  1.23E-16  4.79E-17  1.79E-17  4.72E-18  1.69E-18  6.03E-19  1.53E-19  5.42E-20
   277       1.81E-14  1.28E-14  8.08E-15  5.70E-15  4.00E-15  2.48E-15  1.70E-15  1.13E-15  6.10E-16  3.54E-16
             1.88E-16  7.16E-17  3.15E-17  1.31E-17  3.80E-18  1.45E-18  5.37E-19  1.42E-19  5.10E-20
   278       1.76E-14  1.24E-14  7.81E-15  5.47E-15  3.81E-15  2.30E-15  1.51E-15  9.40E-16  4.46E-16  2.27E-16
             1.05E-16  3.34E-17  1.30E-17  4.88E-18  1.28E-18  4.60E-19  1.64E-19  4.17E-20  1.48E-20
   279       5.93E-15  4.19E-15  2.64E-15  1.86E-15  1.31E-15  8.13E-16  5.57E-16  3.71E-16  2.01E-16  1.17E-16
             6.23E-17  2.37E-17  1.05E-17  4.33E-18  1.26E-18  4.80E-19  1.79E-19  4.71E-20  1.69E-20
   280       1.44E-14  1.01E-14  6.36E-15  4.43E-15  3.04E-15  1.78E-15  1.14E-15  6.85E-16  3.26E-16  1.89E-16
             1.31E-16  1.17E-16  1.16E-16  1.07E-16  7.79E-17  5.10E-17  2.88E-17  1.12E-17  4.92E-18
   281       5.26E-15  3.71E-15  2.33E-15  1.62E-15  1.12E-15  6.62E-16  4.27E-16  2.61E-16  1.27E-16  7.54E-17
             5.37E-17  4.91E-17  4.94E-17  4.58E-17  3.33E-17  2.18E-17  1.23E-17  4.81E-18  2.11E-18
   282       8.52E-15  6.01E-15  3.77E-15  2.63E-15  1.82E-15  1.08E-15  6.95E-16  4.27E-16  2.08E-16  1.24E-16
             8.89E-17  8.15E-17  8.22E-17  7.63E-17  5.55E-17  3.63E-17  2.06E-17  8.02E-18  3.51E-18
   283       3.10E-14  2.19E-14  1.38E-14  9.73E-15  6.82E-15  4.21E-15  2.87E-15  1.90E-15  1.02E-15  5.85E-16
             3.10E-16  1.17E-16  5.15E-17  2.13E-17  6.21E-18  2.37E-18  8.83E-19  2.33E-19  8.39E-20
   284       2.18E-14  1.54E-14  9.74E-15  6.86E-15  4.81E-15  2.97E-15  2.03E-15  1.34E-15  7.21E-16  4.15E-16
             2.20E-16  8.35E-17  3.66E-17  1.52E-17  4.43E-18  1.69E-18  6.29E-19  1.66E-19  5.98E-20
   285       1.90E-14  1.34E-14  8.37E-15  5.83E-15  4.00E-15  2.32E-15  1.45E-15  8.43E-16  3.54E-16  1.63E-16
             6.90E-17  2.00E-17  7.45E-18  2.71E-18  6.98E-19  2.48E-19  8.81E-20  2.23E-20  7.90E-21
   286       2.65E-14  1.87E-14  1.17E-14  8.16E-15  5.59E-15  3.25E-15  2.03E-15  1.18E-15  4.95E-16  2.29E-16
             9.67E-17  2.80E-17  1.04E-17  3.80E-18  9.78E-19  3.48E-19  1.23E-19  3.13E-20  1.11E-20
   287       3.41E-14  2.41E-14  1.51E-14  1.05E-14  7.19E-15  4.18E-15  2.62E-15  1.52E-15  6.37E-16  2.94E-16
             1.24E-16  3.60E-17  1.34E-17  4.88E-18  1.26E-18  4.47E-19  1.59E-19  4.02E-20  1.42E-20
   288       4.17E-14  2.94E-14  1.84E-14  1.28E-14  8.79E-15  5.11E-15  3.20E-15  1.85E-15  7.79E-16  3.59E-16
             1.52E-16  4.40E-17  1.64E-17  5.96E-18  1.54E-18  5.47E-19  1.94E-19  4.91E-20  1.74E-20
   289       4.93E-14  3.47E-14  2.18E-14  1.51E-14  1.04E-14  6.04E-15  3.78E-15  2.19E-15  9.20E-16  4.25E-16
             1.80E-16  5.20E-17  1.94E-17  7.05E-18  1.82E-18  6.46E-19  2.29E-19  5.81E-20  2.05E-20
   290       3.90E-14  2.76E-14  1.74E-14  1.22E-14  8.59E-15  5.31E-15  3.63E-15  2.40E-15  1.29E-15  7.45E-16
             3.95E-16  1.50E-16  6.58E-17  2.72E-17  7.96E-18  3.03E-18  1.13E-18  2.99E-19  1.08E-19
   291       1.85E-14  1.30E-14  8.10E-15  5.59E-15  3.76E-15  2.09E-15  1.24E-15  6.66E-16  2.51E-16  1.08E-16
             4.28E-17  1.18E-17  4.29E-18  1.54E-18  3.94E-19  1.40E-19  4.95E-20  1.25E-20  4.43E-21
   292       2.38E-14  1.67E-14  1.04E-14  7.18E-15  4.84E-15  2.69E-15  1.59E-15  8.57E-16  3.23E-16  1.38E-16
             5.51E-17  1.51E-17  5.52E-18  1.98E-18  5.06E-19  1.80E-19  6.36E-20  1.61E-20  5.70E-21
   293       2.91E-14  2.05E-14  1.27E-14  8.78E-15  5.91E-15  3.28E-15  1.94E-15  1.05E-15  3.95E-16  1.69E-16
             6.73E-17  1.85E-17  6.74E-18  2.42E-18  6.19E-19  2.20E-19  7.77E-20  1.97E-20  6.96E-21
   294       3.44E-14  2.42E-14  1.51E-14  1.04E-14  6.99E-15  3.88E-15  2.29E-15  1.24E-15  4.67E-16  2.00E-16
             7.95E-17  2.19E-17  7.97E-18  2.86E-18  7.31E-19  2.59E-19  9.19E-20  2.33E-20  8.23E-21
   295       3.97E-14  2.79E-14  1.74E-14  1.20E-14  8.06E-15  4.48E-15  2.65E-15  1.43E-15  5.38E-16  2.31E-16
             9.18E-17  2.52E-17  9.20E-18  3.30E-18  8.44E-19  2.99E-19  1.06E-19  2.68E-20  9.49E-21
   296       4.00E-14  2.82E-14  1.77E-14  1.24E-14  8.63E-15  5.19E-15  3.40E-15  2.11E-15  9.97E-16  5.07E-16
             2.34E-16  7.40E-17  2.88E-17  1.08E-17  2.84E-18  1.02E-18  3.63E-19  9.22E-20  3.26E-20
   297       3.10E-14  2.19E-14  1.38E-14  9.65E-15  6.70E-15  4.03E-15  2.64E-15  1.64E-15  7.75E-16  3.94E-16
             1.82E-16  5.75E-17  2.24E-17  8.39E-18  2.21E-18  7.91E-19  2.82E-19  7.16E-20  2.54E-20
   298       1.18E-14  8.27E-15  5.10E-15  3.47E-15  2.28E-15  1.20E-15  6.70E-16  3.37E-16  1.16E-16  4.70E-17
             1.80E-17  4.80E-18  1.73E-18  6.17E-19  1.57E-19  5.57E-20  1.97E-20  4.99E-21  1.76E-21
   299       1.44E-14  1.01E-14  6.24E-15  4.24E-15  2.79E-15  1.47E-15  8.19E-16  4.12E-16  1.42E-16  5.75E-17
             2.20E-17  5.87E-18  2.11E-18  7.55E-19  1.92E-19  6.80E-20  2.41E-20  6.09E-21  2.16E-21
   300       1.70E-14  1.19E-14  7.37E-15  5.01E-15  3.30E-15  1.74E-15  9.68E-16  4.86E-16  1.68E-16  6.79E-17
             2.60E-17  6.94E-18  2.50E-18  8.92E-19  2.27E-19  8.04E-20  2.85E-20  7.20E-21  2.55E-21
   301       1.97E-14  1.38E-14  8.51E-15  5.79E-15  3.81E-15  2.00E-15  1.12E-15  5.61E-16  1.93E-16  7.84E-17
             3.00E-17  8.00E-18  2.88E-18  1.03E-18  2.62E-19  9.28E-20  3.28E-20  8.31E-21  2.94E-21
   302       2.23E-14  1.56E-14  9.64E-15  6.56E-15  4.31E-15  2.27E-15  1.27E-15  6.36E-16  2.19E-16  8.88E-17
             3.40E-17  9.07E-18  3.27E-18  1.17E-18  2.97E-19  1.05E-19  3.72E-20  9.42E-21  3.33E-21
   303       3.78E-15  2.64E-15  1.61E-15  1.08E-15  6.91E-16  3.42E-16  1.80E-16  8.49E-17  2.72E-17  1.06E-17
             3.97E-18  1.04E-18  3.72E-19  1.32E-19  3.36E-20  1.19E-20  4.21E-21  1.07E-21  3.77E-22
   304       4.47E-15  3.12E-15  1.91E-15  1.28E-15  8.16E-16  4.05E-16  2.13E-16  1.00E-16  3.22E-17  1.26E-17
             4.69E-18  1.23E-18  4.40E-19  1.56E-19  3.97E-20  1.41E-20  4.97E-21  1.26E-21  4.45E-22
   305       5.16E-15  3.60E-15  2.20E-15  1.47E-15  9.42E-16  4.67E-16  2.45E-16  1.16E-16  3.71E-17  1.45E-17
             5.41E-18  1.42E-18  5.07E-19  1.80E-19  4.58E-20  1.62E-20  5.74E-21  1.45E-21  5.14E-22
   306       5.84E-15  4.08E-15  2.49E-15  1.67E-15  1.07E-15  5.29E-16  2.78E-16  1.31E-16  4.21E-17  1.64E-17
             6.13E-18  1.61E-18  5.75E-19  2.05E-19  5.19E-20  1.84E-20  6.50E-21  1.65E-21  5.82E-22
   307       6.53E-15  4.56E-15  2.79E-15  1.86E-15  1.19E-15  5.91E-16  3.11E-16  1.47E-16  4.70E-17  1.83E-17
             6.85E-18  1.80E-18  6.43E-19  2.29E-19  5.80E-20  2.05E-20  7.27E-21  1.84E-21  6.50E-22
   308       2.20E-14  1.55E-14  9.76E-15  6.84E-15  4.76E-15  2.86E-15  1.88E-15  1.17E-15  5.51E-16  2.80E-16
             1.29E-16  4.09E-17  1.60E-17  5.98E-18  1.57E-18  5.64E-19  2.01E-19  5.10E-20  1.81E-20
   309       4.83E-14  3.41E-14  2.14E-14  1.50E-14  1.04E-14  6.29E-15  4.12E-15  2.56E-15  1.21E-15  6.16E-16
             2.84E-16  9.00E-17  3.51E-17  1.31E-17  3.46E-18  1.24E-18  4.42E-19  1.12E-19  3.97E-20
   310       1.28E-14  9.04E-15  5.71E-15  4.02E-15  2.82E-15  1.75E-15  1.19E-15  7.92E-16  4.27E-16  2.47E-16
             1.31E-16  4.98E-17  2.19E-17  9.05E-18  2.64E-18  1.01E-18  3.76E-19  9.93E-20  3.58E-20
   311       1.31E-14  9.24E-15  5.81E-15  4.07E-15  2.83E-15  1.71E-15  1.12E-15  6.96E-16  3.29E-16  1.67E-16
             7.73E-17  2.45E-17  9.55E-18  3.58E-18  9.41E-19  3.37E-19  1.20E-19  3.05E-20  1.08E-20
   312       4.20E-15  2.96E-15  1.87E-15  1.32E-15  9.26E-16  5.74E-16  3.93E-16  2.61E-16  1.41E-16  8.17E-17
             4.34E-17  1.65E-17  7.26E-18  3.01E-18  8.79E-19  3.35E-19  1.25E-19  3.30E-20  1.19E-20


 -----------------------------------------
 PRTF= 1  TRMPRT= (3P)  SPNPRT= 3  NSYS= 1
                                                                                              -----------------
                                                                                              SYS= 1  SPNSYS= 2
   IREP
   ----
     3       4.91E-14  3.47E-14  2.19E-14  1.54E-14  1.09E-14  6.77E-15  4.70E-15  3.24E-15  2.03E-15  1.50E-15
             1.20E-15  9.41E-16  7.78E-16  6.11E-16  3.84E-16  2.36E-16  1.28E-16  4.82E-17  2.08E-17
     4       1.15E-14  8.12E-15  5.10E-15  3.56E-15  2.46E-15  1.46E-15  9.45E-16  5.78E-16  2.78E-16  1.55E-16
             8.97E-17  4.98E-17  3.48E-17  2.48E-17  1.47E-17  8.82E-18  4.73E-18  1.77E-18  7.65E-19
     5       4.96E-15  3.49E-15  2.18E-15  1.51E-15  1.03E-15  5.86E-16  3.59E-16  2.03E-16  8.43E-17  4.02E-17
             1.89E-17  7.55E-18  4.25E-18  2.61E-18  1.39E-18  8.06E-19  4.25E-19  1.57E-19  6.75E-20
     6       2.72E-15  1.91E-15  1.19E-15  8.15E-16  5.45E-16  2.98E-16  1.74E-16  9.28E-17  3.50E-17  1.54E-17
             6.50E-18  2.14E-18  1.00E-18  5.22E-19  2.41E-19  1.32E-19  6.75E-20  2.45E-20  1.04E-20
     7       1.71E-15  1.20E-15  7.41E-16  5.03E-16  3.30E-16  1.73E-16  9.67E-17  4.90E-17  1.73E-17  7.20E-18
             2.88E-18  8.51E-19  3.55E-19  1.61E-19  6.38E-20  3.24E-20  1.58E-20  5.55E-21  2.33E-21
     8       1.17E-15  8.21E-16  5.02E-16  3.37E-16  2.17E-16  1.09E-16  5.84E-17  2.84E-17  9.48E-18  3.82E-18
             1.48E-18  4.14E-19  1.62E-19  6.68E-20  2.30E-20  1.07E-20  4.92E-21  1.65E-21  6.81E-22
     9       8.52E-16  5.94E-16  3.60E-16  2.38E-16  1.50E-16  7.26E-17  3.75E-17  1.76E-17  5.64E-18  2.22E-18
             8.42E-19  2.28E-19  8.59E-20  3.35E-20  1.04E-20  4.48E-21  1.94E-21  6.19E-22  2.50E-22
    10       6.44E-16  4.47E-16  2.69E-16  1.76E-16  1.08E-16  5.04E-17  2.52E-17  1.15E-17  3.56E-18  1.38E-18
             5.14E-19  1.37E-19  5.04E-20  1.90E-20  5.50E-21  2.24E-21  9.21E-22  2.79E-22  1.10E-22
    11       5.03E-16  3.48E-16  2.07E-16  1.33E-16  8.05E-17  3.62E-17  1.76E-17  7.77E-18  2.35E-18  8.97E-19
             3.32E-19  8.72E-20  3.17E-20  1.17E-20  3.24E-21  1.27E-21  5.01E-22  1.46E-22  5.60E-23
    12       4.02E-16  2.77E-16  1.63E-16  1.03E-16  6.13E-17  2.66E-17  1.26E-17  5.44E-18  1.61E-18  6.08E-19
             2.23E-19  5.83E-20  2.10E-20  7.64E-21  2.06E-21  7.79E-22  2.98E-22  8.36E-23  3.15E-23
    13       3.28E-16  2.25E-16  1.31E-16  8.19E-17  4.75E-17  2.00E-17  9.24E-18  3.92E-18  1.14E-18  4.27E-19
             1.56E-19  4.04E-20  1.45E-20  5.23E-21  1.38E-21  5.13E-22  1.92E-22  5.25E-23  1.95E-23
    14       2.72E-16  1.86E-16  1.07E-16  6.58E-17  3.74E-17  1.53E-17  6.93E-18  2.89E-18  8.28E-19  3.07E-19
             1.12E-19  2.89E-20  1.03E-20  3.70E-21  9.67E-22  3.54E-22  1.30E-22  3.49E-23  1.28E-23
    15       2.02E-16  1.37E-16  7.78E-17  4.72E-17  2.63E-17  1.05E-17  4.66E-18  1.92E-18  5.43E-19  2.01E-19
             7.27E-20  1.87E-20  6.69E-21  2.39E-21  6.21E-22  2.26E-22  8.25E-23  2.18E-23  7.95E-24
    16       1.71E-16  1.16E-16  6.55E-17  3.93E-17  2.16E-17  8.37E-18  3.66E-18  1.48E-18  4.16E-19  1.53E-19
             5.53E-20  1.42E-20  5.06E-21  1.80E-21  4.65E-22  1.68E-22  6.08E-23  1.59E-23  5.75E-24
    17       1.27E-16  8.52E-17  4.67E-17  2.73E-17  1.45E-17  5.40E-18  2.30E-18  9.14E-19  2.51E-19  9.18E-20
             3.30E-20  8.46E-21  3.01E-21  1.07E-21  2.73E-22  9.78E-23  3.51E-23  9.05E-24  3.24E-24
    18       1.00E-16  6.62E-17  3.52E-17  1.99E-17  1.03E-17  3.66E-18  1.52E-18  5.95E-19  1.62E-19  5.87E-20
             2.10E-20  5.37E-21  1.91E-21  6.77E-22  1.72E-22  6.14E-23  2.19E-23  5.60E-24  2.00E-24
    19       8.07E-17  5.26E-17  2.73E-17  1.50E-17  7.49E-18  2.58E-18  1.05E-18  4.05E-19  1.09E-19  3.93E-20
             1.40E-20  3.58E-21  1.27E-21  4.50E-22  1.14E-22  4.06E-23  1.44E-23  3.68E-24  1.31E-24
    20       5.95E-17  3.81E-17  1.90E-17  1.01E-17  4.85E-18  1.60E-18  6.35E-19  2.40E-19  6.38E-20  2.29E-20
             8.18E-21  2.08E-21  7.38E-22  2.61E-22  6.63E-23  2.35E-23  8.33E-24  2.12E-24  7.50E-25
    21       4.07E-17  2.54E-17  1.21E-17  6.17E-18  2.84E-18  8.96E-19  3.48E-19  1.30E-19  3.41E-20  1.22E-20
             4.34E-21  1.10E-21  3.91E-22  1.38E-22  3.50E-23  1.24E-23  4.39E-24  1.11E-24  3.94E-25
    22       2.46E-17  1.48E-17  6.60E-18  3.19E-18  1.40E-18  4.21E-19  1.60E-19  5.87E-20  1.52E-20  5.44E-21
             1.93E-21  4.90E-22  1.73E-22  6.14E-23  1.55E-23  5.50E-24  1.94E-24  4.92E-25  1.74E-25
    23       1.80E-17  1.05E-17  4.51E-18  2.11E-18  9.03E-19  2.65E-19  9.95E-20  3.64E-20  9.40E-21  3.35E-21
             1.19E-21  3.01E-22  1.07E-22  3.77E-23  9.54E-24  3.37E-24  1.19E-24  3.02E-25  1.07E-25
    24       1.21E-17  6.83E-18  2.76E-18  1.24E-18  5.15E-19  1.47E-19  5.44E-20  1.98E-20  5.08E-21  1.81E-21
             6.40E-22  1.62E-22  5.74E-23  2.03E-23  5.14E-24  1.82E-24  6.43E-25  1.63E-25  5.75E-26
    25       9.55E-18  5.26E-18  2.05E-18  9.03E-19  3.68E-19  1.03E-19  3.81E-20  1.38E-20  3.53E-21  1.25E-21
             4.44E-22  1.13E-22  3.98E-23  1.41E-23  3.56E-24  1.26E-24  4.46E-25  1.13E-25  3.99E-26
    26       6.80E-18  3.63E-18  1.36E-18  5.80E-19  2.31E-19  6.38E-20  2.33E-20  8.40E-21  2.15E-21  7.62E-22
             2.70E-22  6.84E-23  2.42E-23  8.56E-24  2.16E-24  7.65E-25  2.71E-25  6.85E-26  2.42E-26
    27       4.95E-18  2.57E-18  9.24E-19  3.86E-19  1.52E-19  4.13E-20  1.50E-20  5.38E-21  1.37E-21  4.87E-22
             1.73E-22  4.37E-23  1.55E-23  5.47E-24  1.38E-24  4.89E-25  1.73E-25  4.37E-26  1.55E-26
    28       3.20E-18  1.60E-18  5.48E-19  2.23E-19  8.58E-20  2.30E-20  8.31E-21  2.97E-21  7.57E-22  2.68E-22
             9.50E-23  2.41E-23  8.51E-24  3.01E-24  7.61E-25  2.69E-25  9.51E-26  2.41E-26  8.51E-27


 -----------------------------------------
 PRTF= 2  TRMPRT= (1D)  SPNPRT= 1  NSYS= 1
                                                                                              -----------------
                                                                                              SYS= 1  SPNSYS= 2
   IREP
   ----
     2       8.10E-12  5.73E-12  3.62E-12  2.56E-12  1.82E-12  1.15E-12  8.23E-13  5.91E-13  3.90E-13  2.94E-13
             2.32E-13  1.82E-13  1.56E-13  1.30E-13  8.65E-14  5.41E-14  2.94E-14  1.10E-14  4.70E-15
     3       1.13E-12  8.01E-13  5.05E-13  3.56E-13  2.50E-13  1.55E-13  1.07E-13  7.19E-14  4.09E-14  2.63E-14
             1.75E-14  1.22E-14  1.05E-14  9.18E-15  6.83E-15  4.83E-15  3.07E-15  1.47E-15  7.61E-16
     4       1.13E-12  7.99E-13  5.03E-13  3.54E-13  2.48E-13  1.52E-13  1.02E-13  6.64E-14  3.48E-14  2.01E-14
             1.14E-14  5.98E-15  4.32E-15  3.40E-15  2.37E-15  1.63E-15  1.01E-15  4.70E-16  2.39E-16
     5       1.02E-12  7.20E-13  4.53E-13  3.18E-13  2.21E-13  1.34E-13  8.85E-14  5.60E-14  2.79E-14  1.53E-14
             8.04E-15  3.63E-15  2.32E-15  1.67E-15  1.10E-15  7.41E-16  4.54E-16  2.08E-16  1.05E-16
     6       9.03E-13  6.37E-13  4.00E-13  2.80E-13  1.94E-13  1.15E-13  7.51E-14  4.64E-14  2.21E-14  1.17E-14
             5.88E-15  2.43E-15  1.43E-15  9.61E-16  6.04E-16  4.00E-16  2.43E-16  1.10E-16  5.52E-17
     7       8.02E-13  5.66E-13  3.54E-13  2.47E-13  1.70E-13  9.99E-14  6.38E-14  3.84E-14  1.77E-14  9.08E-15
             4.42E-15  1.73E-15  9.58E-16  6.13E-16  3.71E-16  2.42E-16  1.45E-16  6.53E-17  3.26E-17
     8       7.19E-13  5.06E-13  3.17E-13  2.20E-13  1.50E-13  8.68E-14  5.44E-14  3.21E-14  1.43E-14  7.18E-15
             3.41E-15  1.28E-15  6.80E-16  4.17E-16  2.43E-16  1.56E-16  9.30E-17  4.16E-17  2.07E-17
     9       6.49E-13  4.57E-13  2.85E-13  1.97E-13  1.34E-13  7.60E-14  4.68E-14  2.71E-14  1.18E-14  5.77E-15
             2.69E-15  9.77E-16  5.03E-16  2.99E-16  1.69E-16  1.07E-16  6.34E-17  2.81E-17  1.40E-17
    10       5.91E-13  4.16E-13  2.58E-13  1.78E-13  1.20E-13  6.70E-14  4.06E-14  2.30E-14  9.75E-15  4.70E-15
             2.16E-15  7.65E-16  3.84E-16  2.22E-16  1.23E-16  7.73E-17  4.52E-17  1.99E-17  9.91E-18
    11       5.42E-13  3.81E-13  2.36E-13  1.62E-13  1.08E-13  5.94E-14  3.54E-14  1.97E-14  8.18E-15  3.89E-15
             1.76E-15  6.13E-16  3.01E-16  1.70E-16  9.28E-17  5.82E-17  3.43E-17  1.51E-17  7.45E-18
    12       5.00E-13  3.51E-13  2.17E-13  1.48E-13  9.78E-14  5.30E-14  3.11E-14  1.71E-14  6.93E-15  3.25E-15
             1.45E-15  4.98E-16  2.40E-16  1.33E-16  7.10E-17  4.39E-17  2.56E-17  1.12E-17  5.54E-18
    13       4.64E-13  3.25E-13  2.00E-13  1.36E-13  8.90E-14  4.75E-14  2.75E-14  1.49E-14  5.93E-15  2.75E-15
             1.22E-15  4.11E-16  1.95E-16  1.07E-16  5.63E-17  3.47E-17  2.01E-17  8.77E-18  4.32E-18
    14       4.33E-13  3.03E-13  1.85E-13  1.25E-13  8.14E-14  4.28E-14  2.44E-14  1.30E-14  5.11E-15  2.35E-15
             1.03E-15  3.44E-16  1.62E-16  8.74E-17  4.52E-17  2.76E-17  1.59E-17  6.92E-18  3.40E-18
    15       4.04E-13  2.82E-13  1.72E-13  1.15E-13  7.45E-14  3.86E-14  2.18E-14  1.15E-14  4.43E-15  2.02E-15
             8.80E-16  2.91E-16  1.35E-16  7.18E-17  3.66E-17  2.23E-17  1.28E-17  5.58E-18  2.75E-18
    16       3.80E-13  2.65E-13  1.61E-13  1.07E-13  6.87E-14  3.50E-14  1.95E-14  1.02E-14  3.87E-15  1.75E-15
             7.57E-16  2.48E-16  1.14E-16  6.02E-17  3.03E-17  1.83E-17  1.05E-17  4.57E-18  2.24E-18
    17       3.39E-13  2.35E-13  1.42E-13  9.33E-14  5.87E-14  2.91E-14  1.59E-14  8.08E-15  3.01E-15  1.34E-15
             5.73E-16  1.85E-16  8.39E-17  4.33E-17  2.14E-17  1.28E-17  7.34E-18  3.16E-18  1.51E-18
    18       3.06E-13  2.11E-13  1.26E-13  8.20E-14  5.08E-14  2.46E-14  1.31E-14  6.57E-15  2.40E-15  1.05E-15
             4.47E-16  1.42E-16  6.38E-17  3.24E-17  1.57E-17  9.36E-18  5.33E-18  2.28E-18  1.08E-18
    19       2.78E-13  1.92E-13  1.13E-13  7.27E-14  4.43E-14  2.10E-14  1.10E-14  5.42E-15  1.94E-15  8.46E-16
             3.55E-16  1.12E-16  4.97E-17  2.49E-17  1.19E-17  7.03E-18  3.98E-18  1.71E-18  8.32E-19
    20       2.44E-13  1.67E-13  9.71E-14  6.13E-14  3.66E-14  1.68E-14  8.60E-15  4.15E-15  1.46E-15  6.27E-16
             2.61E-16  8.09E-17  3.54E-17  1.75E-17  8.20E-18  4.80E-18  2.70E-18  1.15E-18  5.58E-19
    21       2.09E-13  1.42E-13  8.06E-14  4.98E-14  2.90E-14  1.28E-14  6.39E-15  3.02E-15  1.04E-15  4.39E-16
             1.81E-16  5.54E-17  2.39E-17  1.16E-17  5.33E-18  3.09E-18  1.73E-18  7.32E-19  3.52E-19
    22       1.70E-13  1.14E-13  6.28E-14  3.76E-14  2.11E-14  8.90E-15  4.32E-15  1.99E-15  6.64E-16  2.78E-16
             1.13E-16  3.41E-17  1.45E-17  6.90E-18  3.09E-18  1.77E-18  9.82E-19  4.13E-19  1.97E-19
    23       1.51E-13  9.97E-14  5.39E-14  3.17E-14  1.74E-14  7.17E-15  3.42E-15  1.55E-15  5.12E-16  2.12E-16
             8.57E-17  2.57E-17  1.09E-17  5.12E-18  2.26E-18  1.28E-18  7.11E-19  2.97E-19  1.41E-19
    24       1.28E-13  8.33E-14  4.37E-14  2.50E-14  1.34E-14  5.34E-15  2.50E-15  1.11E-15  3.61E-16  1.48E-16
             5.94E-17  1.76E-17  7.39E-18  3.44E-18  1.49E-18  8.41E-19  4.63E-19  1.92E-19  9.04E-20
    25       1.16E-13  7.45E-14  3.84E-14  2.16E-14  1.14E-14  4.46E-15  2.06E-15  9.11E-16  2.93E-16  1.20E-16
             4.77E-17  1.41E-17  5.87E-18  2.71E-18  1.17E-18  6.54E-19  3.59E-19  1.48E-19  6.93E-20
    26       1.01E-13  6.38E-14  3.20E-14  1.76E-14  9.10E-15  3.47E-15  1.58E-15  6.91E-16  2.19E-16  8.90E-17
             3.53E-17  1.04E-17  4.29E-18  1.97E-18  8.36E-19  4.66E-19  2.54E-19  1.04E-19  4.83E-20
    27       8.84E-14  5.51E-14  2.70E-14  1.46E-14  7.39E-15  2.76E-15  1.24E-15  5.38E-16  1.69E-16  6.82E-17
             2.70E-17  7.87E-18  3.24E-18  1.47E-18  6.20E-19  3.43E-19  1.86E-19  7.56E-20  3.49E-20
    28       7.38E-14  4.51E-14  2.13E-14  1.12E-14  5.56E-15  2.03E-15  8.98E-16  3.84E-16  1.19E-16  4.77E-17
             1.88E-17  5.44E-18  2.23E-18  1.00E-18  4.17E-19  2.29E-19  1.24E-19  4.95E-20  2.26E-20
    29       6.05E-14  3.60E-14  1.64E-14  8.42E-15  4.07E-15  1.45E-15  6.32E-16  2.67E-16  8.19E-17  3.26E-17
             1.27E-17  3.67E-18  1.49E-18  6.68E-19  2.74E-19  1.49E-19  8.06E-20  3.30E-20  1.55E-20
    30       4.45E-14  2.55E-14  1.10E-14  5.46E-15  2.56E-15  8.81E-16  3.77E-16  1.57E-16  4.74E-17  1.87E-17
             7.27E-18  2.08E-18  8.37E-19  3.70E-19  1.49E-19  8.04E-20  4.31E-20  1.75E-20  8.11E-21
    31       3.58E-14  2.00E-14  8.38E-15  4.05E-15  1.87E-15  6.29E-16  2.66E-16  1.10E-16  3.28E-17  1.29E-17
             4.99E-18  1.42E-18  5.70E-19  2.50E-19  9.96E-20  5.34E-20  2.85E-20  1.14E-20  5.25E-21
    32       2.60E-14  1.40E-14  5.59E-15  2.63E-15  1.18E-15  3.88E-16  1.62E-16  6.60E-17  1.95E-17  7.62E-18
             2.93E-18  8.29E-19  3.30E-19  1.44E-19  5.64E-20  3.00E-20  1.58E-20  6.25E-21  2.83E-21
    33       2.02E-14  1.05E-14  4.09E-15  1.89E-15  8.34E-16  2.70E-16  1.11E-16  4.51E-17  1.32E-17  5.14E-18
             1.97E-18  5.55E-19  2.20E-19  9.52E-20  3.70E-20  1.96E-20  1.03E-20  3.99E-21  1.79E-21
    34       1.37E-14  6.91E-15  2.57E-15  1.15E-15  5.00E-16  1.58E-16  6.46E-17  2.59E-17  7.52E-18  2.91E-18
             1.11E-18  3.10E-19  1.23E-19  5.24E-20  2.01E-20  1.05E-20  5.54E-21  2.21E-21  1.02E-21
    35       1.00E-14  4.93E-15  1.78E-15  7.85E-16  3.35E-16  1.05E-16  4.23E-17  1.68E-17  4.87E-18  1.87E-18
             7.13E-19  1.99E-19  7.81E-20  3.32E-20  1.26E-20  6.58E-21  3.44E-21  1.36E-21  6.19E-22
    36       6.11E-15  2.89E-15  1.00E-15  4.32E-16  1.81E-16  5.55E-17  2.22E-17  8.76E-18  2.51E-18  9.59E-19
             3.64E-19  1.01E-19  3.94E-20  1.66E-20  6.23E-21  3.22E-21  1.66E-21  6.43E-22  2.89E-22
    37       4.33E-15  2.00E-15  6.78E-16  2.88E-16  1.20E-16  3.62E-17  1.44E-17  5.64E-18  1.61E-18  6.13E-19
             2.32E-19  6.40E-20  2.50E-20  1.05E-20  3.89E-21  2.00E-21  1.02E-21  3.89E-22  1.72E-22
    38       2.53E-15  1.14E-15  3.73E-16  1.56E-16  6.37E-17  1.90E-17  7.49E-18  2.92E-18  8.25E-19  3.13E-19
             1.18E-19  3.25E-20  1.26E-20  5.25E-21  1.93E-21  9.82E-22  5.05E-22  1.97E-22  8.98E-23
    39       1.70E-15  7.50E-16  2.42E-16  9.99E-17  4.05E-17  1.20E-17  4.69E-18  1.82E-18  5.12E-19  1.94E-19
             7.28E-20  2.00E-20  7.73E-21  3.21E-21  1.17E-21  5.91E-22  3.02E-22  1.16E-22  5.24E-23
    40       8.97E-16  3.86E-16  1.21E-16  4.94E-17  1.98E-17  5.78E-18  2.25E-18  8.66E-19  2.42E-19  9.14E-20
             3.42E-20  9.35E-21  3.61E-21  1.49E-21  5.35E-22  2.68E-22  1.36E-22  5.10E-23  2.25E-23
    41       6.23E-16  2.65E-16  8.25E-17  3.33E-17  1.33E-17  3.86E-18  1.50E-18  5.75E-19  1.60E-19  6.04E-20
             2.26E-20  6.16E-21  2.37E-21  9.73E-22  3.48E-22  1.74E-22  8.72E-23  3.23E-23  1.41E-23
    42       3.65E-16  1.53E-16  4.71E-17  1.89E-17  7.48E-18  2.16E-18  8.35E-19  3.20E-19  8.88E-20  3.34E-20
             1.25E-20  3.39E-21  1.30E-21  5.33E-22  1.89E-22  9.43E-23  4.76E-23  1.83E-23  8.22E-24


 -----------------------------------------
 PRTF= 3  TRMPRT= (1S)  SPNPRT= 1  NSYS= 1
                                                                                              -----------------
                                                                                              SYS= 1  SPNSYS= 2
   IREP
   ----
     3       2.30E-17  1.63E-17  1.04E-17  7.42E-18  5.38E-18  3.68E-18  2.96E-18  2.72E-18  3.70E-18  6.66E-18
             1.32E-17  2.70E-17  3.71E-17  4.12E-17  3.42E-17  2.37E-17  1.39E-17  5.56E-18  2.47E-18



 --------------------------------
 PRTI= 3  TRMPRT= (1S)  SPNPRT= 1

   INDX TE=  1.00E+01  2.00E+01  5.00E+01  1.00E+02  2.00E+02  5.00E+02  1.00E+03  2.00E+03  5.00E+03  1.00E+04
   ---- ---  2.00E+04  5.00E+04  1.00E+05  2.00E+05  5.00E+05  1.00E+06  2.00E+06  5.00E+06  1.00E+07
     3       9.05E-12  6.40E-12  4.05E-12  2.87E-12  2.03E-12  1.29E-12  9.19E-13  6.59E-13  4.35E-13  3.27E-13
             2.55E-13  1.97E-13  1.67E-13  1.36E-13  8.91E-14  5.52E-14  2.98E-14  1.10E-14  4.71E-15
    11       2.72E-14  1.93E-14  1.21E-14  8.56E-15  6.01E-15  3.73E-15  2.57E-15  1.75E-15  1.06E-15  7.40E-16
             5.37E-16  3.60E-16  2.62E-16  1.84E-16  1.03E-16  6.00E-17  3.14E-17  1.15E-17  4.90E-18
    21       9.56E-17  6.74E-17  4.24E-17  2.97E-17  2.06E-17  1.24E-17  8.06E-18  4.96E-18  2.31E-18  1.15E-18
             5.24E-19  1.64E-19  6.35E-20  2.37E-20  6.26E-21  2.25E-21  8.03E-22  2.05E-22  7.25E-23
    26       9.40E-15  6.63E-15  4.16E-15  2.90E-15  2.00E-15  1.18E-15  7.56E-16  4.56E-16  2.11E-16  1.12E-16
             5.90E-17  2.66E-17  1.54E-17  9.18E-18  4.57E-18  2.53E-18  1.29E-18  4.64E-19  1.96E-19
    41       7.23E-17  5.10E-17  3.19E-17  2.22E-17  1.53E-17  8.90E-18  5.60E-18  3.27E-18  1.39E-18  6.49E-19
             2.78E-19  8.18E-20  3.08E-20  1.13E-20  2.94E-21  1.05E-21  3.73E-22  9.46E-23  3.35E-23
    47       4.89E-15  3.44E-15  2.15E-15  1.48E-15  1.01E-15  5.70E-16  3.46E-16  1.93E-16  7.78E-17  3.59E-17
             1.59E-17  5.41E-18  2.51E-18  1.24E-18  5.15E-19  2.63E-19  1.28E-19  4.46E-20  1.86E-20
    68       4.46E-17  3.14E-17  1.96E-17  1.35E-17  9.17E-18  5.17E-18  3.12E-18  1.73E-18  6.80E-19  3.01E-19
             1.23E-19  3.50E-20  1.29E-20  4.69E-21  1.21E-21  4.29E-22  1.52E-22  3.86E-23  1.37E-23
    73       2.99E-15  2.10E-15  1.30E-15  8.91E-16  5.94E-16  3.22E-16  1.86E-16  9.80E-17  3.62E-17  1.55E-17
             6.34E-18  1.89E-18  7.69E-19  3.26E-19  1.13E-19  5.23E-20  2.38E-20  7.84E-21  3.20E-21
   100       2.83E-17  1.98E-17  1.23E-17  8.43E-18  5.62E-18  3.06E-18  1.77E-18  9.34E-19  3.45E-19  1.47E-19
             5.82E-20  1.61E-20  5.87E-21  2.11E-21  5.41E-22  1.92E-22  6.81E-23  1.73E-23  6.11E-24
   105       2.01E-15  1.40E-15  8.65E-16  5.87E-16  3.84E-16  2.00E-16  1.11E-16  5.54E-17  1.92E-17  7.87E-18
             3.08E-18  8.61E-19  3.28E-19  1.28E-19  3.90E-20  1.64E-20  6.90E-21  2.13E-21  8.43E-22
   138       1.88E-17  1.32E-17  8.13E-18  5.51E-18  3.61E-18  1.89E-18  1.05E-18  5.32E-19  1.86E-19  7.67E-20
             2.98E-20  8.07E-21  2.93E-21  1.05E-21  2.68E-22  9.50E-23  3.36E-23  8.52E-24  3.01E-24
   143       1.43E-15  1.00E-15  6.12E-16  4.10E-16  2.63E-16  1.31E-16  6.98E-17  3.35E-17  1.11E-17  4.41E-18
             1.69E-18  4.56E-19  1.69E-19  6.30E-20  1.77E-20  6.94E-21  2.75E-21  7.96E-22  3.05E-22
   180       1.31E-17  9.18E-18  5.61E-18  3.77E-18  2.42E-18  1.22E-18  6.56E-19  3.19E-19  1.07E-19  4.29E-20
             1.64E-20  4.38E-21  1.58E-21  5.65E-22  1.44E-22  5.10E-23  1.81E-23  4.57E-24  1.62E-24
   181       3.69E-14  2.61E-14  1.65E-14  1.16E-14  8.17E-15  5.10E-15  3.55E-15  2.47E-15  1.57E-15  1.19E-15
             9.89E-16  8.31E-16  7.21E-16  5.88E-16  3.83E-16  2.38E-16  1.31E-16  4.96E-17  2.15E-17
   182       8.41E-15  5.96E-15  3.79E-15  2.71E-15  1.96E-15  1.31E-15  1.02E-15  8.66E-16  8.36E-16  9.38E-16
             1.12E-15  1.40E-15  1.56E-15  1.66E-15  1.63E-15  1.47E-15  1.19E-15  7.32E-16  4.35E-16
   186       3.90E-15  2.75E-15  1.73E-15  1.21E-15  8.46E-16  5.11E-16  3.37E-16  2.12E-16  1.02E-16  5.28E-17
             2.49E-17  8.17E-18  3.27E-18  1.25E-18  3.38E-19  1.23E-19  4.44E-20  1.14E-20  4.06E-21
   192       3.02E-15  2.13E-15  1.34E-15  9.35E-16  6.47E-16  3.85E-16  2.49E-16  1.54E-16  7.48E-17  4.25E-17
             2.55E-17  1.52E-17  1.12E-17  8.37E-18  5.14E-18  3.13E-18  1.70E-18  6.41E-19  2.77E-19
   196       1.14E-15  8.02E-16  5.03E-16  3.51E-16  2.42E-16  1.43E-16  9.09E-17  5.43E-17  2.40E-17  1.16E-17
             5.17E-18  1.59E-18  6.14E-19  2.30E-19  6.07E-20  2.19E-20  7.84E-21  2.00E-21  7.10E-22
   198       1.29E-16  9.11E-17  5.70E-17  3.96E-17  2.70E-17  1.55E-17  9.59E-18  5.46E-18  2.23E-18  1.01E-18
             4.19E-19  1.20E-19  4.44E-20  1.61E-20  4.14E-21  1.47E-21  5.22E-22  1.32E-22  4.68E-23
   206       9.12E-16  6.42E-16  4.01E-16  2.78E-16  1.90E-16  1.08E-16  6.66E-17  3.80E-17  1.60E-17  7.73E-18
             3.73E-18  1.60E-18  9.72E-19  6.39E-19  3.63E-19  2.16E-19  1.16E-19  4.33E-20  1.86E-20
   208       1.32E-13  9.34E-14  5.90E-14  4.17E-14  2.95E-14  1.86E-14  1.32E-14  9.48E-15  6.67E-15  5.92E-15
             6.08E-15  6.92E-15  7.25E-15  6.78E-15  4.95E-15  3.25E-15  1.84E-15  7.16E-16  3.13E-16
   212       4.55E-16  3.20E-16  2.00E-16  1.39E-16  9.43E-17  5.38E-17  3.30E-17  1.87E-17  7.63E-18  3.49E-18
             1.47E-18  4.32E-19  1.63E-19  5.99E-20  1.56E-20  5.59E-21  1.99E-21  5.07E-22  1.80E-22
   220       7.85E-17  5.52E-17  3.44E-17  2.37E-17  1.60E-17  8.92E-18  5.31E-18  2.88E-18  1.10E-18  4.79E-19
             1.93E-19  5.37E-20  1.97E-20  7.10E-21  1.82E-21  6.45E-22  2.29E-22  5.79E-23  2.05E-23
   227       4.28E-16  3.01E-16  1.87E-16  1.28E-16  8.60E-17  4.72E-17  2.77E-17  1.48E-17  5.66E-18  2.51E-18
             1.08E-18  3.75E-19  1.89E-19  1.07E-19  5.43E-20  3.10E-20  1.63E-20  6.01E-21  2.57E-21
   231       2.26E-16  1.59E-16  9.87E-17  6.78E-17  4.54E-17  2.50E-17  1.47E-17  7.92E-18  3.02E-18  1.32E-18
             5.37E-19  1.52E-19  5.63E-20  2.05E-20  5.29E-21  1.89E-21  6.71E-22  1.70E-22  6.04E-23
   244       4.68E-17  3.28E-17  2.03E-17  1.39E-17  9.24E-18  4.98E-18  2.85E-18  1.48E-18  5.37E-19  2.25E-19
             8.85E-20  2.41E-20  8.77E-21  3.15E-21  8.04E-22  2.85E-22  1.01E-22  2.56E-23  9.04E-24
   252       2.48E-16  1.74E-16  1.07E-16  7.29E-17  4.79E-17  2.52E-17  1.41E-17  7.20E-18  2.56E-18  1.08E-18
             4.35E-19  1.33E-19  5.89E-20  2.90E-20  1.28E-20  6.91E-21  3.50E-21  1.27E-21  5.37E-22
   256       1.30E-16  9.10E-17  5.62E-17  3.82E-17  2.52E-17  1.33E-17  7.53E-18  3.88E-18  1.39E-18  5.87E-19
             2.32E-19  6.41E-20  2.35E-20  8.49E-21  2.18E-21  7.75E-22  2.75E-22  6.98E-23  2.47E-23
   269       2.97E-17  2.08E-17  1.28E-17  8.66E-18  5.65E-18  2.94E-18  1.62E-18  8.11E-19  2.80E-19  1.14E-19
             4.40E-20  1.18E-20  4.27E-21  1.53E-21  3.89E-22  1.38E-22  4.89E-23  1.24E-23  4.37E-24
   281       1.62E-16  1.13E-16  6.92E-17  4.65E-17  3.00E-17  1.51E-17  8.14E-18  3.97E-18  1.34E-18  5.42E-19
             2.11E-19  6.04E-20  2.45E-20  1.08E-20  4.15E-21  2.07E-21  1.00E-21  3.51E-22  1.47E-22
   284       8.21E-17  5.74E-17  3.52E-17  2.37E-17  1.53E-17  7.79E-18  4.24E-18  2.10E-18  7.19E-19  2.94E-19
             1.14E-19  3.09E-20  1.12E-20  4.04E-21  1.03E-21  3.67E-22  1.30E-22  3.30E-23  1.17E-23
   297       2.00E-17  1.40E-17  8.52E-18  5.71E-18  3.66E-18  1.83E-18  9.77E-19  4.71E-19  1.56E-19  6.23E-20
             2.37E-20  6.29E-21  2.26E-21  8.08E-22  2.06E-22  7.29E-23  2.58E-23  6.53E-24  2.31E-24
   313       7.76E-17  5.61E-17  3.79E-17  2.98E-17  2.59E-17  2.81E-17  3.85E-17  6.25E-17  1.27E-16  2.04E-16
             2.93E-16  3.99E-16  4.51E-16  4.76E-16  4.66E-16  4.18E-16  3.38E-16  2.07E-16  1.23E-16
   314       9.73E-13  6.87E-13  4.34E-13  3.05E-13  2.14E-13  1.33E-13  9.07E-14  6.02E-14  3.26E-14  1.89E-14
             1.01E-14  3.85E-15  1.70E-15  7.06E-16  2.07E-16  7.89E-17  2.94E-17  7.78E-18  2.80E-18
   316       9.71E-14  6.86E-14  4.32E-14  3.04E-14  2.12E-14  1.30E-14  8.82E-15  5.84E-15  3.40E-15  2.51E-15
             2.28E-15  2.48E-15  2.59E-15  2.43E-15  1.77E-15  1.16E-15  6.58E-16  2.57E-16  1.12E-16
   317       1.26E-16  8.79E-17  5.28E-17  3.43E-17  2.05E-17  8.63E-18  6.25E-18  1.44E-17  4.57E-17  8.27E-17
             1.24E-16  1.70E-16  1.91E-16  2.00E-16  1.95E-16  1.75E-16  1.41E-16  8.67E-17  5.15E-17
   318       6.02E-13  4.25E-13  2.68E-13  1.89E-13  1.33E-13  8.22E-14  5.62E-14  3.74E-14  2.02E-14  1.18E-14
             6.28E-15  2.40E-15  1.06E-15  4.39E-16  1.28E-16  4.90E-17  1.82E-17  4.82E-18  1.74E-18
   319       4.31E-13  3.04E-13  1.91E-13  1.34E-13  9.33E-14  5.63E-14  3.70E-14  2.31E-14  1.10E-14  5.62E-15
             2.61E-15  8.30E-16  3.24E-16  1.22E-16  3.20E-17  1.15E-17  4.09E-18  1.04E-18  3.69E-19
   321       6.92E-14  4.88E-14  3.07E-14  2.15E-14  1.50E-14  9.08E-15  6.03E-15  3.86E-15  2.06E-15  1.37E-15
             1.12E-15  1.14E-15  1.18E-15  1.10E-15  8.05E-16  5.28E-16  2.99E-16  1.17E-16  5.11E-17
   325       2.91E-16  2.03E-16  1.24E-16  8.30E-17  5.26E-17  2.48E-17  1.23E-17  9.15E-18  2.24E-17  4.22E-17
             6.42E-17  8.81E-17  9.85E-17  1.03E-16  9.93E-17  8.91E-17  7.19E-17  4.42E-17  2.62E-17
   326       2.08E-13  1.46E-13  9.17E-14  6.38E-14  4.38E-14  2.55E-14  1.59E-14  9.26E-15  3.90E-15  1.80E-15
             7.64E-16  2.22E-16  8.26E-17  3.01E-17  7.75E-18  2.76E-18  9.78E-19  2.48E-19  8.77E-20
   327       3.63E-13  2.56E-13  1.62E-13  1.14E-13  7.99E-14  4.95E-14  3.39E-14  2.25E-14  1.22E-14  7.07E-15
             3.77E-15  1.44E-15  6.34E-16  2.63E-16  7.69E-17  2.93E-17  1.09E-17  2.88E-18  1.04E-18
   328       3.80E-13  2.68E-13  1.69E-13  1.18E-13  8.22E-14  4.96E-14  3.26E-14  2.03E-14  9.68E-15  4.94E-15
             2.29E-15  7.29E-16  2.85E-16  1.07E-16  2.81E-17  1.01E-17  3.59E-18  9.13E-19  3.23E-19
   330       4.99E-14  3.52E-14  2.21E-14  1.55E-14  1.07E-14  6.44E-15  4.22E-15  2.64E-15  1.35E-15  8.45E-16
             6.46E-16  6.24E-16  6.37E-16  5.93E-16  4.33E-16  2.84E-16  1.61E-16  6.29E-17  2.76E-17
   331       3.41E-16  2.39E-16  1.46E-16  9.82E-17  6.29E-17  3.04E-17  1.52E-17  8.44E-18  1.40E-17  2.54E-17
             3.81E-17  5.16E-17  5.73E-17  5.96E-17  5.76E-17  5.16E-17  4.16E-17  2.55E-17  1.51E-17
   332       2.37E-13  1.67E-13  1.04E-13  7.27E-14  4.99E-14  2.90E-14  1.82E-14  1.06E-14  4.44E-15  2.06E-15
             8.69E-16  2.52E-16  9.40E-17  3.42E-17  8.81E-18  3.13E-18  1.11E-18  2.82E-19  9.97E-20
   333       2.30E-13  1.63E-13  1.03E-13  7.24E-14  5.08E-14  3.15E-14  2.15E-14  1.43E-14  7.72E-15  4.47E-15
             2.38E-15  9.05E-16  3.99E-16  1.65E-16  4.83E-17  1.84E-17  6.85E-18  1.81E-18  6.51E-19
   334       1.02E-13  7.20E-14  4.48E-14  3.09E-14  2.08E-14  1.15E-14  6.83E-15  3.69E-15  1.39E-15  5.96E-16
             2.37E-16  6.53E-17  2.38E-17  8.55E-18  2.18E-18  7.75E-19  2.74E-19  6.95E-20  2.46E-20
   335       2.83E-13  2.00E-13  1.26E-13  8.82E-14  6.13E-14  3.70E-14  2.43E-14  1.51E-14  7.20E-15  3.67E-15
             1.70E-15  5.39E-16  2.11E-16  7.89E-17  2.08E-17  7.44E-18  2.65E-18  6.74E-19  2.39E-19
   336       3.70E-14  2.61E-14  1.64E-14  1.14E-14  7.90E-15  4.70E-15  3.04E-15  1.88E-15  9.25E-16  5.58E-16
             4.06E-16  3.78E-16  3.83E-16  3.56E-16  2.60E-16  1.71E-16  9.67E-17  3.77E-17  1.65E-17
   337       3.36E-16  2.35E-16  1.44E-16  9.66E-17  6.18E-17  3.00E-17  1.50E-17  7.60E-18  9.56E-18  1.65E-17
             2.44E-17  3.27E-17  3.61E-17  3.73E-17  3.58E-17  3.20E-17  2.59E-17  1.59E-17  9.40E-18
   338       2.08E-13  1.47E-13  9.19E-14  6.40E-14  4.39E-14  2.55E-14  1.60E-14  9.27E-15  3.90E-15  1.80E-15
             7.62E-16  2.21E-16  8.23E-17  2.99E-17  7.71E-18  2.74E-18  9.73E-19  2.47E-19  8.73E-20
   339       1.55E-13  1.09E-13  6.90E-14  4.86E-14  3.41E-14  2.11E-14  1.44E-14  9.56E-15  5.15E-15  2.98E-15
             1.58E-15  6.01E-16  2.64E-16  1.09E-16  3.19E-17  1.21E-17  4.50E-18  1.19E-18  4.27E-19
   340       1.43E-13  1.01E-13  6.28E-14  4.33E-14  2.91E-14  1.62E-14  9.58E-15  5.17E-15  1.95E-15  8.35E-16
             3.32E-16  9.14E-17  3.33E-17  1.20E-17  3.06E-18  1.08E-18  3.84E-19  9.73E-20  3.44E-20
   341       5.11E-14  3.58E-14  2.21E-14  1.50E-14  9.90E-15  5.21E-15  2.91E-15  1.46E-15  5.03E-16  2.04E-16
             7.81E-17  2.08E-17  7.50E-18  2.68E-18  6.81E-19  2.41E-19  8.54E-20  2.16E-20  7.65E-21
   342       2.08E-13  1.46E-13  9.22E-14  6.46E-14  4.49E-14  2.71E-14  1.78E-14  1.11E-14  5.24E-15  2.67E-15
             1.23E-15  3.91E-16  1.53E-16  5.72E-17  1.50E-17  5.39E-18  1.92E-18  4.88E-19  1.73E-19
   343       2.81E-14  1.98E-14  1.24E-14  8.67E-15  5.97E-15  3.52E-15  2.26E-15  1.37E-15  6.61E-16  3.89E-16
             2.74E-16  2.47E-16  2.48E-16  2.30E-16  1.67E-16  1.09E-16  6.17E-17  2.41E-17  1.05E-17
   344       1.71E-13  1.20E-13  7.53E-14  5.24E-14  3.60E-14  2.09E-14  1.31E-14  7.58E-15  3.19E-15  1.47E-15
             6.21E-16  1.80E-16  6.71E-17  2.44E-17  6.28E-18  2.24E-18  7.93E-19  2.01E-19  7.11E-20
   345       1.09E-13  7.69E-14  4.85E-14  3.42E-14  2.40E-14  1.48E-14  1.01E-14  6.69E-15  3.60E-15  2.07E-15
             1.10E-15  4.17E-16  1.83E-16  7.57E-17  2.21E-17  8.43E-18  3.14E-18  8.30E-19  2.99E-19
   346       1.45E-13  1.02E-13  6.37E-14  4.39E-14  2.96E-14  1.64E-14  9.71E-15  5.23E-15  1.97E-15  8.45E-16
             3.37E-16  9.25E-17  3.37E-17  1.21E-17  3.09E-18  1.10E-18  3.89E-19  9.84E-20  3.48E-20
   347       8.52E-14  5.97E-14  3.69E-14  2.51E-14  1.65E-14  8.68E-15  4.84E-15  2.43E-15  8.38E-16  3.40E-16
             1.30E-16  3.47E-17  1.25E-17  4.46E-18  1.13E-18  4.02E-19  1.42E-19  3.60E-20  1.27E-20
   348       2.58E-14  1.80E-14  1.10E-14  7.36E-15  4.71E-15  2.33E-15  1.23E-15  5.79E-16  1.86E-16  7.24E-17
             2.70E-17  7.09E-18  2.54E-18  9.02E-19  2.29E-19  8.11E-20  2.87E-20  7.26E-21  2.57E-21
   349       1.54E-13  1.09E-13  6.85E-14  4.80E-14  3.34E-14  2.01E-14  1.32E-14  8.18E-15  3.86E-15  1.96E-15
             9.06E-16  2.87E-16  1.12E-16  4.19E-17  1.10E-17  3.95E-18  1.41E-18  3.58E-19  1.27E-19


 -----------------------------------------
 PRTF= 1  TRMPRT= (3P)  SPNPRT= 3  NSYS= 1
                                                                                              -----------------
                                                                                              SYS= 1  SPNSYS= 2
   IREP
   ----
     3       2.73E-14  1.93E-14  1.22E-14  8.59E-15  6.03E-15  3.74E-15  2.58E-15  1.76E-15  1.06E-15  7.42E-16
             5.37E-16  3.60E-16  2.62E-16  1.84E-16  1.03E-16  6.00E-17  3.14E-17  1.15E-17  4.91E-18
     4       9.48E-15  6.68E-15  4.19E-15  2.93E-15  2.02E-15  1.19E-15  7.61E-16  4.59E-16  2.13E-16  1.13E-16
             5.93E-17  2.67E-17  1.54E-17  9.19E-18  4.58E-18  2.53E-18  1.29E-18  4.64E-19  1.96E-19
     5       4.93E-15  3.47E-15  2.17E-15  1.50E-15  1.02E-15  5.75E-16  3.49E-16  1.95E-16  7.85E-17  3.62E-17
             1.60E-17  5.45E-18  2.52E-18  1.24E-18  5.16E-19  2.64E-19  1.28E-19  4.46E-20  1.86E-20
     6       3.01E-15  2.12E-15  1.31E-15  9.00E-16  6.00E-16  3.26E-16  1.88E-16  9.90E-17  3.65E-17  1.57E-17
             6.40E-18  1.91E-18  7.75E-19  3.28E-19  1.14E-19  5.25E-20  2.38E-20  7.86E-21  3.21E-21
     7       2.02E-15  1.42E-15  8.73E-16  5.92E-16  3.87E-16  2.02E-16  1.12E-16  5.59E-17  1.94E-17  7.95E-18
             3.11E-18  8.69E-19  3.31E-19  1.29E-19  3.93E-20  1.65E-20  6.94E-21  2.14E-21  8.47E-22
     8       1.45E-15  1.01E-15  6.18E-16  4.14E-16  2.65E-16  1.33E-16  7.05E-17  3.39E-17  1.12E-17  4.46E-18
             1.70E-18  4.60E-19  1.70E-19  6.36E-20  1.79E-20  6.99E-21  2.76E-21  8.00E-22  3.07E-22
     9       1.08E-15  7.53E-16  4.56E-16  3.01E-16  1.89E-16  9.09E-17  4.67E-17  2.17E-17  6.89E-18  2.69E-18
             1.01E-18  2.68E-19  9.76E-20  3.57E-20  9.59E-21  3.61E-21  1.37E-21  3.78E-22  1.41E-22
    10       8.34E-16  5.79E-16  3.47E-16  2.27E-16  1.39E-16  6.45E-17  3.21E-17  1.45E-17  4.45E-18  1.71E-18
             6.36E-19  1.67E-19  6.02E-20  2.17E-20  5.71E-21  2.10E-21  7.75E-22  2.08E-22  7.61E-23
    11       6.61E-16  4.57E-16  2.71E-16  1.75E-16  1.05E-16  4.70E-17  2.27E-17  9.98E-18  3.00E-18  1.14E-18
             4.20E-19  1.09E-19  3.92E-20  1.41E-20  3.65E-21  1.32E-21  4.81E-22  1.26E-22  4.58E-23
    12       5.35E-16  3.68E-16  2.16E-16  1.37E-16  8.10E-17  3.50E-17  1.65E-17  7.09E-18  2.09E-18  7.85E-19
             2.87E-19  7.45E-20  2.66E-20  9.51E-21  2.44E-21  8.78E-22  3.16E-22  8.21E-23  2.95E-23
    13       4.41E-16  3.02E-16  1.75E-16  1.10E-16  6.34E-17  2.65E-17  1.22E-17  5.16E-18  1.49E-18  5.58E-19
             2.03E-19  5.25E-20  1.87E-20  6.67E-21  1.71E-21  6.10E-22  2.18E-22  5.62E-23  2.01E-23
    14       3.68E-16  2.51E-16  1.44E-16  8.87E-17  5.03E-17  2.05E-17  9.24E-18  3.84E-18  1.10E-18  4.06E-19
             1.47E-19  3.79E-20  1.35E-20  4.80E-21  1.23E-21  4.37E-22  1.56E-22  3.99E-23  1.42E-23
    15       2.75E-16  1.86E-16  1.06E-16  6.40E-17  3.56E-17  1.41E-17  6.25E-18  2.56E-18  7.24E-19  2.67E-19
             9.66E-20  2.48E-20  8.83E-21  3.14E-21  7.99E-22  2.84E-22  1.01E-22  2.59E-23  9.20E-24
    16       2.34E-16  1.59E-16  8.93E-17  5.36E-17  2.93E-17  1.13E-17  4.94E-18  2.00E-18  5.58E-19  2.05E-19
             7.40E-20  1.90E-20  6.74E-21  2.39E-21  6.08E-22  2.16E-22  7.68E-23  1.96E-23  6.95E-24
    17       1.74E-16  1.16E-16  6.37E-17  3.72E-17  1.97E-17  7.32E-18  3.11E-18  1.23E-18  3.39E-19  1.24E-19
             4.44E-20  1.14E-20  4.03E-21  1.43E-21  3.63E-22  1.29E-22  4.56E-23  1.16E-23  4.10E-24
    18       1.38E-16  9.08E-17  4.83E-17  2.73E-17  1.40E-17  5.00E-18  2.07E-18  8.09E-19  2.19E-19  7.95E-20
             2.85E-20  7.27E-21  2.58E-21  9.14E-22  2.32E-22  8.20E-23  2.91E-23  7.37E-24  2.61E-24
    19       1.11E-16  7.26E-17  3.76E-17  2.07E-17  1.03E-17  3.53E-18  1.44E-18  5.53E-19  1.48E-19  5.36E-20
             1.91E-20  4.88E-21  1.73E-21  6.12E-22  1.55E-22  5.49E-23  1.94E-23  4.92E-24  1.74E-24
    20       8.25E-17  5.28E-17  2.63E-17  1.40E-17  6.70E-18  2.20E-18  8.74E-19  3.31E-19  8.77E-20  3.15E-20
             1.12E-20  2.86E-21  1.01E-21  3.59E-22  9.08E-23  3.21E-23  1.14E-23  2.88E-24  1.02E-24
    21       5.69E-17  3.55E-17  1.69E-17  8.60E-18  3.96E-18  1.25E-18  4.84E-19  1.81E-19  4.73E-20  1.69E-20
             6.03E-21  1.53E-21  5.42E-22  1.92E-22  4.86E-23  1.72E-23  6.08E-24  1.54E-24  5.44E-25
    22       3.04E-17  1.83E-17  8.16E-18  3.94E-18  1.73E-18  5.19E-19  1.97E-19  7.24E-20  1.88E-20  6.70E-21
             2.38E-21  6.04E-22  2.14E-22  7.56E-23  1.91E-23  6.77E-24  2.39E-24  6.06E-25  2.14E-25
    23       8.48E-18  4.97E-18  2.12E-18  9.94E-19  4.25E-19  1.25E-19  4.68E-20  1.71E-20  4.42E-21  1.57E-21
             5.58E-22  1.42E-22  5.01E-23  1.77E-23  4.48E-24  1.58E-24  5.60E-25  1.42E-25  5.01E-26
    24       5.72E-18  3.22E-18  1.30E-18  5.86E-19  2.43E-19  6.92E-20  2.57E-20  9.30E-21  2.39E-21  8.51E-22
             3.02E-22  7.64E-23  2.70E-23  9.56E-24  2.42E-24  8.55E-25  3.02E-25  7.65E-26  2.71E-26
    25       4.51E-18  2.48E-18  9.69E-19  4.26E-19  1.74E-19  4.88E-20  1.79E-20  6.49E-21  1.66E-21  5.91E-22
             2.09E-22  5.31E-23  1.88E-23  6.64E-24  1.68E-24  5.94E-25  2.10E-25  5.31E-26  1.88E-26
    26       3.21E-18  1.71E-18  6.41E-19  2.74E-19  1.09E-19  3.01E-20  1.10E-20  3.96E-21  1.01E-21  3.60E-22
             1.27E-22  3.23E-23  1.14E-23  4.04E-24  1.02E-24  3.61E-25  1.28E-25  3.23E-26  1.14E-26
    27       2.34E-18  1.21E-18  4.37E-19  1.83E-19  7.16E-20  1.95E-20  7.09E-21  2.54E-21  6.49E-22  2.30E-22
             8.15E-23  2.06E-23  7.30E-24  2.58E-24  6.53E-25  2.31E-25  8.17E-26  2.07E-26  7.30E-27
    28       1.52E-18  7.55E-19  2.59E-19  1.05E-19  4.06E-20  1.09E-20  3.93E-21  1.41E-21  3.58E-22  1.27E-22
             4.49E-23  1.14E-23  4.02E-24  1.42E-24  3.60E-25  1.27E-25  4.50E-26  1.14E-26  4.02E-27


 -----------------------------------------
 PRTF= 2  TRMPRT= (1D)  SPNPRT= 1  NSYS= 1
                                                                                              -----------------
                                                                                              SYS= 1  SPNSYS= 2
   IREP
   ----
     3       4.08E-14  2.88E-14  1.82E-14  1.28E-14  9.01E-15  5.61E-15  3.89E-15  2.68E-15  1.67E-15  1.25E-15
             1.01E-15  8.38E-16  7.24E-16  5.89E-16  3.83E-16  2.38E-16  1.31E-16  4.96E-17  2.15E-17
     4       4.28E-15  3.02E-15  1.90E-15  1.33E-15  9.16E-16  5.43E-16  3.50E-16  2.13E-16  1.01E-16  5.52E-17
             3.11E-17  1.68E-17  1.19E-17  8.60E-18  5.20E-18  3.16E-18  1.71E-18  6.44E-19  2.78E-19
     5       1.45E-15  1.02E-15  6.35E-16  4.40E-16  3.00E-16  1.71E-16  1.05E-16  5.95E-17  2.47E-17  1.17E-17
             5.40E-18  2.08E-18  1.15E-18  7.04E-19  3.80E-19  2.22E-19  1.18E-19  4.38E-20  1.89E-20
     6       7.01E-16  4.93E-16  3.06E-16  2.10E-16  1.41E-16  7.72E-17  4.52E-17  2.42E-17  9.22E-18  4.06E-18
             1.71E-18  5.50E-19  2.53E-19  1.30E-19  6.03E-20  3.32E-20  1.70E-20  6.20E-21  2.65E-21
     7       4.07E-16  2.86E-16  1.76E-16  1.20E-16  7.87E-17  4.15E-17  2.33E-17  1.19E-17  4.23E-18  1.78E-18
             7.11E-19  2.09E-19  8.64E-20  3.89E-20  1.53E-20  7.80E-21  3.82E-21  1.35E-21  5.67E-22
     8       2.64E-16  1.84E-16  1.13E-16  7.59E-17  4.89E-17  2.48E-17  1.34E-17  6.53E-18  2.21E-18  8.98E-19
             3.49E-19  9.76E-20  3.80E-20  1.56E-20  5.37E-21  2.51E-21  1.16E-21  3.90E-22  1.61E-22
     9       1.84E-16  1.28E-16  7.76E-17  5.15E-17  3.25E-17  1.58E-17  8.25E-18  3.89E-18  1.26E-18  5.02E-19
             1.91E-19  5.19E-20  1.95E-20  7.59E-21  2.36E-21  1.02E-21  4.46E-22  1.43E-22  5.78E-23
    10       1.34E-16  9.33E-17  5.61E-17  3.67E-17  2.27E-17  1.07E-17  5.37E-18  2.46E-18  7.73E-19  3.01E-19
             1.13E-19  3.01E-20  1.11E-20  4.18E-21  1.22E-21  4.99E-22  2.07E-22  6.30E-23  2.49E-23
    11       1.02E-16  7.07E-17  4.21E-17  2.72E-17  1.65E-17  7.46E-18  3.65E-18  1.63E-18  4.97E-19  1.91E-19
             7.09E-20  1.87E-20  6.81E-21  2.51E-21  7.00E-22  2.75E-22  1.10E-22  3.21E-23  1.24E-23
    12       8.00E-17  5.51E-17  3.25E-17  2.07E-17  1.23E-17  5.37E-18  2.56E-18  1.12E-18  3.34E-19  1.27E-19
             4.66E-20  1.22E-20  4.41E-21  1.60E-21  4.34E-22  1.65E-22  6.37E-23  1.80E-23  6.82E-24
    13       6.41E-17  4.40E-17  2.56E-17  1.61E-17  9.36E-18  3.97E-18  1.85E-18  7.89E-19  2.32E-19  8.71E-20
             3.19E-20  8.29E-21  2.98E-21  1.08E-21  2.86E-22  1.07E-22  4.02E-23  1.10E-23  4.12E-24
    14       5.24E-17  3.58E-17  2.06E-17  1.27E-17  7.27E-18  2.99E-18  1.37E-18  5.73E-19  1.65E-19  6.17E-20
             2.25E-20  5.82E-21  2.09E-21  7.49E-22  1.96E-22  7.21E-23  2.67E-23  7.19E-24  2.65E-24
    15       4.01E-17  2.72E-17  1.55E-17  9.43E-18  5.28E-18  2.12E-18  9.49E-19  3.92E-19  1.12E-19  4.15E-20
             1.51E-20  3.89E-21  1.39E-21  4.98E-22  1.29E-22  4.72E-23  1.73E-23  4.60E-24  1.68E-24
    16       3.37E-17  2.29E-17  1.29E-17  7.77E-18  4.28E-18  1.67E-18  7.34E-19  2.99E-19  8.43E-20  3.11E-20
             1.13E-20  2.90E-21  1.03E-21  3.69E-22  9.52E-23  3.44E-23  1.25E-23  3.29E-24  1.19E-24
    17       2.46E-17  1.65E-17  9.03E-18  5.28E-18  2.82E-18  1.05E-18  4.51E-19  1.80E-19  4.98E-20  1.82E-20
             6.56E-21  1.68E-21  5.98E-22  2.13E-22  5.45E-23  1.95E-23  7.01E-24  1.81E-24  6.51E-25
    18       1.90E-17  1.25E-17  6.68E-18  3.79E-18  1.96E-18  7.03E-19  2.93E-19  1.15E-19  3.14E-20  1.14E-20
             4.10E-21  1.05E-21  3.72E-22  1.32E-22  3.36E-23  1.20E-23  4.28E-24  1.10E-24  3.92E-25
    19       1.50E-17  9.82E-18  5.09E-18  2.81E-18  1.41E-18  4.87E-19  1.99E-19  7.69E-20  2.07E-20  7.50E-21
             2.68E-21  6.85E-22  2.43E-22  8.61E-23  2.19E-23  7.78E-24  2.77E-24  7.07E-25  2.51E-25
    20       1.09E-17  6.98E-18  3.49E-18  1.86E-18  8.94E-19  2.96E-19  1.18E-19  4.48E-20  1.19E-20  4.29E-21
             1.53E-21  3.90E-22  1.38E-22  4.90E-23  1.24E-23  4.40E-24  1.56E-24  3.97E-25  1.41E-25
    21       7.33E-18  4.59E-18  2.19E-18  1.12E-18  5.16E-19  1.63E-19  6.37E-20  2.38E-20  6.26E-21  2.24E-21
             7.99E-22  2.03E-22  7.19E-23  2.54E-23  6.45E-24  2.28E-24  8.09E-25  2.05E-25  7.26E-26
    22       3.98E-18  2.40E-18  1.07E-18  5.19E-19  2.28E-19  6.89E-20  2.62E-20  9.66E-21  2.51E-21  8.96E-22
             3.18E-22  8.08E-23  2.86E-23  1.01E-23  2.56E-24  9.06E-25  3.21E-25  8.12E-26  2.87E-26
    23       2.92E-18  1.71E-18  7.35E-19  3.45E-19  1.48E-19  4.36E-20  1.64E-20  6.00E-21  1.55E-21  5.53E-22
             1.96E-22  4.98E-23  1.76E-23  6.23E-24  1.58E-24  5.58E-25  1.97E-25  4.99E-26  1.77E-26
    24       1.94E-18  1.10E-18  4.44E-19  2.00E-19  8.33E-20  2.38E-20  8.84E-21  3.21E-21  8.26E-22  2.94E-22
             1.04E-22  2.64E-23  9.34E-24  3.30E-24  8.36E-25  2.96E-25  1.05E-25  2.65E-26  9.36E-27
    25       1.52E-18  8.38E-19  3.28E-19  1.45E-19  5.91E-20  1.66E-20  6.13E-21  2.22E-21  5.69E-22  2.02E-22
             7.17E-23  1.82E-23  6.43E-24  2.27E-24  5.75E-25  2.03E-25  7.19E-26  1.82E-26  6.43E-27
    26       1.07E-18  5.74E-19  2.15E-19  9.21E-20  3.68E-20  1.02E-20  3.72E-21  1.34E-21  3.43E-22  1.22E-22
             4.32E-23  1.09E-23  3.87E-24  1.37E-24  3.46E-25  1.22E-25  4.33E-26  1.09E-26  3.87E-27
    27       7.78E-19  4.04E-19  1.46E-19  6.10E-20  2.40E-20  6.54E-21  2.38E-21  8.53E-22  2.18E-22  7.73E-23
             2.74E-23  6.93E-24  2.45E-24  8.67E-25  2.19E-25  7.75E-26  2.74E-26  6.94E-27  2.45E-27
    28       5.00E-19  2.49E-19  8.58E-20  3.49E-20  1.35E-20  3.62E-21  1.31E-21  4.67E-22  1.19E-22  4.22E-23
             1.49E-23  3.78E-24  1.34E-24  4.73E-25  1.20E-25  4.23E-26  1.50E-26  3.79E-27  1.34E-27
    29       3.08E-19  1.47E-19  4.83E-20  1.91E-20  7.25E-21  1.92E-21  6.91E-22  2.46E-22  6.27E-23  2.22E-23
             7.86E-24  1.99E-24  7.03E-25  2.49E-25  6.29E-26  2.22E-26  7.86E-27  1.99E-27  7.03E-28
    30       1.48E-19  6.68E-20  2.06E-20  7.93E-21  2.94E-21  7.69E-22  2.75E-22  9.78E-23  2.48E-23  8.79E-24
             3.11E-24  7.87E-25  2.78E-25  9.84E-26  2.49E-26  8.80E-27  3.11E-27  7.87E-28  2.78E-28
    31       8.91E-20  3.88E-20  1.16E-20  4.38E-21  1.61E-21  4.17E-22  1.49E-22  5.29E-23  1.34E-23  4.75E-24
             1.68E-24  4.25E-25  1.50E-25  5.31E-26  1.34E-26  4.75E-27  1.68E-27  4.25E-28  1.50E-28
    32       4.25E-20  1.77E-20  5.08E-21  1.89E-21  6.85E-22  1.76E-22  6.27E-23  2.22E-23  5.64E-24  1.99E-24
             7.05E-25  1.78E-25  6.31E-26  2.23E-26  5.64E-27  1.99E-27  7.05E-28  1.78E-28  6.31E-29
    33       2.42E-20  9.79E-21  2.74E-21  1.00E-21  3.63E-22  9.30E-23  3.30E-23  1.17E-23  2.96E-24  1.05E-24
             3.71E-25  9.38E-26  3.32E-26  1.17E-26  2.97E-27  1.05E-27  3.71E-28  9.38E-29  3.32E-29
    34       1.04E-20  4.08E-21  1.11E-21  4.02E-22  1.44E-22  3.68E-23  1.31E-23  4.62E-24  1.17E-24  4.14E-25
             1.46E-25  3.70E-26  1.31E-26  4.63E-27  1.17E-27  4.14E-28  1.46E-28  3.70E-29  1.31E-29
    35       5.40E-21  2.07E-21  5.52E-22  1.99E-22  7.11E-23  1.81E-23  6.41E-24  2.27E-24  5.75E-25  2.03E-25
             7.19E-26  1.82E-26  6.43E-27  2.27E-27  5.75E-28  2.03E-28  7.19E-29  1.82E-29  6.43E-30
    36       1.95E-21  7.28E-22  1.91E-22  6.83E-23  2.43E-23  6.17E-24  2.19E-24  7.73E-25  1.96E-25  6.92E-26
             2.45E-26  6.19E-27  2.19E-27  7.74E-28  1.96E-28  6.92E-29  2.45E-29  6.19E-30  2.19E-30
    37       9.80E-22  3.61E-22  9.37E-23  3.34E-23  1.19E-23  3.01E-24  1.07E-24  3.77E-25  9.55E-26  3.38E-26
             1.19E-26  3.02E-27  1.07E-27  3.78E-28  9.55E-29  3.38E-29  1.19E-29  3.02E-30  1.07E-30
    38       3.49E-22  1.27E-22  3.26E-23  1.16E-23  4.10E-24  1.04E-24  3.68E-25  1.30E-25  3.29E-26  1.16E-26
             4.12E-27  1.04E-27  3.68E-28  1.30E-28  3.29E-29  1.16E-29  4.12E-30  1.04E-30  3.68E-31
    39       1.70E-22  6.13E-23  1.57E-23  5.57E-24  1.97E-24  5.00E-25  1.77E-25  6.25E-26  1.58E-26  5.59E-27
             1.98E-27  5.00E-28  1.77E-28  6.25E-29  1.58E-29  5.59E-30  1.98E-30  5.00E-31  1.77E-31
    40       5.84E-23  2.08E-23  5.30E-24  1.88E-24  6.64E-25  1.68E-25  5.94E-26  2.10E-26  5.32E-27  1.88E-27
             6.65E-28  1.68E-28  5.94E-29  2.10E-29  5.32E-30  1.88E-30  6.65E-31  1.68E-31  5.94E-32
    41       3.56E-23  1.27E-23  3.22E-24  1.14E-24  4.03E-25  1.02E-25  3.60E-26  1.27E-26  3.22E-27  1.14E-27
             4.03E-28  1.02E-28  3.60E-29  1.27E-29  3.22E-30  1.14E-30  4.03E-31  1.02E-31  3.60E-32
    42       1.80E-23  6.38E-24  1.61E-24  5.71E-25  2.02E-25  5.11E-26  1.81E-26  6.39E-27  1.62E-27  5.71E-28
             2.02E-28  5.11E-29  1.81E-29  6.39E-30  1.62E-30  5.71E-31  2.02E-31  5.11E-32  1.81E-32


 -----------------------------------------
 PRTF= 3  TRMPRT= (1S)  SPNPRT= 1  NSYS= 1
                                                                                              -----------------
                                                                                              SYS= 1  SPNSYS= 2
   IREP
   ----
     2       9.05E-12  6.40E-12  4.05E-12  2.87E-12  2.03E-12  1.29E-12  9.19E-13  6.59E-13  4.35E-13  3.27E-13
             2.55E-13  1.97E-13  1.67E-13  1.36E-13  8.91E-14  5.52E-14  2.98E-14  1.10E-14  4.72E-15
     3       1.11E-12  7.87E-13  4.96E-13  3.50E-13  2.46E-13  1.53E-13  1.05E-13  7.06E-14  4.01E-14  2.57E-14
             1.71E-14  1.20E-14  1.03E-14  9.05E-15  6.76E-15  4.79E-15  3.05E-15  1.46E-15  7.58E-16
     4       1.13E-12  7.98E-13  5.03E-13  3.54E-13  2.47E-13  1.52E-13  1.02E-13  6.64E-14  3.48E-14  2.01E-14
             1.14E-14  5.98E-15  4.32E-15  3.40E-15  2.38E-15  1.63E-15  1.01E-15  4.70E-16  2.40E-16
     5       1.02E-12  7.19E-13  4.53E-13  3.17E-13  2.21E-13  1.34E-13  8.85E-14  5.60E-14  2.79E-14  1.53E-14
             8.04E-15  3.63E-15  2.32E-15  1.67E-15  1.10E-15  7.41E-16  4.54E-16  2.08E-16  1.05E-16
     6       9.03E-13  6.37E-13  4.00E-13  2.80E-13  1.94E-13  1.15E-13  7.51E-14  4.64E-14  2.21E-14  1.17E-14
             5.88E-15  2.43E-15  1.43E-15  9.61E-16  6.05E-16  4.00E-16  2.43E-16  1.10E-16  5.52E-17
     7       8.02E-13  5.65E-13  3.54E-13  2.47E-13  1.70E-13  9.98E-14  6.37E-14  3.84E-14  1.77E-14  9.08E-15
             4.42E-15  1.73E-15  9.58E-16  6.13E-16  3.71E-16  2.42E-16  1.45E-16  6.53E-17  3.26E-17
     8       7.19E-13  5.06E-13  3.17E-13  2.20E-13  1.50E-13  8.68E-14  5.44E-14  3.21E-14  1.43E-14  7.18E-15
             3.41E-15  1.28E-15  6.80E-16  4.17E-16  2.43E-16  1.56E-16  9.30E-17  4.16E-17  2.07E-17
     9       6.49E-13  4.57E-13  2.85E-13  1.97E-13  1.34E-13  7.60E-14  4.68E-14  2.71E-14  1.18E-14  5.77E-15
             2.69E-15  9.77E-16  5.03E-16  2.99E-16  1.69E-16  1.07E-16  6.34E-17  2.81E-17  1.40E-17
    10       5.91E-13  4.16E-13  2.58E-13  1.78E-13  1.20E-13  6.70E-14  4.06E-14  2.30E-14  9.75E-15  4.70E-15
             2.16E-15  7.65E-16  3.84E-16  2.22E-16  1.23E-16  7.73E-17  4.52E-17  1.99E-17  9.91E-18
    11       5.42E-13  3.81E-13  2.36E-13  1.62E-13  1.08E-13  5.94E-14  3.54E-14  1.97E-14  8.18E-15  3.89E-15
             1.76E-15  6.13E-16  3.01E-16  1.70E-16  9.28E-17  5.82E-17  3.43E-17  1.51E-17  7.45E-18
    12       5.00E-13  3.51E-13  2.17E-13  1.48E-13  9.78E-14  5.30E-14  3.11E-14  1.71E-14  6.93E-15  3.25E-15
             1.46E-15  4.98E-16  2.40E-16  1.33E-16  7.10E-17  4.39E-17  2.56E-17  1.12E-17  5.54E-18
    13       4.64E-13  3.25E-13  2.00E-13  1.36E-13  8.90E-14  4.75E-14  2.75E-14  1.49E-14  5.93E-15  2.75E-15
             1.22E-15  4.11E-16  1.95E-16  1.07E-16  5.63E-17  3.47E-17  2.01E-17  8.77E-18  4.32E-18
    14       4.33E-13  3.03E-13  1.85E-13  1.25E-13  8.14E-14  4.28E-14  2.44E-14  1.30E-14  5.11E-15  2.35E-15
             1.03E-15  3.44E-16  1.62E-16  8.74E-17  4.52E-17  2.76E-17  1.59E-17  6.92E-18  3.40E-18
    15       4.04E-13  2.82E-13  1.72E-13  1.15E-13  7.45E-14  3.86E-14  2.18E-14  1.15E-14  4.43E-15  2.02E-15
             8.80E-16  2.91E-16  1.35E-16  7.18E-17  3.66E-17  2.23E-17  1.28E-17  5.58E-18  2.75E-18
    16       3.80E-13  2.65E-13  1.61E-13  1.07E-13  6.87E-14  3.51E-14  1.95E-14  1.02E-14  3.87E-15  1.75E-15
             7.57E-16  2.48E-16  1.14E-16  6.02E-17  3.03E-17  1.83E-17  1.05E-17  4.57E-18  2.24E-18
    17       3.39E-13  2.35E-13  1.42E-13  9.33E-14  5.87E-14  2.91E-14  1.59E-14  8.08E-15  3.01E-15  1.34E-15
             5.73E-16  1.85E-16  8.39E-17  4.33E-17  2.14E-17  1.28E-17  7.34E-18  3.16E-18  1.51E-18
    18       3.06E-13  2.11E-13  1.26E-13  8.20E-14  5.08E-14  2.46E-14  1.31E-14  6.57E-15  2.40E-15  1.05E-15
             4.47E-16  1.42E-16  6.38E-17  3.24E-17  1.57E-17  9.36E-18  5.33E-18  2.28E-18  1.08E-18
    19       2.78E-13  1.92E-13  1.13E-13  7.27E-14  4.43E-14  2.10E-14  1.10E-14  5.42E-15  1.94E-15  8.46E-16
             3.55E-16  1.12E-16  4.97E-17  2.49E-17  1.19E-17  7.03E-18  3.98E-18  1.71E-18  8.32E-19
    20       2.44E-13  1.67E-13  9.71E-14  6.13E-14  3.66E-14  1.68E-14  8.60E-15  4.15E-15  1.46E-15  6.27E-16
             2.61E-16  8.09E-17  3.54E-17  1.75E-17  8.20E-18  4.80E-18  2.70E-18  1.15E-18  5.58E-19
    21       2.09E-13  1.42E-13  8.06E-14  4.98E-14  2.90E-14  1.28E-14  6.39E-15  3.02E-15  1.04E-15  4.39E-16
             1.81E-16  5.54E-17  2.39E-17  1.16E-17  5.33E-18  3.09E-18  1.73E-18  7.32E-19  3.52E-19
    22       1.70E-13  1.14E-13  6.28E-14  3.76E-14  2.11E-14  8.90E-15  4.32E-15  1.99E-15  6.64E-16  2.78E-16
             1.13E-16  3.41E-17  1.45E-17  6.90E-18  3.09E-18  1.77E-18  9.82E-19  4.13E-19  1.97E-19
    23       1.51E-13  9.97E-14  5.39E-14  3.17E-14  1.74E-14  7.17E-15  3.42E-15  1.55E-15  5.12E-16  2.12E-16
             8.57E-17  2.57E-17  1.09E-17  5.12E-18  2.26E-18  1.28E-18  7.11E-19  2.97E-19  1.41E-19
    24       1.28E-13  8.33E-14  4.37E-14  2.50E-14  1.34E-14  5.34E-15  2.50E-15  1.11E-15  3.61E-16  1.48E-16
             5.94E-17  1.76E-17  7.39E-18  3.44E-18  1.49E-18  8.41E-19  4.63E-19  1.92E-19  9.04E-20
    25       1.16E-13  7.45E-14  3.84E-14  2.16E-14  1.14E-14  4.46E-15  2.06E-15  9.11E-16  2.93E-16  1.20E-16
             4.77E-17  1.41E-17  5.87E-18  2.71E-18  1.17E-18  6.54E-19  3.59E-19  1.48E-19  6.93E-20
    26       1.01E-13  6.38E-14  3.20E-14  1.76E-14  9.10E-15  3.47E-15  1.58E-15  6.91E-16  2.19E-16  8.90E-17
             3.53E-17  1.04E-17  4.29E-18  1.97E-18  8.36E-19  4.66E-19  2.54E-19  1.04E-19  4.83E-20
    27       8.84E-14  5.51E-14  2.70E-14  1.46E-14  7.39E-15  2.76E-15  1.24E-15  5.38E-16  1.69E-16  6.82E-17
             2.70E-17  7.87E-18  3.24E-18  1.47E-18  6.20E-19  3.43E-19  1.86E-19  7.56E-20  3.49E-20
    28       7.38E-14  4.51E-14  2.13E-14  1.12E-14  5.56E-15  2.03E-15  8.98E-16  3.84E-16  1.19E-16  4.77E-17
             1.88E-17  5.44E-18  2.23E-18  1.00E-18  4.17E-19  2.29E-19  1.24E-19  4.95E-20  2.26E-20
    29       6.05E-14  3.60E-14  1.64E-14  8.42E-15  4.07E-15  1.45E-15  6.32E-16  2.67E-16  8.19E-17  3.26E-17
             1.27E-17  3.67E-18  1.49E-18  6.68E-19  2.74E-19  1.49E-19  8.06E-20  3.30E-20  1.55E-20
    30       4.45E-14  2.55E-14  1.10E-14  5.46E-15  2.56E-15  8.81E-16  3.77E-16  1.57E-16  4.74E-17  1.87E-17
             7.27E-18  2.08E-18  8.37E-19  3.70E-19  1.49E-19  8.04E-20  4.31E-20  1.75E-20  8.11E-21
    31       3.58E-14  2.00E-14  8.38E-15  4.05E-15  1.87E-15  6.29E-16  2.66E-16  1.10E-16  3.28E-17  1.29E-17
             4.99E-18  1.42E-18  5.70E-19  2.50E-19  9.96E-20  5.34E-20  2.85E-20  1.14E-20  5.25E-21
    32       2.60E-14  1.40E-14  5.59E-15  2.63E-15  1.18E-15  3.88E-16  1.62E-16  6.60E-17  1.95E-17  7.62E-18
             2.93E-18  8.29E-19  3.30E-19  1.44E-19  5.64E-20  3.00E-20  1.58E-20  6.25E-21  2.83E-21
    33       2.02E-14  1.05E-14  4.09E-15  1.89E-15  8.34E-16  2.70E-16  1.11E-16  4.51E-17  1.32E-17  5.14E-18
             1.97E-18  5.55E-19  2.20E-19  9.52E-20  3.70E-20  1.96E-20  1.03E-20  3.99E-21  1.79E-21
    34       1.37E-14  6.91E-15  2.57E-15  1.15E-15  5.00E-16  1.58E-16  6.46E-17  2.59E-17  7.52E-18  2.91E-18
             1.11E-18  3.10E-19  1.23E-19  5.24E-20  2.01E-20  1.05E-20  5.54E-21  2.21E-21  1.02E-21
    35       1.00E-14  4.93E-15  1.78E-15  7.85E-16  3.35E-16  1.05E-16  4.23E-17  1.68E-17  4.87E-18  1.87E-18
             7.13E-19  1.99E-19  7.81E-20  3.32E-20  1.26E-20  6.58E-21  3.44E-21  1.36E-21  6.19E-22
    36       6.11E-15  2.89E-15  1.00E-15  4.32E-16  1.81E-16  5.55E-17  2.22E-17  8.76E-18  2.51E-18  9.59E-19
             3.64E-19  1.01E-19  3.94E-20  1.66E-20  6.23E-21  3.22E-21  1.66E-21  6.43E-22  2.89E-22
    37       4.33E-15  2.00E-15  6.78E-16  2.88E-16  1.20E-16  3.62E-17  1.44E-17  5.64E-18  1.61E-18  6.13E-19
             2.32E-19  6.40E-20  2.50E-20  1.05E-20  3.89E-21  2.00E-21  1.02E-21  3.89E-22  1.72E-22
    38       2.53E-15  1.14E-15  3.73E-16  1.56E-16  6.37E-17  1.90E-17  7.49E-18  2.92E-18  8.25E-19  3.13E-19
             1.18E-19  3.25E-20  1.26E-20  5.25E-21  1.93E-21  9.82E-22  5.05E-22  1.97E-22  8.98E-23
    39       1.70E-15  7.50E-16  2.42E-16  9.99E-17  4.05E-17  1.20E-17  4.69E-18  1.82E-18  5.12E-19  1.94E-19
             7.28E-20  2.00E-20  7.73E-21  3.21E-21  1.17E-21  5.91E-22  3.02E-22  1.16E-22  5.24E-23
    40       8.97E-16  3.86E-16  1.21E-16  4.94E-17  1.98E-17  5.78E-18  2.25E-18  8.66E-19  2.42E-19  9.14E-20
             3.42E-20  9.35E-21  3.61E-21  1.49E-21  5.35E-22  2.68E-22  1.36E-22  5.10E-23  2.25E-23
    41       6.23E-16  2.65E-16  8.25E-17  3.33E-17  1.33E-17  3.86E-18  1.50E-18  5.75E-19  1.60E-19  6.04E-20
             2.26E-20  6.16E-21  2.37E-21  9.73E-22  3.48E-22  1.74E-22  8.72E-23  3.23E-23  1.41E-23
    42       3.65E-16  1.53E-16  4.71E-17  1.89E-17  7.48E-18  2.16E-18  8.35E-19  3.20E-19  8.88E-20  3.34E-20
             1.25E-20  3.39E-21  1.30E-21  5.33E-22  1.89E-22  9.43E-23  4.76E-23  1.83E-23  8.22E-24



 --------------------------------
 PRTI= 4  TRMPRT= (5S)  SPNPRT= 5

   INDX TE=  1.00E+01  2.00E+01  5.00E+01  1.00E+02  2.00E+02  5.00E+02  1.00E+03  2.00E+03  5.00E+03  1.00E+04
   ---- ---  2.00E+04  5.00E+04  1.00E+05  2.00E+05  5.00E+05  1.00E+06  2.00E+06  5.00E+06  1.00E+07
     1       1.04E-13  7.33E-14  4.64E-14  3.29E-14  2.33E-14  1.49E-14  1.08E-14  7.90E-15  5.58E-15  4.70E-15
             4.52E-15  5.51E-15  7.30E-15  9.73E-15  1.24E-14  1.24E-14  1.05E-14  6.57E-15  3.84E-15
     7       2.45E-12  1.73E-12  1.10E-12  7.77E-13  5.50E-13  3.50E-13  2.51E-13  1.81E-13  1.22E-13  9.51E-14
             7.95E-14  7.13E-14  6.96E-14  6.53E-14  4.92E-14  3.28E-14  1.86E-14  7.18E-15  3.12E-15
   189       6.00E-15  4.25E-15  2.70E-15  1.93E-15  1.39E-15  9.36E-16  7.28E-16  6.12E-16  5.83E-16  6.43E-16
             7.50E-16  9.04E-16  9.88E-16  1.03E-15  9.99E-16  8.94E-16  7.19E-16  4.41E-16  2.62E-16
   209       1.95E-15  1.38E-15  8.78E-16  6.28E-16  4.54E-16  3.06E-16  2.40E-16  2.06E-16  2.09E-16  2.51E-16
             3.24E-16  4.49E-16  5.38E-16  6.00E-16  6.20E-16  5.70E-16  4.66E-16  2.89E-16  1.72E-16
   250       1.61E-13  1.14E-13  7.18E-14  5.07E-14  3.58E-14  2.25E-14  1.58E-14  1.12E-14  7.47E-15  6.15E-15
             5.71E-15  5.69E-15  5.53E-15  4.90E-15  3.43E-15  2.21E-15  1.23E-15  4.77E-16  2.08E-16
   315       3.66E-14  2.59E-14  1.63E-14  1.16E-14  8.18E-15  5.19E-15  3.70E-15  2.70E-15  1.98E-15  1.86E-15
             2.06E-15  2.55E-15  2.80E-15  2.70E-15  2.02E-15  1.34E-15  7.63E-16  2.99E-16  1.31E-16
   320       5.21E-17  3.77E-17  2.54E-17  2.00E-17  1.74E-17  1.88E-17  2.56E-17  4.11E-17  8.22E-17  1.30E-16
             1.84E-16  2.46E-16  2.75E-16  2.89E-16  2.81E-16  2.52E-16  2.03E-16  1.25E-16  7.39E-17
   322       5.94E-13  4.20E-13  2.65E-13  1.86E-13  1.31E-13  8.10E-14  5.53E-14  3.67E-14  1.98E-14  1.15E-14
             6.13E-15  2.34E-15  1.03E-15  4.28E-16  1.25E-16  4.77E-17  1.78E-17  4.70E-18  1.69E-18
   323       3.82E-13  2.70E-13  1.70E-13  1.20E-13  8.42E-14  5.22E-14  3.56E-14  2.37E-14  1.28E-14  7.46E-15
             3.98E-15  1.52E-15  6.73E-16  2.80E-16  8.21E-17  3.13E-17  1.17E-17  3.09E-18  1.11E-18
   324       2.22E-17  1.61E-17  1.08E-17  8.55E-18  7.45E-18  8.15E-18  1.14E-17  1.90E-17  4.08E-17  6.86E-17
             1.03E-16  1.48E-16  1.71E-16  1.84E-16  1.83E-16  1.66E-16  1.34E-16  8.27E-17  4.91E-17
   329       8.16E-14  5.76E-14  3.63E-14  2.55E-14  1.78E-14  1.09E-14  7.29E-15  4.76E-15  2.68E-15  1.89E-15
             1.61E-15  1.62E-15  1.64E-15  1.51E-15  1.09E-15  7.09E-16  4.00E-16  1.56E-16  6.81E-17
   350       2.56E-14  1.81E-14  1.14E-14  8.03E-15  5.64E-15  3.48E-15  2.39E-15  1.61E-15  9.81E-16  7.76E-16
             7.66E-16  9.06E-16  9.81E-16  9.38E-16  6.95E-16  4.59E-16  2.61E-16  1.02E-16  4.47E-17
   351       8.25E-17  5.73E-17  3.44E-17  2.24E-17  1.34E-17  5.62E-18  4.04E-18  9.16E-18  2.86E-17  5.12E-17
             7.62E-17  1.03E-16  1.16E-16  1.21E-16  1.17E-16  1.05E-16  8.46E-17  5.20E-17  3.09E-17
   352       3.67E-13  2.59E-13  1.64E-13  1.15E-13  8.09E-14  5.01E-14  3.42E-14  2.27E-14  1.23E-14  7.13E-15
             3.80E-15  1.45E-15  6.39E-16  2.65E-16  7.75E-17  2.95E-17  1.10E-17  2.91E-18  1.05E-18
   353       2.59E-13  1.83E-13  1.15E-13  8.05E-14  5.60E-14  3.38E-14  2.22E-14  1.38E-14  6.59E-15  3.37E-15
             1.56E-15  4.98E-16  1.95E-16  7.30E-17  1.92E-17  6.90E-18  2.46E-18  6.24E-19  2.21E-19
   354       1.72E-13  1.22E-13  7.66E-14  5.37E-14  3.73E-14  2.25E-14  1.48E-14  9.23E-15  4.40E-15  2.25E-15
             1.04E-15  3.32E-16  1.30E-16  4.87E-17  1.28E-17  4.60E-18  1.64E-18  4.16E-19  1.47E-19
   355       2.36E-13  1.67E-13  1.05E-13  7.42E-14  5.21E-14  3.23E-14  2.21E-14  1.47E-14  7.98E-15  4.64E-15
             2.48E-15  9.49E-16  4.19E-16  1.74E-16  5.10E-17  1.95E-17  7.25E-18  1.92E-18  6.90E-19
   356       3.96E-17  2.75E-17  1.65E-17  1.08E-17  6.45E-18  2.72E-18  2.02E-18  4.91E-18  1.62E-17  3.03E-17
             4.67E-17  6.56E-17  7.47E-17  7.90E-17  7.74E-17  6.96E-17  5.62E-17  3.46E-17  2.06E-17
   357       5.30E-14  3.74E-14  2.35E-14  1.65E-14  1.14E-14  6.88E-15  4.53E-15  2.86E-15  1.48E-15  9.53E-16
             7.42E-16  7.18E-16  7.26E-16  6.72E-16  4.88E-16  3.19E-16  1.81E-16  7.04E-17  3.08E-17
   358       1.99E-14  1.40E-14  8.84E-15  6.21E-15  4.34E-15  2.65E-15  1.78E-15  1.16E-15  6.47E-16  4.54E-16
             3.96E-16  4.31E-16  4.57E-16  4.32E-16  3.19E-16  2.10E-16  1.19E-16  4.65E-17  2.04E-17
   359       1.87E-16  1.30E-16  7.97E-17  5.32E-17  3.37E-17  1.59E-17  7.88E-18  5.77E-18  1.38E-17  2.58E-17
             3.90E-17  5.32E-17  5.94E-17  6.17E-17  5.96E-17  5.35E-17  4.32E-17  2.65E-17  1.57E-17
   360       2.21E-13  1.56E-13  9.84E-14  6.93E-14  4.86E-14  3.01E-14  2.06E-14  1.37E-14  7.39E-15  4.28E-15
             2.28E-15  8.69E-16  3.83E-16  1.59E-16  4.63E-17  1.76E-17  6.56E-18  1.73E-18  6.23E-19
   361       1.25E-13  8.78E-14  5.50E-14  3.83E-14  2.63E-14  1.53E-14  9.57E-15  5.56E-15  2.34E-15  1.08E-15
             4.58E-16  1.33E-16  4.96E-17  1.80E-17  4.65E-18  1.65E-18  5.87E-19  1.49E-19  5.26E-20
   362       8.31E-14  5.86E-14  3.67E-14  2.55E-14  1.75E-14  1.02E-14  6.38E-15  3.71E-15  1.56E-15  7.22E-16
             3.06E-16  8.86E-17  3.30E-17  1.20E-17  3.10E-18  1.10E-18  3.91E-19  9.91E-20  3.51E-20
   363       2.28E-13  1.61E-13  1.01E-13  7.09E-14  4.93E-14  2.97E-14  1.96E-14  1.22E-14  5.81E-15  2.97E-15
             1.38E-15  4.37E-16  1.71E-16  6.41E-17  1.69E-17  6.05E-18  2.15E-18  5.48E-19  1.94E-19
   364       1.52E-13  1.07E-13  6.74E-14  4.73E-14  3.29E-14  1.98E-14  1.30E-14  8.13E-15  3.87E-15  1.98E-15
             9.17E-16  2.92E-16  1.14E-16  4.27E-17  1.12E-17  4.03E-18  1.44E-18  3.65E-19  1.29E-19
   365       1.43E-13  1.01E-13  6.35E-14  4.48E-14  3.14E-14  1.95E-14  1.33E-14  8.88E-15  4.82E-15  2.80E-15
             1.50E-15  5.71E-16  2.52E-16  1.05E-16  3.06E-17  1.16E-17  4.34E-18  1.14E-18  4.12E-19
   366       9.59E-17  6.70E-17  4.10E-17  2.74E-17  1.74E-17  8.23E-18  4.11E-18  3.18E-18  8.30E-18  1.60E-17
             2.48E-17  3.45E-17  3.89E-17  4.07E-17  3.96E-17  3.55E-17  2.87E-17  1.77E-17  1.05E-17
   367       3.64E-14  2.56E-14  1.61E-14  1.13E-14  7.78E-15  4.63E-15  3.01E-15  1.86E-15  9.25E-16  5.65E-16
             4.16E-16  3.86E-16  3.88E-16  3.59E-16  2.61E-16  1.71E-16  9.70E-17  3.78E-17  1.66E-17
   368       1.52E-14  1.08E-14  6.77E-15  4.75E-15  3.31E-15  2.01E-15  1.33E-15  8.51E-16  4.49E-16  2.94E-16
             2.36E-16  2.40E-16  2.50E-16  2.35E-16  1.72E-16  1.13E-16  6.43E-17  2.51E-17  1.10E-17
   369       2.16E-16  1.51E-16  9.28E-17  6.23E-17  3.98E-17  1.92E-17  9.58E-18  5.30E-18  8.55E-18  1.54E-17
             2.31E-17  3.11E-17  3.45E-17  3.58E-17  3.46E-17  3.10E-17  2.49E-17  1.53E-17  9.08E-18
   370       1.40E-13  9.89E-14  6.24E-14  4.40E-14  3.09E-14  1.91E-14  1.30E-14  8.66E-15  4.67E-15  2.70E-15
             1.44E-15  5.46E-16  2.40E-16  9.95E-17  2.91E-17  1.11E-17  4.12E-18  1.09E-18  3.92E-19
   371       1.42E-13  1.00E-13  6.27E-14  4.36E-14  2.99E-14  1.74E-14  1.09E-14  6.33E-15  2.67E-15  1.23E-15
             5.22E-16  1.51E-16  5.64E-17  2.05E-17  5.28E-18  1.88E-18  6.67E-19  1.69E-19  5.98E-20
   372       9.47E-14  6.67E-14  4.18E-14  2.91E-14  2.00E-14  1.16E-14  7.27E-15  4.22E-15  1.78E-15  8.22E-16
             3.48E-16  1.01E-16  3.76E-17  1.37E-17  3.52E-18  1.25E-18  4.45E-19  1.13E-19  3.99E-20
   373       6.14E-14  4.32E-14  2.69E-14  1.85E-14  1.25E-14  6.93E-15  4.10E-15  2.21E-15  8.35E-16  3.58E-16
             1.42E-16  3.92E-17  1.43E-17  5.13E-18  1.31E-18  4.65E-19  1.65E-19  4.17E-20  1.47E-20
   374       4.09E-14  2.88E-14  1.79E-14  1.23E-14  8.31E-15  4.62E-15  2.73E-15  1.47E-15  5.57E-16  2.38E-16
             9.50E-17  2.61E-17  9.52E-18  3.42E-18  8.74E-19  3.10E-19  1.10E-19  2.78E-20  9.83E-21
   375       1.70E-13  1.20E-13  7.55E-14  5.29E-14  3.68E-14  2.22E-14  1.46E-14  9.09E-15  4.32E-15  2.20E-15
             1.02E-15  3.24E-16  1.26E-16  4.73E-17  1.25E-17  4.47E-18  1.59E-18  4.04E-19  1.43E-19
   376       1.13E-13  7.99E-14  5.03E-14  3.53E-14  2.45E-14  1.48E-14  9.72E-15  6.06E-15  2.88E-15  1.47E-15
             6.79E-16  2.16E-16  8.42E-17  3.15E-17  8.30E-18  2.98E-18  1.06E-18  2.69E-19  9.54E-20
   377       9.07E-14  6.41E-14  4.04E-14  2.85E-14  2.00E-14  1.24E-14  8.49E-15  5.65E-15  3.06E-15  1.77E-15
             9.45E-16  3.60E-16  1.59E-16  6.58E-17  1.92E-17  7.33E-18  2.73E-18  7.21E-19  2.60E-19
   378       1.16E-16  8.14E-17  4.99E-17  3.36E-17  2.15E-17  1.05E-17  5.23E-18  2.98E-18  5.28E-18  9.82E-18
             1.49E-17  2.04E-17  2.28E-17  2.37E-17  2.30E-17  2.06E-17  1.66E-17  1.02E-17  6.05E-18
   379       2.61E-14  1.84E-14  1.15E-14  8.04E-15  5.54E-15  3.27E-15  2.10E-15  1.28E-15  6.17E-16  3.64E-16
             2.57E-16  2.32E-16  2.32E-16  2.15E-16  1.56E-16  1.03E-16  5.81E-17  2.27E-17  9.92E-18
   380       1.18E-14  8.32E-15  5.23E-15  3.66E-15  2.54E-15  1.53E-15  1.01E-15  6.31E-16  3.21E-16  2.00E-16
             1.52E-16  1.47E-16  1.51E-16  1.41E-16  1.04E-16  6.81E-17  3.86E-17  1.51E-17  6.60E-18
   381       2.12E-16  1.48E-16  9.06E-17  6.08E-17  3.88E-17  1.88E-17  9.38E-18  4.74E-18  5.83E-18  9.99E-18
             1.47E-17  1.97E-17  2.17E-17  2.24E-17  2.15E-17  1.92E-17  1.56E-17  9.56E-18  5.64E-18
   382       9.39E-14  6.63E-14  4.18E-14  2.95E-14  2.07E-14  1.28E-14  8.73E-15  5.78E-15  3.11E-15  1.80E-15
             9.54E-16  3.62E-16  1.59E-16  6.58E-17  1.92E-17  7.28E-18  2.71E-18  7.13E-19  2.57E-19
   383       1.25E-13  8.80E-14  5.51E-14  3.84E-14  2.63E-14  1.53E-14  9.59E-15  5.56E-15  2.34E-15  1.08E-15
             4.57E-16  1.32E-16  4.94E-17  1.80E-17  4.63E-18  1.65E-18  5.84E-19  1.48E-19  5.24E-20
   384       8.33E-14  5.87E-14  3.68E-14  2.56E-14  1.76E-14  1.02E-14  6.39E-15  3.71E-15  1.56E-15  7.21E-16
             3.05E-16  8.83E-17  3.29E-17  1.20E-17  3.09E-18  1.10E-18  3.89E-19  9.87E-20  3.49E-20
   385       8.61E-14  6.05E-14  3.77E-14  2.60E-14  1.75E-14  9.71E-15  5.75E-15  3.10E-15  1.17E-15  5.01E-16
             1.99E-16  5.48E-17  2.00E-17  7.18E-18  1.83E-18  6.51E-19  2.30E-19  5.84E-20  2.06E-20
   386       5.74E-14  4.03E-14  2.51E-14  1.73E-14  1.17E-14  6.48E-15  3.83E-15  2.07E-15  7.80E-16  3.34E-16
             1.33E-16  3.66E-17  1.33E-17  4.79E-18  1.22E-18  4.34E-19  1.54E-19  3.89E-20  1.38E-20
   387       3.07E-14  2.15E-14  1.33E-14  9.03E-15  5.94E-15  3.13E-15  1.74E-15  8.76E-16  3.02E-16  1.22E-16
             4.68E-17  1.25E-17  4.50E-18  1.61E-18  4.09E-19  1.45E-19  5.13E-20  1.30E-20  4.59E-21
   388       2.04E-14  1.43E-14  8.85E-15  6.02E-15  3.96E-15  2.08E-15  1.16E-15  5.84E-16  2.01E-16  8.16E-17
             3.12E-17  8.33E-18  3.00E-18  1.07E-18  2.73E-19  9.66E-20  3.42E-20  8.65E-21  3.06E-21
   389       1.25E-13  8.79E-14  5.53E-14  3.88E-14  2.70E-14  1.62E-14  1.07E-14  6.64E-15  3.14E-15  1.60E-15
             7.40E-16  2.35E-16  9.16E-17  3.43E-17  9.02E-18  3.24E-18  1.15E-18  2.93E-19  1.04E-19
   390       8.30E-14  5.86E-14  3.69E-14  2.58E-14  1.80E-14  1.08E-14  7.11E-15  4.42E-15  2.10E-15  1.07E-15
             4.93E-16  1.56E-16  6.10E-17  2.29E-17  6.02E-18  2.16E-18  7.68E-19  1.95E-19  6.92E-20
   391       6.10E-14  4.31E-14  2.72E-14  1.92E-14  1.35E-14  8.34E-15  5.70E-15  3.79E-15  2.05E-15  1.18E-15
             6.30E-16  2.39E-16  1.05E-16  4.36E-17  1.27E-17  4.83E-18  1.79E-18  4.73E-19  1.70E-19
   392       1.17E-16  8.21E-17  5.03E-17  3.38E-17  2.17E-17  1.06E-17  5.30E-18  2.73E-18  3.65E-18  6.44E-18
             9.61E-18  1.30E-17  1.44E-17  1.49E-17  1.43E-17  1.28E-17  1.04E-17  6.37E-18  3.76E-18
   393       1.94E-14  1.37E-14  8.57E-15  5.96E-15  4.09E-15  2.39E-15  1.52E-15  9.13E-16  4.32E-16  2.49E-16
             1.71E-16  1.51E-16  1.50E-16  1.38E-16  1.00E-16  6.55E-17  3.71E-17  1.45E-17  6.33E-18
   394       9.26E-15  6.53E-15  4.10E-15  2.87E-15  1.99E-15  1.18E-15  7.70E-16  4.77E-16  2.36E-16  1.43E-16
             1.04E-16  9.68E-17  9.82E-17  9.14E-17  6.65E-17  4.35E-17  2.47E-17  9.62E-18  4.21E-18
   395       6.60E-14  4.66E-14  2.94E-14  2.07E-14  1.45E-14  8.97E-15  6.11E-15  4.04E-15  2.17E-15  1.25E-15
             6.62E-16  2.51E-16  1.10E-16  4.55E-17  1.33E-17  5.07E-18  1.89E-18  4.99E-19  1.80E-19
   396       1.02E-13  7.22E-14  4.52E-14  3.15E-14  2.16E-14  1.25E-14  7.85E-15  4.55E-15  1.91E-15  8.82E-16
             3.73E-16  1.08E-16  4.02E-17  1.46E-17  3.77E-18  1.34E-18  4.76E-19  1.21E-19  4.27E-20
   397       6.83E-14  4.81E-14  3.01E-14  2.10E-14  1.44E-14  8.36E-15  5.23E-15  3.03E-15  1.27E-15  5.88E-16
             2.49E-16  7.20E-17  2.68E-17  9.76E-18  2.51E-18  8.94E-19  3.17E-19  8.04E-20  2.84E-20
   398       8.73E-14  6.14E-14  3.82E-14  2.63E-14  1.77E-14  9.85E-15  5.83E-15  3.14E-15  1.18E-15  5.07E-16
             2.02E-16  5.55E-17  2.02E-17  7.27E-18  1.86E-18  6.59E-19  2.33E-19  5.91E-20  2.09E-20
   399       5.82E-14  4.09E-14  2.55E-14  1.76E-14  1.18E-14  6.56E-15  3.88E-15  2.09E-15  7.90E-16  3.38E-16
             1.35E-16  3.70E-17  1.35E-17  4.84E-18  1.24E-18  4.39E-19  1.55E-19  3.94E-20  1.39E-20
   400       5.11E-14  3.58E-14  2.21E-14  1.50E-14  9.90E-15  5.21E-15  2.90E-15  1.46E-15  5.03E-16  2.04E-16
             7.80E-17  2.08E-17  7.50E-18  2.68E-18  6.81E-19  2.41E-19  8.54E-20  2.16E-20  7.64E-21
   401       3.41E-14  2.39E-14  1.47E-14  1.00E-14  6.60E-15  3.47E-15  1.94E-15  9.73E-16  3.35E-16  1.36E-16
             5.20E-17  1.39E-17  5.00E-18  1.78E-18  4.54E-19  1.61E-19  5.69E-20  1.44E-20  5.09E-21
   402       1.55E-14  1.08E-14  6.60E-15  4.42E-15  2.83E-15  1.40E-15  7.36E-16  3.47E-16  1.11E-16  4.34E-17
             1.62E-17  4.25E-18  1.52E-18  5.41E-19  1.37E-19  4.87E-20  1.72E-20  4.36E-21  1.54E-21
   403       1.03E-14  7.20E-15  4.40E-15  2.94E-15  1.88E-15  9.34E-16  4.91E-16  2.32E-16  7.43E-17  2.90E-17
             1.08E-17  2.83E-18  1.01E-18  3.61E-19  9.16E-20  3.24E-20  1.15E-20  2.90E-21  1.03E-21
   404       9.26E-14  6.54E-14  4.11E-14  2.88E-14  2.00E-14  1.20E-14  7.90E-15  4.91E-15  2.32E-15  1.18E-15
             5.44E-16  1.72E-16  6.71E-17  2.51E-17  6.61E-18  2.37E-18  8.44E-19  2.15E-19  7.60E-20
   405       6.17E-14  4.36E-14  2.74E-14  1.92E-14  1.33E-14  8.03E-15  5.27E-15  3.27E-15  1.55E-15  7.85E-16
             3.62E-16  1.15E-16  4.47E-17  1.68E-17  4.41E-18  1.58E-18  5.63E-19  1.43E-19  5.07E-20
   406       4.30E-14  3.04E-14  1.92E-14  1.35E-14  9.48E-15  5.87E-15  4.00E-15  2.65E-15  1.43E-15  8.25E-16
             4.38E-16  1.66E-16  7.30E-17  3.02E-17  8.83E-18  3.37E-18  1.25E-18  3.31E-19  1.19E-19


 -----------------------------------------
 PRTF= 4  TRMPRT= (5S)  SPNPRT= 5  NSYS= 2
                                                                                              -----------------
                                                                                              SYS= 1  SPNSYS= 4
   IREP
   ----
     2       2.56E-12  1.81E-12  1.14E-12  8.10E-13  5.74E-13  3.65E-13  2.61E-13  1.89E-13  1.28E-13  9.98E-14
             8.40E-14  7.68E-14  7.69E-14  7.51E-14  6.17E-14  4.52E-14  2.91E-14  1.38E-14  7.12E-15
     3       4.21E-13  2.97E-13  1.88E-13  1.32E-13  9.29E-14  5.76E-14  3.96E-14  2.66E-14  1.50E-14  9.55E-15
             6.30E-15  4.43E-15  3.94E-15  3.54E-15  2.71E-15  1.94E-15  1.24E-15  5.92E-16  3.07E-16
     4       4.34E-13  3.07E-13  1.93E-13  1.36E-13  9.50E-14  5.83E-14  3.93E-14  2.56E-14  1.34E-14  7.73E-15
             4.37E-15  2.28E-15  1.66E-15  1.32E-15  9.34E-16  6.45E-16  4.02E-16  1.87E-16  9.55E-17
     5       3.97E-13  2.80E-13  1.76E-13  1.24E-13  8.62E-14  5.22E-14  3.45E-14  2.19E-14  1.09E-14  5.98E-15
             3.15E-15  1.42E-15  9.08E-16  6.58E-16  4.37E-16  2.94E-16  1.81E-16  8.28E-17  4.19E-17
     6       3.55E-13  2.50E-13  1.57E-13  1.10E-13  7.61E-14  4.54E-14  2.96E-14  1.83E-14  8.74E-15  4.62E-15
             2.32E-15  9.61E-16  5.64E-16  3.81E-16  2.40E-16  1.59E-16  9.68E-17  4.39E-17  2.21E-17
     7       3.17E-13  2.23E-13  1.40E-13  9.76E-14  6.72E-14  3.95E-14  2.52E-14  1.52E-14  7.02E-15  3.60E-15
             1.75E-15  6.86E-16  3.80E-16  2.44E-16  1.48E-16  9.65E-17  5.80E-17  2.61E-17  1.30E-17
     8       2.85E-13  2.01E-13  1.25E-13  8.71E-14  5.95E-14  3.44E-14  2.16E-14  1.27E-14  5.69E-15  2.85E-15
             1.36E-15  5.09E-16  2.70E-16  1.66E-16  9.70E-17  6.23E-17  3.71E-17  1.66E-17  8.27E-18
     9       2.58E-13  1.82E-13  1.13E-13  7.83E-14  5.31E-14  3.02E-14  1.86E-14  1.08E-14  4.68E-15  2.30E-15
             1.07E-15  3.89E-16  2.00E-16  1.19E-16  6.76E-17  4.29E-17  2.53E-17  1.13E-17  5.61E-18
    10       2.35E-13  1.65E-13  1.03E-13  7.08E-14  4.76E-14  2.67E-14  1.62E-14  9.17E-15  3.88E-15  1.87E-15
             8.60E-16  3.05E-16  1.53E-16  8.87E-17  4.93E-17  3.09E-17  1.81E-17  7.98E-18  3.96E-18
    11       2.16E-13  1.52E-13  9.40E-14  6.44E-14  4.30E-14  2.37E-14  1.41E-14  7.87E-15  3.26E-15  1.55E-15
             7.02E-16  2.45E-16  1.20E-16  6.81E-17  3.71E-17  2.33E-17  1.37E-17  6.04E-18  2.98E-18
    12       1.99E-13  1.40E-13  8.64E-14  5.89E-14  3.90E-14  2.11E-14  1.24E-14  6.81E-15  2.77E-15  1.30E-15
             5.81E-16  1.99E-16  9.59E-17  5.32E-17  2.84E-17  1.76E-17  1.02E-17  4.49E-18  2.22E-18
    13       1.85E-13  1.30E-13  7.98E-14  5.41E-14  3.55E-14  1.90E-14  1.10E-14  5.93E-15  2.37E-15  1.10E-15
             4.86E-16  1.64E-16  7.80E-17  4.26E-17  2.25E-17  1.39E-17  8.04E-18  3.51E-18  1.73E-18
    14       1.73E-13  1.21E-13  7.40E-14  4.99E-14  3.25E-14  1.71E-14  9.76E-15  5.20E-15  2.04E-15  9.38E-16
             4.12E-16  1.37E-16  6.47E-17  3.49E-17  1.81E-17  1.10E-17  6.37E-18  2.77E-18  1.36E-18
    15       1.61E-13  1.13E-13  6.87E-14  4.61E-14  2.98E-14  1.54E-14  8.69E-15  4.58E-15  1.77E-15  8.06E-16
             3.52E-16  1.16E-16  5.40E-17  2.87E-17  1.46E-17  8.90E-18  5.13E-18  2.23E-18  1.10E-18
    16       1.52E-13  1.06E-13  6.43E-14  4.29E-14  2.75E-14  1.40E-14  7.80E-15  4.06E-15  1.55E-15  6.98E-16
             3.02E-16  9.90E-17  4.57E-17  2.40E-17  1.21E-17  7.32E-18  4.21E-18  1.83E-18  8.97E-19
    17       1.35E-13  9.40E-14  5.66E-14  3.73E-14  2.35E-14  1.16E-14  6.34E-15  3.23E-15  1.20E-15  5.35E-16
             2.29E-16  7.38E-17  3.35E-17  1.73E-17  8.55E-18  5.13E-18  2.94E-18  1.26E-18  6.04E-19
    18       1.22E-13  8.45E-14  5.04E-14  3.28E-14  2.03E-14  9.83E-15  5.25E-15  2.63E-15  9.59E-16  4.22E-16
             1.79E-16  5.68E-17  2.55E-17  1.30E-17  6.29E-18  3.74E-18  2.13E-18  9.11E-19  4.31E-19
    19       1.11E-13  7.66E-14  4.52E-14  2.90E-14  1.77E-14  8.38E-15  4.40E-15  2.17E-15  7.77E-16  3.38E-16
             1.42E-16  4.48E-17  1.99E-17  9.97E-18  4.76E-18  2.81E-18  1.59E-18  6.83E-19  3.33E-19
    20       9.76E-14  6.68E-14  3.88E-14  2.45E-14  1.46E-14  6.70E-15  3.44E-15  1.66E-15  5.83E-16  2.51E-16
             1.04E-16  3.24E-17  1.42E-17  7.00E-18  3.28E-18  1.92E-18  1.08E-18  4.61E-19  2.23E-19
    21       8.35E-14  5.66E-14  3.22E-14  1.99E-14  1.16E-14  5.11E-15  2.56E-15  1.21E-15  4.14E-16  1.76E-16
             7.23E-17  2.22E-17  9.57E-18  4.65E-18  2.13E-18  1.23E-18  6.91E-19  2.93E-19  1.41E-19
    22       6.81E-14  4.55E-14  2.51E-14  1.50E-14  8.44E-15  3.56E-15  1.73E-15  7.95E-16  2.66E-16  1.11E-16
             4.51E-17  1.36E-17  5.80E-18  2.76E-18  1.23E-18  7.06E-19  3.93E-19  1.65E-19  7.88E-20
    23       6.03E-14  3.99E-14  2.16E-14  1.27E-14  6.97E-15  2.87E-15  1.37E-15  6.21E-16  2.05E-16  8.49E-17
             3.43E-17  1.03E-17  4.34E-18  2.05E-18  9.04E-19  5.13E-19  2.84E-19  1.19E-19  5.64E-20
    24       5.12E-14  3.33E-14  1.75E-14  1.00E-14  5.36E-15  2.14E-15  9.98E-16  4.46E-16  1.44E-16  5.93E-17
             2.38E-17  7.06E-18  2.96E-18  1.38E-18  5.97E-19  3.36E-19  1.85E-19  7.68E-20  3.61E-20
    25       4.63E-14  2.98E-14  1.54E-14  8.65E-15  4.56E-15  1.78E-15  8.24E-16  3.64E-16  1.17E-16  4.78E-17
             1.91E-17  5.64E-18  2.35E-18  1.08E-18  4.67E-19  2.62E-19  1.43E-19  5.92E-20  2.77E-20
    26       4.03E-14  2.55E-14  1.28E-14  7.05E-15  3.64E-15  1.39E-15  6.33E-16  2.76E-16  8.77E-17  3.56E-17
             1.41E-17  4.15E-18  1.72E-18  7.87E-19  3.35E-19  1.86E-19  1.02E-19  4.16E-20  1.93E-20
    27       3.53E-14  2.20E-14  1.08E-14  5.83E-15  2.96E-15  1.11E-15  4.97E-16  2.15E-16  6.76E-17  2.73E-17
             1.08E-17  3.15E-18  1.30E-18  5.90E-19  2.48E-19  1.37E-19  7.46E-20  3.02E-20  1.39E-20
    28       2.95E-14  1.80E-14  8.53E-15  4.49E-15  2.23E-15  8.11E-16  3.59E-16  1.53E-16  4.76E-17  1.91E-17
             7.51E-18  2.18E-18  8.91E-19  4.01E-19  1.67E-19  9.16E-20  4.94E-20  1.98E-20  9.04E-21
    29       2.42E-14  1.44E-14  6.57E-15  3.37E-15  1.63E-15  5.79E-16  2.53E-16  1.07E-16  3.27E-17  1.30E-17
             5.10E-18  1.47E-18  5.98E-19  2.67E-19  1.10E-19  5.98E-20  3.22E-20  1.32E-20  6.21E-21
    30       1.78E-14  1.02E-14  4.42E-15  2.19E-15  1.03E-15  3.53E-16  1.51E-16  6.27E-17  1.90E-17  7.48E-18
             2.91E-18  8.31E-19  3.35E-19  1.48E-19  5.96E-20  3.22E-20  1.72E-20  6.98E-21  3.24E-21
    31       1.43E-14  8.00E-15  3.35E-15  1.62E-15  7.46E-16  2.52E-16  1.06E-16  4.39E-17  1.31E-17  5.16E-18
             2.00E-18  5.68E-19  2.28E-19  9.99E-20  3.98E-20  2.14E-20  1.14E-20  4.57E-21  2.10E-21
    32       1.04E-14  5.58E-15  2.23E-15  1.05E-15  4.72E-16  1.55E-16  6.48E-17  2.64E-17  7.81E-18  3.05E-18
             1.17E-18  3.31E-19  1.32E-19  5.74E-20  2.25E-20  1.20E-20  6.34E-21  2.50E-21  1.13E-21
    33       8.07E-15  4.22E-15  1.64E-15  7.54E-16  3.34E-16  1.08E-16  4.46E-17  1.80E-17  5.30E-18  2.06E-18
             7.89E-19  2.22E-19  8.82E-20  3.81E-20  1.48E-20  7.83E-21  4.10E-21  1.60E-21  7.15E-22
    34       5.48E-15  2.76E-15  1.03E-15  4.61E-16  2.00E-16  6.33E-17  2.58E-17  1.03E-17  3.01E-18  1.16E-18
             4.44E-19  1.24E-19  4.90E-20  2.10E-20  8.05E-21  4.22E-21  2.22E-21  8.84E-22  4.08E-22
    35       4.02E-15  1.97E-15  7.12E-16  3.14E-16  1.34E-16  4.19E-17  1.69E-17  6.74E-18  1.95E-18  7.49E-19
             2.85E-19  7.95E-20  3.13E-20  1.33E-20  5.05E-21  2.63E-21  1.37E-21  5.42E-22  2.48E-22
    36       2.44E-15  1.16E-15  4.01E-16  1.73E-16  7.25E-17  2.22E-17  8.88E-18  3.50E-18  1.00E-18  3.84E-19
             1.45E-19  4.03E-20  1.58E-20  6.65E-21  2.49E-21  1.29E-21  6.66E-22  2.57E-22  1.15E-22
    37       1.73E-15  8.00E-16  2.71E-16  1.15E-16  4.78E-17  1.45E-17  5.76E-18  2.26E-18  6.43E-19  2.45E-19
             9.27E-20  2.56E-20  9.99E-21  4.19E-21  1.56E-21  7.99E-22  4.09E-22  1.56E-22  6.90E-23
    38       1.01E-15  4.54E-16  1.49E-16  6.23E-17  2.55E-17  7.60E-18  3.00E-18  1.17E-18  3.30E-19  1.25E-19
             4.72E-20  1.30E-20  5.04E-21  2.10E-21  7.71E-22  3.93E-22  2.02E-22  7.89E-23  3.59E-23
    39       6.81E-16  3.00E-16  9.67E-17  3.99E-17  1.62E-17  4.78E-18  1.88E-18  7.27E-19  2.05E-19  7.75E-20
             2.91E-20  7.99E-21  3.09E-21  1.28E-21  4.67E-22  2.36E-22  1.21E-22  4.66E-23  2.10E-23
    40       3.59E-16  1.54E-16  4.85E-17  1.98E-17  7.91E-18  2.31E-18  8.99E-19  3.47E-19  9.69E-20  3.66E-20
             1.37E-20  3.74E-21  1.44E-21  5.95E-22  2.14E-22  1.07E-22  5.42E-23  2.04E-23  9.00E-24
    41       2.49E-16  1.06E-16  3.30E-17  1.33E-17  5.31E-18  1.54E-18  5.99E-19  2.30E-19  6.41E-20  2.42E-20
             9.03E-21  2.46E-21  9.47E-22  3.89E-22  1.39E-22  6.96E-23  3.49E-23  1.29E-23  5.65E-24
    42       1.46E-16  6.13E-17  1.88E-17  7.56E-18  2.99E-18  8.64E-19  3.34E-19  1.28E-19  3.55E-20  1.34E-20
             4.99E-21  1.36E-21  5.21E-22  2.13E-22  7.58E-23  3.77E-23  1.90E-23  7.30E-24  3.29E-24

                                                                                              -----------------
                                                                                              SYS= 2  SPNSYS= 6
   IREP
   ----
     3       7.61E-13  5.38E-13  3.39E-13  2.39E-13  1.68E-13  1.04E-13  7.18E-14  4.85E-14  2.79E-14  1.83E-14
             1.25E-14  8.81E-15  7.45E-15  6.31E-15  4.54E-15  3.14E-15  1.97E-15  9.24E-16  4.76E-16
     4       7.07E-13  5.00E-13  3.15E-13  2.21E-13  1.55E-13  9.47E-14  6.38E-14  4.14E-14  2.17E-14  1.25E-14
             7.12E-15  3.75E-15  2.69E-15  2.10E-15  1.45E-15  9.93E-16  6.14E-16  2.84E-16  1.45E-16
     5       6.26E-13  4.42E-13  2.78E-13  1.95E-13  1.36E-13  8.20E-14  5.43E-14  3.43E-14  1.71E-14  9.34E-15
             4.91E-15  2.22E-15  1.41E-15  1.01E-15  6.66E-16  4.47E-16  2.73E-16  1.25E-16  6.31E-17
     6       5.50E-13  3.88E-13  2.44E-13  1.70E-13  1.18E-13  7.03E-14  4.57E-14  2.82E-14  1.34E-14  7.09E-15
             3.56E-15  1.48E-15  8.64E-16  5.81E-16  3.64E-16  2.41E-16  1.46E-16  6.61E-17  3.32E-17
     7       4.86E-13  3.43E-13  2.15E-13  1.50E-13  1.03E-13  6.05E-14  3.86E-14  2.33E-14  1.07E-14  5.49E-15
             2.67E-15  1.04E-15  5.78E-16  3.70E-16  2.23E-16  1.45E-16  8.73E-17  3.92E-17  1.96E-17
     8       4.34E-13  3.06E-13  1.91E-13  1.33E-13  9.07E-14  5.24E-14  3.29E-14  1.94E-14  8.64E-15  4.33E-15
             2.06E-15  7.71E-16  4.09E-16  2.51E-16  1.46E-16  9.37E-17  5.58E-17  2.49E-17  1.24E-17
     9       3.92E-13  2.76E-13  1.72E-13  1.19E-13  8.06E-14  4.58E-14  2.82E-14  1.63E-14  7.08E-15  3.47E-15
             1.62E-15  5.88E-16  3.02E-16  1.80E-16  1.02E-16  6.45E-17  3.80E-17  1.69E-17  8.42E-18
    10       3.56E-13  2.50E-13  1.56E-13  1.07E-13  7.21E-14  4.04E-14  2.45E-14  1.39E-14  5.87E-15  2.83E-15
             1.30E-15  4.60E-16  2.31E-16  1.34E-16  7.41E-17  4.64E-17  2.72E-17  1.20E-17  5.95E-18
    11       3.26E-13  2.29E-13  1.42E-13  9.73E-14  6.49E-14  3.58E-14  2.13E-14  1.19E-14  4.92E-15  2.34E-15
             1.06E-15  3.68E-16  1.81E-16  1.02E-16  5.57E-17  3.49E-17  2.06E-17  9.07E-18  4.47E-18
    12       3.01E-13  2.11E-13  1.30E-13  8.88E-14  5.88E-14  3.19E-14  1.87E-14  1.03E-14  4.17E-15  1.95E-15
             8.74E-16  2.99E-16  1.44E-16  8.00E-17  4.26E-17  2.64E-17  1.54E-17  6.73E-18  3.33E-18
    13       2.79E-13  1.95E-13  1.20E-13  8.15E-14  5.35E-14  2.86E-14  1.65E-14  8.94E-15  3.56E-15  1.65E-15
             7.32E-16  2.47E-16  1.17E-16  6.41E-17  3.38E-17  2.08E-17  1.21E-17  5.26E-18  2.59E-18
    14       2.60E-13  1.82E-13  1.11E-13  7.51E-14  4.89E-14  2.57E-14  1.47E-14  7.83E-15  3.07E-15  1.41E-15
             6.19E-16  2.06E-16  9.72E-17  5.25E-17  2.72E-17  1.66E-17  9.55E-18  4.15E-18  2.04E-18
    15       2.43E-13  1.70E-13  1.03E-13  6.93E-14  4.48E-14  2.32E-14  1.31E-14  6.88E-15  2.66E-15  1.21E-15
             5.28E-16  1.74E-16  8.11E-17  4.31E-17  2.20E-17  1.34E-17  7.70E-18  3.35E-18  1.65E-18
    16       2.28E-13  1.59E-13  9.67E-14  6.45E-14  4.13E-14  2.11E-14  1.17E-14  6.10E-15  2.32E-15  1.05E-15
             4.54E-16  1.49E-16  6.86E-17  3.61E-17  1.82E-17  1.10E-17  6.32E-18  2.74E-18  1.35E-18
    17       2.04E-13  1.41E-13  8.51E-14  5.60E-14  3.53E-14  1.75E-14  9.53E-15  4.85E-15  1.81E-15  8.04E-16
             3.44E-16  1.11E-16  5.03E-17  2.60E-17  1.28E-17  7.70E-18  4.40E-18  1.90E-18  9.06E-19
    18       1.84E-13  1.27E-13  7.57E-14  4.92E-14  3.05E-14  1.48E-14  7.89E-15  3.94E-15  1.44E-15  6.33E-16
             2.68E-16  8.53E-17  3.83E-17  1.95E-17  9.44E-18  5.61E-18  3.20E-18  1.37E-18  6.46E-19
    19       1.67E-13  1.15E-13  6.79E-14  4.36E-14  2.66E-14  1.26E-14  6.60E-15  3.25E-15  1.17E-15  5.08E-16
             2.13E-16  6.72E-17  2.98E-17  1.50E-17  7.14E-18  4.22E-18  2.39E-18  1.02E-18  4.99E-19
    20       1.46E-13  1.00E-13  5.83E-14  3.68E-14  2.20E-14  1.01E-14  5.16E-15  2.49E-15  8.75E-16  3.76E-16
             1.56E-16  4.86E-17  2.13E-17  1.05E-17  4.92E-18  2.88E-18  1.62E-18  6.92E-19  3.35E-19
    21       1.25E-13  8.50E-14  4.84E-14  2.99E-14  1.74E-14  7.67E-15  3.84E-15  1.81E-15  6.21E-16  2.64E-16
             1.08E-16  3.32E-17  1.44E-17  6.97E-18  3.20E-18  1.85E-18  1.04E-18  4.39E-19  2.11E-19
    22       1.02E-13  6.83E-14  3.77E-14  2.26E-14  1.27E-14  5.34E-15  2.59E-15  1.19E-15  3.99E-16  1.67E-16
             6.77E-17  2.04E-17  8.70E-18  4.14E-18  1.85E-18  1.06E-18  5.89E-19  2.48E-19  1.18E-19
    23       9.05E-14  5.98E-14  3.23E-14  1.90E-14  1.05E-14  4.30E-15  2.05E-15  9.32E-16  3.07E-16  1.27E-16
             5.14E-17  1.54E-17  6.51E-18  3.07E-18  1.36E-18  7.70E-19  4.26E-19  1.78E-19  8.46E-20
    24       7.68E-14  5.00E-14  2.62E-14  1.50E-14  8.04E-15  3.20E-15  1.50E-15  6.68E-16  2.17E-16  8.90E-17
             3.57E-17  1.06E-17  4.43E-18  2.06E-18  8.96E-19  5.04E-19  2.78E-19  1.15E-19  5.42E-20
    25       6.95E-14  4.47E-14  2.30E-14  1.30E-14  6.84E-15  2.68E-15  1.24E-15  5.47E-16  1.76E-16  7.17E-17
             2.86E-17  8.45E-18  3.52E-18  1.63E-18  7.00E-19  3.92E-19  2.15E-19  8.88E-20  4.16E-20
    26       6.04E-14  3.83E-14  1.92E-14  1.06E-14  5.46E-15  2.08E-15  9.49E-16  4.15E-16  1.32E-16  5.34E-17
             2.12E-17  6.22E-18  2.58E-18  1.18E-18  5.02E-19  2.79E-19  1.53E-19  6.24E-20  2.90E-20
    27       5.30E-14  3.31E-14  1.62E-14  8.74E-15  4.43E-15  1.66E-15  7.46E-16  3.23E-16  1.01E-16  4.09E-17
             1.62E-17  4.72E-18  1.94E-18  8.85E-19  3.72E-19  2.06E-19  1.12E-19  4.54E-20  2.09E-20
    28       4.43E-14  2.70E-14  1.28E-14  6.74E-15  3.34E-15  1.22E-15  5.39E-16  2.30E-16  7.15E-17  2.86E-17
             1.13E-17  3.27E-18  1.34E-18  6.02E-19  2.50E-19  1.37E-19  7.41E-20  2.97E-20  1.36E-20
    29       3.63E-14  2.16E-14  9.85E-15  5.05E-15  2.45E-15  8.69E-16  3.79E-16  1.60E-16  4.91E-17  1.96E-17
             7.65E-18  2.20E-18  8.97E-19  4.01E-19  1.64E-19  8.96E-20  4.84E-20  1.98E-20  9.31E-21
    30       2.67E-14  1.53E-14  6.63E-15  3.28E-15  1.54E-15  5.29E-16  2.26E-16  9.41E-17  2.84E-17  1.12E-17
             4.36E-18  1.25E-18  5.02E-19  2.22E-19  8.94E-20  4.83E-20  2.59E-20  1.05E-20  4.86E-21
    31       2.15E-14  1.20E-14  5.03E-15  2.43E-15  1.12E-15  3.77E-16  1.60E-16  6.58E-17  1.97E-17  7.74E-18
             2.99E-18  8.51E-19  3.42E-19  1.50E-19  5.97E-20  3.20E-20  1.71E-20  6.85E-21  3.15E-21
    32       1.56E-14  8.37E-15  3.35E-15  1.58E-15  7.08E-16  2.33E-16  9.71E-17  3.96E-17  1.17E-17  4.57E-18
             1.76E-18  4.97E-19  1.98E-19  8.61E-20  3.38E-20  1.80E-20  9.50E-21  3.75E-21  1.70E-21
    33       1.21E-14  6.33E-15  2.46E-15  1.13E-15  5.00E-16  1.62E-16  6.69E-17  2.70E-17  7.94E-18  3.09E-18
             1.18E-18  3.33E-19  1.32E-19  5.71E-20  2.22E-20  1.17E-20  6.16E-21  2.39E-21  1.07E-21
    34       8.22E-15  4.14E-15  1.54E-15  6.92E-16  3.00E-16  9.49E-17  3.87E-17  1.55E-17  4.51E-18  1.74E-18
             6.66E-19  1.86E-19  7.35E-20  3.15E-20  1.21E-20  6.33E-21  3.32E-21  1.33E-21  6.12E-22
    35       6.02E-15  2.96E-15  1.07E-15  4.71E-16  2.01E-16  6.28E-17  2.54E-17  1.01E-17  2.92E-18  1.12E-18
             4.28E-19  1.19E-19  4.69E-20  1.99E-20  7.58E-21  3.95E-21  2.06E-21  8.14E-22  3.72E-22
    36       3.67E-15  1.73E-15  6.02E-16  2.59E-16  1.09E-16  3.33E-17  1.33E-17  5.25E-18  1.50E-18  5.76E-19
             2.18E-19  6.05E-20  2.37E-20  9.98E-21  3.74E-21  1.93E-21  9.98E-22  3.86E-22  1.73E-22
    37       2.60E-15  1.20E-15  4.07E-16  1.73E-16  7.17E-17  2.17E-17  8.63E-18  3.39E-18  9.64E-19  3.68E-19
             1.39E-19  3.84E-20  1.50E-20  6.29E-21  2.34E-21  1.20E-21  6.14E-22  2.34E-22  1.03E-22
    38       1.52E-15  6.81E-16  2.24E-16  9.35E-17  3.82E-17  1.14E-17  4.50E-18  1.75E-18  4.95E-19  1.88E-19
             7.08E-20  1.95E-20  7.56E-21  3.15E-21  1.16E-21  5.89E-22  3.03E-22  1.18E-22  5.39E-23
    39       1.02E-15  4.50E-16  1.45E-16  5.99E-17  2.43E-17  7.18E-18  2.81E-18  1.09E-18  3.07E-19  1.16E-19
             4.37E-20  1.20E-20  4.64E-21  1.92E-21  7.00E-22  3.54E-22  1.81E-22  6.98E-23  3.14E-23
    40       5.38E-16  2.31E-16  7.28E-17  2.96E-17  1.19E-17  3.47E-18  1.35E-18  5.20E-19  1.45E-19  5.48E-20
             2.05E-20  5.61E-21  2.16E-21  8.92E-22  3.21E-22  1.61E-22  8.13E-23  3.06E-23  1.35E-23
    41       3.74E-16  1.59E-16  4.95E-17  2.00E-17  7.97E-18  2.31E-18  8.98E-19  3.45E-19  9.62E-20  3.62E-20
             1.35E-20  3.69E-21  1.42E-21  5.84E-22  2.09E-22  1.04E-22  5.23E-23  1.94E-23  8.47E-24
    42       2.19E-16  9.20E-17  2.83E-17  1.13E-17  4.49E-18  1.30E-18  5.01E-19  1.92E-19  5.33E-20  2.00E-20
             7.48E-21  2.03E-21  7.81E-22  3.20E-22  1.14E-22  5.66E-23  2.86E-23  1.10E-23  4.93E-24



    T(K)     ALFT( 1)  ALFT( 2)  ALFT( 3)  ALFT( 4)  ALFT( 5)  ALFT( 6)  ALFT( 7)  ALFT( 8)  ALFT( 9)  ALFT(10)
    ----     --------  --------  --------  --------  --------  --------  --------  --------  --------  --------
  1.00E+01   3.19E-11  8.31E-12  9.15E-12  2.56E-12
  2.00E+01   2.13E-11  5.88E-12  6.47E-12  1.81E-12
  5.00E+01   1.19E-11  3.72E-12  4.09E-12  1.14E-12
  1.00E+02   7.62E-12  2.63E-12  2.89E-12  8.10E-13
  2.00E+02   4.88E-12  1.86E-12  2.05E-12  5.74E-13
  5.00E+02   2.68E-12  1.18E-12  1.30E-12  3.65E-13
  1.00E+03   1.69E-12  8.43E-13  9.27E-13  2.61E-13
  2.00E+03   1.06E-12  6.05E-13  6.64E-13  1.89E-13
  5.00E+03   5.77E-13  4.00E-13  4.38E-13  1.28E-13
  1.00E+04   3.76E-13  3.02E-13  3.29E-13  9.98E-14
  2.00E+04   2.62E-13  2.39E-13  2.57E-13  8.40E-14
  5.00E+04   1.89E-13  1.90E-13  1.99E-13  7.68E-14
  1.00E+05   1.60E-13  1.64E-13  1.68E-13  7.69E-14
  2.00E+05   1.35E-13  1.37E-13  1.37E-13  7.50E-14
  5.00E+05   9.28E-14  9.21E-14  8.95E-14  6.17E-14
  1.00E+06   5.98E-14  5.82E-14  5.55E-14  4.53E-14
  2.00E+06   3.36E-14  3.21E-14  3.00E-14  2.91E-14
  5.00E+06   1.32E-14  1.23E-14  1.11E-14  1.38E-14
  1.00E+07   5.91E-15  5.40E-15  4.75E-15  7.13E-15
C--------------------------------------------------------------------------------------------------------------
C
C See N. R. Badnell, ApJS, vol 167 (2006) p334
C DOI: 10.1086/508465
C
C NAME: N R Badnell
C DATE: Jan 2006
C
C--------------------------------------------------------------------------------------------------------------

C-----------------------------------------------------------------------
C                               OPEN-ADAS
C                               +++++++++
C
C This file has been downloaded from OPEN-ADAS (http://open.adas.ac.uk)
C on 26-May-2026.
C
C TERMS AND CONDITIONS
C --------------------
C
C The user of the OPEN-ADAS system and data (hereinafter "the User")
C accepts the following terms and conditions:
C
C   1. The University of Strathclyde uses all reasonable endeavours to
C      ensure the accuracy of the data provided and any information
C      given, but the University makes no warranty, expressed or implied
C      as to its accuracy, integrity, fitness for purpose and shall not
C      be responsible for the use to which the data is put by the User
C      and/or any consequences arising out of any inaccuracies or
C      omissions.
C
C   2. Any downloaded OPEN-ADAS file is made available for the
C      personal use of the User only.  It must not be used for any
C      commercial application, incorporated into any web site or in
C      any form re-distributed without express prior written permission
C      from the ADAS Project. In particular, but not by way of
C      limitation, it must not be:
C        *  inserted into a managed database structure,
C        *  redistributed along with a modelling or analysis code,
C        *  made available on a public website.
C
C Permission for OPEN-ADAS data incorporation in non-commercial
C code/system development for scientific advance will not be
C unreasonably withheld, but will be subject to written agreement
C on a case by case basis.
C
C The User will indemnify the University of Strathclyde and keep it
C fully and effectively indemnified against each and every claim made
C against the University as a result of the User's use of the data.
C
C-----------------------------------------------------------------------
