SEQ='C '     NUCCHG= 6                                                  /LS/

   PARENT TERM INDEXING                 BWNP=   8197449.3   NPRNTI= 2   NPRNTF= 2
   --------------------
   INDP         CODE                 S L   WI        WNP
   ----         ----                 - -   --  ----------
     1          2S2 2P1             (2)1( 2.5)        0.0 
     2          2S1 2P2             (4)1( 5.5)    41056.5 

   LS RESOLVED TERM INDEXING            BWNR=   8280378.5   NTRM= 354
   -------------------------
   INDX  INDP   CODE                 S L   WJ        WNR
   ----  ----   ----                 - -   --  ----------
     1  9999    2S2 2P2             (3)1( 4.0)        0.0 
     2  9999    2S2 2P2             (1)2( 2.0)    10205.6 
     3  9999    2S2 2P2             (1)0( 0.0)    21618.3 
     4  9999    2S1 2P3             (5)0( 2.0)    33689.4 
     5     1    2S2 2P1 3S1         (3)1( 4.0)    52844.2 
     6     1    2S2 2P1 3S1         (1)1( 1.0)    54763.6 
     7     1    2S2 2P1 3P1         (1)1( 1.0)    58500.8 
     8     1    2S2 2P1 3P1         (3)2( 7.0)    58931.7 
     9     1    2S2 2P1 3P1         (3)0( 1.0)    59576.9 
    10  9999    2S1 2P3             (3)2( 7.0)    64086.6 
    11     1    2S2 2P1 3P1         (3)1( 4.0)    68023.4 
    12     1    2S2 2P1 3P1         (1)2( 2.0)    69955.9 
    13     1    2S2 2P1 4S1         (3)1( 4.0)    70141.9 
    14     1    2S2 2P1 3D1         (1)2( 2.0)    70306.4 
    15     1    2S2 2P1 3D1         (3)2( 7.0)    70413.0 
    16     1    2S2 2P1 3D1         (3)3(10.0)    70593.6 
    17     1    2S2 2P1 4S1         (1)1( 1.0)    70678.4 
    18     1    2S2 2P1 3D1         (3)1( 4.0)    70871.5 
    19     1    2S2 2P1 3D1         (1)3( 3.0)    70881.0 
    20     1    2S2 2P1 3D1         (1)1( 1.0)    71030.4 
    21     1    2S2 2P1 4P1         (1)1( 1.0)    71909.0 
    22     1    2S2 2P1 4P1         (3)2( 7.0)    72050.6 
    23     1    2S2 2P1 4P1         (3)0( 1.0)    72262.8 
    24     1    2S2 2P1 3P1         (1)0( 0.0)    73486.6 
    25     1    2S2 2P1 4P1         (3)1( 4.0)    74805.5 
    26  9999    2S1 2P3             (3)1( 4.0)    75279.9 
    27     1    2S2 2P1 4P1         (1)2( 2.0)    75428.0 
    28     1    2S2 2P1 5S1         (3)1( 4.0)    75842.9 
    29     1    2S2 2P1 4D1         (1)2( 2.0)    75869.9 
    30     1    2S2 2P1 4D1         (3)2( 7.0)    75929.2 
    31     1    2S2 2P1 4D1         (3)3(10.0)    75978.4 
    32     1    2S2 2P1 4F1         (1)3( 3.0)    76026.3 
    33     1    2S2 2P1 4F1         (3)3(10.0)    76026.6 
    34     1    2S2 2P1 5S1         (1)1( 1.0)    76066.8 
    35     1    2S2 2P1 4F1         (3)4(13.0)    76084.3 
    36     1    2S2 2P1 4F1         (1)4( 4.0)    76085.5 
    37     1    2S2 2P1 4D1         (3)1( 4.0)    76104.5 
    38     1    2S2 2P1 4F1         (3)2( 7.0)    76105.0 
    39     1    2S2 2P1 4F1         (1)2( 2.0)    76105.7 
    40     1    2S2 2P1 4D1         (1)3( 3.0)    76138.5 
    41     1    2S2 2P1 4D1         (1)1( 1.0)    76193.2 
    42     1    2S2 2P1 4P1         (1)0( 0.0)    76552.6 
    43     1    2S2 2P1 5P1         (1)1( 1.0)    76608.1 
    44     1    2S2 2P1 5P1         (3)2( 7.0)    76671.6 
    45     1    2S2 2P1 5P1         (3)0( 1.0)    76766.9 
    46     1    2S2 2P1 5P1         (3)1( 4.0)    77884.1 
    47     1    2S2 2P1 5P1         (1)2( 2.0)    78163.8 
    48     1    2S2 2P1 6S1         (3)1( 4.0)    78427.8 
    49     1    2S2 2P1 5D1         (1)2( 2.0)    78432.5 
    50     1    2S2 2P1 5D1         (3)2( 7.0)    78466.1 
    51     1    2S2 2P1 5D1         (3)3(10.0)    78485.1 
    52     1    2S2 2P1 5G1         (3)3(10.0)    78511.5 
    53     1    2S2 2P1 5G1         (1)3( 3.0)    78511.5 
    54     1    2S2 2P1 5G1         (3)4(13.0)    78511.5 
    55     1    2S2 2P1 5G1         (1)4( 4.0)    78511.5 
    56     1    2S2 2P1 5G1         (3)5(16.0)    78511.5 
    57     1    2S2 2P1 5G1         (1)5( 5.0)    78511.5 
    58     1    2S2 2P1 5F1         (1)3( 3.0)    78516.9 
    59     1    2S2 2P1 5F1         (3)3(10.0)    78517.1 
    60     1    2S2 2P1 6S1         (1)1( 1.0)    78542.3 
    61     1    2S2 2P1 5F1         (3)4(13.0)    78546.4 
    62     1    2S2 2P1 5F1         (1)4( 4.0)    78547.4 
    63     1    2S2 2P1 5D1         (3)1( 4.0)    78551.6 
    64     1    2S2 2P1 5F1         (3)2( 7.0)    78557.1 
    65     1    2S2 2P1 5F1         (1)2( 2.0)    78557.6 
    66     1    2S2 2P1 5D1         (1)3( 3.0)    78575.8 
    67     1    2S2 2P1 5D1         (1)1( 1.0)    78601.9 
    68     1    2S2 2P1 5P1         (1)0( 0.0)    78667.4 
    69     1    2S2 2P1 6P1         (1)1( 1.0)    78824.9 
    70     1    2S2 2P1 6P1         (3)2( 7.0)    78858.8 
    71     1    2S2 2P1 6P1         (3)0( 1.0)    78909.7 
    72     1    2S2 2P1 6P1         (3)1( 4.0)    79501.8 
    73     1    2S2 2P1 6P1         (1)2( 2.0)    79651.6 
    74     1    2S2 2P1 7S1         (3)1( 4.0)    79817.5 
    75     1    2S2 2P1 6D1         (1)2( 2.0)    79817.6 
    76     1    2S2 2P1 6D1         (3)2( 7.0)    79838.0 
    77     1    2S2 2P1 6D1         (3)3(10.0)    79847.0 
    78     1    2S2 2P1 6G1         (3)3(10.0)    79864.6 
    79     1    2S2 2P1 6G1         (1)3( 3.0)    79864.6 
    80     1    2S2 2P1 6G1         (3)4(13.0)    79864.6 
    81     1    2S2 2P1 6G1         (1)4( 4.0)    79864.6 
    82     1    2S2 2P1 6G1         (3)5(16.0)    79864.6 
    83     1    2S2 2P1 6G1         (1)5( 5.0)    79864.6 
    84     1    2S2 2P1 6F1         (1)3( 3.0)    79867.7 
    85     1    2S2 2P1 6F1         (3)3(10.0)    79867.8 
    86     1    2S2 2P1 6H1         (3)4(13.0)    79872.5 
    87     1    2S2 2P1 6H1         (1)4( 4.0)    79872.5 
    88     1    2S2 2P1 6H1         (3)5(16.0)    79872.5 
    89     1    2S2 2P1 6H1         (1)5( 5.0)    79872.5 
    90     1    2S2 2P1 6H1         (3)6(19.0)    79872.5 
    91     1    2S2 2P1 6H1         (1)6( 6.0)    79872.5 
    92     1    2S2 2P1 7S1         (1)1( 1.0)    79883.8 
    93     1    2S2 2P1 6F1         (3)4(13.0)    79884.7 
    94     1    2S2 2P1 6F1         (1)4( 4.0)    79885.4 
    95     1    2S2 2P1 6D1         (3)1( 4.0)    79886.1 
    96     1    2S2 2P1 6F1         (3)2( 7.0)    79890.9 
    97     1    2S2 2P1 6F1         (1)2( 2.0)    79891.3 
    98     1    2S2 2P1 6D1         (1)3( 3.0)    79902.2 
    99     1    2S2 2P1 6D1         (1)1( 1.0)    79916.7 
   100     1    2S2 2P1 6P1         (1)0( 0.0)    79920.8 
   101     1    2S2 2P1 7P1         (1)1( 1.0)    80048.9 
   102     1    2S2 2P1 7P1         (3)2( 7.0)    80069.2 
   103     1    2S2 2P1 7P1         (3)0( 1.0)    80099.6 
   104     1    2S2 2P1 7P1         (3)1( 4.0)    80451.7 
   105     1    2S2 2P1 7P1         (1)2( 2.0)    80541.3 
   106     1    2S2 2P1 7D1         (1)2( 2.0)    80649.3 
   107     1    2S2 2P1 8S1         (3)1( 4.0)    80650.2 
   108     1    2S2 2P1 7D1         (3)2( 7.0)    80662.5 
   109     1    2S2 2P1 7D1         (3)3(10.0)    80667.5 
   110     1    2S2 2P1 7G1         (3)3(10.0)    80679.4 
   111     1    2S2 2P1 7G1         (1)3( 3.0)    80679.4 
   112     1    2S2 2P1 7G1         (3)4(13.0)    80679.4 
   113     1    2S2 2P1 7G1         (1)4( 4.0)    80679.4 
   114     1    2S2 2P1 7G1         (3)5(16.0)    80679.4 
   115     1    2S2 2P1 7G1         (1)5( 5.0)    80679.4 
   116     1    2S2 2P1 7F1         (1)3( 3.0)    80681.3 
   117     1    2S2 2P1 7F1         (3)3(10.0)    80681.4 
   118     1    2S2 2P1 7H1         (3)4(13.0)    80684.4 
   119     1    2S2 2P1 7H1         (1)4( 4.0)    80684.4 
   120     1    2S2 2P1 7H1         (3)5(16.0)    80684.4 
   121     1    2S2 2P1 7H1         (1)5( 5.0)    80684.4 
   122     1    2S2 2P1 7H1         (3)6(19.0)    80684.4 
   123     1    2S2 2P1 7H1         (1)6( 6.0)    80684.4 
   124     1    2S2 2P1 7I1         (3)5(16.0)    80686.6 
   125     1    2S2 2P1 7I1         (1)5( 5.0)    80686.6 
   126     1    2S2 2P1 7I1         (3)6(19.0)    80686.6 
   127     1    2S2 2P1 7I1         (1)6( 6.0)    80686.6 
   128     1    2S2 2P1 7I1         (3)7(22.0)    80686.6 
   129     1    2S2 2P1 7I1         (1)7( 7.0)    80686.6 
   130     1    2S2 2P1 7F1         (3)4(13.0)    80692.0 
   131     1    2S2 2P1 8S1         (1)1( 1.0)    80692.0 
   132     1    2S2 2P1 7D1         (3)1( 4.0)    80692.3 
   133     1    2S2 2P1 7F1         (1)4( 4.0)    80692.5 
   134     1    2S2 2P1 7F1         (3)2( 7.0)    80695.9 
   135     1    2S2 2P1 7F1         (1)2( 2.0)    80696.2 
   136     1    2S2 2P1 7P1         (1)0( 0.0)    80702.1 
   137     1    2S2 2P1 7D1         (1)3( 3.0)    80703.2 
   138     1    2S2 2P1 7D1         (1)1( 1.0)    80712.1 
   139     1    2S2 2P1 8P1         (1)1( 1.0)    80796.5 
   140     1    2S2 2P1 8P1         (3)2( 7.0)    80809.5 
   141     1    2S2 2P1 8P1         (3)0( 1.0)    80829.1 
   142     1    2S2 2P1 8P1         (3)1( 4.0)    81055.7 
   143     1    2S2 2P1 8P1         (1)2( 2.0)    81113.6 
   144     1    2S2 2P1 8D1         (1)2( 2.0)    81187.3 
   145     1    2S2 2P1 8D1         (3)2( 7.0)    81196.3 
   146     1    2S2 2P1 8D1         (3)3(10.0)    81199.3 
   147     1    2S2 2P1 8G1         (3)3(10.0)    81207.7 
   148     1    2S2 2P1 8G1         (1)3( 3.0)    81207.7 
   149     1    2S2 2P1 8G1         (3)4(13.0)    81207.7 
   150     1    2S2 2P1 8G1         (1)4( 4.0)    81207.7 
   151     1    2S2 2P1 8G1         (3)5(16.0)    81207.7 
   152     1    2S2 2P1 8G1         (1)5( 5.0)    81207.7 
   153     1    2S2 2P1 8F1         (1)3( 3.0)    81208.9 
   154     1    2S2 2P1 8F1         (3)3(10.0)    81209.0 
   155     1    2S2 2P1 8H1         (3)4(13.0)    81211.0 
   156     1    2S2 2P1 8H1         (1)4( 4.0)    81211.0 
   157     1    2S2 2P1 8H1         (3)5(16.0)    81211.0 
   158     1    2S2 2P1 8H1         (1)5( 5.0)    81211.0 
   159     1    2S2 2P1 8H1         (3)6(19.0)    81211.0 
   160     1    2S2 2P1 8H1         (1)6( 6.0)    81211.0 
   161     1    2S2 2P1 8I1         (3)5(16.0)    81212.5 
   162     1    2S2 2P1 8I1         (1)5( 5.0)    81212.5 
   163     1    2S2 2P1 8I1         (3)6(19.0)    81212.5 
   164     1    2S2 2P1 8I1         (1)6( 6.0)    81212.5 
   165     1    2S2 2P1 8I1         (3)7(22.0)    81212.5 
   166     1    2S2 2P1 8I1         (1)7( 7.0)    81212.5 
   167     1    2S2 2P1 8J1         (3)6(19.0)    81213.2 
   168     1    2S2 2P1 8J1         (1)6( 6.0)    81213.2 
   169     1    2S2 2P1 8J1         (3)7(22.0)    81213.2 
   170     1    2S2 2P1 8J1         (1)7( 7.0)    81213.2 
   171     1    2S2 2P1 8J1         (3)8(25.0)    81213.2 
   172     1    2S2 2P1 8J1         (1)8( 8.0)    81213.2 
   173     1    2S2 2P1 8D1         (3)1( 4.0)    81216.0 
   174     1    2S2 2P1 8F1         (3)4(13.0)    81216.1 
   175     1    2S2 2P1 8F1         (1)4( 4.0)    81216.4 
   176     1    2S2 2P1 8P1         (1)0( 0.0)    81217.4 
   177     1    2S2 2P1 8F1         (3)2( 7.0)    81218.7 
   178     1    2S2 2P1 8F1         (1)2( 2.0)    81218.9 
   179     1    2S2 2P1 8D1         (1)3( 3.0)    81223.7 
   180     1    2S2 2P1 8D1         (1)1( 1.0)    81229.5 
   181     2    2S1 2P2 3S1         (5)1( 7.0)    92865.4*
   182     2    2S1 2P2 3P1         (5)2(12.0)    99265.3*
   183     2    2S1 2P2 3P1         (5)1( 7.0)    99731.4*
   184     2    2S1 2P2 3S1         (3)1( 4.0)    99866.6*
   185     2    2S1 2P2 3P1         (3)0( 1.0)   101531.3*
   186     2    2S1 2P2 3P1         (3)2( 7.0)   107602.8*
   187     2    2S1 2P2 3P1         (3)1( 4.0)   109056.9*
   188     2    2S1 2P2 4S1         (5)1( 7.0)   110911.2*
   189     2    2S1 2P2 3D1         (3)1( 4.0)   111442.9*
   190     2    2S1 2P2 3D1         (5)1( 7.0)   111445.1*
   191     2    2S1 2P2 3D1         (5)3(17.0)   111461.7*
   192     2    2S1 2P2 3D1         (3)3(10.0)   111728.7*
   193     2    2S1 2P2 3D1         (5)2(12.0)   111818.2*
   194     2    2S1 2P2 3D1         (3)2( 7.0)   112135.2*
   195     2    2S1 2P2 4S1         (3)1( 4.0)   112829.7*
   196     2    2S1 2P2 4P1         (5)2(12.0)   112877.3*
   197     2    2S1 2P2 4P1         (5)1( 7.0)   113030.5*
   198     2    2S1 2P2 3P1         (5)0( 2.0)   113187.6*
   199     2    2S1 2P2 4P1         (3)0( 1.0)   113634.4*
   200     2    2S1 2P2 4P1         (3)2( 7.0)   115736.6*
   201     2    2S1 2P2 4P1         (3)1( 4.0)   116210.3*
   202     2    2S1 2P2 5S1         (5)1( 7.0)   116779.8*
   203     2    2S1 2P2 4D1         (5)3(17.0)   116953.2*
   204     2    2S1 2P2 4D1         (3)1( 4.0)   116973.5*
   205     2    2S1 2P2 4D1         (5)1( 7.0)   116973.8*
   206     2    2S1 2P2 4P1         (5)0( 2.0)   117089.7*
   207     2    2S1 2P2 4F1         (5)2(12.0)   117090.1*
   208     2    2S1 2P2 4F1         (3)2( 7.0)   117090.4*
   209     2    2S1 2P2 4D1         (5)2(12.0)   117098.0*
   210     2    2S1 2P2 4D1         (3)3(10.0)   117102.8*
   211     2    2S1 2P2 4F1         (5)4(22.0)   117110.8*
   212     2    2S1 2P2 4F1         (3)4(13.0)   117111.9*
   213     2    2S1 2P2 4F1         (5)3(17.0)   117171.7*
   214     2    2S1 2P2 4F1         (3)3(10.0)   117173.0*
   215     2    2S1 2P2 4D1         (3)2( 7.0)   117275.4*
   216     2    2S1 2P2 5S1         (3)1( 4.0)   117574.7*
   217     2    2S1 2P2 5P1         (5)2(12.0)   117625.4*
   218     2    2S1 2P2 5P1         (5)1( 7.0)   117694.2*
   219     2    2S1 2P2 5P1         (3)0( 1.0)   117967.9*
   220     2    2S1 2P2 5P1         (3)2( 7.0)   118922.3*
   221     2    2S1 2P2 5P1         (3)1( 4.0)   119135.2*
   222     2    2S1 2P2 6S1         (5)1( 7.0)   119423.3*
   223     2    2S1 2P2 5P1         (5)0( 2.0)   119478.6*
   224     2    2S1 2P2 5D1         (5)3(17.0)   119499.4*
   225     2    2S1 2P2 5D1         (5)1( 7.0)   119516.2*
   226     2    2S1 2P2 5D1         (3)1( 4.0)   119516.2*
   227     2    2S1 2P2 5G1         (5)3(17.0)   119568.1*
   228     2    2S1 2P2 5G1         (3)3(10.0)   119568.1*
   229     2    2S1 2P2 5G1         (5)4(22.0)   119568.1*
   230     2    2S1 2P2 5G1         (3)4(13.0)   119568.1*
   231     2    2S1 2P2 5G1         (5)5(27.0)   119568.1*
   232     2    2S1 2P2 5G1         (3)5(16.0)   119568.1*
   233     2    2S1 2P2 5D1         (5)2(12.0)   119572.1*
   234     2    2S1 2P2 5F1         (5)2(12.0)   119577.1*
   235     2    2S1 2P2 5F1         (3)2( 7.0)   119577.3*
   236     2    2S1 2P2 5D1         (3)3(10.0)   119584.4*
   237     2    2S1 2P2 5F1         (5)4(22.0)   119587.6*
   238     2    2S1 2P2 5F1         (3)4(13.0)   119588.5*
   239     2    2S1 2P2 5F1         (5)3(17.0)   119618.6*
   240     2    2S1 2P2 5F1         (3)3(10.0)   119619.7*
   241     2    2S1 2P2 5D1         (3)2( 7.0)   119672.8*
   242     2    2S1 2P2 6S1         (3)1( 4.0)   119828.3*
   243     2    2S1 2P2 6P1         (5)2(12.0)   119860.5*
   244     2    2S1 2P2 6P1         (5)1( 7.0)   119897.2*
   245     2    2S1 2P2 6P1         (3)0( 1.0)   120044.1*
   246     2    2S1 2P2 6P1         (3)2( 7.0)   120556.2*
   247     2    2S1 2P2 6P1         (3)1( 4.0)   120670.2*
   248     2    2S1 2P2 7S1         (5)1( 7.0)   120838.7*
   249     2    2S1 2P2 6P1         (5)0( 2.0)   120843.1*
   250     2    2S1 2P2 6D1         (5)3(17.0)   120879.0*
   251     2    2S1 2P2 6D1         (5)1( 7.0)   120890.6*
   252     2    2S1 2P2 6D1         (3)1( 4.0)   120890.7*
   253     2    2S1 2P2 6D1         (5)2(12.0)   120920.6*
   254     2    2S1 2P2 6G1         (5)3(17.0)   120921.2*
   255     2    2S1 2P2 6G1         (3)3(10.0)   120921.2*
   256     2    2S1 2P2 6G1         (5)4(22.0)   120921.2*
   257     2    2S1 2P2 6G1         (3)4(13.0)   120921.2*
   258     2    2S1 2P2 6G1         (5)5(27.0)   120921.2*
   259     2    2S1 2P2 6G1         (3)5(16.0)   120921.2*
   260     2    2S1 2P2 6F1         (5)2(12.0)   120926.4*
   261     2    2S1 2P2 6F1         (3)2( 7.0)   120926.5*
   262     2    2S1 2P2 6H1         (5)4(22.0)   120929.1*
   263     2    2S1 2P2 6H1         (3)4(13.0)   120929.1*
   264     2    2S1 2P2 6H1         (5)5(27.0)   120929.1*
   265     2    2S1 2P2 6H1         (3)5(16.0)   120929.1*
   266     2    2S1 2P2 6H1         (5)6(32.0)   120929.1*
   267     2    2S1 2P2 6H1         (3)6(19.0)   120929.1*
   268     2    2S1 2P2 6D1         (3)3(10.0)   120930.7*
   269     2    2S1 2P2 6F1         (5)4(22.0)   120932.3*
   270     2    2S1 2P2 6F1         (3)4(13.0)   120933.0*
   271     2    2S1 2P2 6F1         (5)3(17.0)   120950.3*
   272     2    2S1 2P2 6F1         (3)3(10.0)   120951.1*
   273     2    2S1 2P2 6D1         (3)2( 7.0)   120981.9*
   274     2    2S1 2P2 7S1         (3)1( 4.0)   121072.8*
   275     2    2S1 2P2 7P1         (5)2(12.0)   121092.9*
   276     2    2S1 2P2 7P1         (5)1( 7.0)   121114.9*
   277     2    2S1 2P2 7P1         (3)0( 1.0)   121202.8*
   278     2    2S1 2P2 7P1         (3)2( 7.0)   121509.1*
   279     2    2S1 2P2 7P1         (3)1( 4.0)   121577.3*
   280     2    2S1 2P2 7P1         (5)0( 2.0)   121677.5*
   281     2    2S1 2P2 8S1         (5)1( 7.0)   121684.4*
   282     2    2S1 2P2 7D1         (5)3(17.0)   121708.5*
   283     2    2S1 2P2 7D1         (5)1( 7.0)   121716.5*
   284     2    2S1 2P2 7D1         (3)1( 4.0)   121716.6*
   285     2    2S1 2P2 7D1         (5)2(12.0)   121734.5*
   286     2    2S1 2P2 7G1         (5)3(17.0)   121735.9*
   287     2    2S1 2P2 7G1         (3)3(10.0)   121735.9*
   288     2    2S1 2P2 7G1         (5)4(22.0)   121735.9*
   289     2    2S1 2P2 7G1         (3)4(13.0)   121735.9*
   290     2    2S1 2P2 7G1         (5)5(27.0)   121735.9*
   291     2    2S1 2P2 7G1         (3)5(16.0)   121735.9*
   292     2    2S1 2P2 7F1         (5)2(12.0)   121739.2*
   293     2    2S1 2P2 7F1         (3)2( 7.0)   121739.3*
   294     2    2S1 2P2 7H1         (5)4(22.0)   121740.9*
   295     2    2S1 2P2 7H1         (3)4(13.0)   121740.9*
   296     2    2S1 2P2 7H1         (5)5(27.0)   121740.9*
   297     2    2S1 2P2 7H1         (3)5(16.0)   121740.9*
   298     2    2S1 2P2 7H1         (5)6(32.0)   121740.9*
   299     2    2S1 2P2 7H1         (3)6(19.0)   121740.9*
   300     2    2S1 2P2 7D1         (3)3(10.0)   121742.0*
   301     2    2S1 2P2 7F1         (5)4(22.0)   121742.9*
   302     2    2S1 2P2 7I1         (5)5(27.0)   121743.1*
   303     2    2S1 2P2 7I1         (3)5(16.0)   121743.1*
   304     2    2S1 2P2 7I1         (5)6(32.0)   121743.1*
   305     2    2S1 2P2 7I1         (3)6(19.0)   121743.1*
   306     2    2S1 2P2 7I1         (5)7(37.0)   121743.1*
   307     2    2S1 2P2 7I1         (3)7(22.0)   121743.1*
   308     2    2S1 2P2 7F1         (3)4(13.0)   121743.3*
   309     2    2S1 2P2 7F1         (5)3(17.0)   121754.2*
   310     2    2S1 2P2 7F1         (3)3(10.0)   121754.8*
   311     2    2S1 2P2 7D1         (3)2( 7.0)   121774.2*
   312     2    2S1 2P2 8S1         (3)1( 4.0)   121831.9*
   313     2    2S1 2P2 8P1         (5)2(12.0)   121844.9*
   314     2    2S1 2P2 8P1         (5)1( 7.0)   121859.0*
   315     2    2S1 2P2 8P1         (3)0( 1.0)   121915.8*
   316     2    2S1 2P2 8P1         (3)2( 7.0)   122113.6*
   317     2    2S1 2P2 8P1         (3)1( 4.0)   122157.6*
   318     2    2S1 2P2 8P1         (5)0( 2.0)   122221.1*
   319     2    2S1 2P2 8D1         (5)3(17.0)   122245.4*
   320     2    2S1 2P2 8D1         (5)1( 7.0)   122251.1*
   321     2    2S1 2P2 8D1         (3)1( 4.0)   122251.2*
   322     2    2S1 2P2 8D1         (5)2(12.0)   122262.8*
   323     2    2S1 2P2 8G1         (5)3(17.0)   122264.2*
   324     2    2S1 2P2 8G1         (3)3(10.0)   122264.2*
   325     2    2S1 2P2 8G1         (5)4(22.0)   122264.2*
   326     2    2S1 2P2 8G1         (3)4(13.0)   122264.2*
   327     2    2S1 2P2 8G1         (5)5(27.0)   122264.2*
   328     2    2S1 2P2 8G1         (3)5(16.0)   122264.2*
   329     2    2S1 2P2 8F1         (5)2(12.0)   122266.4*
   330     2    2S1 2P2 8F1         (3)2( 7.0)   122266.4*
   331     2    2S1 2P2 8H1         (5)4(22.0)   122267.5*
   332     2    2S1 2P2 8H1         (3)4(13.0)   122267.5*
   333     2    2S1 2P2 8H1         (5)5(27.0)   122267.5*
   334     2    2S1 2P2 8H1         (3)5(16.0)   122267.5*
   335     2    2S1 2P2 8H1         (5)6(32.0)   122267.5*
   336     2    2S1 2P2 8H1         (3)6(19.0)   122267.5*
   337     2    2S1 2P2 8D1         (3)3(10.0)   122268.3*
   338     2    2S1 2P2 8F1         (5)4(22.0)   122268.8*
   339     2    2S1 2P2 8I1         (5)5(27.0)   122269.0*
   340     2    2S1 2P2 8I1         (3)5(16.0)   122269.0*
   341     2    2S1 2P2 8I1         (5)6(32.0)   122269.0*
   342     2    2S1 2P2 8I1         (3)6(19.0)   122269.0*
   343     2    2S1 2P2 8I1         (5)7(37.0)   122269.0*
   344     2    2S1 2P2 8I1         (3)7(22.0)   122269.0*
   345     2    2S1 2P2 8F1         (3)4(13.0)   122269.2*
   346     2    2S1 2P2 8J1         (5)6(32.0)   122269.8*
   347     2    2S1 2P2 8J1         (3)6(19.0)   122269.8*
   348     2    2S1 2P2 8J1         (5)7(37.0)   122269.8*
   349     2    2S1 2P2 8J1         (3)7(22.0)   122269.8*
   350     2    2S1 2P2 8J1         (5)8(42.0)   122269.8*
   351     2    2S1 2P2 8J1         (3)8(25.0)   122269.8*
   352     2    2S1 2P2 8F1         (5)3(17.0)   122276.4*
   353     2    2S1 2P2 8F1         (3)3(10.0)   122276.8*
   354     2    2S1 2P2 8D1         (3)2( 7.0)   122289.9*

   N-SHELL INDEXING                                     NREP= 42
   ----------------
   IREP    N
   -----   -
     1     1
     2     2
     3     3
     4     4
     5     5
     6     6
     7     7
     8     8
     9     9
    10    10
    11    11
    12    12
    13    13
    14    14
    15    15
    16    16
    17    18
    18    20
    19    22
    20    25
    21    29
    22    35
    23    39
    24    45
    25    49
    26    55
    27    61
    28    70
    29    81
    30   100
    31   115
    32   140
    33   162
    34   200
    35   235
    36   300
    37   353
    38   450
    39   535
    40   700
    41   811
    42   999



 --------------------------------
 PRTI= 1  TRMPRT= (2P)  SPNPRT= 2

   INDX TE=  1.00E+01  2.00E+01  5.00E+01  1.00E+02  2.00E+02  5.00E+02  1.00E+03  2.00E+03  5.00E+03  1.00E+04
   ---- ---  2.00E+04  5.00E+04  1.00E+05  2.00E+05  5.00E+05  1.00E+06  2.00E+06  5.00E+06  1.00E+07
     1       6.51E-12  4.60E-12  2.91E-12  2.06E-12  1.46E-12  9.27E-13  6.60E-13  4.73E-13  3.11E-13  2.32E-13
             1.79E-13  1.32E-13  1.05E-13  7.88E-14  4.56E-14  2.59E-14  1.30E-14  4.46E-15  1.83E-15
     2       2.53E-12  1.79E-12  1.13E-12  8.01E-13  5.67E-13  3.61E-13  2.57E-13  1.85E-13  1.22E-13  9.26E-14
             7.30E-14  5.67E-14  4.72E-14  3.70E-14  2.24E-14  1.30E-14  6.63E-15  2.31E-15  9.55E-16
     3       3.38E-13  2.39E-13  1.51E-13  1.07E-13  7.58E-14  4.82E-14  3.45E-14  2.49E-14  1.67E-14  1.28E-14
             1.05E-14  8.75E-15  7.75E-15  6.43E-15  4.12E-15  2.46E-15  1.28E-15  4.52E-16  1.88E-16
     5       1.09E-14  7.70E-15  4.89E-15  3.49E-15  2.51E-15  1.67E-15  1.28E-15  1.04E-15  9.30E-16  9.66E-16
             1.07E-15  1.23E-15  1.32E-15  1.34E-15  1.24E-15  1.06E-15  8.02E-16  4.60E-16  2.62E-16
     6       2.97E-15  2.11E-15  1.34E-15  9.55E-16  6.87E-16  4.57E-16  3.51E-16  2.88E-16  2.61E-16  2.77E-16
             3.16E-16  3.78E-16  4.14E-16  4.30E-16  4.06E-16  3.48E-16  2.65E-16  1.52E-16  8.71E-17
     7       5.07E-14  3.58E-14  2.27E-14  1.61E-14  1.14E-14  7.32E-15  5.28E-15  3.89E-15  2.72E-15  2.18E-15
             1.80E-15  1.40E-15  1.11E-15  8.11E-16  4.59E-16  2.61E-16  1.32E-16  4.68E-17  1.95E-17
     8       2.40E-13  1.70E-13  1.08E-13  7.62E-14  5.41E-14  3.47E-14  2.51E-14  1.85E-14  1.30E-14  1.05E-14
             8.69E-15  6.82E-15  5.43E-15  4.00E-15  2.28E-15  1.30E-15  6.59E-16  2.33E-16  9.72E-17
     9       4.43E-14  3.13E-14  1.98E-14  1.41E-14  9.98E-15  6.40E-15  4.63E-15  3.42E-15  2.42E-15  1.96E-15
             1.65E-15  1.31E-15  1.06E-15  7.85E-16  4.49E-16  2.56E-16  1.31E-16  4.63E-17  1.93E-17
    11       3.45E-14  2.45E-14  1.55E-14  1.10E-14  7.86E-15  5.12E-15  3.79E-15  2.94E-15  2.36E-15  2.24E-15
             2.29E-15  2.35E-15  2.20E-15  1.82E-15  1.14E-15  6.80E-16  3.56E-16  1.29E-16  5.42E-17
    12       1.27E-14  8.96E-15  5.68E-15  4.04E-15  2.89E-15  1.89E-15  1.42E-15  1.12E-15  9.46E-16  9.57E-16
             1.05E-15  1.16E-15  1.13E-15  9.57E-16  6.12E-16  3.67E-16  1.93E-16  7.02E-17  2.97E-17
    13       5.50E-16  3.92E-16  2.53E-16  1.86E-16  1.41E-16  1.09E-16  1.04E-16  1.15E-16  1.62E-16  2.18E-16
             2.81E-16  3.52E-16  3.85E-16  3.94E-16  3.67E-16  3.12E-16  2.38E-16  1.37E-16  7.83E-17
    14       9.13E-14  6.45E-14  4.07E-14  2.87E-14  2.01E-14  1.24E-14  8.49E-15  5.63E-15  3.04E-15  1.76E-15
             9.40E-16  3.59E-16  1.59E-16  6.63E-17  1.95E-17  7.42E-18  2.76E-18  7.26E-19  2.61E-19
    15       2.67E-13  1.89E-13  1.19E-13  8.38E-14  5.88E-14  3.64E-14  2.49E-14  1.65E-14  8.93E-15  5.18E-15
             2.77E-15  1.06E-15  4.71E-16  1.96E-16  5.77E-17  2.20E-17  8.19E-18  2.16E-18  7.74E-19
    16       3.58E-13  2.53E-13  1.60E-13  1.12E-13  7.89E-14  4.88E-14  3.34E-14  2.22E-14  1.20E-14  7.01E-15
             3.76E-15  1.45E-15  6.43E-16  2.69E-16  7.92E-17  3.02E-17  1.13E-17  2.97E-18  1.07E-18
    17       1.61E-16  1.15E-16  7.43E-17  5.45E-17  4.14E-17  3.21E-17  3.07E-17  3.45E-17  4.93E-17  6.76E-17
             8.89E-17  1.14E-16  1.26E-16  1.30E-16  1.22E-16  1.04E-16  7.90E-17  4.56E-17  2.61E-17
    18       1.43E-13  1.01E-13  6.39E-14  4.50E-14  3.16E-14  1.96E-14  1.34E-14  8.94E-15  4.87E-15  2.85E-15
             1.54E-15  5.95E-16  2.66E-16  1.11E-16  3.29E-17  1.26E-17  4.69E-18  1.24E-18  4.45E-19
    19       1.11E-13  7.85E-14  4.96E-14  3.49E-14  2.45E-14  1.52E-14  1.04E-14  6.94E-15  3.78E-15  2.21E-15
             1.19E-15  4.62E-16  2.06E-16  8.65E-17  2.56E-17  9.78E-18  3.65E-18  9.61E-19  3.45E-19
    20       4.59E-14  3.24E-14  2.05E-14  1.44E-14  1.01E-14  6.28E-15  4.30E-15  2.87E-15  1.57E-15  9.22E-16
             4.98E-16  1.94E-16  8.66E-17  3.64E-17  1.08E-17  4.13E-18  1.54E-18  4.06E-19  1.46E-19
    21       1.06E-14  7.52E-15  4.76E-15  3.36E-15  2.38E-15  1.51E-15  1.08E-15  7.91E-16  5.63E-16  4.75E-16
             4.26E-16  3.72E-16  3.16E-16  2.45E-16  1.45E-16  8.40E-17  4.33E-17  1.55E-17  6.48E-18
    22       5.12E-14  3.62E-14  2.29E-14  1.62E-14  1.15E-14  7.28E-15  5.22E-15  3.82E-15  2.73E-15  2.32E-15
             2.09E-15  1.84E-15  1.57E-15  1.22E-15  7.22E-16  4.19E-16  2.16E-16  7.72E-17  3.23E-17
    23       9.64E-15  6.82E-15  4.31E-15  3.05E-15  2.16E-15  1.38E-15  9.87E-16  7.24E-16  5.23E-16  4.47E-16
             4.07E-16  3.62E-16  3.10E-16  2.42E-16  1.44E-16  8.35E-17  4.31E-17  1.54E-17  6.46E-18
    24       9.77E-16  6.92E-16  4.40E-16  3.14E-16  2.26E-16  1.50E-16  1.16E-16  9.68E-17  9.47E-17  1.12E-16
             1.43E-16  1.85E-16  1.94E-16  1.73E-16  1.15E-16  7.01E-17  3.73E-17  1.36E-17  5.78E-18
    25       1.28E-14  9.05E-15  5.73E-15  4.07E-15  2.90E-15  1.87E-15  1.38E-15  1.06E-15  8.64E-16  8.40E-16
             8.71E-16  8.87E-16  8.15E-16  6.63E-16  4.08E-16  2.40E-16  1.25E-16  4.50E-17  1.89E-17
    26       4.96E-18  3.52E-18  2.24E-18  1.60E-18  1.15E-18  7.67E-19  5.96E-19  5.12E-19  6.09E-19  1.19E-18
             3.75E-18  2.07E-17  6.32E-17  1.45E-16  2.74E-16  3.17E-16  2.86E-16  1.84E-16  1.09E-16
    27       5.59E-15  3.96E-15  2.51E-15  1.78E-15  1.27E-15  8.28E-16  6.16E-16  4.83E-16  4.08E-16  4.13E-16
             4.45E-16  4.69E-16  4.39E-16  3.61E-16  2.24E-16  1.32E-16  6.90E-17  2.49E-17  1.05E-17
    28       2.77E-18  2.18E-18  1.87E-18  2.08E-18  2.99E-18  6.62E-18  1.34E-17  2.64E-17  5.63E-17  8.68E-17
             1.18E-16  1.51E-16  1.65E-16  1.69E-16  1.57E-16  1.34E-16  1.02E-16  5.84E-17  3.34E-17
    29       5.57E-14  3.94E-14  2.48E-14  1.75E-14  1.23E-14  7.60E-15  5.19E-15  3.44E-15  1.86E-15  1.08E-15
             5.77E-16  2.21E-16  9.78E-17  4.08E-17  1.20E-17  4.56E-18  1.70E-18  4.46E-19  1.60E-19
    30       1.63E-13  1.15E-13  7.27E-14  5.12E-14  3.59E-14  2.22E-14  1.52E-14  1.01E-14  5.48E-15  3.18E-15
             1.70E-15  6.54E-16  2.90E-16  1.21E-16  3.56E-17  1.36E-17  5.05E-18  1.33E-18  4.77E-19
    31       2.23E-13  1.58E-13  9.96E-14  7.02E-14  4.93E-14  3.05E-14  2.09E-14  1.39E-14  7.54E-15  4.39E-15
             2.36E-15  9.06E-16  4.02E-16  1.68E-16  4.94E-17  1.89E-17  7.01E-18  1.85E-18  6.63E-19
    32       3.67E-14  2.59E-14  1.63E-14  1.14E-14  7.94E-15  4.78E-15  3.14E-15  1.96E-15  9.32E-16  4.76E-16
             2.21E-16  7.02E-17  2.75E-17  1.03E-17  2.71E-18  9.73E-19  3.47E-19  8.81E-20  3.12E-20
    33       1.10E-13  7.76E-14  4.88E-14  3.42E-14  2.38E-14  1.43E-14  9.43E-15  5.88E-15  2.79E-15  1.43E-15
             6.62E-16  2.11E-16  8.24E-17  3.09E-17  8.14E-18  2.92E-18  1.04E-18  2.64E-19  9.36E-20
    34       8.38E-19  6.59E-19  5.66E-19  6.31E-19  9.07E-19  2.02E-18  4.12E-18  8.22E-18  1.78E-17  2.79E-17
             3.84E-17  4.97E-17  5.45E-17  5.60E-17  5.21E-17  4.44E-17  3.38E-17  1.95E-17  1.11E-17
    35       1.38E-13  9.74E-14  6.12E-14  4.29E-14  2.99E-14  1.80E-14  1.18E-14  7.39E-15  3.52E-15  1.80E-15
             8.36E-16  2.67E-16  1.04E-16  3.91E-17  1.03E-17  3.70E-18  1.32E-18  3.35E-19  1.19E-19
    36       4.59E-14  3.24E-14  2.04E-14  1.43E-14  9.95E-15  6.00E-15  3.95E-15  2.46E-15  1.17E-15  6.00E-16
             2.79E-16  8.88E-17  3.47E-17  1.30E-17  3.43E-18  1.23E-18  4.39E-19  1.12E-19  3.95E-20
    37       9.06E-14  6.40E-14  4.04E-14  2.85E-14  2.00E-14  1.24E-14  8.50E-15  5.68E-15  3.10E-15  1.81E-15
             9.77E-16  3.78E-16  1.68E-16  7.04E-17  2.08E-17  7.93E-18  2.95E-18  7.78E-19  2.80E-19
    38       7.59E-14  5.36E-14  3.37E-14  2.36E-14  1.64E-14  9.91E-15  6.52E-15  4.07E-15  1.94E-15  9.94E-16
             4.62E-16  1.47E-16  5.76E-17  2.16E-17  5.70E-18  2.04E-18  7.28E-19  1.85E-19  6.56E-20
    39       2.53E-14  1.79E-14  1.12E-14  7.88E-15  5.48E-15  3.30E-15  2.17E-15  1.36E-15  6.47E-16  3.31E-16
             1.54E-16  4.91E-17  1.92E-17  7.21E-18  1.90E-18  6.81E-19  2.43E-19  6.17E-20  2.19E-20
    40       6.94E-14  4.91E-14  3.10E-14  2.18E-14  1.53E-14  9.51E-15  6.52E-15  4.36E-15  2.38E-15  1.40E-15
             7.53E-16  2.92E-16  1.30E-16  5.45E-17  1.61E-17  6.14E-18  2.29E-18  6.02E-19  2.16E-19
    41       2.90E-14  2.05E-14  1.30E-14  9.13E-15  6.42E-15  3.98E-15  2.73E-15  1.83E-15  1.00E-15  5.89E-16
             3.18E-16  1.24E-16  5.52E-17  2.31E-17  6.83E-18  2.61E-18  9.72E-19  2.56E-19  9.21E-20
    42       6.88E-16  4.87E-16  3.09E-16  2.20E-16  1.58E-16  1.04E-16  7.90E-17  6.44E-17  5.96E-17  6.56E-17
             7.62E-17  8.60E-17  8.29E-17  6.94E-17  4.37E-17  2.60E-17  1.36E-17  4.92E-18  2.07E-18
    43       4.94E-15  3.49E-15  2.20E-15  1.55E-15  1.09E-15  6.76E-16  4.71E-16  3.32E-16  2.27E-16  1.91E-16
             1.75E-16  1.59E-16  1.39E-16  1.09E-16  6.54E-17  3.82E-17  1.98E-17  7.08E-18  2.97E-18
    44       2.39E-14  1.69E-14  1.07E-14  7.51E-15  5.28E-15  3.29E-15  2.29E-15  1.62E-15  1.11E-15  9.40E-16
             8.65E-16  7.91E-16  6.90E-16  5.44E-16  3.27E-16  1.91E-16  9.87E-17  3.54E-17  1.49E-17
    45       4.57E-15  3.23E-15  2.04E-15  1.44E-15  1.01E-15  6.29E-16  4.39E-16  3.12E-16  2.16E-16  1.84E-16
             1.70E-16  1.57E-16  1.37E-16  1.08E-16  6.52E-17  3.81E-17  1.97E-17  7.07E-18  2.97E-18
    46       7.54E-15  5.32E-15  3.37E-15  2.38E-15  1.68E-15  1.07E-15  7.68E-16  5.71E-16  4.39E-16  4.14E-16
             4.23E-16  4.24E-16  3.85E-16  3.11E-16  1.91E-16  1.12E-16  5.83E-17  2.10E-17  8.81E-18
    47       3.53E-15  2.49E-15  1.58E-15  1.12E-15  7.92E-16  5.06E-16  3.67E-16  2.77E-16  2.20E-16  2.14E-16
             2.24E-16  2.29E-16  2.11E-16  1.71E-16  1.05E-16  6.20E-17  3.23E-17  1.16E-17  4.89E-18
    48       3.59E-17  2.47E-17  1.44E-17  8.84E-18  4.85E-18  2.55E-18  5.29E-18  1.24E-17  2.86E-17  4.51E-17
             6.19E-17  7.89E-17  8.58E-17  8.75E-17  8.12E-17  6.93E-17  5.27E-17  3.03E-17  1.73E-17
    49       3.33E-14  2.35E-14  1.48E-14  1.05E-14  7.34E-15  4.54E-15  3.10E-15  2.06E-15  1.11E-15  6.44E-16
             3.44E-16  1.32E-16  5.83E-17  2.43E-17  7.12E-18  2.71E-18  1.01E-18  2.65E-19  9.51E-20
    50       9.78E-14  6.90E-14  4.36E-14  3.07E-14  2.15E-14  1.33E-14  9.12E-15  6.06E-15  3.28E-15  1.91E-15
             1.02E-15  3.91E-16  1.73E-16  7.23E-17  2.12E-17  8.08E-18  3.00E-18  7.90E-19  2.84E-19
    51       1.35E-13  9.54E-14  6.02E-14  4.24E-14  2.98E-14  1.85E-14  1.26E-14  8.39E-15  4.55E-15  2.65E-15
             1.42E-15  5.45E-16  2.42E-16  1.01E-16  2.96E-17  1.13E-17  4.19E-18  1.10E-18  3.96E-19
    52       4.04E-14  2.85E-14  1.78E-14  1.24E-14  8.51E-15  4.95E-15  3.10E-15  1.80E-15  7.59E-16  3.51E-16
             1.49E-16  4.31E-17  1.61E-17  5.85E-18  1.51E-18  5.36E-19  1.90E-19  4.82E-20  1.70E-20
    53       1.35E-14  9.49E-15  5.94E-15  4.14E-15  2.84E-15  1.65E-15  1.03E-15  6.00E-16  2.53E-16  1.17E-16
             4.95E-17  1.44E-17  5.35E-18  1.95E-18  5.02E-19  1.79E-19  6.34E-20  1.61E-20  5.68E-21
    54       5.20E-14  3.66E-14  2.29E-14  1.60E-14  1.09E-14  6.37E-15  3.99E-15  2.32E-15  9.75E-16  4.51E-16
             1.91E-16  5.54E-17  2.07E-17  7.52E-18  1.94E-18  6.89E-19  2.44E-19  6.19E-20  2.19E-20
    55       1.73E-14  1.22E-14  7.64E-15  5.32E-15  3.65E-15  2.12E-15  1.33E-15  7.72E-16  3.25E-16  1.50E-16
             6.37E-17  1.85E-17  6.88E-18  2.51E-18  6.46E-19  2.30E-19  8.15E-20  2.06E-20  7.31E-21
    56       6.35E-14  4.47E-14  2.80E-14  1.95E-14  1.34E-14  7.78E-15  4.87E-15  2.83E-15  1.19E-15  5.51E-16
             2.33E-16  6.77E-17  2.52E-17  9.19E-18  2.37E-18  8.42E-19  2.99E-19  7.57E-20  2.68E-20
    57       2.12E-14  1.49E-14  9.34E-15  6.50E-15  4.46E-15  2.59E-15  1.62E-15  9.43E-16  3.97E-16  1.84E-16
             7.78E-17  2.26E-17  8.41E-18  3.06E-18  7.89E-19  2.81E-19  9.96E-20  2.52E-20  8.93E-21
    58       3.22E-14  2.27E-14  1.43E-14  1.00E-14  6.96E-15  4.20E-15  2.76E-15  1.72E-15  8.17E-16  4.17E-16
             1.93E-16  6.15E-17  2.40E-17  9.01E-18  2.37E-18  8.51E-19  3.03E-19  7.71E-20  2.73E-20
    59       9.66E-14  6.81E-14  4.28E-14  3.00E-14  2.09E-14  1.26E-14  8.28E-15  5.16E-15  2.45E-15  1.25E-15
             5.80E-16  1.84E-16  7.21E-17  2.70E-17  7.12E-18  2.55E-18  9.10E-19  2.31E-19  8.19E-20
    60       1.11E-17  7.62E-18  4.43E-18  2.73E-18  1.50E-18  7.94E-19  1.67E-18  3.94E-18  9.24E-18  1.47E-17
             2.03E-17  2.61E-17  2.85E-17  2.91E-17  2.70E-17  2.31E-17  1.76E-17  1.01E-17  5.77E-18
    61       1.22E-13  8.58E-14  5.40E-14  3.79E-14  2.63E-14  1.59E-14  1.05E-14  6.52E-15  3.11E-15  1.59E-15
             7.36E-16  2.34E-16  9.17E-17  3.44E-17  9.06E-18  3.25E-18  1.16E-18  2.94E-19  1.04E-19
    62       4.05E-14  2.86E-14  1.80E-14  1.26E-14  8.77E-15  5.29E-15  3.48E-15  2.17E-15  1.03E-15  5.29E-16
             2.45E-16  7.81E-17  3.05E-17  1.15E-17  3.02E-18  1.08E-18  3.86E-19  9.81E-20  3.47E-20
    63       5.54E-14  3.91E-14  2.47E-14  1.74E-14  1.22E-14  7.58E-15  5.20E-15  3.47E-15  1.89E-15  1.11E-15
             5.94E-16  2.29E-16  1.02E-16  4.26E-17  1.25E-17  4.77E-18  1.77E-18  4.67E-19  1.68E-19
    64       6.71E-14  4.73E-14  2.98E-14  2.09E-14  1.45E-14  8.77E-15  5.77E-15  3.60E-15  1.72E-15  8.78E-16
             4.07E-16  1.30E-16  5.07E-17  1.90E-17  5.01E-18  1.80E-18  6.41E-19  1.63E-19  5.77E-20
    65       2.24E-14  1.58E-14  9.93E-15  6.96E-15  4.84E-15  2.92E-15  1.92E-15  1.20E-15  5.72E-16  2.92E-16
             1.36E-16  4.32E-17  1.69E-17  6.34E-18  1.67E-18  5.99E-19  2.14E-19  5.43E-20  1.92E-20
    66       4.23E-14  2.99E-14  1.89E-14  1.33E-14  9.35E-15  5.80E-15  3.98E-15  2.66E-15  1.45E-15  8.51E-16
             4.58E-16  1.77E-16  7.88E-17  3.29E-17  9.69E-18  3.69E-18  1.37E-18  3.62E-19  1.30E-19
    67       1.78E-14  1.26E-14  7.95E-15  5.60E-15  3.94E-15  2.45E-15  1.68E-15  1.12E-15  6.16E-16  3.61E-16
             1.95E-16  7.53E-17  3.35E-17  1.40E-17  4.13E-18  1.58E-18  5.86E-19  1.54E-19  5.54E-20
    68       5.05E-16  3.57E-16  2.26E-16  1.61E-16  1.14E-16  7.40E-17  5.47E-17  4.26E-17  3.63E-17  3.75E-17
             4.11E-17  4.38E-17  4.09E-17  3.36E-17  2.08E-17  1.23E-17  6.41E-18  2.31E-18  9.73E-19
    69       3.02E-15  2.13E-15  1.34E-15  9.41E-16  6.56E-16  4.00E-16  2.72E-16  1.85E-16  1.20E-16  9.93E-17
             9.11E-17  8.40E-17  7.39E-17  5.85E-17  3.52E-17  2.06E-17  1.07E-17  3.83E-18  1.61E-18
    70       1.47E-14  1.04E-14  6.54E-15  4.59E-15  3.20E-15  1.95E-15  1.33E-15  9.07E-16  5.93E-16  4.91E-16
             4.52E-16  4.19E-16  3.69E-16  2.92E-16  1.76E-16  1.03E-16  5.34E-17  1.92E-17  8.05E-18
    71       2.84E-15  2.00E-15  1.26E-15  8.85E-16  6.17E-16  3.77E-16  2.57E-16  1.76E-16  1.16E-16  9.66E-17
             8.95E-17  8.33E-17  7.35E-17  5.83E-17  3.52E-17  2.06E-17  1.07E-17  3.83E-18  1.61E-18
    72       5.28E-15  3.73E-15  2.36E-15  1.66E-15  1.17E-15  7.28E-16  5.10E-16  3.65E-16  2.63E-16  2.39E-16
             2.38E-16  2.35E-16  2.12E-16  1.71E-16  1.04E-16  6.11E-17  3.17E-17  1.14E-17  4.80E-18
    73       2.57E-15  1.81E-15  1.15E-15  8.08E-16  5.69E-16  3.58E-16  2.53E-16  1.83E-16  1.36E-16  1.26E-16
             1.28E-16  1.28E-16  1.17E-16  9.42E-17  5.76E-17  3.39E-17  1.76E-17  6.33E-18  2.66E-18
    74       7.99E-17  5.54E-17  3.31E-17  2.13E-17  1.27E-17  5.24E-18  3.40E-18  6.15E-18  1.62E-17  2.64E-17
             3.65E-17  4.64E-17  5.04E-17  5.13E-17  4.72E-17  4.01E-17  3.04E-17  1.75E-17  1.00E-17
    75       2.11E-14  1.49E-14  9.40E-15  6.62E-15  4.65E-15  2.87E-15  1.96E-15  1.30E-15  7.00E-16  4.05E-16
             2.16E-16  8.25E-17  3.65E-17  1.52E-17  4.46E-18  1.70E-18  6.31E-19  1.66E-19  5.96E-20
    76       6.21E-14  4.38E-14  2.77E-14  1.95E-14  1.37E-14  8.46E-15  5.78E-15  3.84E-15  2.08E-15  1.20E-15
             6.42E-16  2.46E-16  1.09E-16  4.53E-17  1.33E-17  5.07E-18  1.89E-18  4.96E-19  1.78E-19
    77       8.61E-14  6.08E-14  3.84E-14  2.70E-14  1.90E-14  1.18E-14  8.03E-15  5.34E-15  2.89E-15  1.68E-15
             8.96E-16  3.43E-16  1.52E-16  6.33E-17  1.86E-17  7.08E-18  2.63E-18  6.93E-19  2.49E-19
    78       4.60E-14  3.24E-14  2.03E-14  1.41E-14  9.70E-15  5.64E-15  3.53E-15  2.05E-15  8.64E-16  4.00E-16
             1.69E-16  4.90E-17  1.83E-17  6.65E-18  1.71E-18  6.09E-19  2.16E-19  5.48E-20  1.94E-20
    79       1.53E-14  1.08E-14  6.77E-15  4.71E-15  3.23E-15  1.88E-15  1.18E-15  6.84E-16  2.88E-16  1.33E-16
             5.64E-17  1.63E-17  6.09E-18  2.22E-18  5.71E-19  2.03E-19  7.20E-20  1.83E-20  6.46E-21
    80       5.92E-14  4.17E-14  2.61E-14  1.82E-14  1.25E-14  7.25E-15  4.54E-15  2.64E-15  1.11E-15  5.14E-16
             2.17E-16  6.30E-17  2.35E-17  8.55E-18  2.20E-18  7.83E-19  2.78E-19  7.04E-20  2.49E-20
    81       1.97E-14  1.39E-14  8.70E-15  6.06E-15  4.16E-15  2.42E-15  1.51E-15  8.80E-16  3.70E-16  1.71E-16
             7.25E-17  2.10E-17  7.83E-18  2.85E-18  7.34E-19  2.61E-19  9.26E-20  2.35E-20  8.31E-21
    82       7.23E-14  5.10E-14  3.19E-14  2.22E-14  1.52E-14  8.86E-15  5.55E-15  3.23E-15  1.36E-15  6.28E-16
             2.66E-16  7.70E-17  2.87E-17  1.04E-17  2.69E-18  9.58E-19  3.40E-19  8.61E-20  3.05E-20
    83       2.41E-14  1.70E-14  1.06E-14  7.41E-15  5.08E-15  2.95E-15  1.85E-15  1.08E-15  4.53E-16  2.09E-16
             8.86E-17  2.57E-17  9.57E-18  3.48E-18  8.97E-19  3.19E-19  1.13E-19  2.87E-20  1.02E-20
    84       2.39E-14  1.69E-14  1.06E-14  7.45E-15  5.18E-15  3.12E-15  2.05E-15  1.28E-15  6.06E-16  3.09E-16
             1.43E-16  4.54E-17  1.77E-17  6.64E-18  1.75E-18  6.27E-19  2.23E-19  5.68E-20  2.01E-20
    85       7.18E-14  5.07E-14  3.19E-14  2.24E-14  1.55E-14  9.37E-15  6.15E-15  3.83E-15  1.82E-15  9.27E-16
             4.29E-16  1.36E-16  5.32E-17  1.99E-17  5.24E-18  1.88E-18  6.70E-19  1.70E-19  6.03E-20
    86       2.09E-14  1.47E-14  9.16E-15  6.31E-15  4.25E-15  2.36E-15  1.40E-15  7.54E-16  2.85E-16  1.22E-16
             4.86E-17  1.34E-17  4.87E-18  1.75E-18  4.47E-19  1.58E-19  5.61E-20  1.42E-20  5.03E-21
    87       6.98E-15  4.91E-15  3.05E-15  2.10E-15  1.42E-15  7.87E-16  4.66E-16  2.51E-16  9.49E-17  4.06E-17
             1.62E-17  4.45E-18  1.62E-18  5.83E-19  1.49E-19  5.28E-20  1.87E-20  4.74E-21  1.68E-21
    88       2.56E-14  1.80E-14  1.12E-14  7.72E-15  5.20E-15  2.89E-15  1.71E-15  9.22E-16  3.48E-16  1.49E-16
             5.93E-17  1.63E-17  5.95E-18  2.14E-18  5.46E-19  1.94E-19  6.86E-20  1.74E-20  6.14E-21
    89       8.53E-15  6.00E-15  3.73E-15  2.57E-15  1.73E-15  9.62E-16  5.69E-16  3.07E-16  1.16E-16  4.97E-17
             1.98E-17  5.44E-18  1.98E-18  7.12E-19  1.82E-19  6.46E-20  2.29E-20  5.79E-21  2.05E-21
    90       3.02E-14  2.13E-14  1.32E-14  9.12E-15  6.14E-15  3.41E-15  2.02E-15  1.09E-15  4.11E-16  1.76E-16
             7.01E-17  1.93E-17  7.03E-18  2.53E-18  6.45E-19  2.29E-19  8.11E-20  2.05E-20  7.26E-21
    91       1.01E-14  7.09E-15  4.41E-15  3.04E-15  2.05E-15  1.14E-15  6.73E-16  3.63E-16  1.37E-16  5.87E-17
             2.34E-17  6.43E-18  2.34E-18  8.42E-19  2.15E-19  7.63E-20  2.70E-20  6.84E-21  2.42E-21
    92       2.50E-17  1.73E-17  1.04E-17  6.68E-18  3.96E-18  1.64E-18  1.08E-18  1.98E-18  5.29E-18  8.68E-18
             1.20E-17  1.54E-17  1.68E-17  1.71E-17  1.57E-17  1.33E-17  1.01E-17  5.84E-18  3.34E-18
    93       9.08E-14  6.41E-14  4.03E-14  2.83E-14  1.97E-14  1.19E-14  7.80E-15  4.86E-15  2.31E-15  1.18E-15
             5.46E-16  1.74E-16  6.78E-17  2.54E-17  6.69E-18  2.40E-18  8.55E-19  2.17E-19  7.70E-20
    94       3.03E-14  2.14E-14  1.34E-14  9.42E-15  6.55E-15  3.95E-15  2.60E-15  1.62E-15  7.70E-16  3.93E-16
             1.82E-16  5.79E-17  2.26E-17  8.47E-18  2.23E-18  8.00E-19  2.85E-19  7.25E-20  2.57E-20
    95       3.55E-14  2.51E-14  1.58E-14  1.12E-14  7.84E-15  4.86E-15  3.33E-15  2.22E-15  1.21E-15  7.04E-16
             3.78E-16  1.45E-16  6.44E-17  2.69E-17  7.89E-18  3.01E-18  1.12E-18  2.95E-19  1.06E-19
    96       5.02E-14  3.54E-14  2.23E-14  1.56E-14  1.09E-14  6.55E-15  4.31E-15  2.69E-15  1.28E-15  6.53E-16
             3.03E-16  9.62E-17  3.76E-17  1.41E-17  3.71E-18  1.33E-18  4.74E-19  1.20E-19  4.27E-20
    97       1.67E-14  1.18E-14  7.42E-15  5.20E-15  3.62E-15  2.18E-15  1.44E-15  8.96E-16  4.26E-16  2.18E-16
             1.01E-16  3.21E-17  1.25E-17  4.69E-18  1.24E-18  4.43E-19  1.58E-19  4.01E-20  1.42E-20
    98       2.72E-14  1.92E-14  1.21E-14  8.55E-15  6.01E-15  3.73E-15  2.56E-15  1.71E-15  9.31E-16  5.43E-16
             2.92E-16  1.12E-16  4.98E-17  2.08E-17  6.12E-18  2.33E-18  8.68E-19  2.28E-19  8.20E-20
    99       1.15E-14  8.12E-15  5.12E-15  3.61E-15  2.54E-15  1.58E-15  1.08E-15  7.24E-16  3.95E-16  2.31E-16
             1.24E-16  4.79E-17  2.13E-17  8.88E-18  2.61E-18  9.96E-19  3.71E-19  9.75E-20  3.50E-20
   100       3.97E-16  2.81E-16  1.78E-16  1.26E-16  8.90E-17  5.66E-17  4.07E-17  3.04E-17  2.38E-17  2.31E-17
             2.43E-17  2.50E-17  2.30E-17  1.86E-17  1.14E-17  6.74E-18  3.51E-18  1.26E-18  5.31E-19
   101       2.08E-15  1.47E-15  9.22E-16  6.44E-16  4.46E-16  2.67E-16  1.78E-16  1.18E-16  7.35E-17  5.93E-17
             5.40E-17  5.00E-17  4.41E-17  3.50E-17  2.11E-17  1.23E-17  6.39E-18  2.29E-18  9.63E-19
   102       1.02E-14  7.19E-15  4.51E-15  3.15E-15  2.18E-15  1.31E-15  8.73E-16  5.79E-16  3.63E-16  2.94E-16
             2.69E-16  2.49E-16  2.20E-16  1.75E-16  1.06E-16  6.17E-17  3.19E-17  1.15E-17  4.81E-18
   103       1.97E-15  1.39E-15  8.74E-16  6.11E-16  4.24E-16  2.55E-16  1.70E-16  1.13E-16  7.14E-17  5.81E-17
             5.33E-17  4.97E-17  4.39E-17  3.49E-17  2.11E-17  1.23E-17  6.39E-18  2.29E-18  9.62E-19
   104       3.98E-15  2.81E-15  1.77E-15  1.24E-15  8.68E-16  5.34E-16  3.66E-16  2.54E-16  1.73E-16  1.51E-16
             1.47E-16  1.43E-16  1.29E-16  1.03E-16  6.27E-17  3.68E-17  1.91E-17  6.85E-18  2.88E-18
   105       1.98E-15  1.40E-15  8.81E-16  6.20E-16  4.34E-16  2.69E-16  1.86E-16  1.30E-16  9.12E-17  8.11E-17
             8.00E-17  7.86E-17  7.10E-17  5.71E-17  3.48E-17  2.04E-17  1.06E-17  3.80E-18  1.60E-18
   106       1.41E-14  9.99E-15  6.30E-15  4.44E-15  3.11E-15  1.92E-15  1.31E-15  8.66E-16  4.66E-16  2.69E-16
             1.43E-16  5.47E-17  2.42E-17  1.00E-17  2.94E-18  1.12E-18  4.14E-19  1.09E-19  3.90E-20
   107       1.00E-16  6.97E-17  4.19E-17  2.72E-17  1.64E-17  6.98E-18  3.78E-18  4.86E-18  1.11E-17  1.74E-17
             2.35E-17  2.96E-17  3.20E-17  3.24E-17  2.99E-17  2.56E-17  1.95E-17  1.12E-17  6.38E-18
   108       4.17E-14  2.95E-14  1.86E-14  1.31E-14  9.18E-15  5.68E-15  3.87E-15  2.57E-15  1.38E-15  8.01E-16
             4.27E-16  1.63E-16  7.22E-17  3.00E-17  8.78E-18  3.34E-18  1.24E-18  3.25E-19  1.17E-19
   109       5.80E-14  4.10E-14  2.58E-14  1.82E-14  1.28E-14  7.90E-15  5.40E-15  3.58E-15  1.93E-15  1.12E-15
             5.96E-16  2.28E-16  1.01E-16  4.19E-17  1.23E-17  4.66E-18  1.73E-18  4.55E-19  1.63E-19
   110       4.05E-14  2.85E-14  1.79E-14  1.24E-14  8.53E-15  4.96E-15  3.11E-15  1.80E-15  7.58E-16  3.50E-16
             1.48E-16  4.29E-17  1.60E-17  5.82E-18  1.50E-18  5.34E-19  1.89E-19  4.80E-20  1.70E-20
   111       1.35E-14  9.51E-15  5.96E-15  4.15E-15  2.84E-15  1.65E-15  1.04E-15  6.01E-16  2.53E-16  1.17E-16
             4.94E-17  1.43E-17  5.33E-18  1.94E-18  5.00E-19  1.78E-19  6.31E-20  1.60E-20  5.66E-21
   112       5.20E-14  3.67E-14  2.30E-14  1.60E-14  1.10E-14  6.38E-15  3.99E-15  2.32E-15  9.75E-16  4.50E-16
             1.90E-16  5.52E-17  2.06E-17  7.48E-18  1.93E-18  6.86E-19  2.43E-19  6.17E-20  2.18E-20
   113       1.73E-14  1.22E-14  7.66E-15  5.33E-15  3.66E-15  2.13E-15  1.33E-15  7.73E-16  3.25E-16  1.50E-16
             6.35E-17  1.84E-17  6.86E-18  2.49E-18  6.43E-19  2.29E-19  8.11E-20  2.06E-20  7.27E-21
   114       6.36E-14  4.48E-14  2.81E-14  1.95E-14  1.34E-14  7.80E-15  4.88E-15  2.83E-15  1.19E-15  5.51E-16
             2.33E-16  6.74E-17  2.51E-17  9.15E-18  2.36E-18  8.38E-19  2.97E-19  7.54E-20  2.67E-20
   115       2.12E-14  1.49E-14  9.36E-15  6.51E-15  4.47E-15  2.60E-15  1.63E-15  9.45E-16  3.97E-16  1.84E-16
             7.76E-17  2.25E-17  8.38E-18  3.05E-18  7.86E-19  2.79E-19  9.91E-20  2.51E-20  8.89E-21
   116       1.75E-14  1.24E-14  7.78E-15  5.45E-15  3.79E-15  2.28E-15  1.50E-15  9.31E-16  4.41E-16  2.24E-16
             1.04E-16  3.29E-17  1.28E-17  4.81E-18  1.27E-18  4.54E-19  1.62E-19  4.11E-20  1.46E-20
   117       5.26E-14  3.71E-14  2.33E-14  1.64E-14  1.14E-14  6.85E-15  4.49E-15  2.79E-15  1.32E-15  6.73E-16
             3.11E-16  9.86E-17  3.85E-17  1.44E-17  3.80E-18  1.36E-18  4.85E-19  1.23E-19  4.37E-20
   118       2.93E-14  2.06E-14  1.28E-14  8.85E-15  5.96E-15  3.31E-15  1.96E-15  1.06E-15  3.99E-16  1.71E-16
             6.80E-17  1.87E-17  6.81E-18  2.45E-18  6.25E-19  2.22E-19  7.86E-20  1.99E-20  7.04E-21
   119       9.78E-15  6.88E-15  4.28E-15  2.95E-15  1.99E-15  1.10E-15  6.53E-16  3.52E-16  1.33E-16  5.69E-17
             2.27E-17  6.23E-18  2.27E-18  8.16E-19  2.08E-19  7.39E-20  2.62E-20  6.63E-21  2.35E-21
   120       3.59E-14  2.52E-14  1.57E-14  1.08E-14  7.29E-15  4.05E-15  2.40E-15  1.29E-15  4.87E-16  2.09E-16
             8.31E-17  2.28E-17  8.33E-18  2.99E-18  7.64E-19  2.71E-19  9.60E-20  2.43E-20  8.60E-21
   121       1.20E-14  8.41E-15  5.23E-15  3.61E-15  2.43E-15  1.35E-15  7.99E-16  4.31E-16  1.62E-16  6.96E-17
             2.77E-17  7.62E-18  2.78E-18  9.97E-19  2.55E-19  9.04E-20  3.20E-20  8.11E-21  2.87E-21
   122       4.24E-14  2.98E-14  1.86E-14  1.28E-14  8.61E-15  4.78E-15  2.83E-15  1.53E-15  5.76E-16  2.47E-16
             9.82E-17  2.70E-17  9.84E-18  3.54E-18  9.03E-19  3.20E-19  1.13E-19  2.87E-20  1.02E-20
   123       1.41E-14  9.93E-15  6.18E-15  4.26E-15  2.87E-15  1.59E-15  9.44E-16  5.09E-16  1.92E-16  8.22E-17
             3.27E-17  9.00E-18  3.28E-18  1.18E-18  3.01E-19  1.07E-19  3.78E-20  9.58E-21  3.39E-21
   124       1.08E-14  7.58E-15  4.68E-15  3.18E-15  2.09E-15  1.10E-15  6.15E-16  3.09E-16  1.06E-16  4.31E-17
             1.65E-17  4.41E-18  1.59E-18  5.67E-19  1.44E-19  5.11E-20  1.81E-20  4.57E-21  1.62E-21
   125       3.60E-15  2.53E-15  1.56E-15  1.06E-15  6.98E-16  3.67E-16  2.05E-16  1.03E-16  3.55E-17  1.44E-17
             5.51E-18  1.47E-18  5.29E-19  1.89E-19  4.81E-20  1.70E-20  6.02E-21  1.52E-21  5.39E-22
   126       1.28E-14  8.96E-15  5.53E-15  3.76E-15  2.47E-15  1.30E-15  7.26E-16  3.65E-16  1.26E-16  5.10E-17
             1.95E-17  5.21E-18  1.88E-18  6.70E-19  1.70E-19  6.04E-20  2.14E-20  5.41E-21  1.91E-21
   127       4.26E-15  2.99E-15  1.84E-15  1.25E-15  8.25E-16  4.34E-16  2.42E-16  1.22E-16  4.19E-17  1.70E-17
             6.51E-18  1.74E-18  6.25E-19  2.23E-19  5.68E-20  2.01E-20  7.12E-21  1.80E-21  6.37E-22
   128       1.47E-14  1.03E-14  6.38E-15  4.34E-15  2.86E-15  1.50E-15  8.38E-16  4.21E-16  1.45E-16  5.88E-17
             2.25E-17  6.01E-18  2.16E-18  7.73E-19  1.97E-19  6.96E-20  2.46E-20  6.24E-21  2.21E-21
   129       4.92E-15  3.45E-15  2.13E-15  1.45E-15  9.52E-16  5.01E-16  2.79E-16  1.40E-16  4.84E-17  1.96E-17
             7.51E-18  2.00E-18  7.21E-19  2.58E-19  6.55E-20  2.32E-20  8.21E-21  2.08E-21  7.35E-22
   130       6.66E-14  4.70E-14  2.96E-14  2.07E-14  1.44E-14  8.69E-15  5.71E-15  3.55E-15  1.69E-15  8.59E-16
             3.97E-16  1.26E-16  4.92E-17  1.84E-17  4.85E-18  1.74E-18  6.20E-19  1.58E-19  5.58E-20
   131       3.16E-17  2.20E-17  1.32E-17  8.60E-18  5.18E-18  2.21E-18  1.20E-18  1.57E-18  3.65E-18  5.73E-18
             7.78E-18  9.83E-18  1.06E-17  1.08E-17  9.97E-18  8.52E-18  6.51E-18  3.74E-18  2.13E-18
   132       2.40E-14  1.70E-14  1.07E-14  7.56E-15  5.31E-15  3.29E-15  2.25E-15  1.50E-15  8.12E-16  4.72E-16
             2.52E-16  9.67E-17  4.28E-17  1.78E-17  5.22E-18  1.99E-18  7.37E-19  1.94E-19  6.96E-20
   133       2.22E-14  1.57E-14  9.86E-15  6.91E-15  4.80E-15  2.90E-15  1.90E-15  1.18E-15  5.61E-16  2.86E-16
             1.32E-16  4.20E-17  1.64E-17  6.14E-18  1.62E-18  5.80E-19  2.07E-19  5.25E-20  1.86E-20
   134       3.68E-14  2.60E-14  1.64E-14  1.15E-14  7.97E-15  4.81E-15  3.16E-15  1.97E-15  9.33E-16  4.76E-16
             2.20E-16  6.99E-17  2.73E-17  1.02E-17  2.69E-18  9.65E-19  3.44E-19  8.74E-20  3.10E-20
   135       1.23E-14  8.66E-15  5.45E-15  3.82E-15  2.66E-15  1.60E-15  1.05E-15  6.56E-16  3.11E-16  1.58E-16
             7.33E-17  2.33E-17  9.09E-18  3.41E-18  8.97E-19  3.22E-19  1.15E-19  2.91E-20  1.03E-20
   136       3.21E-16  2.27E-16  1.43E-16  1.01E-16  7.12E-17  4.46E-17  3.14E-17  2.26E-17  1.65E-17  1.52E-17
             1.54E-17  1.54E-17  1.41E-17  1.13E-17  6.93E-18  4.07E-18  2.11E-18  7.59E-19  3.19E-19
   137       1.84E-14  1.30E-14  8.22E-15  5.79E-15  4.07E-15  2.53E-15  1.73E-15  1.15E-15  6.26E-16  3.64E-16
             1.95E-16  7.49E-17  3.32E-17  1.38E-17  4.05E-18  1.54E-18  5.72E-19  1.50E-19  5.40E-20
   138       7.80E-15  5.51E-15  3.48E-15  2.45E-15  1.72E-15  1.07E-15  7.34E-16  4.90E-16  2.67E-16  1.55E-16
             8.33E-17  3.20E-17  1.42E-17  5.91E-18  1.73E-18  6.59E-19  2.45E-19  6.43E-20  2.31E-20
   139       1.53E-15  1.08E-15  6.75E-16  4.70E-16  3.23E-16  1.91E-16  1.25E-16  8.08E-17  4.88E-17  3.86E-17
             3.49E-17  3.22E-17  2.85E-17  2.27E-17  1.37E-17  8.07E-18  4.19E-18  1.50E-18  6.32E-19
   140       7.50E-15  5.29E-15  3.31E-15  2.31E-15  1.59E-15  9.40E-16  6.15E-16  3.99E-16  2.41E-16  1.92E-16
             1.74E-16  1.61E-16  1.42E-16  1.13E-16  6.87E-17  4.03E-17  2.09E-17  7.52E-18  3.16E-18
   141       1.46E-15  1.03E-15  6.45E-16  4.49E-16  3.09E-16  1.83E-16  1.20E-16  7.82E-17  4.76E-17  3.80E-17
             3.45E-17  3.21E-17  2.84E-17  2.26E-17  1.37E-17  8.06E-18  4.19E-18  1.50E-18  6.32E-19
   142       3.11E-15  2.20E-15  1.38E-15  9.67E-16  6.72E-16  4.07E-16  2.74E-16  1.85E-16  1.21E-16  1.02E-16
             9.74E-17  9.36E-17  8.39E-17  6.72E-17  4.10E-17  2.41E-17  1.25E-17  4.50E-18  1.89E-18
   143       1.57E-15  1.11E-15  6.99E-16  4.91E-16  3.42E-16  2.09E-16  1.42E-16  9.67E-17  6.43E-17  5.52E-17
             5.32E-17  5.16E-17  4.64E-17  3.72E-17  2.27E-17  1.34E-17  6.95E-18  2.50E-18  1.05E-18
   144       9.95E-15  7.03E-15  4.43E-15  3.12E-15  2.19E-15  1.35E-15  9.17E-16  6.05E-16  3.25E-16  1.87E-16
             9.94E-17  3.79E-17  1.67E-17  6.95E-18  2.04E-18  7.77E-19  2.89E-19  7.61E-20  2.73E-20
   145       2.94E-14  2.08E-14  1.31E-14  9.22E-15  6.46E-15  3.99E-15  2.72E-15  1.80E-15  9.66E-16  5.58E-16
             2.97E-16  1.13E-16  5.00E-17  2.08E-17  6.10E-18  2.33E-18  8.65E-19  2.28E-19  8.18E-20
   146       4.09E-14  2.89E-14  1.82E-14  1.28E-14  9.00E-15  5.56E-15  3.79E-15  2.51E-15  1.35E-15  7.79E-16
             4.15E-16  1.58E-16  6.99E-17  2.91E-17  8.53E-18  3.25E-18  1.21E-18  3.19E-19  1.14E-19
   147       3.32E-14  2.34E-14  1.46E-14  1.02E-14  6.99E-15  4.06E-15  2.54E-15  1.47E-15  6.19E-16  2.86E-16
             1.21E-16  3.50E-17  1.30E-17  4.74E-18  1.22E-18  4.35E-19  1.54E-19  3.91E-20  1.38E-20
   148       1.11E-14  7.80E-15  4.88E-15  3.40E-15  2.33E-15  1.35E-15  8.48E-16  4.91E-16  2.06E-16  9.53E-17
             4.03E-17  1.17E-17  4.35E-18  1.58E-18  4.07E-19  1.45E-19  5.14E-20  1.30E-20  4.61E-21
   149       4.27E-14  3.01E-14  1.88E-14  1.31E-14  8.99E-15  5.23E-15  3.27E-15  1.90E-15  7.96E-16  3.68E-16
             1.55E-16  4.50E-17  1.68E-17  6.10E-18  1.57E-18  5.59E-19  1.98E-19  5.02E-20  1.78E-20
   150       1.42E-14  1.00E-14  6.28E-15  4.37E-15  3.00E-15  1.74E-15  1.09E-15  6.32E-16  2.65E-16  1.23E-16
             5.18E-17  1.50E-17  5.59E-18  2.03E-18  5.24E-19  1.86E-19  6.61E-20  1.67E-20  5.93E-21
   151       5.22E-14  3.68E-14  2.30E-14  1.60E-14  1.10E-14  6.39E-15  4.00E-15  2.32E-15  9.73E-16  4.49E-16
             1.90E-16  5.50E-17  2.05E-17  7.46E-18  1.92E-18  6.83E-19  2.42E-19  6.14E-20  2.17E-20
   152       1.74E-14  1.23E-14  7.67E-15  5.34E-15  3.66E-15  2.13E-15  1.33E-15  7.72E-16  3.24E-16  1.50E-16
             6.33E-17  1.83E-17  6.83E-18  2.49E-18  6.40E-19  2.28E-19  8.08E-20  2.05E-20  7.24E-21
   153       1.30E-14  9.18E-15  5.78E-15  4.05E-15  2.81E-15  1.69E-15  1.11E-15  6.87E-16  3.25E-16  1.65E-16
             7.61E-17  2.41E-17  9.40E-18  3.52E-18  9.26E-19  3.32E-19  1.18E-19  3.01E-20  1.07E-20
   154       3.90E-14  2.75E-14  1.73E-14  1.21E-14  8.44E-15  5.07E-15  3.32E-15  2.06E-15  9.73E-16  4.95E-16
             2.28E-16  7.23E-17  2.82E-17  1.06E-17  2.78E-18  9.96E-19  3.55E-19  9.02E-20  3.20E-20
   155       2.98E-14  2.09E-14  1.30E-14  8.98E-15  6.04E-15  3.36E-15  1.99E-15  1.07E-15  4.04E-16  1.73E-16
             6.88E-17  1.89E-17  6.90E-18  2.48E-18  6.33E-19  2.24E-19  7.95E-20  2.01E-20  7.12E-21
   156       9.92E-15  6.98E-15  4.34E-15  2.99E-15  2.01E-15  1.12E-15  6.62E-16  3.57E-16  1.35E-16  5.76E-17
             2.29E-17  6.31E-18  2.30E-18  8.26E-19  2.11E-19  7.48E-20  2.65E-20  6.71E-21  2.37E-21
   157       3.64E-14  2.56E-14  1.59E-14  1.10E-14  7.39E-15  4.10E-15  2.43E-15  1.31E-15  4.94E-16  2.11E-16
             8.41E-17  2.31E-17  8.43E-18  3.03E-18  7.74E-19  2.74E-19  9.72E-20  2.46E-20  8.70E-21
   158       1.21E-14  8.53E-15  5.31E-15  3.66E-15  2.46E-15  1.37E-15  8.09E-16  4.36E-16  1.65E-16  7.04E-17
             2.80E-17  7.71E-18  2.81E-18  1.01E-18  2.58E-19  9.15E-20  3.24E-20  8.20E-21  2.90E-21
   159       4.30E-14  3.02E-14  1.88E-14  1.30E-14  8.73E-15  4.85E-15  2.87E-15  1.55E-15  5.83E-16  2.50E-16
             9.94E-17  2.73E-17  9.96E-18  3.58E-18  9.14E-19  3.24E-19  1.15E-19  2.91E-20  1.03E-20
   160       1.43E-14  1.01E-14  6.27E-15  4.32E-15  2.91E-15  1.62E-15  9.56E-16  5.16E-16  1.94E-16  8.33E-17
             3.31E-17  9.11E-18  3.32E-18  1.19E-18  3.05E-19  1.08E-19  3.83E-20  9.69E-21  3.43E-21
   161       1.80E-14  1.26E-14  7.80E-15  5.30E-15  3.49E-15  1.84E-15  1.02E-15  5.14E-16  1.77E-16  7.18E-17
             2.75E-17  7.34E-18  2.64E-18  9.43E-19  2.40E-19  8.50E-20  3.01E-20  7.62E-21  2.69E-21
   162       6.01E-15  4.21E-15  2.60E-15  1.77E-15  1.16E-15  6.12E-16  3.41E-16  1.71E-16  5.91E-17  2.39E-17
             9.17E-18  2.45E-18  8.81E-19  3.14E-19  8.00E-20  2.83E-20  1.00E-20  2.54E-21  8.98E-22
   163       2.13E-14  1.49E-14  9.22E-15  6.27E-15  4.12E-15  2.17E-15  1.21E-15  6.08E-16  2.09E-16  8.49E-17
             3.25E-17  8.67E-18  3.12E-18  1.11E-18  2.84E-19  1.00E-19  3.56E-20  9.00E-21  3.18E-21
   164       7.10E-15  4.98E-15  3.07E-15  2.09E-15  1.37E-15  7.23E-16  4.03E-16  2.03E-16  6.98E-17  2.83E-17
             1.08E-17  2.89E-18  1.04E-18  3.72E-19  9.46E-20  3.35E-20  1.19E-20  3.00E-21  1.06E-21
   165       2.46E-14  1.72E-14  1.06E-14  7.23E-15  4.76E-15  2.50E-15  1.40E-15  7.02E-16  2.42E-16  9.80E-17
             3.75E-17  1.00E-17  3.60E-18  1.29E-18  3.27E-19  1.16E-19  4.10E-20  1.04E-20  3.67E-21
   166       8.19E-15  5.74E-15  3.54E-15  2.41E-15  1.59E-15  8.34E-16  4.65E-16  2.34E-16  8.05E-17  3.27E-17
             1.25E-17  3.33E-18  1.20E-18  4.29E-19  1.09E-19  3.87E-20  1.37E-20  3.46E-21  1.22E-21
   167       5.59E-15  3.90E-15  2.38E-15  1.59E-15  1.02E-15  5.06E-16  2.66E-16  1.25E-16  4.02E-17  1.57E-17
             5.86E-18  1.54E-18  5.50E-19  1.95E-19  4.96E-20  1.76E-20  6.22E-21  1.57E-21  5.56E-22
   168       1.86E-15  1.30E-15  7.94E-16  5.32E-16  3.40E-16  1.69E-16  8.86E-17  4.18E-17  1.34E-17  5.23E-18
             1.95E-18  5.12E-19  1.83E-19  6.52E-20  1.65E-20  5.86E-21  2.07E-21  5.24E-22  1.85E-22
   169       6.45E-15  4.50E-15  2.75E-15  1.84E-15  1.18E-15  5.84E-16  3.07E-16  1.45E-16  4.64E-17  1.81E-17
             6.76E-18  1.77E-18  6.34E-19  2.26E-19  5.73E-20  2.03E-20  7.17E-21  1.82E-21  6.42E-22
   170       2.15E-15  1.50E-15  9.17E-16  6.13E-16  3.92E-16  1.95E-16  1.02E-16  4.83E-17  1.55E-17  6.03E-18
             2.25E-18  5.91E-19  2.11E-19  7.52E-20  1.91E-20  6.76E-21  2.39E-21  6.05E-22  2.14E-22
   171       7.31E-15  5.10E-15  3.12E-15  2.09E-15  1.33E-15  6.61E-16  3.48E-16  1.64E-16  5.26E-17  2.05E-17
             7.66E-18  2.01E-18  7.19E-19  2.56E-19  6.49E-20  2.30E-20  8.13E-21  2.06E-21  7.27E-22
   172       2.44E-15  1.70E-15  1.04E-15  6.95E-16  4.45E-16  2.20E-16  1.16E-16  5.47E-17  1.75E-17  6.84E-18
             2.55E-18  6.69E-19  2.40E-19  8.52E-20  2.16E-20  7.66E-21  2.71E-21  6.86E-22  2.42E-22
   173       1.70E-14  1.20E-14  7.59E-15  5.35E-15  3.76E-15  2.32E-15  1.59E-15  1.05E-15  5.69E-16  3.30E-16
             1.76E-16  6.73E-17  2.98E-17  1.24E-17  3.64E-18  1.39E-18  5.16E-19  1.36E-19  4.88E-20
   174       4.96E-14  3.50E-14  2.20E-14  1.54E-14  1.07E-14  6.45E-15  4.23E-15  2.63E-15  1.24E-15  6.32E-16
             2.92E-16  9.25E-17  3.61E-17  1.35E-17  3.56E-18  1.28E-18  4.54E-19  1.16E-19  4.09E-20
   175       1.65E-14  1.17E-14  7.33E-15  5.14E-15  3.57E-15  2.15E-15  1.41E-15  8.76E-16  4.14E-16  2.11E-16
             9.72E-17  3.08E-17  1.20E-17  4.50E-18  1.19E-18  4.25E-19  1.51E-19  3.85E-20  1.36E-20
   176       2.64E-16  1.86E-16  1.18E-16  8.28E-17  5.80E-17  3.58E-17  2.47E-17  1.72E-17  1.19E-17  1.05E-17
             1.04E-17  1.02E-17  9.21E-18  7.42E-18  4.53E-18  2.67E-18  1.39E-18  4.99E-19  2.10E-19
   177       2.74E-14  1.93E-14  1.22E-14  8.53E-15  5.93E-15  3.57E-15  2.34E-15  1.46E-15  6.89E-16  3.50E-16
             1.62E-16  5.13E-17  2.00E-17  7.50E-18  1.97E-18  7.08E-19  2.52E-19  6.41E-20  2.27E-20
   178       9.14E-15  6.45E-15  4.06E-15  2.84E-15  1.98E-15  1.19E-15  7.81E-16  4.85E-16  2.30E-16  1.17E-16
             5.39E-17  1.71E-17  6.67E-18  2.50E-18  6.58E-19  2.36E-19  8.40E-20  2.14E-20  7.56E-21
   179       1.31E-14  9.24E-15  5.83E-15  4.11E-15  2.88E-15  1.79E-15  1.22E-15  8.12E-16  4.40E-16  2.55E-16
             1.36E-16  5.21E-17  2.31E-17  9.61E-18  2.82E-18  1.08E-18  4.01E-19  1.05E-19  3.79E-20
   180       5.55E-15  3.92E-15  2.47E-15  1.74E-15  1.22E-15  7.59E-16  5.20E-16  3.46E-16  1.87E-16  1.09E-16
             5.82E-17  2.23E-17  9.86E-18  4.11E-18  1.21E-18  4.61E-19  1.71E-19  4.51E-20  1.62E-20


 -----------------------------------------
 PRTF= 1  TRMPRT= (2P)  SPNPRT= 2  NSYS= 2
                                                                                              -----------------
                                                                                              SYS= 1  SPNSYS= 1
   IREP
   ----
     2       2.87E-12  2.03E-12  1.28E-12  9.08E-13  6.43E-13  4.09E-13  2.92E-13  2.10E-13  1.39E-13  1.05E-13
             8.35E-14  6.55E-14  5.50E-14  4.34E-14  2.65E-14  1.55E-14  7.91E-15  2.77E-15  1.14E-15
     3       3.16E-13  2.23E-13  1.41E-13  9.94E-14  7.00E-14  4.37E-14  3.04E-14  2.08E-14  1.24E-14  8.40E-15
             5.90E-15  4.08E-15  3.25E-15  2.54E-15  1.64E-15  1.06E-15  6.33E-16  2.85E-16  1.44E-16
     4       2.79E-13  1.97E-13  1.24E-13  8.75E-14  6.12E-14  3.77E-14  2.55E-14  1.68E-14  9.08E-15  5.48E-15
             3.31E-15  1.85E-15  1.30E-15  9.40E-16  5.72E-16  3.60E-16  2.10E-16  9.22E-17  4.59E-17
     5       2.50E-13  1.76E-13  1.11E-13  7.77E-14  5.41E-14  3.28E-14  2.18E-14  1.39E-14  7.09E-15  4.01E-15
             2.23E-15  1.09E-15  6.94E-16  4.68E-16  2.71E-16  1.67E-16  9.57E-17  4.14E-17  2.04E-17
     6       2.21E-13  1.56E-13  9.81E-14  6.86E-14  4.75E-14  2.84E-14  1.85E-14  1.15E-14  5.58E-15  3.02E-15
             1.59E-15  7.09E-16  4.23E-16  2.71E-16  1.51E-16  9.13E-17  5.18E-17  2.22E-17  1.09E-17
     7       1.97E-13  1.39E-13  8.72E-14  6.08E-14  4.18E-14  2.46E-14  1.57E-14  9.54E-15  4.45E-15  2.33E-15
             1.18E-15  4.94E-16  2.81E-16  1.73E-16  9.28E-17  5.53E-17  3.10E-17  1.32E-17  6.43E-18
     8       1.77E-13  1.25E-13  7.81E-14  5.42E-14  3.71E-14  2.14E-14  1.35E-14  7.97E-15  3.60E-15  1.83E-15
             9.02E-16  3.61E-16  1.97E-16  1.18E-16  6.17E-17  3.65E-17  2.04E-17  8.62E-18  4.18E-18
     9       1.61E-13  1.13E-13  7.05E-14  4.87E-14  3.30E-14  1.88E-14  1.16E-14  6.73E-15  2.95E-15  1.47E-15
             7.06E-16  2.73E-16  1.45E-16  8.39E-17  4.30E-17  2.53E-17  1.40E-17  5.90E-18  2.86E-18
    10       1.47E-13  1.03E-13  6.40E-14  4.41E-14  2.97E-14  1.66E-14  1.01E-14  5.73E-15  2.44E-15  1.20E-15
             5.64E-16  2.12E-16  1.10E-16  6.22E-17  3.13E-17  1.81E-17  9.97E-18  4.16E-18  2.00E-18
    11       1.35E-13  9.45E-14  5.85E-14  4.01E-14  2.68E-14  1.48E-14  8.80E-15  4.92E-15  2.05E-15  9.87E-16
             4.58E-16  1.69E-16  8.57E-17  4.77E-17  2.36E-17  1.36E-17  7.52E-18  3.14E-18  1.51E-18
    12       1.24E-13  8.72E-14  5.38E-14  3.67E-14  2.43E-14  1.32E-14  7.74E-15  4.25E-15  1.74E-15  8.25E-16
             3.78E-16  1.36E-16  6.81E-17  3.74E-17  1.83E-17  1.05E-17  5.75E-18  2.38E-18  1.14E-18
    13       1.15E-13  8.08E-14  4.97E-14  3.37E-14  2.21E-14  1.18E-14  6.84E-15  3.71E-15  1.49E-15  6.97E-16
             3.16E-16  1.12E-16  5.50E-17  2.96E-17  1.41E-17  7.98E-18  4.34E-18  1.80E-18  8.67E-19
    14       1.08E-13  7.53E-14  4.61E-14  3.11E-14  2.02E-14  1.06E-14  6.08E-15  3.25E-15  1.28E-15  5.95E-16
             2.67E-16  9.32E-17  4.52E-17  2.40E-17  1.13E-17  6.41E-18  3.49E-18  1.44E-18  6.92E-19
    15       1.01E-13  7.03E-14  4.29E-14  2.88E-14  1.86E-14  9.62E-15  5.43E-15  2.86E-15  1.11E-15  5.12E-16
             2.28E-16  7.88E-17  3.79E-17  2.00E-17  9.36E-18  5.26E-18  2.84E-18  1.17E-18  5.59E-19
    16       9.48E-14  6.61E-14  4.01E-14  2.68E-14  1.71E-14  8.74E-15  4.87E-15  2.54E-15  9.72E-16  4.43E-16
             1.96E-16  6.70E-17  3.19E-17  1.67E-17  7.76E-18  4.34E-18  2.34E-18  9.57E-19  4.58E-19
    17       8.45E-14  5.87E-14  3.53E-14  2.33E-14  1.46E-14  7.27E-15  3.96E-15  2.02E-15  7.55E-16  3.39E-16
             1.48E-16  4.97E-17  2.33E-17  1.20E-17  5.49E-18  3.05E-18  1.63E-18  6.64E-19  3.09E-19
    18       7.63E-14  5.28E-14  3.14E-14  2.05E-14  1.27E-14  6.14E-15  3.28E-15  1.64E-15  6.01E-16  2.67E-16
             1.15E-16  3.81E-17  1.76E-17  8.96E-18  4.04E-18  2.23E-18  1.19E-18  4.79E-19  2.21E-19
    19       6.94E-14  4.78E-14  2.82E-14  1.81E-14  1.11E-14  5.23E-15  2.75E-15  1.35E-15  4.87E-16  2.14E-16
             9.12E-17  2.99E-17  1.37E-17  6.87E-18  3.06E-18  1.68E-18  8.91E-19  3.60E-19  1.71E-19
    20       6.09E-14  4.17E-14  2.42E-14  1.53E-14  9.14E-15  4.18E-15  2.15E-15  1.04E-15  3.65E-16  1.58E-16
             6.68E-17  2.15E-17  9.73E-18  4.81E-18  2.11E-18  1.15E-18  6.06E-19  2.44E-19  1.15E-19
    21       5.21E-14  3.53E-14  2.01E-14  1.24E-14  7.23E-15  3.19E-15  1.60E-15  7.54E-16  2.59E-16  1.11E-16
             4.62E-17  1.47E-17  6.53E-18  3.18E-18  1.37E-18  7.39E-19  3.88E-19  1.55E-19  7.28E-20
    22       4.25E-14  2.84E-14  1.57E-14  9.39E-15  5.27E-15  2.22E-15  1.08E-15  4.96E-16  1.66E-16  6.99E-17
             2.88E-17  8.98E-18  3.94E-18  1.88E-18  7.94E-19  4.24E-19  2.21E-19  8.77E-20  4.08E-20
    23       3.77E-14  2.49E-14  1.35E-14  7.91E-15  4.35E-15  1.79E-15  8.54E-16  3.88E-16  1.28E-16  5.34E-17
             2.18E-17  6.75E-18  2.94E-18  1.39E-18  5.81E-19  3.08E-19  1.60E-19  6.32E-20  2.92E-20
    24       3.20E-14  2.08E-14  1.09E-14  6.25E-15  3.35E-15  1.33E-15  6.23E-16  2.78E-16  9.04E-17  3.73E-17
             1.51E-17  4.63E-18  1.99E-18  9.34E-19  3.84E-19  2.02E-19  1.05E-19  4.09E-20  1.88E-20
    25       2.89E-14  1.86E-14  9.59E-15  5.40E-15  2.85E-15  1.11E-15  5.15E-16  2.28E-16  7.32E-17  3.01E-17
             1.21E-17  3.69E-18  1.58E-18  7.35E-19  3.00E-19  1.57E-19  8.11E-20  3.16E-20  1.44E-20
    26       2.51E-14  1.59E-14  7.99E-15  4.40E-15  2.27E-15  8.67E-16  3.95E-16  1.73E-16  5.49E-17  2.24E-17
             8.98E-18  2.71E-18  1.15E-18  5.32E-19  2.15E-19  1.12E-19  5.76E-20  2.22E-20  1.01E-20
    27       2.21E-14  1.38E-14  6.74E-15  3.64E-15  1.85E-15  6.90E-16  3.11E-16  1.34E-16  4.23E-17  1.71E-17
             6.84E-18  2.05E-18  8.68E-19  3.98E-19  1.60E-19  8.28E-20  4.23E-20  1.62E-20  7.27E-21
    28       1.85E-14  1.13E-14  5.33E-15  2.81E-15  1.39E-15  5.07E-16  2.24E-16  9.59E-17  2.98E-17  1.20E-17
             4.76E-18  1.42E-18  5.95E-19  2.70E-19  1.07E-19  5.52E-20  2.81E-20  1.06E-20  4.73E-21
    29       1.51E-14  8.99E-15  4.10E-15  2.10E-15  1.02E-15  3.62E-16  1.58E-16  6.67E-17  2.05E-17  8.19E-18
             3.23E-18  9.55E-19  3.98E-19  1.79E-19  7.04E-20  3.61E-20  1.83E-20  7.08E-21  3.24E-21
    30       1.11E-14  6.37E-15  2.76E-15  1.37E-15  6.41E-16  2.20E-16  9.42E-17  3.92E-17  1.19E-17  4.70E-18
             1.84E-18  5.38E-19  2.22E-19  9.91E-20  3.83E-20  1.94E-20  9.81E-21  3.75E-21  1.69E-21
    31       8.96E-15  5.00E-15  2.09E-15  1.01E-15  4.66E-16  1.57E-16  6.65E-17  2.74E-17  8.22E-18  3.24E-18
             1.26E-18  3.67E-19  1.51E-19  6.68E-20  2.56E-20  1.29E-20  6.49E-21  2.46E-21  1.10E-21
    32       6.49E-15  3.49E-15  1.40E-15  6.56E-16  2.95E-16  9.70E-17  4.05E-17  1.65E-17  4.89E-18  1.91E-18
             7.42E-19  2.14E-19  8.74E-20  3.83E-20  1.45E-20  7.26E-21  3.62E-21  1.35E-21  5.96E-22
    33       5.04E-15  2.64E-15  1.02E-15  4.71E-16  2.08E-16  6.74E-17  2.78E-17  1.13E-17  3.31E-18  1.29E-18
             4.99E-19  1.43E-19  5.82E-20  2.54E-20  9.50E-21  4.74E-21  2.35E-21  8.64E-22  3.77E-22
    34       3.42E-15  1.73E-15  6.42E-16  2.88E-16  1.25E-16  3.95E-17  1.61E-17  6.46E-18  1.88E-18  7.29E-19
             2.80E-19  8.00E-20  3.23E-20  1.39E-20  5.16E-21  2.56E-21  1.27E-21  4.77E-22  2.14E-22
    35       2.51E-15  1.23E-15  4.45E-16  1.96E-16  8.38E-17  2.61E-17  1.06E-17  4.21E-18  1.22E-18  4.70E-19
             1.80E-19  5.11E-20  2.05E-20  8.83E-21  3.24E-21  1.60E-21  7.87E-22  2.93E-22  1.30E-22
    36       1.53E-15  7.22E-16  2.51E-16  1.08E-16  4.53E-17  1.39E-17  5.55E-18  2.19E-18  6.27E-19  2.41E-19
             9.18E-20  2.59E-20  1.03E-20  4.41E-21  1.60E-21  7.81E-22  3.82E-22  1.40E-22  6.10E-23
    37       1.08E-15  5.00E-16  1.70E-16  7.21E-17  2.99E-17  9.04E-18  3.60E-18  1.41E-18  4.02E-19  1.54E-19
             5.85E-20  1.64E-20  6.54E-21  2.77E-21  9.98E-22  4.85E-22  2.35E-22  8.48E-23  3.66E-23
    38       6.32E-16  2.84E-16  9.33E-17  3.90E-17  1.59E-17  4.75E-18  1.87E-18  7.29E-19  2.06E-19  7.86E-20
             2.98E-20  8.32E-21  3.29E-21  1.39E-21  4.94E-22  2.38E-22  1.16E-22  4.28E-23  1.90E-23
    39       4.25E-16  1.87E-16  6.05E-17  2.50E-17  1.01E-17  2.99E-18  1.17E-18  4.54E-19  1.28E-19  4.86E-20
             1.84E-20  5.12E-21  2.02E-21  8.45E-22  2.99E-22  1.44E-22  6.94E-23  2.53E-23  1.11E-23
    40       2.24E-16  9.64E-17  3.03E-17  1.23E-17  4.94E-18  1.44E-18  5.62E-19  2.17E-19  6.06E-20  2.29E-20
             8.63E-21  2.39E-21  9.39E-22  3.91E-22  1.37E-22  6.53E-23  3.13E-23  1.12E-23  4.80E-24
    41       1.56E-16  6.62E-17  2.06E-17  8.33E-18  3.32E-18  9.64E-19  3.74E-19  1.44E-19  4.01E-20  1.51E-20
             5.69E-21  1.58E-21  6.17E-22  2.56E-22  8.91E-23  4.23E-23  2.01E-23  7.09E-24  3.02E-24
    42       9.12E-17  3.83E-17  1.18E-17  4.73E-18  1.87E-18  5.40E-19  2.09E-19  7.99E-20  2.22E-20  8.37E-21
             3.14E-21  8.67E-22  3.38E-22  1.40E-22  4.84E-23  2.29E-23  1.10E-23  3.98E-24  1.75E-24

                                                                                              -----------------
                                                                                              SYS= 2  SPNSYS= 3
   IREP
   ----
     2       6.51E-12  4.60E-12  2.91E-12  2.06E-12  1.46E-12  9.27E-13  6.60E-13  4.73E-13  3.11E-13  2.32E-13
             1.79E-13  1.32E-13  1.05E-13  7.90E-14  4.59E-14  2.62E-14  1.33E-14  4.65E-15  1.95E-15
     3       1.10E-12  7.76E-13  4.90E-13  3.46E-13  2.44E-13  1.53E-13  1.06E-13  7.35E-14  4.45E-14  3.06E-14
             2.17E-14  1.47E-14  1.13E-14  8.47E-15  5.26E-15  3.34E-15  1.96E-15  8.73E-16  4.38E-16
     4       8.75E-13  6.18E-13  3.90E-13  2.74E-13  1.92E-13  1.18E-13  8.01E-14  5.27E-14  2.87E-14  1.74E-14
             1.06E-14  5.91E-15  4.12E-15  2.93E-15  1.76E-15  1.10E-15  6.36E-16  2.79E-16  1.38E-16
     5       7.66E-13  5.40E-13  3.40E-13  2.39E-13  1.66E-13  1.01E-13  6.69E-14  4.27E-14  2.18E-14  1.23E-14
             6.86E-15  3.35E-15  2.13E-15  1.43E-15  8.22E-16  5.05E-16  2.89E-16  1.25E-16  6.15E-17
     6       6.74E-13  4.75E-13  2.98E-13  2.09E-13  1.45E-13  8.63E-14  5.63E-14  3.49E-14  1.70E-14  9.20E-15
             4.84E-15  2.16E-15  1.29E-15  8.21E-16  4.55E-16  2.75E-16  1.56E-16  6.67E-17  3.27E-17
     7       5.98E-13  4.21E-13  2.64E-13  1.84E-13  1.27E-13  7.45E-14  4.77E-14  2.89E-14  1.35E-14  7.05E-15
             3.57E-15  1.50E-15  8.49E-16  5.21E-16  2.79E-16  1.66E-16  9.33E-17  3.96E-17  1.93E-17
     8       5.36E-13  3.77E-13  2.36E-13  1.64E-13  1.12E-13  6.48E-14  4.07E-14  2.41E-14  1.09E-14  5.54E-15
             2.72E-15  1.09E-15  5.95E-16  3.54E-16  1.86E-16  1.10E-16  6.14E-17  2.59E-17  1.26E-17
     9       4.84E-13  3.41E-13  2.13E-13  1.47E-13  9.96E-14  5.67E-14  3.50E-14  2.03E-14  8.88E-15  4.43E-15
             2.13E-15  8.23E-16  4.36E-16  2.52E-16  1.29E-16  7.59E-17  4.22E-17  1.77E-17  8.58E-18
    10       4.41E-13  3.10E-13  1.93E-13  1.33E-13  8.93E-14  5.00E-14  3.03E-14  1.72E-14  7.36E-15  3.60E-15
             1.70E-15  6.38E-16  3.30E-16  1.87E-16  9.40E-17  5.44E-17  2.99E-17  1.25E-17  6.01E-18
    11       4.05E-13  2.84E-13  1.76E-13  1.21E-13  8.06E-14  4.44E-14  2.65E-14  1.48E-14  6.17E-15  2.97E-15
             1.38E-15  5.07E-16  2.58E-16  1.43E-16  7.07E-17  4.09E-17  2.26E-17  9.41E-18  4.53E-18
    12       3.74E-13  2.62E-13  1.62E-13  1.10E-13  7.30E-14  3.96E-14  2.33E-14  1.28E-14  5.22E-15  2.48E-15
             1.14E-15  4.10E-16  2.05E-16  1.12E-16  5.51E-17  3.16E-17  1.73E-17  7.14E-18  3.43E-18
    13       3.47E-13  2.43E-13  1.49E-13  1.01E-13  6.65E-14  3.55E-14  2.06E-14  1.11E-14  4.46E-15  2.09E-15
             9.49E-16  3.36E-16  1.65E-16  8.90E-17  4.23E-17  2.39E-17  1.30E-17  5.40E-18  2.60E-18
    14       3.24E-13  2.26E-13  1.39E-13  9.34E-14  6.08E-14  3.20E-14  1.83E-14  9.76E-15  3.85E-15  1.79E-15
             8.01E-16  2.80E-16  1.36E-16  7.20E-17  3.40E-17  1.92E-17  1.05E-17  4.32E-18  2.08E-18
    15       3.03E-13  2.11E-13  1.29E-13  8.64E-14  5.58E-14  2.89E-14  1.63E-14  8.59E-15  3.34E-15  1.54E-15
             6.84E-16  2.37E-16  1.14E-16  5.99E-17  2.81E-17  1.58E-17  8.54E-18  3.50E-18  1.68E-18
    16       2.85E-13  1.98E-13  1.21E-13  8.04E-14  5.15E-14  2.62E-14  1.46E-14  7.61E-15  2.92E-15  1.33E-15
             5.87E-16  2.01E-16  9.59E-17  5.01E-17  2.33E-17  1.30E-17  7.02E-18  2.87E-18  1.37E-18
    17       2.54E-13  1.76E-13  1.06E-13  6.98E-14  4.40E-14  2.18E-14  1.19E-14  6.06E-15  2.27E-15  1.02E-15
             4.43E-16  1.49E-16  7.00E-17  3.60E-17  1.65E-17  9.15E-18  4.90E-18  1.99E-18  9.28E-19
    18       2.29E-13  1.58E-13  9.44E-14  6.14E-14  3.81E-14  1.84E-14  9.84E-15  4.93E-15  1.81E-15  8.00E-16
             3.45E-16  1.14E-16  5.29E-17  2.69E-17  1.21E-17  6.68E-18  3.56E-18  1.44E-18  6.64E-19
    19       2.08E-13  1.43E-13  8.47E-14  5.44E-14  3.32E-14  1.57E-14  8.24E-15  4.06E-15  1.46E-15  6.41E-16
             2.74E-16  8.97E-17  4.11E-17  2.06E-17  9.18E-18  5.03E-18  2.67E-18  1.08E-18  5.13E-19
    20       1.83E-13  1.25E-13  7.27E-14  4.59E-14  2.74E-14  1.26E-14  6.44E-15  3.11E-15  1.10E-15  4.75E-16
             2.00E-16  6.46E-17  2.92E-17  1.44E-17  6.32E-18  3.44E-18  1.82E-18  7.31E-19  3.45E-19
    21       1.56E-13  1.06E-13  6.04E-14  3.73E-14  2.17E-14  9.58E-15  4.79E-15  2.26E-15  7.79E-16  3.32E-16
             1.39E-16  4.40E-17  1.96E-17  9.55E-18  4.11E-18  2.22E-18  1.16E-18  4.66E-19  2.18E-19
    22       1.28E-13  8.52E-14  4.70E-14  2.82E-14  1.58E-14  6.67E-15  3.24E-15  1.49E-15  4.99E-16  2.10E-16
             8.63E-17  2.69E-17  1.18E-17  5.65E-18  2.38E-18  1.27E-18  6.63E-19  2.63E-19  1.22E-19
    23       1.13E-13  7.47E-14  4.04E-14  2.37E-14  1.31E-14  5.37E-15  2.56E-15  1.16E-15  3.85E-16  1.60E-16
             6.55E-17  2.03E-17  8.81E-18  4.18E-18  1.74E-18  9.25E-19  4.81E-19  1.90E-19  8.76E-20
    24       9.60E-14  6.24E-14  3.28E-14  1.88E-14  1.00E-14  4.00E-15  1.87E-15  8.35E-16  2.71E-16  1.12E-16
             4.54E-17  1.39E-17  5.98E-18  2.80E-18  1.15E-18  6.07E-19  3.14E-19  1.23E-19  5.63E-20
    25       8.68E-14  5.59E-14  2.88E-14  1.62E-14  8.55E-15  3.34E-15  1.54E-15  6.83E-16  2.20E-16  9.02E-17
             3.64E-17  1.11E-17  4.74E-18  2.21E-18  9.01E-19  4.72E-19  2.43E-19  9.47E-20  4.32E-20
    26       7.54E-14  4.78E-14  2.40E-14  1.32E-14  6.82E-15  2.60E-15  1.19E-15  5.18E-16  1.65E-16  6.71E-17
             2.69E-17  8.13E-18  3.46E-18  1.60E-18  6.45E-19  3.36E-19  1.73E-19  6.67E-20  3.02E-20
    27       6.62E-14  4.13E-14  2.02E-14  1.09E-14  5.54E-15  2.07E-15  9.32E-16  4.03E-16  1.27E-16  5.14E-17
             2.05E-17  6.16E-18  2.60E-18  1.19E-18  4.79E-19  2.48E-19  1.27E-19  4.86E-20  2.18E-20
    28       5.54E-14  3.38E-14  1.60E-14  8.42E-15  4.17E-15  1.52E-15  6.73E-16  2.88E-16  8.94E-17  3.60E-17
             1.43E-17  4.25E-18  1.79E-18  8.11E-19  3.21E-19  1.66E-19  8.42E-20  3.19E-20  1.42E-20
    29       4.53E-14  2.70E-14  1.23E-14  6.31E-15  3.05E-15  1.09E-15  4.74E-16  2.00E-16  6.15E-17  2.46E-17
             9.70E-18  2.86E-18  1.19E-18  5.38E-19  2.11E-19  1.08E-19  5.49E-20  2.12E-20  9.72E-21
    30       3.34E-14  1.91E-14  8.28E-15  4.10E-15  1.92E-15  6.61E-16  2.83E-16  1.18E-16  3.56E-17  1.41E-17
             5.52E-18  1.62E-18  6.67E-19  2.97E-19  1.15E-19  5.83E-20  2.94E-20  1.12E-20  5.08E-21
    31       2.69E-14  1.50E-14  6.28E-15  3.04E-15  1.40E-15  4.72E-16  2.00E-16  8.22E-17  2.47E-17  9.72E-18
             3.79E-18  1.10E-18  4.53E-19  2.00E-19  7.67E-20  3.88E-20  1.95E-20  7.37E-21  3.30E-21
    32       1.95E-14  1.05E-14  4.19E-15  1.97E-15  8.85E-16  2.91E-16  1.21E-16  4.95E-17  1.47E-17  5.74E-18
             2.23E-18  6.43E-19  2.62E-19  1.15E-19  4.34E-20  2.18E-20  1.09E-20  4.05E-21  1.79E-21
    33       1.51E-14  7.91E-15  3.07E-15  1.41E-15  6.25E-16  2.02E-16  8.35E-17  3.38E-17  9.94E-18  3.87E-18
             1.50E-18  4.30E-19  1.75E-19  7.61E-20  2.85E-20  1.42E-20  7.04E-21  2.59E-21  1.13E-21
    34       1.03E-14  5.18E-15  1.93E-15  8.65E-16  3.75E-16  1.19E-16  4.84E-17  1.94E-17  5.65E-18  2.19E-18
             8.41E-19  2.40E-19  9.68E-20  4.18E-20  1.55E-20  7.67E-21  3.80E-21  1.43E-21  6.43E-22
    35       7.53E-15  3.69E-15  1.33E-15  5.89E-16  2.51E-16  7.84E-17  3.17E-17  1.26E-17  3.65E-18  1.41E-18
             5.40E-19  1.53E-19  6.16E-20  2.65E-20  9.72E-21  4.79E-21  2.36E-21  8.80E-22  3.91E-22
    36       4.58E-15  2.17E-15  7.52E-16  3.24E-16  1.36E-16  4.16E-17  1.66E-17  6.56E-18  1.88E-18  7.22E-19
             2.75E-19  7.77E-20  3.10E-20  1.32E-20  4.79E-21  2.34E-21  1.15E-21  4.19E-22  1.83E-22
    37       3.24E-15  1.50E-15  5.09E-16  2.16E-16  8.96E-17  2.71E-17  1.08E-17  4.23E-18  1.21E-18  4.61E-19
             1.75E-19  4.93E-20  1.96E-20  8.32E-21  2.99E-21  1.45E-21  7.06E-22  2.55E-22  1.10E-22
    38       1.90E-15  8.52E-16  2.80E-16  1.17E-16  4.78E-17  1.43E-17  5.62E-18  2.19E-18  6.19E-19  2.36E-19
             8.93E-20  2.50E-20  9.88E-21  4.16E-21  1.48E-21  7.15E-22  3.48E-22  1.28E-22  5.69E-23
    39       1.28E-15  5.62E-16  1.81E-16  7.49E-17  3.03E-17  8.97E-18  3.52E-18  1.36E-18  3.84E-19  1.46E-19
             5.51E-20  1.54E-20  6.05E-21  2.54E-21  8.96E-22  4.31E-22  2.08E-22  7.60E-23  3.33E-23
    40       6.72E-16  2.89E-16  9.10E-17  3.70E-17  1.48E-17  4.33E-18  1.69E-18  6.50E-19  1.82E-19  6.87E-20
             2.59E-20  7.18E-21  2.82E-21  1.17E-21  4.11E-22  1.96E-22  9.38E-23  3.35E-23  1.44E-23
    41       4.67E-16  1.99E-16  6.18E-17  2.50E-17  9.96E-18  2.89E-18  1.12E-18  4.31E-19  1.20E-19  4.54E-20
             1.71E-20  4.73E-21  1.85E-21  7.68E-22  2.67E-22  1.27E-22  6.04E-23  2.13E-23  9.06E-24
    42       2.74E-16  1.15E-16  3.53E-17  1.42E-17  5.61E-18  1.62E-18  6.26E-19  2.40E-19  6.67E-20  2.51E-20
             9.42E-21  2.60E-21  1.02E-21  4.20E-22  1.45E-22  6.88E-23  3.29E-23  1.19E-23  5.24E-24



 --------------------------------
 PRTI= 2  TRMPRT= (4P)  SPNPRT= 4

   INDX TE=  1.00E+01  2.00E+01  5.00E+01  1.00E+02  2.00E+02  5.00E+02  1.00E+03  2.00E+03  5.00E+03  1.00E+04
   ---- ---  2.00E+04  5.00E+04  1.00E+05  2.00E+05  5.00E+05  1.00E+06  2.00E+06  5.00E+06  1.00E+07
     1       6.08E-14  4.30E-14  2.73E-14  1.93E-14  1.38E-14  8.87E-15  6.47E-15  4.87E-15  3.68E-15  3.40E-15
             3.70E-15  5.16E-15  7.05E-15  9.11E-15  1.05E-14  9.68E-15  7.53E-15  4.31E-15  2.41E-15
     4       3.95E-12  2.80E-12  1.77E-12  1.25E-12  8.86E-13  5.62E-13  4.00E-13  2.86E-13  1.86E-13  1.38E-13
             1.04E-13  7.34E-14  5.59E-14  4.02E-14  2.22E-14  1.23E-14  6.05E-15  2.05E-15  8.34E-16
    10       1.83E-12  1.30E-12  8.20E-13  5.80E-13  4.11E-13  2.61E-13  1.87E-13  1.35E-13  8.99E-14  6.90E-14
             5.57E-14  4.56E-14  3.98E-14  3.25E-14  2.06E-14  1.22E-14  6.30E-15  2.22E-15  9.22E-16
    26       6.62E-13  4.68E-13  2.96E-13  2.10E-13  1.49E-13  9.47E-14  6.78E-14  4.91E-14  3.33E-14  2.62E-14
             2.21E-14  1.97E-14  1.85E-14  1.61E-14  1.08E-14  6.57E-15  3.46E-15  1.24E-15  5.18E-16
   181       1.00E-14  7.10E-15  4.51E-15  3.22E-15  2.31E-15  1.54E-15  1.17E-15  9.56E-16  8.46E-16  8.70E-16
             9.50E-16  1.07E-15  1.13E-15  1.14E-15  1.05E-15  8.87E-16  6.71E-16  3.84E-16  2.19E-16
   182       2.19E-13  1.55E-13  9.80E-14  6.94E-14  4.93E-14  3.16E-14  2.28E-14  1.68E-14  1.17E-14  9.34E-15
             7.68E-15  5.92E-15  4.66E-15  3.41E-15  1.92E-15  1.09E-15  5.54E-16  1.96E-16  8.15E-17
   183       1.24E-13  8.77E-14  5.55E-14  3.93E-14  2.79E-14  1.79E-14  1.29E-14  9.53E-15  6.68E-15  5.36E-15
             4.44E-15  3.46E-15  2.74E-15  2.02E-15  1.14E-15  6.50E-16  3.31E-16  1.17E-16  4.87E-17
   184       2.80E-15  1.98E-15  1.26E-15  9.00E-16  6.48E-16  4.33E-16  3.34E-16  2.78E-16  2.64E-16  2.96E-16
             3.61E-16  4.73E-16  5.50E-16  5.96E-16  5.83E-16  5.07E-16  3.90E-16  2.26E-16  1.29E-16
   185       1.96E-14  1.39E-14  8.78E-15  6.22E-15  4.42E-15  2.84E-15  2.06E-15  1.53E-15  1.09E-15  8.93E-16
             7.62E-16  6.20E-16  5.06E-16  3.80E-16  2.20E-16  1.26E-16  6.44E-17  2.29E-17  9.56E-18
   186       3.70E-14  2.62E-14  1.66E-14  1.18E-14  8.40E-15  5.45E-15  4.01E-15  3.07E-15  2.39E-15  2.19E-15
             2.14E-15  2.08E-15  1.89E-15  1.54E-15  9.48E-16  5.60E-16  2.92E-16  1.05E-16  4.42E-17
   187       1.68E-14  1.19E-14  7.55E-15  5.37E-15  3.83E-15  2.49E-15  1.85E-15  1.43E-15  1.15E-15  1.09E-15
             1.11E-15  1.14E-15  1.07E-15  8.85E-16  5.54E-16  3.30E-16  1.72E-16  6.24E-17  2.63E-17
   188       4.90E-16  3.49E-16  2.26E-16  1.65E-16  1.26E-16  9.71E-17  9.19E-17  1.02E-16  1.41E-16  1.88E-16
             2.40E-16  2.98E-16  3.24E-16  3.31E-16  3.07E-16  2.61E-16  1.98E-16  1.14E-16  6.53E-17
   189       8.06E-14  5.70E-14  3.59E-14  2.53E-14  1.78E-14  1.10E-14  7.51E-15  4.98E-15  2.69E-15  1.56E-15
             8.34E-16  3.20E-16  1.42E-16  5.91E-17  1.74E-17  6.62E-18  2.46E-18  6.48E-19  2.33E-19
   190       1.34E-13  9.49E-14  5.99E-14  4.22E-14  2.96E-14  1.83E-14  1.25E-14  8.30E-15  4.49E-15  2.60E-15
             1.39E-15  5.33E-16  2.36E-16  9.84E-17  2.89E-17  1.10E-17  4.11E-18  1.08E-18  3.88E-19
   191       3.12E-13  2.21E-13  1.39E-13  9.80E-14  6.88E-14  4.25E-14  2.91E-14  1.93E-14  1.04E-14  6.05E-15
             3.23E-15  1.24E-15  5.50E-16  2.29E-16  6.74E-17  2.57E-17  9.56E-18  2.52E-18  9.04E-19
   192       1.76E-13  1.24E-13  7.82E-14  5.51E-14  3.87E-14  2.40E-14  1.64E-14  1.09E-14  5.93E-15  3.45E-15
             1.85E-15  7.15E-16  3.18E-16  1.33E-16  3.93E-17  1.50E-17  5.58E-18  1.47E-18  5.29E-19
   193       2.04E-13  1.44E-13  9.11E-14  6.42E-14  4.51E-14  2.79E-14  1.91E-14  1.27E-14  6.93E-15  4.04E-15
             2.17E-15  8.40E-16  3.74E-16  1.57E-16  4.63E-17  1.77E-17  6.59E-18  1.74E-18  6.24E-19
   194       1.13E-13  8.01E-14  5.05E-14  3.56E-14  2.50E-14  1.55E-14  1.06E-14  7.10E-15  3.89E-15  2.28E-15
             1.23E-15  4.81E-16  2.15E-16  9.05E-17  2.68E-17  1.03E-17  3.83E-18  1.01E-18  3.63E-19
   195       1.83E-16  1.30E-16  8.42E-17  6.18E-17  4.71E-17  3.68E-17  3.55E-17  4.08E-17  6.12E-17  8.76E-17
             1.20E-16  1.60E-16  1.81E-16  1.90E-16  1.80E-16  1.54E-16  1.18E-16  6.81E-17  3.90E-17
   196       4.54E-14  3.21E-14  2.03E-14  1.44E-14  1.02E-14  6.45E-15  4.61E-15  3.37E-15  2.39E-15  2.01E-15
             1.79E-15  1.56E-15  1.32E-15  1.02E-15  6.05E-16  3.51E-16  1.80E-16  6.44E-17  2.70E-17
   197       2.61E-14  1.85E-14  1.17E-14  8.26E-15  5.85E-15  3.72E-15  2.66E-15  1.95E-15  1.39E-15  1.17E-15
             1.06E-15  9.25E-16  7.88E-16  6.10E-16  3.62E-16  2.10E-16  1.08E-16  3.86E-17  1.62E-17
   198       3.65E-15  2.59E-15  1.64E-15  1.17E-15  8.39E-16  5.54E-16  4.22E-16  3.43E-16  3.14E-16  3.47E-16
             4.16E-16  5.04E-16  5.13E-16  4.50E-16  2.94E-16  1.78E-16  9.45E-17  3.45E-17  1.46E-17
   199       4.41E-15  3.12E-15  1.97E-15  1.39E-15  9.88E-16  6.30E-16  4.53E-16  3.34E-16  2.44E-16  2.11E-16
             1.95E-16  1.76E-16  1.53E-16  1.19E-16  7.13E-17  4.15E-17  2.14E-17  7.67E-18  3.22E-18
   200       1.11E-14  7.87E-15  4.99E-15  3.54E-15  2.52E-15  1.63E-15  1.20E-15  9.20E-16  7.41E-16  7.15E-16
             7.36E-16  7.45E-16  6.82E-16  5.53E-16  3.40E-16  2.00E-16  1.04E-16  3.75E-17  1.58E-17
   201       5.59E-15  3.96E-15  2.51E-15  1.78E-15  1.27E-15  8.24E-16  6.10E-16  4.74E-16  3.94E-16  3.91E-16
             4.14E-16  4.30E-16  3.99E-16  3.27E-16  2.02E-16  1.19E-16  6.21E-17  2.24E-17  9.42E-18
   202       2.43E-18  1.91E-18  1.64E-18  1.82E-18  2.61E-18  5.77E-18  1.16E-17  2.28E-17  4.82E-17  7.38E-17
             1.00E-16  1.27E-16  1.38E-16  1.41E-16  1.31E-16  1.11E-16  8.47E-17  4.87E-17  2.78E-17
   203       1.93E-13  1.36E-13  8.59E-14  6.05E-14  4.25E-14  2.63E-14  1.80E-14  1.19E-14  6.46E-15  3.75E-15
             2.00E-15  7.69E-16  3.41E-16  1.42E-16  4.17E-17  1.59E-17  5.91E-18  1.56E-18  5.59E-19
   204       4.91E-14  3.47E-14  2.19E-14  1.54E-14  1.08E-14  6.71E-15  4.58E-15  3.04E-15  1.65E-15  9.59E-16
             5.13E-16  1.97E-16  8.72E-17  3.64E-17  1.07E-17  4.08E-18  1.52E-18  3.99E-19  1.43E-19
   205       8.19E-14  5.79E-14  3.65E-14  2.57E-14  1.81E-14  1.12E-14  7.64E-15  5.07E-15  2.75E-15  1.60E-15
             8.55E-16  3.28E-16  1.45E-16  6.06E-17  1.78E-17  6.79E-18  2.53E-18  6.65E-19  2.39E-19
   206       2.17E-15  1.54E-15  9.76E-16  6.94E-16  4.97E-16  3.25E-16  2.44E-16  1.95E-16  1.73E-16  1.83E-16
             2.05E-16  2.24E-16  2.13E-16  1.77E-16  1.10E-16  6.55E-17  3.42E-17  1.24E-17  5.21E-18
   207       6.53E-14  4.61E-14  2.90E-14  2.03E-14  1.41E-14  8.51E-15  5.60E-15  3.49E-15  1.66E-15  8.48E-16
             3.93E-16  1.25E-16  4.89E-17  1.84E-17  4.83E-18  1.73E-18  6.18E-19  1.57E-19  5.56E-20
   208       3.92E-14  2.76E-14  1.74E-14  1.22E-14  8.47E-15  5.11E-15  3.36E-15  2.09E-15  9.95E-16  5.09E-16
             2.36E-16  7.51E-17  2.94E-17  1.10E-17  2.90E-18  1.04E-18  3.71E-19  9.43E-20  3.34E-20
   209       1.29E-13  9.14E-14  5.77E-14  4.07E-14  2.85E-14  1.77E-14  1.21E-14  8.07E-15  4.40E-15  2.57E-15
             1.38E-15  5.32E-16  2.37E-16  9.89E-17  2.91E-17  1.11E-17  4.14E-18  1.09E-18  3.92E-19
   210       1.08E-13  7.66E-14  4.84E-14  3.41E-14  2.39E-14  1.48E-14  1.02E-14  6.77E-15  3.69E-15  2.15E-15
             1.16E-15  4.47E-16  1.99E-16  8.30E-17  2.45E-17  9.33E-18  3.47E-18  9.15E-19  3.29E-19
   211       1.16E-13  8.22E-14  5.17E-14  3.62E-14  2.52E-14  1.52E-14  9.99E-15  6.23E-15  2.97E-15  1.52E-15
             7.03E-16  2.24E-16  8.76E-17  3.29E-17  8.66E-18  3.11E-18  1.11E-18  2.81E-19  9.96E-20
   212       6.98E-14  4.93E-14  3.10E-14  2.17E-14  1.51E-14  9.11E-15  5.99E-15  3.74E-15  1.78E-15  9.09E-16
             4.22E-16  1.34E-16  5.25E-17  1.97E-17  5.19E-18  1.86E-18  6.64E-19  1.69E-19  5.98E-20
   213       8.82E-14  6.22E-14  3.92E-14  2.75E-14  1.91E-14  1.15E-14  7.58E-15  4.73E-15  2.26E-15  1.16E-15
             5.37E-16  1.71E-16  6.70E-17  2.52E-17  6.63E-18  2.38E-18  8.48E-19  2.15E-19  7.63E-20
   214       5.29E-14  3.73E-14  2.35E-14  1.65E-14  1.15E-14  6.91E-15  4.54E-15  2.84E-15  1.35E-15  6.93E-16
             3.22E-16  1.03E-16  4.02E-17  1.51E-17  3.98E-18  1.43E-18  5.08E-19  1.29E-19  4.58E-20
   215       7.18E-14  5.07E-14  3.20E-14  2.26E-14  1.59E-14  9.85E-15  6.76E-15  4.53E-15  2.48E-15  1.46E-15
             7.91E-16  3.07E-16  1.37E-16  5.75E-17  1.70E-17  6.50E-18  2.42E-18  6.38E-19  2.29E-19
   216       1.03E-18  8.06E-19  6.94E-19  7.75E-19  1.12E-18  2.53E-18  5.24E-18  1.07E-17  2.41E-17  3.87E-17
             5.47E-17  7.23E-17  8.03E-17  8.30E-17  7.78E-17  6.64E-17  5.06E-17  2.92E-17  1.67E-17
   217       2.10E-14  1.48E-14  9.33E-15  6.57E-15  4.61E-15  2.87E-15  2.00E-15  1.41E-15  9.59E-16  8.03E-16
             7.34E-16  6.65E-16  5.79E-16  4.55E-16  2.73E-16  1.59E-16  8.24E-17  2.95E-17  1.24E-17
   218       1.22E-14  8.59E-15  5.42E-15  3.82E-15  2.68E-15  1.67E-15  1.16E-15  8.21E-16  5.63E-16  4.74E-16
             4.35E-16  3.97E-16  3.46E-16  2.72E-16  1.63E-16  9.55E-17  4.94E-17  1.77E-17  7.43E-18
   219       2.13E-15  1.50E-15  9.49E-16  6.69E-16  4.70E-16  2.94E-16  2.06E-16  1.47E-16  1.03E-16  8.85E-17
             8.31E-17  7.73E-17  6.80E-17  5.38E-17  3.25E-17  1.90E-17  9.84E-18  3.53E-18  1.48E-18
   220       6.34E-15  4.48E-15  2.83E-15  2.00E-15  1.42E-15  9.00E-16  6.46E-16  4.80E-16  3.68E-16  3.47E-16
             3.53E-16  3.54E-16  3.21E-16  2.59E-16  1.59E-16  9.34E-17  4.86E-17  1.75E-17  7.34E-18
   221       3.35E-15  2.37E-15  1.50E-15  1.06E-15  7.50E-16  4.78E-16  3.46E-16  2.60E-16  2.04E-16  1.97E-16
             2.04E-16  2.08E-16  1.90E-16  1.54E-16  9.48E-17  5.59E-17  2.91E-17  1.05E-17  4.40E-18
   222       3.12E-17  2.14E-17  1.25E-17  7.67E-18  4.20E-18  2.21E-18  4.54E-18  1.06E-17  2.43E-17  3.80E-17
             5.20E-17  6.61E-17  7.17E-17  7.31E-17  6.77E-17  5.77E-17  4.39E-17  2.53E-17  1.44E-17
   223       1.49E-15  1.06E-15  6.68E-16  4.74E-16  3.37E-16  2.16E-16  1.58E-16  1.21E-16  9.98E-17  1.00E-16
             1.07E-16  1.12E-16  1.04E-16  8.47E-17  5.23E-17  3.09E-17  1.61E-17  5.79E-18  2.44E-18
   224       1.16E-13  8.18E-14  5.16E-14  3.64E-14  2.55E-14  1.58E-14  1.08E-14  7.16E-15  3.87E-15  2.25E-15
             1.20E-15  4.60E-16  2.04E-16  8.48E-17  2.49E-17  9.47E-18  3.52E-18  9.25E-19  3.32E-19
   225       4.91E-14  3.47E-14  2.19E-14  1.54E-14  1.08E-14  6.70E-15  4.58E-15  3.04E-15  1.65E-15  9.56E-16
             5.11E-16  1.96E-16  8.69E-17  3.62E-17  1.06E-17  4.05E-18  1.50E-18  3.95E-19  1.42E-19
   226       2.95E-14  2.08E-14  1.31E-14  9.25E-15  6.49E-15  4.02E-15  2.75E-15  1.82E-15  9.87E-16  5.74E-16
             3.07E-16  1.18E-16  5.21E-17  2.17E-17  6.38E-18  2.43E-18  9.02E-19  2.37E-19  8.52E-20
   227       3.37E-14  2.37E-14  1.49E-14  1.03E-14  7.09E-15  4.13E-15  2.58E-15  1.50E-15  6.32E-16  2.92E-16
             1.24E-16  3.59E-17  1.34E-17  4.87E-18  1.26E-18  4.47E-19  1.58E-19  4.02E-20  1.42E-20
   228       2.02E-14  1.42E-14  8.91E-15  6.21E-15  4.26E-15  2.48E-15  1.55E-15  9.01E-16  3.79E-16  1.75E-16
             7.43E-17  2.15E-17  8.03E-18  2.92E-18  7.53E-19  2.68E-19  9.50E-20  2.41E-20  8.52E-21
   229       4.33E-14  3.05E-14  1.91E-14  1.33E-14  9.12E-15  5.31E-15  3.32E-15  1.93E-15  8.13E-16  3.76E-16
             1.59E-16  4.61E-17  1.72E-17  6.26E-18  1.61E-18  5.74E-19  2.04E-19  5.16E-20  1.83E-20
   230       2.60E-14  1.83E-14  1.15E-14  7.98E-15  5.47E-15  3.18E-15  1.99E-15  1.16E-15  4.88E-16  2.26E-16
             9.55E-17  2.77E-17  1.03E-17  3.76E-18  9.68E-19  3.45E-19  1.22E-19  3.10E-20  1.10E-20
   231       5.29E-14  3.73E-14  2.33E-14  1.63E-14  1.11E-14  6.48E-15  4.06E-15  2.36E-15  9.93E-16  4.60E-16
             1.95E-16  5.64E-17  2.10E-17  7.66E-18  1.97E-18  7.02E-19  2.49E-19  6.31E-20  2.23E-20
   232       3.18E-14  2.24E-14  1.40E-14  9.75E-15  6.69E-15  3.89E-15  2.44E-15  1.42E-15  5.96E-16  2.76E-16
             1.17E-16  3.38E-17  1.26E-17  4.59E-18  1.18E-18  4.21E-19  1.49E-19  3.79E-20  1.34E-20
   233       7.88E-14  5.56E-14  3.51E-14  2.47E-14  1.74E-14  1.08E-14  7.38E-15  4.91E-15  2.67E-15  1.56E-15
             8.36E-16  3.22E-16  1.43E-16  5.96E-17  1.75E-17  6.67E-18  2.48E-18  6.53E-19  2.34E-19
   234       5.73E-14  4.04E-14  2.54E-14  1.78E-14  1.24E-14  7.48E-15  4.92E-15  3.06E-15  1.46E-15  7.44E-16
             3.45E-16  1.10E-16  4.28E-17  1.61E-17  4.23E-18  1.52E-18  5.41E-19  1.37E-19  4.87E-20
   235       3.44E-14  2.43E-14  1.53E-14  1.07E-14  7.44E-15  4.49E-15  2.95E-15  1.84E-15  8.74E-16  4.46E-16
             2.07E-16  6.58E-17  2.57E-17  9.64E-18  2.54E-18  9.11E-19  3.24E-19  8.25E-20  2.92E-20
   236       6.56E-14  4.64E-14  2.93E-14  2.06E-14  1.45E-14  8.98E-15  6.15E-15  4.10E-15  2.23E-15  1.30E-15
             6.99E-16  2.69E-16  1.20E-16  4.99E-17  1.47E-17  5.59E-18  2.08E-18  5.47E-19  1.96E-19
   237       1.02E-13  7.23E-14  4.55E-14  3.19E-14  2.22E-14  1.34E-14  8.79E-15  5.48E-15  2.61E-15  1.33E-15
             6.18E-16  1.97E-16  7.68E-17  2.88E-17  7.59E-18  2.72E-18  9.70E-19  2.47E-19  8.73E-20
   238       6.14E-14  4.33E-14  2.73E-14  1.91E-14  1.33E-14  8.02E-15  5.27E-15  3.29E-15  1.56E-15  7.99E-16
             3.70E-16  1.18E-16  4.61E-17  1.73E-17  4.55E-18  1.63E-18  5.82E-19  1.48E-19  5.24E-20
   239       7.80E-14  5.50E-14  3.46E-14  2.43E-14  1.69E-14  1.02E-14  6.71E-15  4.19E-15  2.00E-15  1.02E-15
             4.74E-16  1.51E-16  5.91E-17  2.22E-17  5.84E-18  2.09E-18  7.46E-19  1.90E-19  6.72E-20
   240       4.68E-14  3.30E-14  2.08E-14  1.46E-14  1.01E-14  6.11E-15  4.02E-15  2.51E-15  1.20E-15  6.13E-16
             2.84E-16  9.06E-17  3.54E-17  1.33E-17  3.50E-18  1.26E-18  4.48E-19  1.14E-19  4.03E-20
   241       4.41E-14  3.12E-14  1.97E-14  1.39E-14  9.75E-15  6.06E-15  4.16E-15  2.79E-15  1.53E-15  8.97E-16
             4.84E-16  1.88E-16  8.36E-17  3.50E-17  1.03E-17  3.93E-18  1.46E-18  3.85E-19  1.38E-19
   242       1.42E-17  9.74E-18  5.66E-18  3.49E-18  1.92E-18  1.03E-18  2.23E-18  5.39E-18  1.30E-17  2.11E-17
             2.95E-17  3.85E-17  4.23E-17  4.34E-17  4.04E-17  3.45E-17  2.63E-17  1.51E-17  8.64E-18
   243       1.28E-14  9.02E-15  5.68E-15  3.98E-15  2.77E-15  1.69E-15  1.15E-15  7.80E-16  5.07E-16  4.17E-16
             3.81E-16  3.51E-16  3.08E-16  2.44E-16  1.47E-16  8.59E-17  4.45E-17  1.60E-17  6.71E-18
   244       7.47E-15  5.27E-15  3.32E-15  2.33E-15  1.62E-15  9.89E-16  6.72E-16  4.58E-16  2.99E-16  2.47E-16
             2.27E-16  2.10E-16  1.85E-16  1.46E-16  8.81E-17  5.15E-17  2.67E-17  9.58E-18  4.02E-18
   245       1.34E-15  9.45E-16  5.95E-16  4.18E-16  2.91E-16  1.79E-16  1.22E-16  8.40E-17  5.59E-17  4.71E-17
             4.40E-17  4.13E-17  3.66E-17  2.90E-17  1.75E-17  1.03E-17  5.33E-18  1.91E-18  8.04E-19
   246       4.41E-15  3.12E-15  1.97E-15  1.39E-15  9.73E-16  6.07E-16  4.25E-16  3.04E-16  2.20E-16  1.99E-16
             1.98E-16  1.96E-16  1.77E-16  1.42E-16  8.66E-17  5.09E-17  2.64E-17  9.51E-18  4.00E-18
   247       2.39E-15  1.69E-15  1.07E-15  7.52E-16  5.30E-16  3.32E-16  2.34E-16  1.69E-16  1.25E-16  1.15E-16
             1.16E-16  1.16E-16  1.05E-16  8.49E-17  5.18E-17  3.05E-17  1.58E-17  5.70E-18  2.40E-18
   248       6.89E-17  4.78E-17  2.85E-17  1.84E-17  1.09E-17  4.51E-18  2.92E-18  5.21E-18  1.37E-17  2.22E-17
             3.05E-17  3.88E-17  4.21E-17  4.28E-17  3.94E-17  3.34E-17  2.54E-17  1.46E-17  8.34E-18
   249       1.13E-15  8.00E-16  5.06E-16  3.57E-16  2.52E-16  1.59E-16  1.14E-16  8.35E-17  6.36E-17  6.04E-17
             6.24E-17  6.33E-17  5.79E-17  4.69E-17  2.87E-17  1.69E-17  8.78E-18  3.16E-18  1.33E-18
   250       7.35E-14  5.19E-14  3.27E-14  2.31E-14  1.62E-14  1.00E-14  6.83E-15  4.53E-15  2.44E-15  1.42E-15
             7.54E-16  2.88E-16  1.28E-16  5.31E-17  1.56E-17  5.94E-18  2.21E-18  5.80E-19  2.08E-19
   251       3.11E-14  2.20E-14  1.39E-14  9.78E-15  6.86E-15  4.25E-15  2.90E-15  1.92E-15  1.04E-15  6.03E-16
             3.22E-16  1.23E-16  5.45E-17  2.27E-17  6.66E-18  2.54E-18  9.43E-19  2.48E-19  8.91E-20
   252       1.87E-14  1.32E-14  8.33E-15  5.87E-15  4.12E-15  2.55E-15  1.74E-15  1.15E-15  6.24E-16  3.62E-16
             1.93E-16  7.39E-17  3.27E-17  1.36E-17  4.00E-18  1.52E-18  5.66E-19  1.49E-19  5.35E-20
   253       5.04E-14  3.56E-14  2.25E-14  1.58E-14  1.11E-14  6.89E-15  4.71E-15  3.14E-15  1.70E-15  9.90E-16
             5.29E-16  2.03E-16  9.00E-17  3.75E-17  1.10E-17  4.20E-18  1.56E-18  4.11E-19  1.48E-19
   254       3.83E-14  2.70E-14  1.69E-14  1.18E-14  8.08E-15  4.70E-15  2.94E-15  1.71E-15  7.20E-16  3.33E-16
             1.41E-16  4.08E-17  1.52E-17  5.54E-18  1.43E-18  5.08E-19  1.80E-19  4.56E-20  1.61E-20
   255       2.30E-14  1.62E-14  1.02E-14  7.07E-15  4.85E-15  2.82E-15  1.77E-15  1.03E-15  4.32E-16  2.00E-16
             8.45E-17  2.45E-17  9.13E-18  3.32E-18  8.56E-19  3.05E-19  1.08E-19  2.74E-20  9.69E-21
   256       4.93E-14  3.47E-14  2.18E-14  1.51E-14  1.04E-14  6.04E-15  3.79E-15  2.20E-15  9.26E-16  4.28E-16
             1.81E-16  5.25E-17  1.96E-17  7.12E-18  1.84E-18  6.53E-19  2.32E-19  5.87E-20  2.08E-20
   257       2.96E-14  2.08E-14  1.31E-14  9.09E-15  6.23E-15  3.63E-15  2.27E-15  1.32E-15  5.56E-16  2.57E-16
             1.09E-16  3.15E-17  1.17E-17  4.27E-18  1.10E-18  3.92E-19  1.39E-19  3.52E-20  1.25E-20
   258       6.03E-14  4.25E-14  2.66E-14  1.85E-14  1.27E-14  7.39E-15  4.63E-15  2.69E-15  1.13E-15  5.23E-16
             2.21E-16  6.42E-17  2.39E-17  8.71E-18  2.24E-18  7.98E-19  2.83E-19  7.17E-20  2.54E-20
   259       3.62E-14  2.55E-14  1.60E-14  1.11E-14  7.62E-15  4.43E-15  2.78E-15  1.61E-15  6.79E-16  3.14E-16
             1.33E-16  3.85E-17  1.44E-17  5.22E-18  1.35E-18  4.79E-19  1.70E-19  4.30E-20  1.52E-20
   260       4.27E-14  3.01E-14  1.89E-14  1.33E-14  9.23E-15  5.56E-15  3.66E-15  2.28E-15  1.08E-15  5.51E-16
             2.55E-16  8.10E-17  3.16E-17  1.18E-17  3.12E-18  1.12E-18  3.99E-19  1.01E-19  3.59E-20
   261       2.56E-14  1.81E-14  1.14E-14  7.97E-15  5.54E-15  3.34E-15  2.19E-15  1.37E-15  6.49E-16  3.31E-16
             1.53E-16  4.86E-17  1.90E-17  7.11E-18  1.87E-18  6.71E-19  2.39E-19  6.08E-20  2.15E-20
   262       1.74E-14  1.23E-14  7.64E-15  5.26E-15  3.54E-15  1.97E-15  1.16E-15  6.28E-16  2.37E-16  1.02E-16
             4.05E-17  1.11E-17  4.06E-18  1.46E-18  3.72E-19  1.32E-19  4.68E-20  1.18E-20  4.19E-21
   263       1.05E-14  7.36E-15  4.58E-15  3.16E-15  2.13E-15  1.18E-15  6.99E-16  3.77E-16  1.42E-16  6.10E-17
             2.43E-17  6.68E-18  2.43E-18  8.74E-19  2.23E-19  7.92E-20  2.81E-20  7.11E-21  2.51E-21
   264       2.13E-14  1.50E-14  9.33E-15  6.43E-15  4.33E-15  2.40E-15  1.42E-15  7.68E-16  2.90E-16  1.24E-16
             4.95E-17  1.36E-17  4.96E-18  1.78E-18  4.55E-19  1.61E-19  5.72E-20  1.45E-20  5.12E-21
   265       1.28E-14  9.00E-15  5.60E-15  3.86E-15  2.60E-15  1.44E-15  8.54E-16  4.61E-16  1.74E-16  7.45E-17
             2.97E-17  8.16E-18  2.97E-18  1.07E-18  2.73E-19  9.68E-20  3.43E-20  8.68E-21  3.07E-21
   266       2.52E-14  1.77E-14  1.10E-14  7.60E-15  5.12E-15  2.84E-15  1.68E-15  9.08E-16  3.43E-16  1.47E-16
             5.84E-17  1.61E-17  5.86E-18  2.10E-18  5.38E-19  1.91E-19  6.75E-20  1.71E-20  6.05E-21
   267       1.51E-14  1.06E-14  6.62E-15  4.56E-15  3.07E-15  1.71E-15  1.01E-15  5.45E-16  2.06E-16  8.81E-17
             3.51E-17  9.64E-18  3.52E-18  1.26E-18  3.23E-19  1.14E-19  4.05E-20  1.03E-20  3.63E-21
   268       4.19E-14  2.96E-14  1.87E-14  1.32E-14  9.25E-15  5.74E-15  3.93E-15  2.62E-15  1.42E-15  8.27E-16
             4.43E-16  1.70E-16  7.54E-17  3.14E-17  9.24E-18  3.52E-18  1.31E-18  3.44E-19  1.24E-19
   269       7.64E-14  5.39E-14  3.39E-14  2.38E-14  1.65E-14  9.96E-15  6.55E-15  4.08E-15  1.94E-15  9.89E-16
             4.58E-16  1.45E-16  5.68E-17  2.13E-17  5.60E-18  2.01E-18  7.15E-19  1.82E-19  6.44E-20
   270       4.58E-14  3.23E-14  2.03E-14  1.43E-14  9.91E-15  5.97E-15  3.93E-15  2.45E-15  1.16E-15  5.93E-16
             2.74E-16  8.72E-17  3.40E-17  1.28E-17  3.36E-18  1.20E-18  4.29E-19  1.09E-19  3.86E-20
   271       5.84E-14  4.12E-14  2.59E-14  1.82E-14  1.26E-14  7.63E-15  5.02E-15  3.13E-15  1.49E-15  7.61E-16
             3.52E-16  1.12E-16  4.38E-17  1.64E-17  4.32E-18  1.55E-18  5.52E-19  1.40E-19  4.97E-20
   272       3.50E-14  2.47E-14  1.55E-14  1.09E-14  7.58E-15  4.57E-15  3.01E-15  1.88E-15  8.93E-16  4.56E-16
             2.11E-16  6.72E-17  2.63E-17  9.84E-18  2.59E-18  9.30E-19  3.31E-19  8.42E-20  2.98E-20
   273       2.85E-14  2.01E-14  1.27E-14  8.95E-15  6.29E-15  3.91E-15  2.69E-15  1.80E-15  9.83E-16  5.75E-16
             3.09E-16  1.19E-16  5.30E-17  2.21E-17  6.52E-18  2.49E-18  9.25E-19  2.43E-19  8.75E-20
   274       3.28E-17  2.28E-17  1.36E-17  8.79E-18  5.22E-18  2.17E-18  1.45E-18  2.78E-18  7.61E-18  1.26E-17
             1.77E-17  2.29E-17  2.50E-17  2.55E-17  2.36E-17  2.00E-17  1.52E-17  8.75E-18  5.00E-18
   275       8.79E-15  6.20E-15  3.89E-15  2.72E-15  1.88E-15  1.13E-15  7.49E-16  4.95E-16  3.09E-16  2.48E-16
             2.26E-16  2.08E-16  1.84E-16  1.46E-16  8.80E-17  5.15E-17  2.66E-17  9.55E-18  4.01E-18
   276       5.15E-15  3.63E-15  2.28E-15  1.59E-15  1.10E-15  6.63E-16  4.41E-16  2.92E-16  1.83E-16  1.48E-16
             1.35E-16  1.25E-16  1.10E-16  8.75E-17  5.28E-17  3.09E-17  1.60E-17  5.73E-18  2.41E-18
   277       9.39E-16  6.62E-16  4.16E-16  2.91E-16  2.02E-16  1.22E-16  8.15E-17  5.45E-17  3.47E-17  2.85E-17
             2.64E-17  2.47E-17  2.19E-17  1.74E-17  1.05E-17  6.16E-18  3.19E-18  1.15E-18  4.81E-19
   278       3.31E-15  2.34E-15  1.47E-15  1.03E-15  7.23E-16  4.44E-16  3.05E-16  2.11E-16  1.44E-16  1.26E-16
             1.22E-16  1.19E-16  1.07E-16  8.60E-17  5.23E-17  3.06E-17  1.59E-17  5.71E-18  2.40E-18
   279       1.83E-15  1.29E-15  8.14E-16  5.72E-16  4.01E-16  2.47E-16  1.71E-16  1.19E-16  8.31E-17  7.36E-17
             7.23E-17  7.09E-17  6.40E-17  5.14E-17  3.13E-17  1.84E-17  9.52E-18  3.42E-18  1.44E-18
   280       8.94E-16  6.32E-16  3.99E-16  2.81E-16  1.97E-16  1.23E-16  8.55E-17  6.07E-17  4.34E-17  3.93E-17
             3.92E-17  3.90E-17  3.53E-17  2.85E-17  1.73E-17  1.02E-17  5.28E-18  1.90E-18  7.98E-19
   281       8.60E-17  5.98E-17  3.59E-17  2.33E-17  1.40E-17  5.98E-18  3.23E-18  4.11E-18  9.33E-18  1.45E-17
             1.96E-17  2.47E-17  2.67E-17  2.70E-17  2.50E-17  2.13E-17  1.63E-17  9.35E-18  5.31E-18
   282       4.93E-14  3.48E-14  2.20E-14  1.55E-14  1.09E-14  6.71E-15  4.57E-15  3.02E-15  1.63E-15  9.41E-16
             5.01E-16  1.91E-16  8.45E-17  3.51E-17  1.03E-17  3.90E-18  1.45E-18  3.80E-19  1.37E-19
   283       2.09E-14  1.48E-14  9.32E-15  6.56E-15  4.61E-15  2.85E-15  1.94E-15  1.29E-15  6.93E-16  4.01E-16
             2.14E-16  8.17E-17  3.61E-17  1.50E-17  4.39E-18  1.67E-18  6.19E-19  1.63E-19  5.84E-20
   284       1.25E-14  8.86E-15  5.59E-15  3.94E-15  2.76E-15  1.71E-15  1.17E-15  7.72E-16  4.16E-16  2.41E-16
             1.28E-16  4.90E-17  2.17E-17  9.01E-18  2.64E-18  1.00E-18  3.72E-19  9.76E-20  3.51E-20
   285       3.40E-14  2.40E-14  1.52E-14  1.07E-14  7.50E-15  4.65E-15  3.18E-15  2.11E-15  1.14E-15  6.61E-16
             3.53E-16  1.35E-16  5.98E-17  2.49E-17  7.28E-18  2.77E-18  1.03E-18  2.70E-19  9.69E-20
   286       3.37E-14  2.38E-14  1.49E-14  1.04E-14  7.11E-15  4.13E-15  2.59E-15  1.50E-15  6.32E-16  2.92E-16
             1.23E-16  3.58E-17  1.33E-17  4.85E-18  1.25E-18  4.45E-19  1.58E-19  4.00E-20  1.41E-20
   287       2.02E-14  1.43E-14  8.93E-15  6.22E-15  4.27E-15  2.48E-15  1.55E-15  9.02E-16  3.79E-16  1.75E-16
             7.41E-17  2.15E-17  8.00E-18  2.91E-18  7.50E-19  2.67E-19  9.46E-20  2.40E-20  8.48E-21
   288       4.34E-14  3.06E-14  1.91E-14  1.33E-14  9.14E-15  5.32E-15  3.33E-15  1.93E-15  8.12E-16  3.75E-16
             1.59E-16  4.60E-17  1.71E-17  6.24E-18  1.61E-18  5.72E-19  2.03E-19  5.14E-20  1.82E-20
   289       2.60E-14  1.83E-14  1.15E-14  7.99E-15  5.48E-15  3.19E-15  2.00E-15  1.16E-15  4.87E-16  2.25E-16
             9.52E-17  2.76E-17  1.03E-17  3.74E-18  9.64E-19  3.43E-19  1.22E-19  3.08E-20  1.09E-20
   290       5.30E-14  3.73E-14  2.34E-14  1.63E-14  1.12E-14  6.50E-15  4.07E-15  2.36E-15  9.93E-16  4.59E-16
             1.94E-16  5.62E-17  2.10E-17  7.62E-18  1.96E-18  6.99E-19  2.48E-19  6.28E-20  2.22E-20
   291       3.18E-14  2.24E-14  1.40E-14  9.77E-15  6.70E-15  3.90E-15  2.44E-15  1.42E-15  5.96E-16  2.75E-16
             1.16E-16  3.37E-17  1.26E-17  4.57E-18  1.18E-18  4.19E-19  1.49E-19  3.77E-20  1.33E-20
   292       3.12E-14  2.20E-14  1.39E-14  9.72E-15  6.76E-15  4.07E-15  2.67E-15  1.66E-15  7.86E-16  4.00E-16
             1.85E-16  5.87E-17  2.29E-17  8.58E-18  2.26E-18  8.10E-19  2.89E-19  7.33E-20  2.60E-20
   293       1.87E-14  1.32E-14  8.32E-15  5.83E-15  4.05E-15  2.44E-15  1.60E-15  9.96E-16  4.72E-16  2.40E-16
             1.11E-16  3.52E-17  1.37E-17  5.15E-18  1.35E-18  4.86E-19  1.73E-19  4.40E-20  1.56E-20
   294       2.45E-14  1.72E-14  1.07E-14  7.38E-15  4.97E-15  2.76E-15  1.63E-15  8.81E-16  3.32E-16  1.42E-16
             5.67E-17  1.56E-17  5.68E-18  2.04E-18  5.21E-19  1.85E-19  6.55E-20  1.66E-20  5.86E-21
   295       1.47E-14  1.03E-14  6.42E-15  4.43E-15  2.98E-15  1.66E-15  9.80E-16  5.29E-16  1.99E-16  8.54E-17
             3.40E-17  9.35E-18  3.41E-18  1.22E-18  3.13E-19  1.11E-19  3.93E-20  9.95E-21  3.52E-21
   296       2.99E-14  2.10E-14  1.31E-14  9.02E-15  6.07E-15  3.37E-15  2.00E-15  1.08E-15  4.06E-16  1.74E-16
             6.93E-17  1.90E-17  6.94E-18  2.49E-18  6.37E-19  2.26E-19  8.00E-20  2.03E-20  7.17E-21
   297       1.79E-14  1.26E-14  7.85E-15  5.41E-15  3.64E-15  2.02E-15  1.20E-15  6.46E-16  2.44E-16  1.04E-16
             4.16E-17  1.14E-17  4.16E-18  1.50E-18  3.82E-19  1.36E-19  4.80E-20  1.22E-20  4.30E-21
   298       3.53E-14  2.48E-14  1.55E-14  1.07E-14  7.18E-15  3.99E-15  2.36E-15  1.27E-15  4.80E-16  2.06E-16
             8.19E-17  2.25E-17  8.20E-18  2.95E-18  7.53E-19  2.67E-19  9.46E-20  2.39E-20  8.47E-21
   299       2.12E-14  1.49E-14  9.28E-15  6.39E-15  4.31E-15  2.39E-15  1.42E-15  7.64E-16  2.88E-16  1.23E-16
             4.91E-17  1.35E-17  4.92E-18  1.77E-18  4.52E-19  1.60E-19  5.67E-20  1.44E-20  5.08E-21
   300       2.83E-14  2.00E-14  1.26E-14  8.89E-15  6.24E-15  3.87E-15  2.65E-15  1.76E-15  9.52E-16  5.53E-16
             2.95E-16  1.13E-16  5.01E-17  2.09E-17  6.11E-18  2.32E-18  8.62E-19  2.26E-19  8.13E-20
   301       5.59E-14  3.95E-14  2.48E-14  1.74E-14  1.21E-14  7.29E-15  4.79E-15  2.98E-15  1.41E-15  7.18E-16
             3.32E-16  1.05E-16  4.11E-17  1.54E-17  4.06E-18  1.45E-18  5.18E-19  1.32E-19  4.67E-20
   302       9.01E-15  6.32E-15  3.90E-15  2.65E-15  1.75E-15  9.18E-16  5.12E-16  2.57E-16  8.87E-17  3.59E-17
             1.38E-17  3.67E-18  1.32E-18  4.72E-19  1.20E-19  4.26E-20  1.51E-20  3.81E-21  1.35E-21
   303       5.41E-15  3.79E-15  2.34E-15  1.59E-15  1.05E-15  5.51E-16  3.07E-16  1.54E-16  5.32E-17  2.16E-17
             8.26E-18  2.20E-18  7.93E-19  2.83E-19  7.21E-20  2.55E-20  9.04E-21  2.29E-21  8.09E-22
   304       1.07E-14  7.47E-15  4.61E-15  3.14E-15  2.06E-15  1.09E-15  6.05E-16  3.04E-16  1.05E-16  4.25E-17
             1.63E-17  4.34E-18  1.56E-18  5.58E-19  1.42E-19  5.03E-20  1.78E-20  4.51E-21  1.59E-21
   305       6.39E-15  4.48E-15  2.77E-15  1.88E-15  1.24E-15  6.51E-16  3.63E-16  1.83E-16  6.29E-17  2.55E-17
             9.76E-18  2.60E-18  9.38E-19  3.35E-19  8.52E-20  3.02E-20  1.07E-20  2.70E-21  9.56E-22
   306       1.23E-14  8.62E-15  5.32E-15  3.62E-15  2.38E-15  1.25E-15  6.98E-16  3.51E-16  1.21E-16  4.90E-17
             1.88E-17  5.01E-18  1.80E-18  6.44E-19  1.64E-19  5.80E-20  2.05E-20  5.20E-21  1.84E-21
   307       7.37E-15  5.17E-15  3.19E-15  2.17E-15  1.43E-15  7.51E-16  4.19E-16  2.11E-16  7.26E-17  2.94E-17
             1.13E-17  3.00E-18  1.08E-18  3.86E-19  9.83E-20  3.48E-20  1.23E-20  3.12E-21  1.10E-21
   308       3.35E-14  2.37E-14  1.49E-14  1.04E-14  7.26E-15  4.37E-15  2.87E-15  1.79E-15  8.46E-16  4.31E-16
             1.99E-16  6.32E-17  2.47E-17  9.24E-18  2.43E-18  8.73E-19  3.11E-19  7.90E-20  2.80E-20
   309       4.29E-14  3.02E-14  1.90E-14  1.33E-14  9.28E-15  5.60E-15  3.68E-15  2.29E-15  1.09E-15  5.54E-16
             2.56E-16  8.14E-17  3.18E-17  1.19E-17  3.14E-18  1.13E-18  4.01E-19  1.02E-19  3.61E-20
   310       2.57E-14  1.81E-14  1.14E-14  8.00E-15  5.56E-15  3.36E-15  2.21E-15  1.37E-15  6.52E-16  3.32E-16
             1.54E-16  4.88E-17  1.91E-17  7.15E-18  1.88E-18  6.75E-19  2.40E-19  6.11E-20  2.16E-20
   311       1.94E-14  1.37E-14  8.64E-15  6.09E-15  4.28E-15  2.66E-15  1.82E-15  1.22E-15  6.64E-16  3.87E-16
             2.08E-16  7.98E-17  3.54E-17  1.47E-17  4.32E-18  1.64E-18  6.11E-19  1.60E-19  5.76E-20
   312       4.23E-17  2.94E-17  1.77E-17  1.15E-17  6.97E-18  2.98E-18  1.64E-18  2.23E-18  5.30E-18  8.42E-18
             1.15E-17  1.46E-17  1.59E-17  1.61E-17  1.49E-17  1.28E-17  9.76E-18  5.61E-18  3.19E-18
   313       6.44E-15  4.54E-15  2.84E-15  1.98E-15  1.36E-15  8.04E-16  5.25E-16  3.39E-16  2.04E-16  1.61E-16
             1.46E-16  1.34E-16  1.19E-16  9.45E-17  5.73E-17  3.36E-17  1.75E-17  6.27E-18  2.63E-18
   314       3.79E-15  2.67E-15  1.67E-15  1.17E-15  8.02E-16  4.74E-16  3.10E-16  2.01E-16  1.21E-16  9.61E-17
             8.70E-17  8.05E-17  7.12E-17  5.67E-17  3.44E-17  2.02E-17  1.05E-17  3.76E-18  1.58E-18
   315       6.99E-16  4.93E-16  3.09E-16  2.15E-16  1.48E-16  8.83E-17  5.81E-17  3.79E-17  2.33E-17  1.87E-17
             1.71E-17  1.60E-17  1.42E-17  1.13E-17  6.86E-18  4.03E-18  2.09E-18  7.51E-19  3.16E-19
   316       2.59E-15  1.83E-15  1.15E-15  8.04E-16  5.59E-16  3.39E-16  2.28E-16  1.54E-16  1.01E-16  8.51E-17
             8.11E-17  7.80E-17  6.99E-17  5.60E-17  3.41E-17  2.01E-17  1.04E-17  3.75E-18  1.58E-18
   317       1.45E-15  1.02E-15  6.42E-16  4.50E-16  3.14E-16  1.91E-16  1.30E-16  8.82E-17  5.85E-17  5.00E-17
             4.81E-17  4.65E-17  4.18E-17  3.35E-17  2.05E-17  1.20E-17  6.25E-18  2.25E-18  9.45E-19
   318       7.23E-16  5.10E-16  3.21E-16  2.26E-16  1.58E-16  9.69E-17  6.63E-17  4.57E-17  3.10E-17  2.70E-17
             2.63E-17  2.56E-17  2.31E-17  1.86E-17  1.13E-17  6.68E-18  3.47E-18  1.25E-18  5.25E-19
   319       3.47E-14  2.45E-14  1.55E-14  1.09E-14  7.63E-15  4.71E-15  3.20E-15  2.11E-15  1.13E-15  6.54E-16
             3.48E-16  1.32E-16  5.85E-17  2.43E-17  7.13E-18  2.72E-18  1.01E-18  2.66E-19  9.56E-20
   320       1.47E-14  1.04E-14  6.56E-15  4.62E-15  3.24E-15  2.00E-15  1.36E-15  9.00E-16  4.84E-16  2.79E-16
             1.49E-16  5.66E-17  2.50E-17  1.04E-17  3.05E-18  1.16E-18  4.33E-19  1.14E-19  4.09E-20
   321       8.84E-15  6.24E-15  3.94E-15  2.77E-15  1.94E-15  1.20E-15  8.17E-16  5.40E-16  2.90E-16  1.68E-16
             8.91E-17  3.40E-17  1.50E-17  6.24E-18  1.83E-18  6.98E-19  2.60E-19  6.83E-20  2.45E-20
   322       2.41E-14  1.70E-14  1.07E-14  7.55E-15  5.30E-15  3.28E-15  2.23E-15  1.48E-15  7.98E-16  4.61E-16
             2.46E-16  9.39E-17  4.15E-17  1.73E-17  5.07E-18  1.93E-18  7.19E-19  1.89E-19  6.80E-20
   323       2.77E-14  1.95E-14  1.22E-14  8.50E-15  5.83E-15  3.39E-15  2.12E-15  1.23E-15  5.16E-16  2.38E-16
             1.01E-16  2.92E-17  1.09E-17  3.95E-18  1.02E-18  3.62E-19  1.28E-19  3.26E-20  1.15E-20
   324       1.66E-14  1.17E-14  7.32E-15  5.10E-15  3.50E-15  2.03E-15  1.27E-15  7.37E-16  3.10E-16  1.43E-16
             6.04E-17  1.75E-17  6.52E-18  2.37E-18  6.11E-19  2.17E-19  7.71E-20  1.95E-20  6.91E-21
   325       3.56E-14  2.51E-14  1.57E-14  1.09E-14  7.49E-15  4.35E-15  2.72E-15  1.58E-15  6.64E-16  3.06E-16
             1.29E-16  3.75E-17  1.40E-17  5.08E-18  1.31E-18  4.66E-19  1.65E-19  4.19E-20  1.48E-20
   326       2.13E-14  1.50E-14  9.42E-15  6.55E-15  4.50E-15  2.61E-15  1.63E-15  9.48E-16  3.98E-16  1.84E-16
             7.77E-17  2.25E-17  8.38E-18  3.05E-18  7.86E-19  2.79E-19  9.91E-20  2.51E-20  8.89E-21
   327       4.35E-14  3.06E-14  1.92E-14  1.34E-14  9.16E-15  5.32E-15  3.33E-15  1.93E-15  8.11E-16  3.74E-16
             1.58E-16  4.58E-17  1.71E-17  6.21E-18  1.60E-18  5.69E-19  2.02E-19  5.12E-20  1.81E-20
   328       2.61E-14  1.84E-14  1.15E-14  8.01E-15  5.49E-15  3.19E-15  2.00E-15  1.16E-15  4.87E-16  2.25E-16
             9.49E-17  2.75E-17  1.02E-17  3.73E-18  9.60E-19  3.42E-19  1.21E-19  3.07E-20  1.09E-20
   329       2.32E-14  1.64E-14  1.03E-14  7.22E-15  5.01E-15  3.02E-15  1.98E-15  1.23E-15  5.79E-16  2.94E-16
             1.36E-16  4.30E-17  1.68E-17  6.28E-18  1.65E-18  5.93E-19  2.11E-19  5.37E-20  1.90E-20
   330       1.39E-14  9.82E-15  6.18E-15  4.33E-15  3.01E-15  1.81E-15  1.19E-15  7.36E-16  3.47E-16  1.76E-16
             8.14E-17  2.58E-17  1.01E-17  3.77E-18  9.92E-19  3.56E-19  1.27E-19  3.22E-20  1.14E-20
   331       2.48E-14  1.74E-14  1.09E-14  7.48E-15  5.04E-15  2.80E-15  1.66E-15  8.92E-16  3.36E-16  1.44E-16
             5.74E-17  1.58E-17  5.75E-18  2.06E-18  5.27E-19  1.87E-19  6.63E-20  1.68E-20  5.93E-21
   332       1.49E-14  1.05E-14  6.51E-15  4.49E-15  3.02E-15  1.68E-15  9.93E-16  5.35E-16  2.02E-16  8.65E-17
             3.44E-17  9.46E-18  3.45E-18  1.24E-18  3.16E-19  1.12E-19  3.98E-20  1.01E-20  3.56E-21
   333       3.03E-14  2.13E-14  1.33E-14  9.14E-15  6.16E-15  3.42E-15  2.02E-15  1.09E-15  4.11E-16  1.76E-16
             7.01E-17  1.93E-17  7.02E-18  2.52E-18  6.45E-19  2.29E-19  8.10E-20  2.05E-20  7.25E-21
   334       1.82E-14  1.28E-14  7.96E-15  5.49E-15  3.69E-15  2.05E-15  1.21E-15  6.54E-16  2.47E-16  1.06E-16
             4.21E-17  1.16E-17  4.21E-18  1.51E-18  3.87E-19  1.37E-19  4.86E-20  1.23E-20  4.35E-21
   335       3.58E-14  2.52E-14  1.57E-14  1.08E-14  7.28E-15  4.04E-15  2.39E-15  1.29E-15  4.86E-16  2.08E-16
             8.29E-17  2.28E-17  8.30E-18  2.98E-18  7.62E-19  2.70E-19  9.57E-20  2.42E-20  8.57E-21
   336       2.15E-14  1.51E-14  9.41E-15  6.48E-15  4.37E-15  2.42E-15  1.43E-15  7.73E-16  2.92E-16  1.25E-16
             4.97E-17  1.37E-17  4.98E-18  1.79E-18  4.57E-19  1.62E-19  5.74E-20  1.45E-20  5.14E-21
   337       2.00E-14  1.41E-14  8.92E-15  6.29E-15  4.41E-15  2.73E-15  1.86E-15  1.24E-15  6.67E-16  3.86E-16
             2.06E-16  7.86E-17  3.48E-17  1.45E-17  4.25E-18  1.62E-18  6.03E-19  1.59E-19  5.70E-20
   338       4.16E-14  2.93E-14  1.85E-14  1.29E-14  8.99E-15  5.41E-15  3.54E-15  2.20E-15  1.04E-15  5.28E-16
             2.44E-16  7.73E-17  3.01E-17  1.13E-17  2.97E-18  1.07E-18  3.80E-19  9.65E-20  3.42E-20
   339       1.50E-14  1.05E-14  6.50E-15  4.42E-15  2.91E-15  1.53E-15  8.53E-16  4.29E-16  1.48E-16  5.99E-17
             2.29E-17  6.11E-18  2.20E-18  7.86E-19  2.00E-19  7.09E-20  2.51E-20  6.35E-21  2.24E-21
   340       9.01E-15  6.32E-15  3.90E-15  2.65E-15  1.74E-15  9.18E-16  5.12E-16  2.57E-16  8.86E-17  3.59E-17
             1.38E-17  3.67E-18  1.32E-18  4.72E-19  1.20E-19  4.25E-20  1.50E-20  3.81E-21  1.35E-21
   341       1.77E-14  1.24E-14  7.68E-15  5.22E-15  3.44E-15  1.81E-15  1.01E-15  5.07E-16  1.75E-16  7.07E-17
             2.71E-17  7.22E-18  2.60E-18  9.29E-19  2.36E-19  8.37E-20  2.96E-20  7.50E-21  2.65E-21
   342       1.06E-14  7.46E-15  4.61E-15  3.13E-15  2.06E-15  1.08E-15  6.05E-16  3.04E-16  1.05E-16  4.24E-17
             1.63E-17  4.33E-18  1.56E-18  5.57E-19  1.42E-19  5.02E-20  1.78E-20  4.50E-21  1.59E-21
   343       2.05E-14  1.44E-14  8.86E-15  6.03E-15  3.97E-15  2.09E-15  1.16E-15  5.85E-16  2.01E-16  8.16E-17
             3.13E-17  8.34E-18  3.00E-18  1.07E-18  2.73E-19  9.66E-20  3.42E-20  8.66E-21  3.06E-21
   344       1.23E-14  8.61E-15  5.32E-15  3.62E-15  2.38E-15  1.25E-15  6.98E-16  3.51E-16  1.21E-16  4.90E-17
             1.88E-17  5.00E-18  1.80E-18  6.43E-19  1.64E-19  5.80E-20  2.05E-20  5.19E-21  1.84E-21
   345       2.49E-14  1.76E-14  1.11E-14  7.76E-15  5.39E-15  3.24E-15  2.13E-15  1.32E-15  6.24E-16  3.17E-16
             1.46E-16  4.63E-17  1.81E-17  6.77E-18  1.78E-18  6.39E-19  2.28E-19  5.79E-20  2.05E-20
   346       4.66E-15  3.25E-15  1.99E-15  1.33E-15  8.50E-16  4.22E-16  2.21E-16  1.05E-16  3.35E-17  1.31E-17
             4.88E-18  1.28E-18  4.58E-19  1.63E-19  4.14E-20  1.46E-20  5.18E-21  1.31E-21  4.64E-22
   347       2.79E-15  1.95E-15  1.19E-15  7.97E-16  5.10E-16  2.53E-16  1.33E-16  6.27E-17  2.01E-17  7.84E-18
             2.93E-18  7.68E-19  2.75E-19  9.77E-20  2.48E-20  8.79E-21  3.11E-21  7.87E-22  2.78E-22
   348       5.37E-15  3.75E-15  2.29E-15  1.53E-15  9.81E-16  4.86E-16  2.56E-16  1.21E-16  3.87E-17  1.51E-17
             5.63E-18  1.48E-18  5.28E-19  1.88E-19  4.77E-20  1.69E-20  5.98E-21  1.51E-21  5.35E-22
   349       3.22E-15  2.25E-15  1.37E-15  9.20E-16  5.89E-16  2.92E-16  1.53E-16  7.24E-17  2.32E-17  9.05E-18
             3.38E-18  8.86E-19  3.17E-19  1.13E-19  2.86E-20  1.01E-20  3.59E-21  9.08E-22  3.21E-22
   350       6.09E-15  4.25E-15  2.60E-15  1.74E-15  1.11E-15  5.51E-16  2.90E-16  1.37E-16  4.38E-17  1.71E-17
             6.39E-18  1.67E-18  5.99E-19  2.13E-19  5.41E-20  1.91E-20  6.77E-21  1.71E-21  6.06E-22
   351       3.65E-15  2.55E-15  1.56E-15  1.04E-15  6.67E-16  3.31E-16  1.74E-16  8.20E-17  2.63E-17  1.03E-17
             3.83E-18  1.00E-18  3.59E-19  1.28E-19  3.25E-20  1.15E-20  4.06E-21  1.03E-21  3.64E-22
   352       3.19E-14  2.25E-14  1.42E-14  9.93E-15  6.91E-15  4.16E-15  2.73E-15  1.70E-15  8.03E-16  4.08E-16
             1.89E-16  5.98E-17  2.33E-17  8.74E-18  2.30E-18  8.25E-19  2.94E-19  7.47E-20  2.65E-20
   353       1.91E-14  1.35E-14  8.50E-15  5.96E-15  4.14E-15  2.49E-15  1.64E-15  1.02E-15  4.81E-16  2.45E-16
             1.13E-16  3.59E-17  1.40E-17  5.24E-18  1.38E-18  4.95E-19  1.76E-19  4.48E-20  1.59E-20
   354       1.38E-14  9.73E-15  6.14E-15  4.33E-15  3.04E-15  1.89E-15  1.29E-15  8.61E-16  4.67E-16  2.71E-16
             1.45E-16  5.56E-17  2.46E-17  1.03E-17  3.02E-18  1.15E-18  4.28E-19  1.13E-19  4.05E-20


 -----------------------------------------
 PRTF= 2  TRMPRT= (4P)  SPNPRT= 4  NSYS= 2
                                                                                              -----------------
                                                                                              SYS= 1  SPNSYS= 3
   IREP
   ----
     2       2.55E-12  1.81E-12  1.14E-12  8.09E-13  5.73E-13  3.65E-13  2.61E-13  1.89E-13  1.27E-13  9.86E-14
             8.16E-14  7.07E-14  6.57E-14  5.83E-14  4.23E-14  2.88E-14  1.74E-14  7.86E-15  3.96E-15
     3       4.46E-13  3.15E-13  1.99E-13  1.40E-13  9.88E-14  6.17E-14  4.28E-14  2.93E-14  1.74E-14  1.17E-14
             8.24E-15  5.76E-15  4.64E-15  3.65E-15  2.38E-15  1.55E-15  9.26E-16  4.19E-16  2.12E-16
     4       4.13E-13  2.91E-13  1.84E-13  1.29E-13  9.05E-14  5.56E-14  3.77E-14  2.48E-14  1.34E-14  8.07E-15
             4.87E-15  2.73E-15  1.92E-15  1.39E-15  8.50E-16  5.36E-16  3.13E-16  1.38E-16  6.86E-17
     5       3.72E-13  2.62E-13  1.65E-13  1.16E-13  8.06E-14  4.89E-14  3.25E-14  2.07E-14  1.06E-14  5.97E-15
             3.31E-15  1.61E-15  1.03E-15  6.98E-16  4.05E-16  2.50E-16  1.43E-16  6.21E-17  3.06E-17
     6       3.31E-13  2.33E-13  1.47E-13  1.03E-13  7.10E-14  4.24E-14  2.77E-14  1.72E-14  8.34E-15  4.52E-15
             2.37E-15  1.06E-15  6.32E-16  4.05E-16  2.25E-16  1.37E-16  7.76E-17  3.33E-17  1.63E-17
     7       2.95E-13  2.08E-13  1.30E-13  9.10E-14  6.26E-14  3.68E-14  2.36E-14  1.43E-14  6.66E-15  3.49E-15
             1.76E-15  7.39E-16  4.20E-16  2.58E-16  1.39E-16  8.29E-17  4.65E-17  1.98E-17  9.64E-18
     8       2.66E-13  1.87E-13  1.17E-13  8.12E-14  5.55E-14  3.21E-14  2.02E-14  1.19E-14  5.39E-15  2.75E-15
             1.35E-15  5.41E-16  2.96E-16  1.76E-16  9.25E-17  5.48E-17  3.06E-17  1.29E-17  6.27E-18
     9       2.41E-13  1.69E-13  1.06E-13  7.30E-14  4.95E-14  2.82E-14  1.74E-14  1.01E-14  4.42E-15  2.20E-15
             1.06E-15  4.09E-16  2.17E-16  1.26E-16  6.45E-17  3.79E-17  2.11E-17  8.85E-18  4.29E-18
    10       2.20E-13  1.54E-13  9.59E-14  6.60E-14  4.44E-14  2.49E-14  1.51E-14  8.59E-15  3.66E-15  1.79E-15
             8.45E-16  3.18E-16  1.65E-16  9.33E-17  4.69E-17  2.72E-17  1.50E-17  6.23E-18  3.00E-18
    11       2.02E-13  1.42E-13  8.77E-14  6.01E-14  4.01E-14  2.21E-14  1.32E-14  7.37E-15  3.07E-15  1.48E-15
             6.87E-16  2.53E-16  1.28E-16  7.15E-17  3.53E-17  2.04E-17  1.13E-17  4.70E-18  2.27E-18
    12       1.86E-13  1.31E-13  8.07E-14  5.50E-14  3.64E-14  1.97E-14  1.16E-14  6.38E-15  2.60E-15  1.24E-15
             5.67E-16  2.04E-16  1.02E-16  5.61E-17  2.75E-17  1.58E-17  8.63E-18  3.57E-18  1.71E-18
    13       1.73E-13  1.21E-13  7.45E-14  5.05E-14  3.32E-14  1.77E-14  1.03E-14  5.56E-15  2.23E-15  1.05E-15
             4.73E-16  1.68E-16  8.25E-17  4.44E-17  2.12E-17  1.20E-17  6.51E-18  2.70E-18  1.30E-18
    14       1.61E-13  1.13E-13  6.91E-14  4.66E-14  3.04E-14  1.60E-14  9.12E-15  4.87E-15  1.92E-15  8.92E-16
             4.00E-16  1.40E-16  6.78E-17  3.60E-17  1.70E-17  9.61E-18  5.23E-18  2.16E-18  1.04E-18
    15       1.51E-13  1.05E-13  6.43E-14  4.31E-14  2.78E-14  1.44E-14  8.14E-15  4.29E-15  1.67E-15  7.67E-16
             3.41E-16  1.18E-16  5.68E-17  2.99E-17  1.40E-17  7.90E-18  4.27E-18  1.75E-18  8.39E-19
    16       1.42E-13  9.90E-14  6.02E-14  4.01E-14  2.57E-14  1.31E-14  7.30E-15  3.80E-15  1.46E-15  6.64E-16
             2.93E-16  1.00E-16  4.79E-17  2.51E-17  1.16E-17  6.51E-18  3.51E-18  1.44E-18  6.86E-19
    17       1.27E-13  8.80E-14  5.30E-14  3.49E-14  2.20E-14  1.09E-14  5.94E-15  3.03E-15  1.13E-15  5.08E-16
             2.21E-16  7.45E-17  3.50E-17  1.80E-17  8.23E-18  4.57E-18  2.45E-18  9.95E-19  4.64E-19
    18       1.14E-13  7.91E-14  4.72E-14  3.07E-14  1.90E-14  9.21E-15  4.92E-15  2.46E-15  9.02E-16  4.00E-16
             1.72E-16  5.71E-17  2.65E-17  1.34E-17  6.06E-18  3.34E-18  1.78E-18  7.19E-19  3.32E-19
    19       1.04E-13  7.17E-14  4.23E-14  2.72E-14  1.66E-14  7.84E-15  4.12E-15  2.03E-15  7.31E-16  3.21E-16
             1.37E-16  4.48E-17  2.05E-17  1.03E-17  4.59E-18  2.51E-18  1.34E-18  5.40E-19  2.56E-19
    20       9.14E-14  6.25E-14  3.63E-14  2.30E-14  1.37E-14  6.27E-15  3.22E-15  1.55E-15  5.48E-16  2.37E-16
             1.00E-16  3.23E-17  1.46E-17  7.21E-18  3.16E-18  1.72E-18  9.09E-19  3.66E-19  1.73E-19
    21       7.82E-14  5.30E-14  3.02E-14  1.86E-14  1.08E-14  4.79E-15  2.39E-15  1.13E-15  3.89E-16  1.66E-16
             6.93E-17  2.20E-17  9.80E-18  4.77E-18  2.06E-18  1.11E-18  5.82E-19  2.33E-19  1.09E-19
    22       6.38E-14  4.26E-14  2.35E-14  1.41E-14  7.91E-15  3.33E-15  1.62E-15  7.44E-16  2.50E-16  1.05E-16
             4.32E-17  1.35E-17  5.90E-18  2.82E-18  1.19E-18  6.35E-19  3.32E-19  1.32E-19  6.11E-20
    23       5.65E-14  3.74E-14  2.02E-14  1.19E-14  6.53E-15  2.68E-15  1.28E-15  5.82E-16  1.92E-16  8.02E-17
             3.28E-17  1.01E-17  4.41E-18  2.09E-18  8.72E-19  4.62E-19  2.40E-19  9.48E-20  4.38E-20
    24       4.80E-14  3.12E-14  1.64E-14  9.37E-15  5.02E-15  2.00E-15  9.35E-16  4.17E-16  1.36E-16  5.60E-17
             2.27E-17  6.94E-18  2.99E-18  1.40E-18  5.76E-19  3.03E-19  1.57E-19  6.14E-20  2.81E-20
    25       4.34E-14  2.79E-14  1.44E-14  8.10E-15  4.27E-15  1.67E-15  7.72E-16  3.41E-16  1.10E-16  4.51E-17
             1.82E-17  5.53E-18  2.37E-18  1.10E-18  4.50E-19  2.36E-19  1.22E-19  4.74E-20  2.16E-20
    26       3.77E-14  2.39E-14  1.20E-14  6.60E-15  3.41E-15  1.30E-15  5.93E-16  2.59E-16  8.23E-17  3.36E-17
             1.35E-17  4.06E-18  1.73E-18  7.98E-19  3.23E-19  1.68E-19  8.63E-20  3.33E-20  1.51E-20
    27       3.31E-14  2.07E-14  1.01E-14  5.46E-15  2.77E-15  1.04E-15  4.66E-16  2.02E-16  6.34E-17  2.57E-17
             1.03E-17  3.08E-18  1.30E-18  5.97E-19  2.39E-19  1.24E-19  6.34E-20  2.43E-20  1.09E-20
    28       2.77E-14  1.69E-14  7.99E-15  4.21E-15  2.09E-15  7.60E-16  3.37E-16  1.44E-16  4.47E-17  1.80E-17
             7.14E-18  2.13E-18  8.93E-19  4.06E-19  1.61E-19  8.29E-20  4.21E-20  1.59E-20  7.09E-21
    29       2.27E-14  1.35E-14  6.15E-15  3.16E-15  1.53E-15  5.43E-16  2.37E-16  1.00E-16  3.07E-17  1.23E-17
             4.85E-18  1.43E-18  5.97E-19  2.69E-19  1.06E-19  5.41E-20  2.75E-20  1.06E-20  4.86E-21
    30       1.67E-14  9.56E-15  4.14E-15  2.05E-15  9.61E-16  3.30E-16  1.41E-16  5.88E-17  1.78E-17  7.05E-18
             2.76E-18  8.08E-19  3.34E-19  1.49E-19  5.74E-20  2.92E-20  1.47E-20  5.62E-21  2.54E-21
    31       1.34E-14  7.50E-15  3.14E-15  1.52E-15  6.99E-16  2.36E-16  9.98E-17  4.11E-17  1.23E-17  4.86E-18
             1.89E-18  5.51E-19  2.26E-19  1.00E-19  3.84E-20  1.94E-20  9.73E-21  3.68E-21  1.65E-21
    32       9.73E-15  5.23E-15  2.09E-15  9.84E-16  4.42E-16  1.45E-16  6.07E-17  2.47E-17  7.33E-18  2.87E-18
             1.11E-18  3.21E-19  1.31E-19  5.75E-20  2.17E-20  1.09E-20  5.43E-21  2.02E-21  8.94E-22
    33       7.56E-15  3.96E-15  1.53E-15  7.07E-16  3.13E-16  1.01E-16  4.18E-17  1.69E-17  4.97E-18  1.94E-18
             7.48E-19  2.15E-19  8.73E-20  3.80E-20  1.43E-20  7.11E-21  3.52E-21  1.30E-21  5.66E-22
    34       5.14E-15  2.59E-15  9.63E-16  4.32E-16  1.87E-16  5.93E-17  2.42E-17  9.69E-18  2.82E-18  1.09E-18
             4.20E-19  1.20E-19  4.84E-20  2.09E-20  7.75E-21  3.84E-21  1.90E-21  7.16E-22  3.22E-22
    35       3.76E-15  1.85E-15  6.67E-16  2.94E-16  1.26E-16  3.92E-17  1.59E-17  6.32E-18  1.83E-18  7.05E-19
             2.70E-19  7.67E-20  3.08E-20  1.32E-20  4.86E-21  2.39E-21  1.18E-21  4.40E-22  1.96E-22
    36       2.29E-15  1.08E-15  3.76E-16  1.62E-16  6.79E-17  2.08E-17  8.32E-18  3.28E-18  9.41E-19  3.61E-19
             1.38E-19  3.89E-20  1.55E-20  6.61E-21  2.40E-21  1.17E-21  5.73E-22  2.09E-22  9.15E-23
    37       1.62E-15  7.50E-16  2.54E-16  1.08E-16  4.48E-17  1.36E-17  5.39E-18  2.12E-18  6.03E-19  2.31E-19
             8.77E-20  2.47E-20  9.81E-21  4.16E-21  1.50E-21  7.27E-22  3.53E-22  1.27E-22  5.50E-23
    38       9.49E-16  4.26E-16  1.40E-16  5.84E-17  2.39E-17  7.13E-18  2.81E-18  1.09E-18  3.10E-19  1.18E-19
             4.46E-20  1.25E-20  4.94E-21  2.08E-21  7.40E-22  3.58E-22  1.74E-22  6.42E-23  2.84E-23
    39       6.38E-16  2.81E-16  9.07E-17  3.74E-17  1.52E-17  4.48E-18  1.76E-18  6.82E-19  1.92E-19  7.29E-20
             2.75E-20  7.68E-21  3.03E-21  1.27E-21  4.48E-22  2.15E-22  1.04E-22  3.80E-23  1.66E-23
    40       3.36E-16  1.45E-16  4.55E-17  1.85E-17  7.41E-18  2.17E-18  8.43E-19  3.25E-19  9.09E-20  3.44E-20
             1.29E-20  3.59E-21  1.41E-21  5.87E-22  2.05E-22  9.79E-23  4.69E-23  1.67E-23  7.19E-24
    41       2.34E-16  9.94E-17  3.09E-17  1.25E-17  4.98E-18  1.45E-18  5.61E-19  2.16E-19  6.02E-20  2.27E-20
             8.53E-21  2.36E-21  9.25E-22  3.84E-22  1.34E-22  6.35E-23  3.02E-23  1.06E-23  4.53E-24
    42       1.37E-16  5.75E-17  1.77E-17  7.09E-18  2.81E-18  8.10E-19  3.13E-19  1.20E-19  3.33E-20  1.26E-20
             4.71E-21  1.30E-21  5.08E-22  2.10E-22  7.26E-23  3.44E-23  1.65E-23  5.97E-24  2.62E-24

                                                                                              -----------------
                                                                                              SYS= 2  SPNSYS= 5
   IREP
   ----
     2       3.95E-12  2.80E-12  1.77E-12  1.25E-12  8.86E-13  5.62E-13  4.00E-13  2.86E-13  1.86E-13  1.38E-13
             1.04E-13  7.34E-14  5.59E-14  4.02E-14  2.22E-14  1.23E-14  6.05E-15  2.05E-15  8.36E-16
     3       1.01E-12  7.12E-13  4.50E-13  3.17E-13  2.24E-13  1.40E-13  9.80E-14  6.79E-14  4.14E-14  2.86E-14
             2.02E-14  1.35E-14  1.01E-14  7.46E-15  4.54E-15  2.85E-15  1.66E-15  7.36E-16  3.68E-16
     4       7.48E-13  5.28E-13  3.33E-13  2.34E-13  1.64E-13  1.01E-13  6.85E-14  4.51E-14  2.46E-14  1.50E-14
             9.11E-15  5.08E-15  3.52E-15  2.49E-15  1.48E-15  9.23E-16  5.33E-16  2.33E-16  1.16E-16
     5       6.46E-13  4.56E-13  2.87E-13  2.01E-13  1.40E-13  8.50E-14  5.65E-14  3.60E-14  1.84E-14  1.04E-14
             5.80E-15  2.83E-15  1.80E-15  1.20E-15  6.89E-16  4.22E-16  2.41E-16  1.04E-16  5.13E-17
     6       5.66E-13  3.99E-13  2.51E-13  1.75E-13  1.21E-13  7.25E-14  4.72E-14  2.93E-14  1.42E-14  7.72E-15
             4.06E-15  1.81E-15  1.08E-15  6.87E-16  3.80E-16  2.30E-16  1.30E-16  5.57E-17  2.73E-17
     7       5.01E-13  3.53E-13  2.21E-13  1.54E-13  1.06E-13  6.24E-14  3.99E-14  2.42E-14  1.13E-14  5.91E-15
             2.99E-15  1.25E-15  7.10E-16  4.35E-16  2.33E-16  1.39E-16  7.78E-17  3.30E-17  1.61E-17
     8       4.48E-13  3.16E-13  1.97E-13  1.37E-13  9.36E-14  5.42E-14  3.40E-14  2.01E-14  9.08E-15  4.63E-15
             2.27E-15  9.11E-16  4.97E-16  2.96E-16  1.55E-16  9.16E-17  5.12E-17  2.16E-17  1.05E-17
     9       4.05E-13  2.85E-13  1.78E-13  1.23E-13  8.32E-14  4.74E-14  2.92E-14  1.69E-14  7.42E-15  3.70E-15
             1.78E-15  6.87E-16  3.64E-16  2.11E-16  1.08E-16  6.33E-17  3.52E-17  1.48E-17  7.15E-18
    10       3.69E-13  2.59E-13  1.61E-13  1.11E-13  7.46E-14  4.18E-14  2.53E-14  1.44E-14  6.14E-15  3.00E-15
             1.42E-15  5.33E-16  2.76E-16  1.56E-16  7.84E-17  4.54E-17  2.50E-17  1.04E-17  5.01E-18
    11       3.38E-13  2.37E-13  1.47E-13  1.01E-13  6.72E-14  3.70E-14  2.21E-14  1.23E-14  5.14E-15  2.48E-15
             1.15E-15  4.23E-16  2.15E-16  1.20E-16  5.90E-17  3.41E-17  1.88E-17  7.84E-18  3.78E-18
    12       3.12E-13  2.19E-13  1.35E-13  9.20E-14  6.09E-14  3.30E-14  1.94E-14  1.07E-14  4.36E-15  2.07E-15
             9.48E-16  3.42E-16  1.71E-16  9.38E-17  4.59E-17  2.63E-17  1.44E-17  5.95E-18  2.86E-18
    13       2.89E-13  2.03E-13  1.25E-13  8.45E-14  5.55E-14  2.96E-14  1.72E-14  9.29E-15  3.72E-15  1.75E-15
             7.91E-16  2.81E-16  1.38E-16  7.42E-17  3.53E-17  2.00E-17  1.09E-17  4.50E-18  2.17E-18
    14       2.70E-13  1.89E-13  1.16E-13  7.79E-14  5.07E-14  2.67E-14  1.52E-14  8.14E-15  3.21E-15  1.49E-15
             6.68E-16  2.33E-16  1.13E-16  6.01E-17  2.83E-17  1.60E-17  8.72E-18  3.60E-18  1.73E-18
    15       2.52E-13  1.76E-13  1.07E-13  7.20E-14  4.65E-14  2.41E-14  1.36E-14  7.17E-15  2.79E-15  1.28E-15
             5.70E-16  1.97E-16  9.48E-17  5.00E-17  2.34E-17  1.32E-17  7.11E-18  2.92E-18  1.40E-18
    16       2.37E-13  1.65E-13  1.01E-13  6.70E-14  4.29E-14  2.19E-14  1.22E-14  6.35E-15  2.43E-15  1.11E-15
             4.89E-16  1.68E-16  7.99E-17  4.18E-17  1.94E-17  1.09E-17  5.85E-18  2.39E-18  1.14E-18
    17       2.12E-13  1.47E-13  8.84E-14  5.82E-14  3.67E-14  1.82E-14  9.91E-15  5.05E-15  1.89E-15  8.48E-16
             3.69E-16  1.24E-16  5.83E-17  3.00E-17  1.37E-17  7.62E-18  4.09E-18  1.66E-18  7.74E-19
    18       1.91E-13  1.32E-13  7.87E-14  5.12E-14  3.17E-14  1.54E-14  8.21E-15  4.11E-15  1.50E-15  6.67E-16
             2.87E-16  9.52E-17  4.41E-17  2.24E-17  1.01E-17  5.57E-18  2.97E-18  1.20E-18  5.53E-19
    19       1.74E-13  1.20E-13  7.06E-14  4.54E-14  2.77E-14  1.31E-14  6.87E-15  3.38E-15  1.22E-15  5.35E-16
             2.28E-16  7.47E-17  3.42E-17  1.72E-17  7.65E-18  4.19E-18  2.23E-18  9.00E-19  4.27E-19
    20       1.52E-13  1.04E-13  6.06E-14  3.83E-14  2.29E-14  1.05E-14  5.37E-15  2.59E-15  9.14E-16  3.96E-16
             1.67E-16  5.38E-17  2.43E-17  1.20E-17  5.27E-18  2.87E-18  1.51E-18  6.10E-19  2.88E-19
    21       1.30E-13  8.84E-14  5.03E-14  3.11E-14  1.81E-14  7.98E-15  3.99E-15  1.88E-15  6.49E-16  2.77E-16
             1.16E-16  3.67E-17  1.63E-17  7.96E-18  3.43E-18  1.85E-18  9.71E-19  3.88E-19  1.82E-19
    22       1.06E-13  7.10E-14  3.92E-14  2.35E-14  1.32E-14  5.56E-15  2.70E-15  1.24E-15  4.16E-16  1.75E-16
             7.20E-17  2.24E-17  9.84E-18  4.71E-18  1.99E-18  1.06E-18  5.53E-19  2.19E-19  1.02E-19
    23       9.42E-14  6.23E-14  3.37E-14  1.98E-14  1.09E-14  4.47E-15  2.14E-15  9.70E-16  3.21E-16  1.34E-16
             5.46E-17  1.69E-17  7.34E-18  3.48E-18  1.45E-18  7.71E-19  4.01E-19  1.58E-19  7.30E-20
    24       8.00E-14  5.20E-14  2.73E-14  1.56E-14  8.37E-15  3.33E-15  1.56E-15  6.96E-16  2.26E-16  9.33E-17
             3.78E-17  1.16E-17  4.98E-18  2.33E-18  9.60E-19  5.06E-19  2.61E-19  1.02E-19  4.69E-20
    25       7.24E-14  4.66E-14  2.40E-14  1.35E-14  7.12E-15  2.78E-15  1.29E-15  5.69E-16  1.83E-16  7.52E-17
             3.03E-17  9.22E-18  3.95E-18  1.84E-18  7.51E-19  3.93E-19  2.03E-19  7.90E-20  3.60E-20
    26       6.29E-14  3.98E-14  2.00E-14  1.10E-14  5.68E-15  2.17E-15  9.88E-16  4.32E-16  1.37E-16  5.59E-17
             2.24E-17  6.77E-18  2.88E-18  1.33E-18  5.38E-19  2.80E-19  1.44E-19  5.56E-20  2.51E-20
    27       5.52E-14  3.44E-14  1.69E-14  9.10E-15  4.62E-15  1.73E-15  7.76E-16  3.36E-16  1.06E-16  4.29E-17
             1.71E-17  5.13E-18  2.17E-18  9.95E-19  3.99E-19  2.07E-19  1.06E-19  4.05E-20  1.82E-20
    28       4.61E-14  2.81E-14  1.33E-14  7.02E-15  3.48E-15  1.27E-15  5.61E-16  2.40E-16  7.45E-17  3.00E-17
             1.19E-17  3.54E-18  1.49E-18  6.76E-19  2.68E-19  1.38E-19  7.02E-20  2.66E-20  1.18E-20
    29       3.78E-14  2.25E-14  1.03E-14  5.26E-15  2.55E-15  9.05E-16  3.95E-16  1.67E-16  5.12E-17  2.05E-17
             8.08E-18  2.39E-18  9.95E-19  4.49E-19  1.76E-19  9.01E-20  4.58E-20  1.77E-20  8.10E-21
    30       2.78E-14  1.59E-14  6.90E-15  3.41E-15  1.60E-15  5.51E-16  2.36E-16  9.80E-17  2.97E-17  1.17E-17
             4.60E-18  1.35E-18  5.56E-19  2.48E-19  9.57E-20  4.86E-20  2.45E-20  9.37E-21  4.24E-21
    31       2.24E-14  1.25E-14  5.23E-15  2.53E-15  1.17E-15  3.93E-16  1.66E-16  6.85E-17  2.05E-17  8.10E-18
             3.16E-18  9.19E-19  3.77E-19  1.67E-19  6.39E-20  3.23E-20  1.62E-20  6.14E-21  2.75E-21
    32       1.62E-14  8.72E-15  3.49E-15  1.64E-15  7.37E-16  2.42E-16  1.01E-16  4.12E-17  1.22E-17  4.78E-18
             1.85E-18  5.36E-19  2.18E-19  9.58E-20  3.62E-20  1.81E-20  9.04E-21  3.37E-21  1.49E-21
    33       1.26E-14  6.59E-15  2.56E-15  1.18E-15  5.21E-16  1.68E-16  6.96E-17  2.82E-17  8.28E-18  3.23E-18
             1.25E-18  3.58E-19  1.45E-19  6.34E-20  2.38E-20  1.18E-20  5.87E-21  2.16E-21  9.44E-22
    34       8.56E-15  4.32E-15  1.60E-15  7.21E-16  3.12E-16  9.89E-17  4.03E-17  1.62E-17  4.71E-18  1.82E-18
             7.01E-19  2.00E-19  8.07E-20  3.49E-20  1.29E-20  6.39E-21  3.17E-21  1.19E-21  5.36E-22
    35       6.27E-15  3.08E-15  1.11E-15  4.90E-16  2.09E-16  6.54E-17  2.65E-17  1.05E-17  3.04E-18  1.17E-18
             4.50E-19  1.28E-19  5.13E-20  2.21E-20  8.10E-21  3.99E-21  1.97E-21  7.33E-22  3.26E-22
    36       3.82E-15  1.81E-15  6.27E-16  2.70E-16  1.13E-16  3.47E-17  1.39E-17  5.47E-18  1.57E-18  6.02E-19
             2.29E-19  6.48E-20  2.58E-20  1.10E-20  3.99E-21  1.95E-21  9.54E-22  3.49E-22  1.53E-22
    37       2.70E-15  1.25E-15  4.24E-16  1.80E-16  7.47E-17  2.26E-17  8.99E-18  3.53E-18  1.01E-18  3.84E-19
             1.46E-19  4.11E-20  1.63E-20  6.93E-21  2.49E-21  1.21E-21  5.88E-22  2.12E-22  9.16E-23
    38       1.58E-15  7.10E-16  2.33E-16  9.74E-17  3.98E-17  1.19E-17  4.68E-18  1.82E-18  5.16E-19  1.96E-19
             7.44E-20  2.08E-20  8.23E-21  3.47E-21  1.23E-21  5.96E-22  2.90E-22  1.07E-22  4.74E-23
    39       1.06E-15  4.69E-16  1.51E-16  6.24E-17  2.53E-17  7.47E-18  2.93E-18  1.14E-18  3.20E-19  1.21E-19
             4.59E-20  1.28E-20  5.04E-21  2.11E-21  7.47E-22  3.59E-22  1.74E-22  6.33E-23  2.77E-23
    40       5.60E-16  2.41E-16  7.58E-17  3.09E-17  1.24E-17  3.61E-18  1.40E-18  5.41E-19  1.51E-19  5.73E-20
             2.16E-20  5.99E-21  2.35E-21  9.78E-22  3.42E-22  1.63E-22  7.82E-23  2.79E-23  1.20E-23
    41       3.89E-16  1.66E-16  5.15E-17  2.08E-17  8.30E-18  2.41E-18  9.35E-19  3.59E-19  1.00E-19  3.78E-20
             1.42E-20  3.94E-21  1.54E-21  6.40E-22  2.23E-22  1.06E-22  5.04E-23  1.77E-23  7.55E-24
    42       2.28E-16  9.58E-17  2.94E-17  1.18E-17  4.68E-18  1.35E-18  5.22E-19  2.00E-19  5.55E-20  2.09E-20
             7.85E-21  2.17E-21  8.46E-22  3.50E-22  1.21E-22  5.74E-23  2.75E-23  9.96E-24  4.36E-24



    T(K)     ALFT( 1)  ALFT( 2)  ALFT( 3)  ALFT( 4)  ALFT( 5)  ALFT( 6)  ALFT( 7)  ALFT( 8)  ALFT( 9)  ALFT(10)
    ----     --------  --------  --------  --------  --------  --------  --------  --------  --------  --------
  1.00E+01   3.49E-11  6.51E-12
  2.00E+01   2.35E-11  4.60E-12
  5.00E+01   1.32E-11  2.91E-12
  1.00E+02   8.57E-12  2.06E-12
  2.00E+02   5.56E-12  1.46E-12
  5.00E+02   3.11E-12  9.27E-13
  1.00E+03   2.00E-12  6.61E-13
  2.00E+03   1.28E-12  4.74E-13
  5.00E+03   7.27E-13  3.13E-13
  1.00E+04   4.89E-13  2.36E-13
  2.00E+04   3.47E-13  1.85E-13
  5.00E+04   2.42E-13  1.44E-13
  1.00E+05   1.90E-13  1.21E-13
  2.00E+05   1.43E-13  9.78E-14
  5.00E+05   8.49E-14  6.40E-14
  1.00E+06   4.95E-14  4.07E-14
  2.00E+06   2.57E-14  2.33E-14
  5.00E+06   9.42E-15  9.84E-15
  1.00E+07   4.09E-15  4.77E-15
C--------------------------------------------------------------------------------------------------------------
C
C See N. R. Badnell, ApJS, vol 167 (2006) p334
C DOI: 10.1086/508465
C
C NAME: N R Badnell
C DATE: Jan 2006
C
C--------------------------------------------------------------------------------------------------------------

C-----------------------------------------------------------------------
C                               OPEN-ADAS
C                               +++++++++
C
C This file has been downloaded from OPEN-ADAS (http://open.adas.ac.uk)
C on 26-May-2026.
C
C TERMS AND CONDITIONS
C --------------------
C
C The user of the OPEN-ADAS system and data (hereinafter "the User")
C accepts the following terms and conditions:
C
C   1. The University of Strathclyde uses all reasonable endeavours to
C      ensure the accuracy of the data provided and any information
C      given, but the University makes no warranty, expressed or implied
C      as to its accuracy, integrity, fitness for purpose and shall not
C      be responsible for the use to which the data is put by the User
C      and/or any consequences arising out of any inaccuracies or
C      omissions.
C
C   2. Any downloaded OPEN-ADAS file is made available for the
C      personal use of the User only.  It must not be used for any
C      commercial application, incorporated into any web site or in
C      any form re-distributed without express prior written permission
C      from the ADAS Project. In particular, but not by way of
C      limitation, it must not be:
C        *  inserted into a managed database structure,
C        *  redistributed along with a modelling or analysis code,
C        *  made available on a public website.
C
C Permission for OPEN-ADAS data incorporation in non-commercial
C code/system development for scientific advance will not be
C unreasonably withheld, but will be subject to written agreement
C on a case by case basis.
C
C The User will indemnify the University of Strathclyde and keep it
C fully and effectively indemnified against each and every claim made
C against the University as a result of the User's use of the data.
C
C-----------------------------------------------------------------------
