Filename,Element,Planet mass,Earth Flux,Planet radius,Planet mass [kg],Atmospheric mass [kg],Height [m],Density [kg/m^3],Temperature [K],MMW [g/mol],Effective scale height h [m]
H2_atmosphere_1_M_earth_1_F_earth.csv,H2,1_M,1_F,6311626.9462,5.9720425295e+24,4.62168341290125e+21,0.0,24.40173397306975,1940.81,5.357136710727961,301049.9120059066
H2_atmosphere_1_M_earth_1_F_earth.csv,H2,1_M,1_F,6311626.9462,5.9720425295e+24,4.62168341290125e+21,178493.975,14.978827697469775,1753.69699,5.373868334878231,286733.66210493963
H2_atmosphere_1_M_earth_1_F_earth.csv,H2,1_M,1_F,6311626.9462,5.9720425295e+24,4.62168341290125e+21,348499.781,9.26099665572168,1577.82021,5.406242256336853,270042.7780632249
H2_atmosphere_1_M_earth_1_F_earth.csv,H2,1_M,1_F,6311626.9462,5.9720425295e+24,4.62168341290125e+21,508609.483,5.794032397058716,1411.41816,5.471954794349126,250275.09208919533
H2_atmosphere_1_M_earth_1_F_earth.csv,H2,1_M,1_F,6311626.9462,5.9720425295e+24,4.62168341290125e+21,656998.835,3.6377019026740967,1259.96419,5.5464718003803615,230113.05008098358
H2_atmosphere_1_M_earth_1_F_earth.csv,H2,1_M,1_F,6311626.9462,5.9720425295e+24,4.62168341290125e+21,793434.019,2.2607343975425565,1121.75456,5.550147257105436,212830.82312532506
H2_atmosphere_1_M_earth_1_F_earth.csv,H2,1_M,1_F,6311626.9462,5.9720425295e+24,4.62168341290125e+21,919622.487,1.408414997096877,995.621825,5.550189215804879,195667.57967663422
H2_atmosphere_1_M_earth_1_F_earth.csv,H2,1_M,1_F,6311626.9462,5.9720425295e+24,4.62168341290125e+21,1035634.78,0.880361689457454,880.718758,5.55017584284543,178684.58767993186
H2_atmosphere_1_M_earth_1_F_earth.csv,H2,1_M,1_F,6311626.9462,5.9720425295e+24,4.62168341290125e+21,1141577.78,0.5521978574175244,776.385552,5.550168168277199,162092.5197523439
H2_atmosphere_1_M_earth_1_F_earth.csv,H2,1_M,1_F,6311626.9462,5.9720425295e+24,4.62168341290125e+21,1237683.25,0.3475646283862919,682.041272,5.55016414412745,146091.4969040451
H2_atmosphere_1_M_earth_1_F_earth.csv,H2,1_M,1_F,6311626.9462,5.9720425295e+24,4.62168341290125e+21,1324301.64,0.2195104386877372,597.125005,5.550161939310244,130854.56821102831
H2_atmosphere_1_M_earth_1_F_earth.csv,H2,1_M,1_F,6311626.9462,5.9720425295e+24,4.62168341290125e+21,1401885.97,0.1390925344175954,521.063794,5.550160684496165,116518.61999611996
H2_atmosphere_1_M_earth_1_F_earth.csv,H2,1_M,1_F,6311626.9462,5.9720425295e+24,4.62168341290125e+21,1470970.45,0.0884120321447749,453.270727,5.550160028269598,103182.69466749851
H2_atmosphere_1_M_earth_1_F_earth.csv,H2,1_M,1_F,6311626.9462,5.9720425295e+24,4.62168341290125e+21,1532147.99,0.0563609486954702,393.15618,5.550159726024789,90910.79219338512
H2_atmosphere_1_M_earth_1_F_earth.csv,H2,1_M,1_F,6311626.9462,5.9720425295e+24,4.62168341290125e+21,1586049.46,0.0360203653367764,340.149352,5.550159465508662,79738.56702919444
H2_atmosphere_1_M_earth_1_F_earth.csv,H2,1_M,1_F,6311626.9462,5.9720425295e+24,4.62168341290125e+21,1633326.86,0.0230003316400892,294.549319,5.55015921759798,69878.07033198324
H2_atmosphere_1_M_earth_1_F_earth.csv,H2,1_M,1_F,6311626.9462,5.9720425295e+24,4.62168341290125e+21,1674757.92,0.0143735723442173,260.616415,5.550159011050276,62474.44122537007
H2_atmosphere_1_M_earth_1_F_earth.csv,H2,1_M,1_F,6311626.9462,5.9720425295e+24,4.62168341290125e+21,1711799.33,0.0085574475815191,242.045273,5.550158849420326,58562.080174006245
H2_atmosphere_1_M_earth_1_F_earth.csv,H2,1_M,1_F,6311626.9462,5.9720425295e+24,4.62168341290125e+21,1746521.08,0.0048788325004293,234.7466,5.550158674162331,57288.831336955205
H2_atmosphere_1_M_earth_1_F_earth.csv,H2,1_M,1_F,6311626.9462,5.9720425295e+24,4.62168341290125e+21,1780487.92,0.0027204109887165,232.785036,5.550158423483604,57290.06656654871
H2_atmosphere_1_M_earth_1_F_earth.csv,H2,1_M,1_F,6311626.9462,5.9720425295e+24,4.62168341290125e+21,1814455.49,0.0014944586030741,234.304181,5.550158014756228,58149.061212027016
H2_atmosphere_1_M_earth_1_F_earth.csv,H2,1_M,1_F,6311626.9462,5.9720425295e+24,4.62168341290125e+21,1848932.36,0.0008132521369124,238.074584,5.550157249621519,59587.225792945865
H2_atmosphere_1_M_earth_1_F_earth.csv,H2,1_M,1_F,6311626.9462,5.9720425295e+24,4.62168341290125e+21,1884261.93,0.0004413636029859,242.558218,5.550155727068415,61236.24005489956
H2_atmosphere_1_M_earth_1_F_earth.csv,H2,1_M,1_F,6311626.9462,5.9720425295e+24,4.62168341290125e+21,1920569.2,0.0002377412338345,248.990143,5.550152890241076,63418.24168390987
H2_atmosphere_1_M_earth_1_F_earth.csv,H2,1_M,1_F,6311626.9462,5.9720425295e+24,4.62168341290125e+21,1958170.2,0.000127269901307,257.178688,5.55014825104751,66103.68580263603
H2_atmosphere_1_M_earth_1_F_earth.csv,H2,1_M,1_F,6311626.9462,5.9720425295e+24,4.62168341290125e+21,1997363.41,6.958154957455291e-05,260.100046,5.550141363215801,67489.85009782304
H2_atmosphere_1_M_earth_1_F_earth.csv,H2,1_M,1_F,6311626.9462,5.9720425295e+24,4.62168341290125e+21,2037378.48,3.910398153704962e-05,255.909956,5.550131879210782,67043.84843304672
H2_atmosphere_1_M_earth_1_F_earth.csv,H2,1_M,1_F,6311626.9462,5.9720425295e+24,4.62168341290125e+21,2077129.11,2.2212945213446484e-05,249.100975,5.550119487770866,65883.0649145628
H2_atmosphere_1_M_earth_1_F_earth.csv,H2,1_M,1_F,6311626.9462,5.9720425295e+24,4.62168341290125e+21,2116191.52,1.26366775610759e-05,242.115069,5.550103786422307,64633.34462443022
H2_atmosphere_1_M_earth_1_F_earth.csv,H2,1_M,1_F,6311626.9462,5.9720425295e+24,4.62168341290125e+21,2154512.95,7.161818512046207e-06,236.21325,5.550084138583212,63632.81538110449
H2_atmosphere_1_M_earth_1_F_earth.csv,H2,1_M,1_F,6311626.9462,5.9720425295e+24,4.62168341290125e+21,2192241.17,4.042865836042234e-06,231.371956,5.550059875494358,62885.66410695851
H2_atmosphere_1_M_earth_1_F_earth.csv,H2,1_M,1_F,6311626.9462,5.9720425295e+24,4.62168341290125e+21,2229526.4,2.2781964169728616e-06,227.028809,5.550030569559602,62247.82817379006
H2_atmosphere_1_M_earth_1_F_earth.csv,H2,1_M,1_F,6311626.9462,5.9720425295e+24,4.62168341290125e+21,2266433.45,1.2843938629599743e-06,222.661744,5.549996235312705,61579.574930028226
H2_atmosphere_1_M_earth_1_F_earth.csv,H2,1_M,1_F,6311626.9462,5.9720425295e+24,4.62168341290125e+21,2302944.29,7.255688003977557e-07,217.939808,5.549957314791203,60788.27560955684
H2_atmosphere_1_M_earth_1_F_earth.csv,H2,1_M,1_F,6311626.9462,5.9720425295e+24,4.62168341290125e+21,2338985.97,4.106556494938818e-07,212.916044,5.54991447388016,59885.46498501459
H2_atmosphere_1_M_earth_1_F_earth.csv,H2,1_M,1_F,6311626.9462,5.9720425295e+24,4.62168341290125e+21,2374492.36,2.3225174538123334e-07,208.160334,5.549868363997352,59029.953854664935
H2_atmosphere_1_M_earth_1_F_earth.csv,H2,1_M,1_F,6311626.9462,5.9720425295e+24,4.62168341290125e+21,2409491.52,1.3056748646546784e-07,204.73519,5.549819770884325,58527.98297811581
H2_atmosphere_1_M_earth_1_F_earth.csv,H2,1_M,1_F,6311626.9462,5.9720425295e+24,4.62168341290125e+21,2444193.05,7.275210979020577e-08,203.166616,5.5497689174296605,58543.22805071272
H2_atmosphere_1_M_earth_1_F_earth.csv,H2,1_M,1_F,6311626.9462,5.9720425295e+24,4.62168341290125e+21,2478903.63,4.0371322789773693e-08,202.439474,5.549716000146888,58797.67972834836
H2_atmosphere_1_M_earth_1_F_earth.csv,H2,1_M,1_F,6311626.9462,5.9720425295e+24,4.62168341290125e+21,2513765.07,2.2478472138817933e-08,201.034914,5.549661286563918,58854.3532206085
H2_atmosphere_1_M_earth_1_F_earth.csv,H2,1_M,1_F,6311626.9462,5.9720425295e+24,4.62168341290125e+21,2548660.11,1.2585647935861525e-08,198.532965,5.549604416938015,58583.01996189771
H2_atmosphere_1_M_earth_1_F_earth.csv,H2,1_M,1_F,6311626.9462,5.9720425295e+24,4.62168341290125e+21,2583394.28,7.068413345538136e-09,195.459095,5.549543532349781,58129.71159019017
H2_atmosphere_1_M_earth_1_F_earth.csv,H2,1_M,1_F,6311626.9462,5.9720425295e+24,4.62168341290125e+21,2617859.68,3.970226184565383e-09,192.411746,5.549474888848176,57668.44510306086
H2_atmosphere_1_M_earth_1_F_earth.csv,H2,1_M,1_F,6311626.9462,5.9720425295e+24,4.62168341290125e+21,2652051.59,2.239681076508421e-09,188.594329,5.549393105565606,56958.85557873733
H2_atmosphere_1_M_earth_1_F_earth.csv,H2,1_M,1_F,6311626.9462,5.9720425295e+24,4.62168341290125e+21,2685822.79,1.2767322548813862e-09,182.928531,5.5492919889846215,55665.77986946621
H2_atmosphere_1_M_earth_1_F_earth.csv,H2,1_M,1_F,6311626.9462,5.9720425295e+24,4.62168341290125e+21,2718827.31,7.174191864437872e-10,180.0,5.549162126153686,55178.495556135735
H2_atmosphere_1_M_earth_1_F_earth.csv,H2,1_M,1_F,6311626.9462,5.9720425295e+24,4.62168341290125e+21,2751542.92,3.9667392036129256e-10,180.0,5.548986826235864,55580.777864408374
H2_atmosphere_1_M_earth_1_F_earth.csv,H2,1_M,1_F,6311626.9462,5.9720425295e+24,4.62168341290125e+21,2784497.04,2.193254259442768e-10,180.0,5.548743463031545,55988.156919055866
H2_atmosphere_1_M_earth_1_F_earth.csv,H2,1_M,1_F,6311626.9462,5.9720425295e+24,4.62168341290125e+21,2817692.69,1.21265345154884e-10,180.0,5.548402924379122,56401.013542803215
H2_atmosphere_1_M_earth_1_F_earth.csv,H2,1_M,1_F,6311626.9462,5.9720425295e+24,4.62168341290125e+21,2851133.12,6.704611480450724e-11,180.0,5.547924221270207,56819.863094787936
H2_atmosphere_1_M_earth_1_F_earth.csv,H2,1_M,1_F,6311626.9462,5.9720425295e+24,4.62168341290125e+21,2884821.88,3.706766034783567e-11,180.0,5.547249506374302,57245.41281578263
H2_atmosphere_10_M_earth_1_F_earth.csv,H2,10_M,1_F,118500600.0,5.9720425295e+25,5.967266408421263e+25,0.0,23.654659586849853,1940.6005067,5.192564057462681,10947146.89469635
H2_atmosphere_10_M_earth_1_F_earth.csv,H2,10_M,1_F,118500600.0,5.9720425295e+25,5.967266408421263e+25,6505780.434513601,15.27551464468466,1693.4035791488575,5.291891901212223,10430843.738656843
H2_atmosphere_10_M_earth_1_F_earth.csv,H2,10_M,1_F,118500600.0,5.9720425295e+25,5.967266408421263e+25,12191720.064218756,9.7170257429527,1478.7289906614117,5.316210887805118,9910420.720329134
H2_atmosphere_10_M_earth_1_F_earth.csv,H2,10_M,1_F,118500600.0,5.9720425295e+25,5.967266408421263e+25,17222667.47842996,6.250252048753697,1285.1506073117664,5.3747397091714,9187783.893808197
H2_atmosphere_10_M_earth_1_F_earth.csv,H2,10_M,1_F,118500600.0,5.9720425295e+25,5.967266408421263e+25,21615308.622134104,3.9974089797374575,1111.8449336417468,5.378414946054786,8465846.325991606
H2_atmosphere_10_M_earth_1_F_earth.csv,H2,10_M,1_F,118500600.0,5.9720425295e+25,5.967266408421263e+25,25464624.57605132,2.568826111921962,956.673867941028,5.378432694137861,7690046.051412981
H2_atmosphere_10_M_earth_1_F_earth.csv,H2,10_M,1_F,118500600.0,5.9720425295e+25,5.967266408421263e+25,28815888.00523239,1.6610193785387954,818.0847866283463,5.3784329098070645,6885743.550301382
H2_atmosphere_10_M_earth_1_F_earth.csv,H2,10_M,1_F,118500600.0,5.9720425295e+25,5.967266408421263e+25,31710995.76537566,1.081190794303432,694.9363762771139,5.378432772390165,6081375.078099428
H2_atmosphere_10_M_earth_1_F_earth.csv,H2,10_M,1_F,118500600.0,5.9720425295e+25,5.967266408421263e+25,34191918.73124605,0.708585538662301,586.3128514838287,5.378431951938313,5301696.016887444
H2_atmosphere_10_M_earth_1_F_earth.csv,H2,10_M,1_F,118500600.0,5.9720425295e+25,5.967266408421263e+25,36300753.03846216,0.4675488998367204,491.3251781611305,5.378431721424104,4566341.995402071
H2_atmosphere_10_M_earth_1_F_earth.csv,H2,10_M,1_F,118500600.0,5.9720425295e+25,5.967266408421263e+25,38079157.99395446,0.3105469253774646,409.0187990202064,5.378432504931862,3889236.4809829765
H2_atmosphere_10_M_earth_1_F_earth.csv,H2,10_M,1_F,118500600.0,5.9720425295e+25,5.967266408421263e+25,39567545.483452745,0.207556890820862,338.3823715916542,5.378432545898127,3279036.7887763986
H2_atmosphere_10_M_earth_1_F_earth.csv,H2,10_M,1_F,118500600.0,5.9720425295e+25,5.967266408421263e+25,40804375.50762066,0.136531944092923,284.4362815268154,5.378432550469066,2799584.082857009
H2_atmosphere_10_M_earth_1_F_earth.csv,H2,10_M,1_F,118500600.0,5.9720425295e+25,5.967266408421263e+25,41847863.50433421,0.082810699043046,259.30279352764774,5.378432545976747,2585750.661041915
H2_atmosphere_10_M_earth_1_F_earth.csv,H2,10_M,1_F,118500600.0,5.9720425295e+25,5.967266408421263e+25,42802103.04425137,0.0469266236223611,253.016425993631,5.378432524685879,2553182.4594651307
H2_atmosphere_10_M_earth_1_F_earth.csv,H2,10_M,1_F,118500600.0,5.9720425295e+25,5.967266408421263e+25,43735850.81611986,0.026578181995081,247.01147595775416,5.378432488733231,2521528.332407223
H2_atmosphere_10_M_earth_1_F_earth.csv,H2,10_M,1_F,118500600.0,5.9720425295e+25,5.967266408421263e+25,44649965.17284955,0.0150446550733799,241.28734136306417,5.378432385831079,2490930.208385272
H2_atmosphere_10_M_earth_1_F_earth.csv,H2,10_M,1_F,118500600.0,5.9720425295e+25,5.967266408421263e+25,45545316.712072805,0.0085107414510144,235.84340359349304,5.378432109336697,2461526.1954588215
H2_atmosphere_10_M_earth_1_F_earth.csv,H2,10_M,1_F,118500600.0,5.9720425295e+25,5.967266408421263e+25,46422787.70802443,0.0048113135177729,230.67567464338896,5.378431440952664,2433415.2542469357
H2_atmosphere_10_M_earth_1_F_earth.csv,H2,10_M,1_F,118500600.0,5.9720425295e+25,5.967266408421263e+25,47283259.06207728,0.0027192876193395,225.6755855232273,5.378430032757709,2405576.1743344767
H2_atmosphere_10_M_earth_1_F_earth.csv,H2,10_M,1_F,118500600.0,5.9720425295e+25,5.967266408421263e+25,48127218.5814647,0.0015368443159579,220.7923735069008,5.378428051876308,2377547.990322256
H2_atmosphere_10_M_earth_1_F_earth.csv,H2,10_M,1_F,118500600.0,5.9720425295e+25,5.967266408421263e+25,48954972.153884985,0.0008678388616075,216.1967294382804,5.378426692805042,2351249.1014598226
H2_atmosphere_10_M_earth_1_F_earth.csv,H2,10_M,1_F,118500600.0,5.9720425295e+25,5.967266408421263e+25,49767473.30634501,0.0004898282271923,211.7964653681068,5.378425737227404,2325800.9581232965
H2_atmosphere_10_M_earth_1_F_earth.csv,H2,10_M,1_F,118500600.0,5.9720425295e+25,5.967266408421263e+25,50565340.61276066,0.0002764528379784,207.4986863070445,5.378419640285075,2300268.2607391872
H2_atmosphere_10_M_earth_1_F_earth.csv,H2,10_M,1_F,118500600.0,5.9720425295e+25,5.967266408421263e+25,51348851.33332335,0.0001559510582721,203.3852933790461,5.37838358137988,2275629.9445233787
H2_atmosphere_10_M_earth_1_F_earth.csv,H2,10_M,1_F,118500600.0,5.9720425295e+25,5.967266408421263e+25,52118601.38616229,8.792406097874394e-05,199.46372814095287,5.378252539091771,2252081.5899477657
H2_atmosphere_10_M_earth_1_F_earth.csv,H2,10_M,1_F,118500600.0,5.9720425295e+25,5.967266408421263e+25,52875231.69800576,4.956004474074404e-05,195.65171860165924,5.377872441266449,2228834.8546531196
H2_atmosphere_10_M_earth_1_F_earth.csv,H2,10_M,1_F,118500600.0,5.9720425295e+25,5.967266408421263e+25,53619098.95853136,2.7917208226044816e-05,192.0157091920008,5.37686963067268,2206855.9158273577
H2_atmosphere_10_M_earth_1_F_earth.csv,H2,10_M,1_F,118500600.0,5.9720425295e+25,5.967266408421263e+25,54350867.2003537,1.5717791338887663e-05,188.4942150475676,5.374473491574675,2185817.058934981
H2_atmosphere_10_M_earth_1_F_earth.csv,H2,10_M,1_F,118500600.0,5.9720425295e+25,5.967266408421263e+25,55071072.11186989,8.840074885332573e-06,185.1428593624192,5.3695131557760805,2166882.2898568
H2_atmosphere_10_M_earth_1_F_earth.csv,H2,10_M,1_F,118500600.0,5.9720425295e+25,5.967266408421263e+25,55780614.07128764,4.968133442984177e-06,181.8402968672002,5.3602001205906085,2149393.1000538785
H2_atmosphere_10_M_earth_1_F_earth.csv,H2,10_M,1_F,118500600.0,5.9720425295e+25,5.967266408421263e+25,56480154.41150419,2.790554847462177e-06,178.67556631118455,5.350310297828055,2132909.044504431
H2_atmosphere_10_M_earth_1_F_earth.csv,H2,10_M,1_F,118500600.0,5.9720425295e+25,5.967266408421263e+25,57170193.79967962,1.5684228864174698e-06,175.6359113997593,5.345955626831152,2114913.7757474724
H2_atmosphere_10_M_earth_1_F_earth.csv,H2,10_M,1_F,118500600.0,5.9720425295e+25,5.967266408421263e+25,57850409.75494721,8.816009044240426e-07,172.69206649577407,5.343414856212497,2096597.0183104228
H2_atmosphere_10_M_earth_1_F_earth.csv,H2,10_M,1_F,118500600.0,5.9720425295e+25,5.967266408421263e+25,58520865.69566196,4.951992242769638e-07,169.8438884132386,5.338631932357239,2079588.3619977662
H2_atmosphere_10_M_earth_1_F_earth.csv,H2,10_M,1_F,118500600.0,5.9720425295e+25,5.967266408421263e+25,59182139.71407987,2.777210999698858e-07,167.09122993793636,5.327068147464956,2065672.447561699
H2_atmosphere_10_M_earth_1_F_earth.csv,H2,10_M,1_F,118500600.0,5.9720425295e+25,5.967266408421263e+25,59835359.46322276,1.5534108557067254e-07,164.43393972402734,5.303091715917654,2057054.2197081114
H2_atmosphere_10_M_earth_1_F_earth.csv,H2,10_M,1_F,118500600.0,5.9720425295e+25,5.967266408421263e+25,60482319.84893786,8.654043505035888e-08,161.87186218813542,5.259777792967668,2056518.935744988
H2_atmosphere_10_M_earth_1_F_earth.csv,H2,10_M,1_F,118500600.0,5.9720425295e+25,5.967266408421263e+25,61125647.39652,4.7950249775903785e-08,159.3590308968956,5.188838263571484,2067053.4642957838
H2_atmosphere_10_M_earth_1_F_earth.csv,H2,10_M,1_F,118500600.0,5.9720425295e+25,5.967266408421263e+25,61768841.74482958,2.6367645513379573e-08,156.89031351631155,5.080373972172117,2093390.4840976626
H2_atmosphere_10_M_earth_1_F_earth.csv,H2,10_M,1_F,118500600.0,5.9720425295e+25,5.967266408421263e+25,62416793.52036275,1.4343499699946452e-08,154.51638325741067,4.92247458924277,2143173.1771342475
H2_atmosphere_10_M_earth_1_F_earth.csv,H2,10_M,1_F,118500600.0,5.9720425295e+25,5.967266408421263e+25,63076643.25175257,7.687727039363163e-09,152.2370678163333,4.701081772590449,2227157.912963182
H2_atmosphere_10_M_earth_1_F_earth.csv,H2,10_M,1_F,118500600.0,5.9720425295e+25,5.967266408421263e+25,63758671.66312236,4.038353066558606e-09,150.02047147741763,4.401086172497117,2361976.0213091816
H2_atmosphere_10_M_earth_1_F_earth.csv,H2,10_M,1_F,118500600.0,5.9720425295e+25,5.967266408421263e+25,64477993.59733752,2.064749618322698e-09,147.83354758415663,4.010246546543126,2574589.924503195
H2_atmosphere_10_M_earth_1_F_earth.csv,H2,10_M,1_F,118500600.0,5.9720425295e+25,5.967266408421263e+25,65257524.04103637,1.019039250894538e-09,145.7407656682021,3.5288098680508395,2909051.797762695
H2_atmosphere_10_M_earth_1_F_earth.csv,H2,10_M,1_F,118500600.0,5.9720425295e+25,5.967266408421263e+25,66132823.437546186,4.84131452099671e-10,143.72153176293844,2.989971545343861,3418070.3433753005
H2_atmosphere_10_M_earth_1_F_earth.csv,H2,10_M,1_F,118500600.0,5.9720425295e+25,5.967266408421263e+25,67154114.6642743,2.2587538277386795e-10,141.72037857114398,2.48776151695606,4095822.1744361557
H2_atmosphere_10_M_earth_1_F_earth.csv,H2,10_M,1_F,118500600.0,5.9720425295e+25,5.967266408421263e+25,68368033.85177143,1.0969992273804124e-10,139.81285698356064,2.1556914151057107,4724315.672263915
H2_atmosphere_10_M_earth_1_F_earth.csv,H2,10_M,1_F,118500600.0,5.9720425295e+25,5.967266408421263e+25,69754903.56969246,5.783530986413417e-11,137.98195738661883,2.028495966016928,5028623.094472168
H2_atmosphere_10_M_earth_1_F_earth.csv,H2,10_M,1_F,118500600.0,5.9720425295e+25,5.967266408421263e+25,71215209.5932143,3.2104922886632567e-11,136.07363931564834,2.0083066740107167,5086939.648718372
H2_atmosphere_10_M_earth_1000_F_earth.csv,H2,10_M,1000_F,118500600.0,5.9720425295e+25,6.698161169294253e+25,0.0,25.64314502208661,2460.1129873,6.412933958520021,11236859.594267001
H2_atmosphere_10_M_earth_1000_F_earth.csv,H2,10_M,1000_F,118500600.0,5.9720425295e+25,6.698161169294253e+25,6701904.210201376,16.676051068068265,2120.323075285228,6.514472774513974,10642762.402194154
H2_atmosphere_10_M_earth_1000_F_earth.csv,H2,10_M,1000_F,118500600.0,5.9720425295e+25,6.698161169294253e+25,12509509.092357002,10.89231316587044,1827.2350078240363,6.645874497091949,9843679.332542114
H2_atmosphere_10_M_earth_1000_F_earth.csv,H2,10_M,1000_F,118500600.0,5.9720425295e+25,6.698161169294253e+25,17505123.794450708,7.069433998675772,1566.5746201598113,6.7023473513073695,9018703.232652267
H2_atmosphere_10_M_earth_1000_F_earth.csv,H2,10_M,1000_F,118500600.0,5.9720425295e+25,6.698161169294253e+25,21818187.56560577,4.607083700611763,1337.123351701144,6.756820299998019,8127674.847919556
H2_atmosphere_10_M_earth_1000_F_earth.csv,H2,10_M,1000_F,118500600.0,5.9720425295e+25,6.698161169294253e+25,25518572.99086764,2.9955688016298883,1135.1341296641492,6.759660203991877,7265550.259273347
H2_atmosphere_10_M_earth_1000_F_earth.csv,H2,10_M,1000_F,118500600.0,5.9720425295e+25,6.698161169294253e+25,28694338.388242643,1.959003290313921,957.7122090539724,6.75961819121977,6403304.869639001
H2_atmosphere_10_M_earth_1000_F_earth.csv,H2,10_M,1000_F,118500600.0,5.9720425295e+25,6.698161169294253e+25,31399724.69759984,1.289552753704527,802.7449018080617,6.759619308958407,5566292.63840126
H2_atmosphere_10_M_earth_1000_F_earth.csv,H2,10_M,1000_F,118500600.0,5.9720425295e+25,6.698161169294253e+25,33685984.464194976,0.8543358287461633,668.5507513652974,6.759618124004489,4778268.275566302
H2_atmosphere_10_M_earth_1000_F_earth.csv,H2,10_M,1000_F,118500600.0,5.9720425295e+25,6.698161169294253e+25,35603215.43661114,0.5693546408581405,553.5113503920593,6.759617916441496,4056362.276162407
H2_atmosphere_10_M_earth_1000_F_earth.csv,H2,10_M,1000_F,118500600.0,5.9720425295e+25,6.698161169294253e+25,37199710.84505071,0.3814202360531066,455.8816113598279,6.75961793450138,3410471.7294998677
H2_atmosphere_10_M_earth_1000_F_earth.csv,H2,10_M,1000_F,118500600.0,5.9720425295e+25,6.698161169294253e+25,38520916.31192033,0.2566718197108956,373.78685325940967,6.759617913674712,2843975.0205927687
H2_atmosphere_10_M_earth_1000_F_earth.csv,H2,10_M,1000_F,118500600.0,5.9720425295e+25,6.698161169294253e+25,39608487.21569866,0.1733532149582128,305.3632088159899,6.759617771426057,2355666.489686188
H2_atmosphere_10_M_earth_1000_F_earth.csv,H2,10_M,1000_F,118500600.0,5.9720425295e+25,6.698161169294253e+25,40499860.66934135,0.113021673743843,258.4242063616387,6.759616317906196,2016106.5484830113
H2_atmosphere_10_M_earth_1000_F_earth.csv,H2,10_M,1000_F,118500600.0,5.9720425295e+25,6.698161169294253e+25,41256222.71936777,0.064447396292329,250.0546375429511,6.759600067851321,1969419.848308398
H2_atmosphere_10_M_earth_1000_F_earth.csv,H2,10_M,1000_F,118500600.0,5.9720425295e+25,6.698161169294253e+25,41989739.512513965,0.0364073005167828,244.22635934912057,6.759511603796315,1941246.0218250589
H2_atmosphere_10_M_earth_1000_F_earth.csv,H2,10_M,1000_F,118500600.0,5.9720425295e+25,6.698161169294253e+25,42707732.82576288,0.0205614307088301,238.59841735724663,6.759409921331075,1913547.8059546123
H2_atmosphere_10_M_earth_1000_F_earth.csv,H2,10_M,1000_F,118500600.0,5.9720425295e+25,6.698161169294253e+25,43410688.49815304,0.0116048122763495,233.25059291598097,6.759309979690426,1887036.151142966
H2_atmosphere_10_M_earth_1000_F_earth.csv,H2,10_M,1000_F,118500600.0,5.9720425295e+25,6.698161169294253e+25,44099333.10025442,0.0065451127007679,228.1788912670208,6.759081359559465,1861804.5448282037
H2_atmosphere_10_M_earth_1000_F_earth.csv,H2,10_M,1000_F,118500600.0,5.9720425295e+25,6.698161169294253e+25,44774403.06213336,0.0036900723173215,223.2750787304549,6.7580873369839,1837221.0887398752
H2_atmosphere_10_M_earth_1000_F_earth.csv,H2,10_M,1000_F,118500600.0,5.9720425295e+25,6.698161169294253e+25,45436383.77307349,0.0020804172212344,218.48937723414707,6.757452944445119,1812619.913728392
H2_atmosphere_10_M_earth_1000_F_earth.csv,H2,10_M,1000_F,118500600.0,5.9720425295e+25,6.698161169294253e+25,46085505.88396251,0.0011719976868657,213.99121910101383,6.757383431139573,1789407.6912587956
H2_atmosphere_10_M_earth_1000_F_earth.csv,H2,10_M,1000_F,118500600.0,5.9720425295e+25,6.698161169294253e+25,46722491.16414725,0.0006601989651324,209.59609724487512,6.757210962424231,1766293.0883750618
H2_atmosphere_10_M_earth_1000_F_earth.csv,H2,10_M,1000_F,118500600.0,5.9720425295e+25,6.698161169294253e+25,47347583.64118686,0.0003717055305038,205.3880345761657,6.756739895992984,1744074.1561805187
H2_atmosphere_10_M_earth_1000_F_earth.csv,H2,10_M,1000_F,118500600.0,5.9720425295e+25,6.698161169294253e+25,47961299.0949466,0.0002091555823032,201.37202276720967,6.755931284655338,1722856.7487592313
H2_atmosphere_10_M_earth_1000_F_earth.csv,H2,10_M,1000_F,118500600.0,5.9720425295e+25,6.698161169294253e+25,48564175.52742507,0.000117666527496,197.4631308829392,6.754748420848462,1701971.1448533533
H2_atmosphere_10_M_earth_1000_F_earth.csv,H2,10_M,1000_F,118500600.0,5.9720425295e+25,6.698161169294253e+25,49156503.11398607,6.615354886062869e-05,193.7330836207117,6.752751265767574,1682180.2254901985
H2_atmosphere_10_M_earth_1000_F_earth.csv,H2,10_M,1000_F,118500600.0,5.9720425295e+25,6.698161169294253e+25,49738827.1773911,3.715709970555959e-05,190.1943405513,6.748648430297719,1663956.3030934646
H2_atmosphere_10_M_earth_1000_F_earth.csv,H2,10_M,1000_F,118500600.0,5.9720425295e+25,6.698161169294253e+25,50311841.74859445,2.086624547611268e-05,186.69348155648365,6.742243998893499,1646035.3666639763
H2_atmosphere_10_M_earth_1000_F_earth.csv,H2,10_M,1000_F,118500600.0,5.9720425295e+25,6.698161169294253e+25,50875791.32102206,1.1713229321306242e-05,183.3421158726504,6.736331878163701,1628733.70821955
H2_atmosphere_10_M_earth_1000_F_earth.csv,H2,10_M,1000_F,118500600.0,5.9720425295e+25,6.698161169294253e+25,51431021.26599471,6.569948805980822e-06,180.181302121162,6.729919800664265,1612700.8083319657
H2_atmosphere_10_M_earth_1000_F_earth.csv,H2,10_M,1000_F,118500600.0,5.9720425295e+25,6.698161169294253e+25,51978088.5858672,3.6787059814477535e-06,177.07478785512012,6.711870719684469,1599406.691742529
H2_atmosphere_10_M_earth_1000_F_earth.csv,H2,10_M,1000_F,118500600.0,5.9720425295e+25,6.698161169294253e+25,52518034.1041788,2.046549162125736e-06,174.03512776785985,6.651268259044563,1596338.135406378
H2_atmosphere_10_M_earth_1000_F_earth.csv,H2,10_M,1000_F,118500600.0,5.9720425295e+25,6.698161169294253e+25,53054392.99175472,1.1196107581458825e-06,171.15324261658276,6.4856148194128656,1620116.606316084
H2_atmosphere_10_M_earth_1000_F_earth.csv,H2,10_M,1000_F,118500600.0,5.9720425295e+25,6.698161169294253e+25,53596191.904038936,5.977435922010505e-07,168.34311741063988,6.172524810671701,1684936.8936558135
H2_atmosphere_10_M_earth_1000_F_earth.csv,H2,10_M,1000_F,118500600.0,5.9720425295e+25,6.698161169294253e+25,54157012.59232202,3.244077726000296e-07,165.59047601238242,5.972178055594103,1724168.2349400318
H2_atmosphere_10_M_earth_1000_F_earth.csv,H2,10_M,1000_F,118500600.0,5.9720425295e+25,6.698161169294253e+25,54728103.092228,1.808456242650455e-07,162.98568324262538,5.939052933424103,1717819.5413571096
H2_atmosphere_10_M_earth_1000_F_earth.csv,H2,10_M,1000_F,118500600.0,5.9720425295e+25,6.698161169294253e+25,55294287.65684371,1.0137425420129608e-07,160.4711619222205,5.940705108485144,1701917.7434803233
H2_atmosphere_10_M_earth_1000_F_earth.csv,H2,10_M,1000_F,118500600.0,5.9720425295e+25,6.698161169294253e+25,55852502.7165939,5.665688380731154e-08,157.9583397386933,5.923278624929584,1691006.7010209851
H2_atmosphere_10_M_earth_1000_F_earth.csv,H2,10_M,1000_F,118500600.0,5.9720425295e+25,6.698161169294253e+25,56404490.13553218,3.153089198844155e-08,155.5320773544505,5.88270050874436,1687150.0170060128
H2_atmosphere_10_M_earth_1000_F_earth.csv,H2,10_M,1000_F,118500600.0,5.9720425295e+25,6.698161169294253e+25,56952627.907862656,1.7230261533440664e-08,153.21578020439753,5.739439307993252,1714203.2886800035
H2_atmosphere_10_M_earth_1000_F_earth.csv,H2,10_M,1000_F,118500600.0,5.9720425295e+25,6.698161169294253e+25,57506963.51546463,9.139419231562229e-09,150.93651577097606,5.435513926013296,1794411.0678327838
H2_atmosphere_10_M_earth_1000_F_earth.csv,H2,10_M,1000_F,118500600.0,5.9720425295e+25,6.698161169294253e+25,58084516.8075792,4.685339507907462e-09,148.7516929484424,4.977190554277192,1943978.2984821326
H2_atmosphere_10_M_earth_1000_F_earth.csv,H2,10_M,1000_F,118500600.0,5.9720425295e+25,6.698161169294253e+25,58707167.480361946,2.2971074849684083e-09,146.63308766796885,4.3596153543689695,2203204.8765691957
H2_atmosphere_10_M_earth_1000_F_earth.csv,H2,10_M,1000_F,118500600.0,5.9720425295e+25,6.698161169294253e+25,59409164.89641968,1.0584964568999535e-09,144.54036851000237,3.5889469186462404,2659054.6525834505
H2_atmosphere_10_M_earth_1000_F_earth.csv,H2,10_M,1000_F,118500600.0,5.9720425295e+25,6.698161169294253e+25,60251448.52583345,4.5194157892251495e-10,142.54160285231836,2.738835808038397,3468831.988536603
H2_atmosphere_10_M_earth_1000_F_earth.csv,H2,10_M,1000_F,118500600.0,5.9720425295e+25,6.698161169294253e+25,61342569.15582367,1.8743435429739628e-10,140.62009895460582,2.03091733341675,4671416.781247224
H2_atmosphere_10_M_earth_1000_F_earth.csv,H2,10_M,1000_F,118500600.0,5.9720425295e+25,6.698161169294253e+25,62798782.35090491,8.750344570087308e-11,138.70015539477853,1.694928362326938,5610787.479644506
H2_atmosphere_10_M_earth_1000_F_earth.csv,H2,10_M,1000_F,118500600.0,5.9720425295e+25,6.698161169294253e+25,64527091.73918224,4.42940861655034e-11,136.79021302962713,1.5335700149311982,6232906.21563654
H2_atmosphere_10_M_earth_1000_F_earth.csv,H2,10_M,1000_F,118500600.0,5.9720425295e+25,6.698161169294253e+25,66420341.97640619,2.3077643394442525e-11,134.97356657326668,1.428882806177897,6737982.476718586
H2O_atmosphere_1_M_earth_1_F_earth.csv,H2O,1_M,1_F,6312025.3734,5.9720422307e+24,8.394684270954495e+23,0.0,280.4387502665585,1708.867872103689,18.4869130183012,76822.27254360859
H2O_atmosphere_1_M_earth_1_F_earth.csv,H2O,1_M,1_F,6312025.3734,5.9720422307e+24,8.394684270954495e+23,1667481.1692169271,160.98156578732625,1611.845842492193,18.49640742592921,115742.74599416269
H2O_atmosphere_1_M_earth_1_F_earth.csv,H2O,1_M,1_F,6312025.3734,5.9720422307e+24,8.394684270954495e+23,3247799.6419708813,92.21694167596463,1523.505368973528,18.5059881273522,156941.27879428767
H2O_atmosphere_1_M_earth_1_F_earth.csv,H2O,1_M,1_F,6312025.3734,5.9720422307e+24,8.394684270954495e+23,4748197.704399458,52.82782417401645,1440.0110353197051,18.51637474706306,198446.3990782742
H2O_atmosphere_1_M_earth_1_F_earth.csv,H2O,1_M,1_F,6312025.3734,5.9720422307e+24,8.394684270954495e+23,6172284.25844666,30.135136475577948,1366.7841416888448,18.52551773914653,239863.53563711743
H2O_atmosphere_1_M_earth_1_F_earth.csv,H2O,1_M,1_F,6312025.3734,5.9720422307e+24,8.394684270954495e+23,7529344.173022844,17.051522502260042,1307.6287008253494,18.531676475206844,281989.83511027164
H2O_atmosphere_1_M_earth_1_F_earth.csv,H2O,1_M,1_F,6312025.3734,5.9720422307e+24,8.394684270954495e+23,8832770.900972202,9.569263874798157,1261.1655244278218,18.534785584247896,325549.4653536209
H2O_atmosphere_1_M_earth_1_F_earth.csv,H2O,1_M,1_F,6312025.3734,5.9720422307e+24,8.394684270954495e+23,10094808.097273923,5.357979687460878,1219.0989228344406,18.53731366391513,369272.76672680565
H2O_atmosphere_1_M_earth_1_F_earth.csv,H2O,1_M,1_F,6312025.3734,5.9720422307e+24,8.394684270954495e+23,11319398.531836256,3.0293773730159272,1167.2932594093245,18.544280412212665,408178.71813805297
H2O_atmosphere_1_M_earth_1_F_earth.csv,H2O,1_M,1_F,6312025.3734,5.9720422307e+24,8.394684270954495e+23,12495990.258209832,1.7562942146822658,1090.1842371548933,18.55426018849465,433558.59602703317
H2O_atmosphere_1_M_earth_1_F_earth.csv,H2O,1_M,1_F,6312025.3734,5.9720422307e+24,8.394684270954495e+23,13598293.819630183,1.056830879447754,980.0259674895524,18.54639023896328,436958.5341151834
H2O_atmosphere_1_M_earth_1_F_earth.csv,H2O,1_M,1_F,6312025.3734,5.9720422307e+24,8.394684270954495e+23,14593033.343627485,0.6647782806306306,843.1039337083209,18.545736976022987,414424.4732861332
H2O_atmosphere_1_M_earth_1_F_earth.csv,H2O,1_M,1_F,6312025.3734,5.9720422307e+24,8.394684270954495e+23,15451467.93033843,0.4393615712977059,690.3438879868046,18.545713829116018,367777.14202289755
H2O_atmosphere_1_M_earth_1_F_earth.csv,H2O,1_M,1_F,6312025.3734,5.9720422307e+24,8.394684270954495e+23,16156235.632251706,0.3050551143691158,538.076054652989,18.54589599399334,305520.50097804616
H2O_atmosphere_1_M_earth_1_F_earth.csv,H2O,1_M,1_F,6312025.3734,5.9720422307e+24,8.394684270954495e+23,16706746.736534271,0.2063772072312129,430.4327774558087,18.54653369961348,256514.8312947246
H2O_atmosphere_1_M_earth_1_F_earth.csv,H2O,1_M,1_F,6312025.3734,5.9720422307e+24,8.394684270954495e+23,17147861.081624743,0.1267906061713311,379.1493249461763,18.54653973277468,234695.51789343802
H2O_atmosphere_1_M_earth_1_F_earth.csv,H2O,1_M,1_F,6312025.3734,5.9720422307e+24,8.394684270954495e+23,17536948.487793155,0.0745007501478727,349.19408412144776,18.546539755262742,223382.40848559485
H2O_atmosphere_1_M_earth_1_F_earth.csv,H2O,1_M,1_F,6312025.3734,5.9720422307e+24,8.394684270954495e+23,17895725.728712,0.0429115782537043,328.08258908734075,18.54653936355629,216239.37627485057
H2O_atmosphere_1_M_earth_1_F_earth.csv,H2O,1_M,1_F,6312025.3734,5.9720422307e+24,8.394684270954495e+23,18233185.06670235,0.0255565909207851,298.11572973277674,18.54653869109013,202004.5412475129
H2O_atmosphere_1_M_earth_1_F_earth.csv,H2O,1_M,1_F,6312025.3734,5.9720422307e+24,8.394684270954495e+23,18540140.019733485,0.016224198001337,254.1292902894148,18.546538307364383,176533.00924584334
H2O_atmosphere_1_M_earth_1_F_earth.csv,H2O,1_M,1_F,6312025.3734,5.9720422307e+24,8.394684270954495e+23,18802051.74647738,0.0103769447931897,215.01987712204115,18.54653816739244,152530.18256811216
H2O_atmosphere_1_M_earth_1_F_earth.csv,H2O,1_M,1_F,6312025.3734,5.9720422307e+24,8.394684270954495e+23,19023835.079296585,0.006542268163396,184.56524854793585,18.546538189572388,133249.0071239893
H2O_atmosphere_1_M_earth_1_F_earth.csv,H2O,1_M,1_F,6312025.3734,5.9720422307e+24,8.394684270954495e+23,19214335.76974361,0.0040873331953954,159.87051604096249,18.546537691809124,117162.58366494432
H2O_atmosphere_1_M_earth_1_F_earth.csv,H2O,1_M,1_F,6312025.3734,5.9720422307e+24,8.394684270954495e+23,19379444.28025104,0.002421411246258,146.03930966878536,18.546527011599387,108415.32172594896
H2O_atmosphere_1_M_earth_1_F_earth.csv,H2O,1_M,1_F,6312025.3734,5.9720422307e+24,8.394684270954495e+23,19530345.09227731,0.0013564477056594,141.07963275462367,18.54647968933212,105967.60518630291
H2O_atmosphere_1_M_earth_1_F_earth.csv,H2O,1_M,1_F,6312025.3734,5.9720422307e+24,8.394684270954495e+23,19676189.132209305,0.000740345170877,139.88134808773904,18.54633124072613,106257.66639395528
H2O_atmosphere_1_M_earth_1_F_earth.csv,H2O,1_M,1_F,6312025.3734,5.9720422307e+24,8.394684270954495e+23,19820860.406707525,0.0004018846624942,139.44817294957394,18.545906173656263,107113.71991709703
H2O_atmosphere_1_M_earth_1_F_earth.csv,H2O,1_M,1_F,6312025.3734,5.9720422307e+24,8.394684270954495e+23,19965151.10295088,0.0002194660417823,138.18131125287957,18.544720012030183,107322.80517587186
H2O_atmosphere_1_M_earth_1_F_earth.csv,H2O,1_M,1_F,6312025.3734,5.9720422307e+24,8.394684270954495e+23,20108203.482216787,0.0001198952757268,136.85754191793768,18.54147539160609,107473.94435720307
H2O_atmosphere_1_M_earth_1_F_earth.csv,H2O,1_M,1_F,6312025.3734,5.9720422307e+24,8.394684270954495e+23,20249972.49225008,6.521047860107546e-05,136.11193363094057,18.53347757240535,108085.23050319761
H2O_atmosphere_1_M_earth_1_F_earth.csv,H2O,1_M,1_F,6312025.3734,5.9720422307e+24,8.394684270954495e+23,20391091.397196747,3.53494678854851e-05,135.76438244904276,18.5174805571402,109051.95412959826
H2O_atmosphere_1_M_earth_1_F_earth.csv,H2O,1_M,1_F,6312025.3734,5.9720422307e+24,8.394684270954495e+23,20532032.610007267,1.915174585186119e-05,135.37533360549978,18.485488018286627,110080.53893374886
H2O_atmosphere_1_M_earth_1_F_earth.csv,H2O,1_M,1_F,6312025.3734,5.9720422307e+24,8.394684270954495e+23,20672874.07587037,1.0359614624559811e-05,135.2984551792211,18.46669988582779,111288.6172076131
H2O_atmosphere_1_M_earth_1_F_earth.csv,H2O,1_M,1_F,6312025.3734,5.9720422307e+24,8.394684270954495e+23,20813839.678996883,5.583235024887143e-06,135.80116505690066,18.45916711043492,112918.26052839882
H2O_atmosphere_1_M_earth_1_F_earth.csv,H2O,1_M,1_F,6312025.3734,5.9720422307e+24,8.394684270954495e+23,20955448.01259932,3.009396351931836e-06,136.28145126313078,18.450522880551016,114557.48180573834
H2O_atmosphere_1_M_earth_1_F_earth.csv,H2O,1_M,1_F,6312025.3734,5.9720422307e+24,8.394684270954495e+23,21097685.50803982,1.627711862157152e-06,136.19464424886985,18.428922309219463,115817.60794159131
H2O_atmosphere_1_M_earth_1_F_earth.csv,H2O,1_M,1_F,6312025.3734,5.9720422307e+24,8.394684270954495e+23,21240061.07538462,8.83970249006989e-07,135.36398708044797,18.381164008693982,116612.39199354805
H2O_atmosphere_1_M_earth_1_F_earth.csv,H2O,1_M,1_F,6312025.3734,5.9720422307e+24,8.394684270954495e+23,21381997.83967513,4.811754412792053e-07,133.96125279318304,18.29720357003081,117131.08749275711
H2O_atmosphere_1_M_earth_1_F_earth.csv,H2O,1_M,1_F,6312025.3734,5.9720422307e+24,8.394684270954495e+23,21523169.618647937,2.6119833297973296e-07,132.6567741012653,18.17488794091802,117964.63206701349
H2O_atmosphere_1_M_earth_1_F_earth.csv,H2O,1_M,1_F,6312025.3734,5.9720422307e+24,8.394684270954495e+23,21663968.28272233,1.4084565426153098e-07,132.00537811511083,18.020914596673624,119589.05383521358
H2O_atmosphere_1_M_earth_1_F_earth.csv,H2O,1_M,1_F,6312025.3734,5.9720422307e+24,8.394684270954495e+23,21805333.46032578,7.547314782421104e-08,132.0317539312873,17.84770794072193,121997.40139016353
H2O_atmosphere_1_M_earth_1_F_earth.csv,H2O,1_M,1_F,6312025.3734,5.9720422307e+24,8.394684270954495e+23,21948160.71339036,4.0631486482573534e-08,131.3828181009456,17.667810026193663,123882.93271441227
H2O_atmosphere_1_M_earth_1_F_earth.csv,H2O,1_M,1_F,6312025.3734,5.9720422307e+24,8.394684270954495e+23,22091795.77525585,2.2193803295222084e-08,128.81011212899196,17.483684873976475,123986.99034653393
H2O_atmosphere_1_M_earth_1_F_earth.csv,H2O,1_M,1_F,6312025.3734,5.9720422307e+24,8.394684270954495e+23,22234163.732021447,1.2051024620954804e-08,126.80182985677834,17.26913626961572,124812.12360709209
H2O_atmosphere_1_M_earth_1_F_earth.csv,H2O,1_M,1_F,6312025.3734,5.9720422307e+24,8.394684270954495e+23,22376114.987365168,6.40879612677601e-09,126.8018043700962,16.97043029862511,128275.27802117645
H2O_atmosphere_1_M_earth_1_F_earth.csv,H2O,1_M,1_F,6312025.3734,5.9720422307e+24,8.394684270954495e+23,22520627.512385093,3.3742162851822062e-09,126.80176963147308,16.510454886449473,133180.63280227018
H2O_atmosphere_1_M_earth_1_F_earth.csv,H2O,1_M,1_F,6312025.3734,5.9720422307e+24,8.394684270954495e+23,22669231.75041688,1.744249041829838e-09,126.80173576041064,15.771185552942509,140864.28279801583
H2O_atmosphere_1_M_earth_1_F_earth.csv,H2O,1_M,1_F,6312025.3734,5.9720422307e+24,8.394684270954495e+23,22824872.47355744,8.717764506023575e-10,126.80170699366047,14.565678693975746,154165.28439239954
H2O_atmosphere_1_M_earth_1_F_earth.csv,H2O,1_M,1_F,6312025.3734,5.9720422307e+24,8.394684270954495e+23,22993474.8149616,4.079885262318279e-10,126.80167561691154,12.596308171716966,180337.30837045747
H2O_atmosphere_1_M_earth_1_F_earth.csv,H2O,1_M,1_F,6312025.3734,5.9720422307e+24,8.394684270954495e+23,23188537.913281266,1.6487056401835528e-10,126.80164609163631,9.406069701253404,244727.57515989357
H2O_atmosphere_1_M_earth_1000_F_earth.csv,H2O,1_M,1000_F,6311758.0844,5.972043965e+24,1.2797595773563293e+21,0.0,31.2920466447216,2783.52,30.34534372585277,76226.93191920883
H2O_atmosphere_1_M_earth_1000_F_earth.csv,H2O,1_M,1000_F,6311758.0844,5.972043965e+24,1.2797595773563293e+21,43477.2173,17.65665915252768,2782.55039,30.26706039707317,77453.58591913148
H2O_atmosphere_1_M_earth_1000_F_earth.csv,H2O,1_M,1000_F,6311758.0844,5.972043965e+24,1.2797595773563293e+21,87654.0749,9.96186840708767,2780.33633,30.172530316100197,78717.48892123658
H2O_atmosphere_1_M_earth_1000_F_earth.csv,H2O,1_M,1000_F,6311758.0844,5.972043965e+24,1.2797595773563293e+21,132551.818,5.622884783499933,2775.4444,30.0621639523176,79978.00966805393
H2O_atmosphere_1_M_earth_1000_F_earth.csv,H2O,1_M,1000_F,6311758.0844,5.972043965e+24,1.2797595773563293e+21,178168.516,3.177978797097249,2765.77122,29.93992421354513,81161.59844834784
H2O_atmosphere_1_M_earth_1000_F_earth.csv,H2O,1_M,1000_F,6311758.0844,5.972043965e+24,1.2797595773563293e+21,224460.292,1.8010125114580362,2748.46338,29.81570326498777,82149.22483634208
H2O_atmosphere_1_M_earth_1000_F_earth.csv,H2O,1_M,1000_F,6311758.0844,5.972043965e+24,1.2797595773563293e+21,271315.373,1.024981989859349,2720.90531,29.704548933636133,82804.38458980554
H2O_atmosphere_1_M_earth_1000_F_earth.csv,H2O,1_M,1000_F,6311758.0844,5.972043965e+24,1.2797595773563293e+21,318544.134,0.5863303739952378,2682.27071,29.62055723679627,83038.88271402683
H2O_atmosphere_1_M_earth_1000_F_earth.csv,H2O,1_M,1000_F,6311758.0844,5.972043965e+24,1.2797595773563293e+21,365906.645,0.3371655188030519,2633.52579,29.572216641274235,82833.95207735585
H2O_atmosphere_1_M_earth_1000_F_earth.csv,H2O,1_M,1000_F,6311758.0844,5.972043965e+24,1.2797595773563293e+21,413152.272,0.1948746948693839,2576.01815,29.56394881604966,82198.69849568434
H2O_atmosphere_1_M_earth_1000_F_earth.csv,H2O,1_M,1000_F,6311758.0844,5.972043965e+24,1.2797595773563293e+21,460035.575,0.113176246629269,2511.12921,29.596295036560388,81160.48055839658
H2O_atmosphere_1_M_earth_1000_F_earth.csv,H2O,1_M,1000_F,6311758.0844,5.972043965e+24,1.2797595773563293e+21,506326.716,0.0660187221189852,2440.18979,29.66597632219665,79761.85065648981
H2O_atmosphere_1_M_earth_1000_F_earth.csv,H2O,1_M,1000_F,6311758.0844,5.972043965e+24,1.2797595773563293e+21,551820.13,0.0386946762923652,2362.88234,29.772559141813147,77988.85946123321
H2O_atmosphere_1_M_earth_1000_F_earth.csv,H2O,1_M,1000_F,6311758.0844,5.972043965e+24,1.2797595773563293e+21,596302.293,0.0228110113941003,2277.59108,29.9156243476118,75787.11878314306
H2O_atmosphere_1_M_earth_1000_F_earth.csv,H2O,1_M,1000_F,6311758.0844,5.972043965e+24,1.2797595773563293e+21,639528.661,0.0135294537117131,2183.79735,30.08328782086055,73168.29055253412
H2O_atmosphere_1_M_earth_1000_F_earth.csv,H2O,1_M,1000_F,6311758.0844,5.972043965e+24,1.2797595773563293e+21,681261.341,0.008078740888448,2080.26109,30.258622520102367,70129.9657588196
H2O_atmosphere_1_M_earth_1000_F_earth.csv,H2O,1_M,1000_F,6311758.0844,5.972043965e+24,1.2797595773563293e+21,721261.065,0.0048705222564902,1961.96481,30.42350876431583,66538.18932686232
H2O_atmosphere_1_M_earth_1000_F_earth.csv,H2O,1_M,1000_F,6311758.0844,5.972043965e+24,1.2797595773563293e+21,759212.164,0.0029702570405084,1826.36337,30.54067993945717,62369.45822478815
H2O_atmosphere_1_M_earth_1000_F_earth.csv,H2O,1_M,1000_F,6311758.0844,5.972043965e+24,1.2797595773563293e+21,794785.563,0.0018264794642831,1682.13658,30.58640632179732,57936.88243525711
H2O_atmosphere_1_M_earth_1000_F_earth.csv,H2O,1_M,1000_F,6311758.0844,5.972043965e+24,1.2797595773563293e+21,827830.771,0.001125428933457,1544.33917,30.596242459151245,53669.36589315331
H2O_atmosphere_1_M_earth_1000_F_earth.csv,H2O,1_M,1000_F,6311758.0844,5.972043965e+24,1.2797595773563293e+21,858441.935,0.0006906619935904,1423.18081,30.5976373291462,49881.57909017714
H2O_atmosphere_1_M_earth_1000_F_earth.csv,H2O,1_M,1000_F,6311758.0844,5.972043965e+24,1.2797595773563293e+21,886892.675,0.0004188841865464,1326.9644,30.59640618290419,46880.96340624317
H2O_atmosphere_1_M_earth_1000_F_earth.csv,H2O,1_M,1000_F,6311758.0844,5.972043965e+24,1.2797595773563293e+21,913631.967,0.0002508679390467,1252.83972,30.592346006252725,44597.52831428133
H2O_atmosphere_1_M_earth_1000_F_earth.csv,H2O,1_M,1000_F,6311758.0844,5.972043965e+24,1.2797595773563293e+21,939068.866,0.0001497833876359,1186.33502,30.584263864069143,42539.25351857587
H2O_atmosphere_1_M_earth_1000_F_earth.csv,H2O,1_M,1000_F,6311758.0844,5.972043965e+24,1.2797595773563293e+21,963331.796,8.977366011516606e-05,1118.88164,30.571379522409156,40406.50640704451
H2O_atmosphere_1_M_earth_1000_F_earth.csv,H2O,1_M,1000_F,6311758.0844,5.972043965e+24,1.2797595773563293e+21,986378.281,5.389380276901436e-05,1053.37613,30.553374528884213,38304.84435253002
H2O_atmosphere_1_M_earth_1000_F_earth.csv,H2O,1_M,1000_F,6311758.0844,5.972043965e+24,1.2797595773563293e+21,1008226.05,3.23139958572905e-05,992.752133,30.52975382400364,36344.88266425614
H2O_atmosphere_1_M_earth_1000_F_earth.csv,H2O,1_M,1000_F,6311758.0844,5.972043965e+24,1.2797595773563293e+21,1028955.92,1.9368335296881092e-05,935.737658,30.49952930121785,34486.01750272547
H2O_atmosphere_1_M_earth_1000_F_earth.csv,H2O,1_M,1000_F,6311758.0844,5.972043965e+24,1.2797595773563293e+21,1048625.57,1.1596335293690756e-05,882.723173,30.46119607589889,32747.936915484603
H2O_atmosphere_1_M_earth_1000_F_earth.csv,H2O,1_M,1000_F,6311758.0844,5.972043965e+24,1.2797595773563293e+21,1067303.87,6.912232658677014e-06,836.136911,30.412514536786663,31227.18560961843
H2O_atmosphere_1_M_earth_1000_F_earth.csv,H2O,1_M,1000_F,6311758.0844,5.972043965e+24,1.2797595773563293e+21,1085114.78,4.087661379772635e-06,797.944904,30.35004421007257,30006.500648401754
H2O_atmosphere_1_M_earth_1000_F_earth.csv,H2O,1_M,1000_F,6311758.0844,5.972043965e+24,1.2797595773563293e+21,1102229.46,2.3948739515291747e-06,768.144163,30.268564919210014,29097.794554998487
H2O_atmosphere_1_M_earth_1000_F_earth.csv,H2O,1_M,1000_F,6311758.0844,5.972043965e+24,1.2797595773563293e+21,1118825.85,1.3931441658108192e-06,744.085052,30.160601749829706,28414.10176604717
H2O_atmosphere_1_M_earth_1000_F_earth.csv,H2O,1_M,1000_F,6311758.0844,5.972043965e+24,1.2797595773563293e+21,1135032.28,8.070729701005781e-07,722.884499,30.016358434647355,27858.301276587004
H2O_atmosphere_1_M_earth_1000_F_earth.csv,H2O,1_M,1000_F,6311758.0844,5.972043965e+24,1.2797595773563293e+21,1150921.7,4.654135574486144e-07,704.35275,29.823626888591686,27436.25534388757
H2O_atmosphere_1_M_earth_1000_F_earth.csv,H2O,1_M,1000_F,6311758.0844,5.972043965e+24,1.2797595773563293e+21,1166570.4,2.662144450499964e-07,690.372105,29.56657304453909,27239.352847829265
H2O_atmosphere_1_M_earth_1000_F_earth.csv,H2O,1_M,1000_F,6311758.0844,5.972043965e+24,1.2797595773563293e+21,1182106.78,1.506219433559469e-07,682.059122,29.224785483427446,27339.330133608473
H2O_atmosphere_1_M_earth_1000_F_earth.csv,H2O,1_M,1000_F,6311758.0844,5.972043965e+24,1.2797595773563293e+21,1197700.19,8.431457219380616e-08,678.369069,28.77164323884746,27734.737081196705
H2O_atmosphere_1_M_earth_1000_F_earth.csv,H2O,1_M,1000_F,6311758.0844,5.972043965e+24,1.2797595773563293e+21,1213519.11,4.6785510512896954e-08,677.268264,28.185322771597075,28384.95315135898
H2O_atmosphere_1_M_earth_1000_F_earth.csv,H2O,1_M,1000_F,6311758.0844,5.972043965e+24,1.2797595773563293e+21,1229708.88,2.5779312236593748e-08,677.431168,27.46896786309009,29257.68528584229
H2O_atmosphere_1_M_earth_1000_F_earth.csv,H2O,1_M,1000_F,6311758.0844,5.972043965e+24,1.2797595773563293e+21,1246396.42,1.4148718001722332e-08,677.68741,26.669033280622426,30280.22796022614
H2O_atmosphere_1_M_earth_1000_F_earth.csv,H2O,1_M,1000_F,6311758.0844,5.972043965e+24,1.2797595773563293e+21,1263667.16,7.792093944061257e-09,674.927789,25.865875354875616,31235.5838629445
H2O_atmosphere_1_M_earth_1000_F_earth.csv,H2O,1_M,1000_F,6311758.0844,5.972043965e+24,1.2797595773563293e+21,1281482.78,4.323883598408311e-09,668.386656,25.13462331916745,31982.70612578613
H2O_atmosphere_1_M_earth_1000_F_earth.csv,H2O,1_M,1000_F,6311758.0844,5.972043965e+24,1.2797595773563293e+21,1299724.51,2.3994496632895903e-09,664.207,24.509848897576816,32749.6600868219
H2O_atmosphere_1_M_earth_1000_F_earth.csv,H2O,1_M,1000_F,6311758.0844,5.972043965e+24,1.2797595773563293e+21,1318403.64,1.3280797190913924e-09,664.207,23.988774396588788,33625.46814898123
H2O_atmosphere_1_M_earth_1000_F_earth.csv,H2O,1_M,1000_F,6311758.0844,5.972043965e+24,1.2797595773563293e+21,1337582.18,7.376123907839e-10,664.207,23.55955293914113,34410.40849769331
H2O_atmosphere_1_M_earth_1000_F_earth.csv,H2O,1_M,1000_F,6311758.0844,5.972043965e+24,1.2797595773563293e+21,1357208.02,4.1100360300758444e-10,664.207,23.213434243670964,35102.912725460315
H2O_atmosphere_1_M_earth_1000_F_earth.csv,H2O,1_M,1000_F,6311758.0844,5.972043965e+24,1.2797595773563293e+21,1377227.95,2.2971783637365457e-10,664.207,22.942640972607524,35702.91275536034
H2O_atmosphere_1_M_earth_1000_F_earth.csv,H2O,1_M,1000_F,6311758.0844,5.972043965e+24,1.2797595773563293e+21,1397588.74,1.2876568332701364e-10,664.207,22.740696104867386,36210.98401934213
H2O_atmosphere_1_M_earth_1000_F_earth.csv,H2O,1_M,1000_F,6311758.0844,5.972043965e+24,1.2797595773563293e+21,1418237.71,7.23791485664225e-11,664.207,22.60330853429286,36626.49963813236
H2O_atmosphere_1_M_earth_1000_F_earth.csv,H2O,1_M,1000_F,6311758.0844,5.972043965e+24,1.2797595773563293e+21,1439122.22,4.0798133350404356e-11,664.207,22.52961454742736,36945.1311215926
H2O_atmosphere_10_M_earth_1_F_earth.csv,H2O,10_M,1_F,118500600.0,5.972043965000001e+25,1.5379066945500252e+26,0.0,284.36657403724945,1704.6452303,18.4510833321919,2706192.5934269414
H2O_atmosphere_10_M_earth_1_F_earth.csv,H2O,10_M,1_F,118500600.0,5.972043965000001e+25,1.5379066945500252e+26,1667315.742994559,174.27469837423567,1507.7433512142163,18.48660205854928,2456704.1057152324
H2O_atmosphere_10_M_earth_1_F_earth.csv,H2O,10_M,1_F,118500600.0,5.972043965000001e+25,1.5379066945500252e+26,3146994.3547065845,106.62295067411492,1335.6183537996326,18.518867331047947,2226283.5280786343
H2O_atmosphere_10_M_earth_1_F_earth.csv,H2O,10_M,1_F,118500600.0,5.972043965000001e+25,1.5379066945500252e+26,4461593.850790311,65.57882098669369,1176.539085461512,18.54544773672348,2000864.6334058738
H2O_atmosphere_10_M_earth_1_F_earth.csv,H2O,10_M,1_F,118500600.0,5.972043965000001e+25,1.5379066945500252e+26,5622755.588153729,40.543461443162805,1030.5752703020012,18.563245760920257,1784178.4254776319
H2O_atmosphere_10_M_earth_1_F_earth.csv,H2O,10_M,1_F,118500600.0,5.972043965000001e+25,1.5379066945500252e+26,6642601.838858661,25.147069991223525,897.7037623522223,18.537869609773672,1581951.673095777
H2O_atmosphere_10_M_earth_1_F_earth.csv,H2O,10_M,1_F,118500600.0,5.972043965000001e+25,1.5379066945500252e+26,7535027.664805839,15.672588208281288,778.0924240348447,18.50961181898604,1392919.435388365
H2O_atmosphere_10_M_earth_1_F_earth.csv,H2O,10_M,1_F,118500600.0,5.972043965000001e+25,1.5379066945500252e+26,8311895.809510884,9.836090239251911,670.7032920613854,18.508207413650894,1215613.866467086
H2O_atmosphere_10_M_earth_1_F_earth.csv,H2O,10_M,1_F,118500600.0,5.972043965000001e+25,1.5379066945500252e+26,8983224.714843927,6.2133789903058885,574.4379279851935,18.50837887033736,1052180.7698904916
H2O_atmosphere_10_M_earth_1_F_earth.csv,H2O,10_M,1_F,118500600.0,5.972043965000001e+25,1.5379066945500252e+26,9559400.991901804,3.954263869696161,488.3446345058189,18.508682711838627,902575.1594887084
H2O_atmosphere_10_M_earth_1_F_earth.csv,H2O,10_M,1_F,118500600.0,5.972043965000001e+25,1.5379066945500252e+26,10050097.51741274,2.4531813937456537,425.8696675083084,18.50869625394257,793149.8025301516
H2O_atmosphere_10_M_earth_1_F_earth.csv,H2O,10_M,1_F,118500600.0,5.972043965000001e+25,1.5379066945500252e+26,10478673.563001389,1.4171171884889724,398.8545964795232,18.508696695272263,747797.6240940874
H2O_atmosphere_10_M_earth_1_F_earth.csv,H2O,10_M,1_F,118500600.0,5.972043965000001e+25,1.5379066945500252e+26,10880599.580996027,0.804763976154742,379.9844524536075,18.508696781867872,716865.6959735532
H2O_atmosphere_10_M_earth_1_F_earth.csv,H2O,10_M,1_F,118500600.0,5.972043965000001e+25,1.5379066945500252e+26,11263989.994669309,0.4557374076194949,363.0226010015958,18.5086968154245,688930.933865622
H2O_atmosphere_10_M_earth_1_F_earth.csv,H2O,10_M,1_F,118500600.0,5.972043965000001e+25,1.5379066945500252e+26,11630704.079155996,0.2573933659079171,347.7482705932004,18.5086968306612,663679.1377857698
H2O_atmosphere_10_M_earth_1_F_earth.csv,H2O,10_M,1_F,118500600.0,5.972043965000001e+25,1.5379066945500252e+26,11982389.66330609,0.1450583391825616,333.8363421649309,18.508696831733257,640576.5470815428
H2O_atmosphere_10_M_earth_1_F_earth.csv,H2O,10_M,1_F,118500600.0,5.972043965000001e+25,1.5379066945500252e+26,12320375.330938824,0.0815845384264644,321.13115274300344,18.50869679652892,619393.7627795705
H2O_atmosphere_10_M_earth_1_F_earth.csv,H2O,10_M,1_F,118500600.0,5.972043965000001e+25,1.5379066945500252e+26,12645839.6938697,0.0457830030411481,309.59932462537785,18.508696606289387,600126.2773013486
H2O_atmosphere_10_M_earth_1_F_earth.csv,H2O,10_M,1_F,118500600.0,5.972043965000001e+25,1.5379066945500252e+26,12959934.107618067,0.0256563282743202,298.898503443442,18.50869566356584,582162.4319552614
H2O_atmosphere_10_M_earth_1_F_earth.csv,H2O,10_M,1_F,118500600.0,5.972043965000001e+25,1.5379066945500252e+26,13263468.297234988,0.0143609541607071,288.9008529008274,18.5086909609192,565291.6571928809
H2O_atmosphere_10_M_earth_1_F_earth.csv,H2O,10_M,1_F,118500600.0,5.972043965000001e+25,1.5379066945500252e+26,13557126.418774046,0.0080275155837583,279.61756869350586,18.50866993356263,549569.1447215857
H2O_atmosphere_10_M_earth_1_F_earth.csv,H2O,10_M,1_F,118500600.0,5.972043965000001e+25,1.5379066945500252e+26,13841607.801022468,0.0044778928012456,271.1965002967637,18.50859215341957,535319.3122314707
H2O_atmosphere_10_M_earth_1_F_earth.csv,H2O,10_M,1_F,118500600.0,5.972043965000001e+25,1.5379066945500252e+26,14117766.336605148,0.0024885846643554,264.0059684585057,18.508353769745483,523309.67704903585
H2O_atmosphere_10_M_earth_1_F_earth.csv,H2O,10_M,1_F,118500600.0,5.972043965000001e+25,1.5379066945500252e+26,14386836.491137564,0.0013821915391611,257.15629592966513,18.507724757755888,511820.2230849752
H2O_atmosphere_10_M_earth_1_F_earth.csv,H2O,10_M,1_F,118500600.0,5.972043965000001e+25,1.5379066945500252e+26,14649153.110809404,0.0007670439902653,250.6825697650501,18.506234633387862,500947.5651492071
H2O_atmosphere_10_M_earth_1_F_earth.csv,H2O,10_M,1_F,118500600.0,5.972043965000001e+25,1.5379066945500252e+26,14905094.5574997,0.0004253944833089,244.50705219871105,18.50303250681375,490571.91301550064
H2O_atmosphere_10_M_earth_1_F_earth.csv,H2O,10_M,1_F,118500600.0,5.972043965000001e+25,1.5379066945500252e+26,15154972.072869876,0.0002357492891283,238.61925046451148,18.497010864221924,480710.4120606688
H2O_atmosphere_10_M_earth_1_F_earth.csv,H2O,10_M,1_F,118500600.0,5.972043965000001e+25,1.5379066945500252e+26,15399100.579801748,0.0001305425073253,233.0187502026116,18.487343694137653,471390.7218812938
H2O_atmosphere_10_M_earth_1_F_earth.csv,H2O,10_M,1_F,118500600.0,5.972043965000001e+25,1.5379066945500252e+26,15637804.162774846,7.222005252582509e-05,227.70512521367945,18.473463062741487,462632.59185427753
H2O_atmosphere_10_M_earth_1_F_earth.csv,H2O,10_M,1_F,118500600.0,5.972043965000001e+25,1.5379066945500252e+26,15871412.145389063,3.99111466892601e-05,222.67793714733696,18.453345790865807,454490.8829300371
H2O_atmosphere_10_M_earth_1_F_earth.csv,H2O,10_M,1_F,118500600.0,5.972043965000001e+25,1.5379066945500252e+26,16100276.893823875,2.203825348106296e-05,217.7945158154167,18.42102757230904,446821.77636145515
H2O_atmosphere_10_M_earth_1_F_earth.csv,H2O,10_M,1_F,118500600.0,5.972043965000001e+25,1.5379066945500252e+26,16324673.914826386,1.216598892950561e-05,213.1446581771509,18.39490811069024,439364.45367296296
H2O_atmosphere_10_M_earth_1_F_earth.csv,H2O,10_M,1_F,118500600.0,5.972043965000001e+25,1.5379066945500252e+26,16544744.4457871,6.715249407913114e-06,208.71473780537403,18.377102212219107,432056.74031651806
H2O_atmosphere_10_M_earth_1_F_earth.csv,H2O,10_M,1_F,118500600.0,5.972043965000001e+25,1.5379066945500252e+26,16760596.556275263,3.706799617203861e-06,204.4133621278266,18.363530134033613,424820.0684472056
H2O_atmosphere_10_M_earth_1_F_earth.csv,H2O,10_M,1_F,118500600.0,5.972043965000001e+25,1.5379066945500252e+26,16972297.462052435,2.0449524699143142e-06,200.3268053587043,18.350845497803743,417920.1303339744
H2O_atmosphere_10_M_earth_1_F_earth.csv,H2O,10_M,1_F,118500600.0,5.972043965000001e+25,1.5379066945500252e+26,17180045.208209105,1.127555859315538e-06,196.4122100487404,18.33691862476613,411323.3745274066
H2O_atmosphere_10_M_earth_1_F_earth.csv,H2O,10_M,1_F,118500600.0,5.972043965000001e+25,1.5379066945500252e+26,17384018.727603707,6.215620477322027e-07,192.59382908150693,18.32030416381728,404907.4368123474
H2O_atmosphere_10_M_earth_1_F_earth.csv,H2O,10_M,1_F,118500600.0,5.972043965000001e+25,1.5379066945500252e+26,17584334.215323284,3.42426811007969e-07,188.9209522308164,18.29952110788105,398809.92871272255
H2O_atmosphere_10_M_earth_1_F_earth.csv,H2O,10_M,1_F,118500600.0,5.972043965000001e+25,1.5379066945500252e+26,17781174.24477425,1.884658143512185e-07,185.43728519201227,18.27290083478072,393161.1406217665
H2O_atmosphere_10_M_earth_1_F_earth.csv,H2O,10_M,1_F,118500600.0,5.972043965000001e+25,1.5379066945500252e+26,17974783.453248724,1.0366131454385825e-07,182.05716351195807,18.238467741921,387822.97563955415
H2O_atmosphere_10_M_earth_1_F_earth.csv,H2O,10_M,1_F,118500600.0,5.972043965000001e+25,1.5379066945500252e+26,18165336.04835108,5.6978373746863816e-08,178.75781824381232,18.19386527949868,382794.85903163033
H2O_atmosphere_10_M_earth_1_F_earth.csv,H2O,10_M,1_F,118500600.0,5.972043965000001e+25,1.5379066945500252e+26,18353004.08783497,3.1279591329338875e-08,175.6111271574203,18.13631266621057,378286.6191864303
H2O_atmosphere_10_M_earth_1_F_earth.csv,H2O,10_M,1_F,118500600.0,5.972043965000001e+25,1.5379066945500252e+26,18538060.48890721,1.7149059808320467e-08,172.5915223033236,18.062658954256445,374308.2956255172
H2O_atmosphere_10_M_earth_1_F_earth.csv,H2O,10_M,1_F,118500600.0,5.972043965000001e+25,1.5379066945500252e+26,18720780.48320904,9.387286468145477e-09,169.702981244422,17.969560894814098,370937.7560644874
H2O_atmosphere_10_M_earth_1_F_earth.csv,H2O,10_M,1_F,118500600.0,5.972043965000001e+25,1.5379066945500252e+26,18901474.71155905,5.132507827076321e-09,166.84117195919978,17.853640597346917,368017.5162022595
H2O_atmosphere_10_M_earth_1_F_earth.csv,H2O,10_M,1_F,118500600.0,5.972043965000001e+25,1.5379066945500252e+26,19080374.51954709,2.800730510840356e-09,164.09453299153773,17.711093862327548,365822.9566007473
H2O_atmosphere_10_M_earth_1_F_earth.csv,H2O,10_M,1_F,118500600.0,5.972043965000001e+25,1.5379066945500252e+26,19257842.83014236,1.524360010960244e-09,161.50115533241373,17.535943787985566,364576.27564325323
H2O_atmosphere_10_M_earth_1_F_earth.csv,H2O,10_M,1_F,118500600.0,5.972043965000001e+25,1.5379066945500252e+26,19434347.107987743,8.27456179852057e-10,158.94828521533526,17.316209392208442,364298.2698860347
H2O_atmosphere_10_M_earth_1_F_earth.csv,H2O,10_M,1_F,118500600.0,5.972043965000001e+25,1.5379066945500252e+26,19610361.05128944,4.4674534728630584e-10,156.61643016868436,17.02689080490385,365985.3737817399
H2O_atmosphere_10_M_earth_1_F_earth.csv,H2O,10_M,1_F,118500600.0,5.972043965000001e+25,1.5379066945500252e+26,19786835.01796697,2.400351050838178e-10,153.94719440634057,16.62151272808736,369464.01024837024
H2O_atmosphere_10_M_earth_1000_F_earth.csv,H2O,10_M,1000_F,118500600.0,5.972043965000001e+25,1.6630357074437874e+25,0.0,30.823171954716564,2783.5231372,29.89068798083981,2727755.8021882907
H2O_atmosphere_10_M_earth_1000_F_earth.csv,H2O,10_M,1000_F,118500600.0,5.972043965000001e+25,1.6630357074437874e+25,1559555.4441876211,19.449326375220767,2527.2943237678014,30.281616707561973,2509458.5793562215
H2O_atmosphere_10_M_earth_1000_F_earth.csv,H2O,10_M,1000_F,118500600.0,5.972043965000001e+25,1.6630357074437874e+25,2964186.534989262,12.178118301744592,2298.1839247683147,30.488676237188177,2319810.2431050427
H2O_atmosphere_10_M_earth_1000_F_earth.csv,H2O,10_M,1000_F,118500600.0,5.972043965000001e+25,1.6630357074437874e+25,4238445.885107295,7.609689722627401,2085.708201803159,30.573771890662503,2143756.6225729915
H2O_atmosphere_10_M_earth_1000_F_earth.csv,H2O,10_M,1000_F,118500600.0,5.972043965000001e+25,1.6630357074437874e+25,5396315.811278518,4.752537957643673,1890.087419520351,30.59785159769085,1977959.585830913
H2O_atmosphere_10_M_earth_1000_F_earth.csv,H2O,10_M,1000_F,118500600.0,5.972043965000001e+25,1.6630357074437874e+25,6448586.6635698965,2.97228206024856,1709.727620971283,30.60943560368411,1819047.07439458
H2O_atmosphere_10_M_earth_1000_F_earth.csv,H2O,10_M,1000_F,118500600.0,5.972043965000001e+25,1.6630357074437874e+25,7403233.655514074,1.863332575850932,1543.2948771462911,30.628983963225902,1666094.7566580286
H2O_atmosphere_10_M_earth_1000_F_earth.csv,H2O,10_M,1000_F,118500600.0,5.972043965000001e+25,1.6630357074437874e+25,8266981.524512523,1.1714869368476966,1389.624886491658,30.660784175415586,1519274.3304320716
H2O_atmosphere_10_M_earth_1000_F_earth.csv,H2O,10_M,1000_F,118500600.0,5.972043965000001e+25,1.6630357074437874e+25,9046020.218183069,0.7386508201157268,1247.7346735275771,30.694783782404173,1379434.3632925025
H2O_atmosphere_10_M_earth_1000_F_earth.csv,H2O,10_M,1000_F,118500600.0,5.972043965000001e+25,1.6630357074437874e+25,9746442.415342843,0.4667320861850108,1116.8459792897263,30.69863172441461,1248172.034946694
H2O_atmosphere_10_M_earth_1000_F_earth.csv,H2O,10_M,1000_F,118500600.0,5.972043965000001e+25,1.6630357074437874e+25,10374683.366018591,0.2951861601754972,996.2833585443992,30.626112181780226,1127030.6803525337
H2O_atmosphere_10_M_earth_1000_F_earth.csv,H2O,10_M,1000_F,118500600.0,5.972043965000001e+25,1.6630357074437874e+25,10937535.180542191,0.1876664829737571,885.5057060358637,30.60173187994276,1011289.0814169003
H2O_atmosphere_10_M_earth_1000_F_earth.csv,H2O,10_M,1000_F,118500600.0,5.972043965000001e+25,1.6630357074437874e+25,11439080.487727305,0.1198569447889622,784.0326066261213,30.5999121664477,902408.1292993884
H2O_atmosphere_10_M_earth_1000_F_earth.csv,H2O,10_M,1000_F,118500600.0,5.972043965000001e+25,1.6630357074437874e+25,11883872.458647888,0.0768640155607329,691.379742982217,30.599723183869685,801228.4588043382
H2O_atmosphere_10_M_earth_1000_F_earth.csv,H2O,10_M,1000_F,118500600.0,5.972043965000001e+25,1.6630357074437874e+25,12276646.82486984,0.0494967806912608,607.1514698604375,30.59896288262676,707880.8919614983
H2O_atmosphere_10_M_earth_1000_F_earth.csv,H2O,10_M,1000_F,118500600.0,5.972043965000001e+25,1.6630357074437874e+25,12622000.950493142,0.0319219146578291,530.8776476043203,30.512022829938427,623999.1743876308
H2O_atmosphere_10_M_earth_1000_F_earth.csv,H2O,10_M,1000_F,118500600.0,5.972043965000001e+25,1.6630357074437874e+25,12925155.29617563,0.0207369596829578,462.0706809484143,30.506757518897206,545731.2093108858
H2O_atmosphere_10_M_earth_1000_F_earth.csv,H2O,10_M,1000_F,118500600.0,5.972043965000001e+25,1.6630357074437874e+25,13189311.996573698,0.0135332229441352,400.3622772494493,30.50365403984837,474801.1521925508
H2O_atmosphere_10_M_earth_1000_F_earth.csv,H2O,10_M,1000_F,118500600.0,5.972043965000001e+25,1.6630357074437874e+25,13418402.29653639,0.0088738542702388,345.2925550778093,30.50365720712124,410918.30124787
H2O_atmosphere_10_M_earth_1000_F_earth.csv,H2O,10_M,1000_F,118500600.0,5.972043965000001e+25,1.6630357074437874e+25,13616121.782602867,0.0058468926227133,296.360696775622,30.503737557699168,353743.60266192013
H2O_atmosphere_10_M_earth_1000_F_earth.csv,H2O,10_M,1000_F,118500600.0,5.972043965000001e+25,1.6630357074437874e+25,13785925.857573405,0.0037700481789635,259.9228454184055,30.50377640281893,311048.0844064148
H2O_atmosphere_10_M_earth_1000_F_earth.csv,H2O,10_M,1000_F,118500600.0,5.972043965000001e+25,1.6630357074437874e+25,13934930.60685828,0.0021913546996367,252.8844898552492,30.503667232853104,303308.5382325501
H2O_atmosphere_10_M_earth_1000_F_earth.csv,H2O,10_M,1000_F,118500600.0,5.972043965000001e+25,1.6630357074437874e+25,14079968.02233453,0.0012686740013096,247.0171345783885,30.50346859734005,296922.47294661496
H2O_atmosphere_10_M_earth_1000_F_earth.csv,H2O,10_M,1000_F,118500600.0,5.972043965000001e+25,1.6630357074437874e+25,14221704.95345226,0.0007337410746232,241.52730152699945,30.50254615824544,290953.39697809855
H2O_atmosphere_10_M_earth_1000_F_earth.csv,H2O,10_M,1000_F,118500600.0,5.972043965000001e+25,1.6630357074437874e+25,14360356.9352874,0.0004231585952267,236.1584219879537,30.41505195968116,285900.61718677805
H2O_atmosphere_10_M_earth_1000_F_earth.csv,H2O,10_M,1000_F,118500600.0,5.972043965000001e+25,1.6630357074437874e+25,14496375.240773004,0.0001728797445695,231.0560428295313,21.49801327068397,396559.1704761311
H2O_atmosphere_10_M_earth_1000_F_earth.csv,H2O,10_M,1000_F,118500600.0,5.972043965000001e+25,1.6630357074437874e+25,14684730.854834074,9.455176820329458e-05,226.24038685874024,20.357835392129523,411203.48740693694
H2O_atmosphere_10_M_earth_1000_F_earth.csv,H2O,10_M,1000_F,118500600.0,5.972043965000001e+25,1.6630357074437874e+25,14879603.260860449,5.434765440882851e-05,221.55283331436684,20.263051475445184,405752.006017357
H2O_atmosphere_10_M_earth_1000_F_earth.csv,H2O,10_M,1000_F,118500600.0,5.972043965000001e+25,1.6630357074437874e+25,15071446.400919575,3.121137492784846e-05,217.0386080999208,20.158191005627224,400702.5111248847
H2O_atmosphere_10_M_earth_1000_F_earth.csv,H2O,10_M,1000_F,118500600.0,5.972043965000001e+25,1.6630357074437874e+25,15260470.480543315,1.784661377933719e-05,212.78912357581672,19.98305281169971,397422.56894111075
H2O_atmosphere_10_M_earth_1000_F_earth.csv,H2O,10_M,1000_F,118500600.0,5.972043965000001e+25,1.6630357074437874e+25,15447527.19371594,1.0122961611740872e-05,208.6835788174316,19.65655367583492,397337.5927432103
H2O_atmosphere_10_M_earth_1000_F_earth.csv,H2O,10_M,1000_F,118500600.0,5.972043965000001e+25,1.6630357074437874e+25,15634129.887383906,5.632430574926652e-06,204.6745235958253,18.96819788118844,404972.6181246213
H2O_atmosphere_10_M_earth_1000_F_earth.csv,H2O,10_M,1000_F,118500600.0,5.972043965000001e+25,1.6630357074437874e+25,15823898.919487871,2.921928304505321e-06,200.82653927041247,17.073085743189665,442715.7844326921
H2O_atmosphere_10_M_earth_1000_F_earth.csv,H2O,10_M,1000_F,118500600.0,5.972043965000001e+25,1.6630357074437874e+25,16030889.938611386,1.3315271520889722e-06,197.16870078366816,13.507167598654886,551095.7417235638
H2O_atmosphere_10_M_earth_1000_F_earth.csv,H2O,10_M,1000_F,118500600.0,5.972043965000001e+25,1.6630357074437874e+25,16287925.90670433,6.480900836470943e-07,193.6421530417696,11.417380946632733,642753.9047327003
H2O_atmosphere_10_M_earth_1000_F_earth.csv,H2O,10_M,1000_F,118500600.0,5.972043965000001e+25,1.6630357074437874e+25,16586806.911547214,3.5555336897720097e-07,190.21146472654985,10.879968199465068,665494.1764648554
H2O_atmosphere_10_M_earth_1000_F_earth.csv,H2O,10_M,1000_F,118500600.0,5.972043965000001e+25,1.6630357074437874e+25,16895178.572197996,2.023065328757589e-07,186.8764966920809,10.754882121479096,664453.7277951441
H2O_atmosphere_10_M_earth_1000_F_earth.csv,H2O,10_M,1000_F,118500600.0,5.972043965000001e+25,1.6630357074437874e+25,17201958.80361794,1.161850252998664e-07,183.6859815698276,10.73549710726505,657257.2612826074
H2O_atmosphere_10_M_earth_1000_F_earth.csv,H2O,10_M,1000_F,118500600.0,5.972043965000001e+25,1.6630357074437874e+25,17504331.80007772,6.648361371964086e-08,180.59314579470995,10.67989038173703,652453.0222614555
H2O_atmosphere_10_M_earth_1000_F_earth.csv,H2O,10_M,1000_F,118500600.0,5.972043965000001e+25,1.6630357074437874e+25,17803439.776125133,3.710236894077867e-08,177.5865792917077,10.363766544741576,664072.4156379049
H2O_atmosphere_10_M_earth_1000_F_earth.csv,H2O,10_M,1000_F,118500600.0,5.972043965000001e+25,1.6630357074437874e+25,18106817.730392065,1.97692805226613e-08,174.72954584969773,9.607667784423214,707949.6962177375
H2O_atmosphere_10_M_earth_1000_F_earth.csv,H2O,10_M,1000_F,118500600.0,5.972043965000001e+25,1.6630357074437874e+25,18429102.78386163,1.0034727902776636e-08,171.967411821164,8.487258829835309,792463.9309371571
H2O_atmosphere_10_M_earth_1000_F_earth.csv,H2O,10_M,1000_F,118500600.0,5.972043965000001e+25,1.6630357074437874e+25,18788515.29938228,4.862884360776808e-09,169.26853153209657,7.158809159731852,929636.3982779293
H2O_atmosphere_10_M_earth_1000_F_earth.csv,H2O,10_M,1000_F,118500600.0,5.972043965000001e+25,1.6630357074437874e+25,19208376.986722432,2.129688865371804e-09,166.5993781437293,5.456511541279593,1207781.2051078652
H2O_atmosphere_10_M_earth_1000_F_earth.csv,H2O,10_M,1000_F,118500600.0,5.972043965000001e+25,1.6630357074437874e+25,19751149.927342057,7.139132881178544e-10,164.04873742416729,3.1849221789578124,2053623.410459462
H2O_atmosphere_10_M_earth_1000_F_earth.csv,H2O,10_M,1000_F,118500600.0,5.972043965000001e+25,1.6630357074437874e+25,20668476.864642423,1.33616615463539e-10,161.64428094720958,1.038618856857209,6287747.577176008
H2O_atmosphere_10_M_earth_1000_F_earth.csv,H2O,10_M,1000_F,118500600.0,5.972043965000001e+25,1.6630357074437874e+25,23448358.603833225,7.834006722170926e-11,159.2416443482764,1.0607936507464288,6309509.933544903
H2O_atmosphere_10_M_earth_1000_F_earth.csv,H2O,10_M,1000_F,118500600.0,5.972043965000001e+25,1.6630357074437874e+25,26152341.398972884,4.459676191113087e-11,156.86559330839867,1.0519043879218737,6508957.458401179
H2O_atmosphere_10_M_earth_1000_F_earth.csv,H2O,10_M,1000_F,118500600.0,5.972043965000001e+25,1.6630357074437874e+25,28860975.25814288,2.5034201430792608e-11,154.65861249405853,1.0294565499923245,6805187.010110795
H2O_atmosphere_10_M_earth_1000_F_earth.csv,H2O,10_M,1000_F,118500600.0,5.972043965000001e+25,1.6630357074437874e+25,31612187.655693386,1.427238501533644e-11,152.45760332399843,1.0230591307390535,7004694.481607649
N2_atmosphere_1_M_earth_1_F_earth.csv,N2,1_M,1_F,6307338.2019,5.9720542434e+24,1.795768895001155e+22,0.0,547.2169861694185,1933.66976,26.73693343902683,60016.08551399583
N2_atmosphere_1_M_earth_1_F_earth.csv,N2,1_M,1_F,6307338.2019,5.9720542434e+24,1.795768895001155e+22,37463.1153,314.81829633711004,1803.15182,26.730481748606824,56645.61293373725
N2_atmosphere_1_M_earth_1_F_earth.csv,N2,1_M,1_F,6307338.2019,5.9720542434e+24,1.795768895001155e+22,72822.3264,180.37448239434391,1688.48804,26.72590489776048,53645.52497756029
N2_atmosphere_1_M_earth_1_F_earth.csv,N2,1_M,1_F,6307338.2019,5.9720542434e+24,1.795768895001155e+22,106308.832,103.60997571648188,1577.19808,26.723414621490598,50641.79821061366
N2_atmosphere_1_M_earth_1_F_earth.csv,N2,1_M,1_F,6307338.2019,5.9720542434e+24,1.795768895001155e+22,137920.357,59.71070623718975,1468.56003,26.72347031788052,47619.43682826548
N2_atmosphere_1_M_earth_1_F_earth.csv,N2,1_M,1_F,6307338.2019,5.9720542434e+24,1.795768895001155e+22,167645.27,34.54204729013871,1362.26332,26.72408764707614,44580.01616841826
N2_atmosphere_1_M_earth_1_F_earth.csv,N2,1_M,1_F,6307338.2019,5.9720542434e+24,1.795768895001155e+22,195472.922,20.08155169716584,1257.39862,26.72445167175573,41502.20524614603
N2_atmosphere_1_M_earth_1_F_earth.csv,N2,1_M,1_F,6307338.2019,5.9720542434e+24,1.795768895001155e+22,221379.348,11.788897239947287,1149.35866,26.72465559036301,38238.77170984223
N2_atmosphere_1_M_earth_1_F_earth.csv,N2,1_M,1_F,6307338.2019,5.9720542434e+24,1.795768895001155e+22,245248.68,7.072191738024739,1028.09062,26.724746292391064,34454.67038880811
N2_atmosphere_1_M_earth_1_F_earth.csv,N2,1_M,1_F,6307338.2019,5.9720542434e+24,1.795768895001155e+22,266755.908,4.370502598248593,892.708288,26.724766724975748,30114.25996315541
N2_atmosphere_1_M_earth_1_F_earth.csv,N2,1_M,1_F,6307338.2019,5.9720542434e+24,1.795768895001155e+22,285553.773,2.752097967321215,760.733008,26.72476718602313,25809.225221102493
N2_atmosphere_1_M_earth_1_F_earth.csv,N2,1_M,1_F,6307338.2019,5.9720542434e+24,1.795768895001155e+22,301664.358,1.740426240158936,645.499211,26.724766835231293,22006.873589398016
N2_atmosphere_1_M_earth_1_F_earth.csv,N2,1_M,1_F,6307338.2019,5.9720542434e+24,1.795768895001155e+22,315401.446,1.1048635944518117,545.629524,26.724766401205585,18679.447511507202
N2_atmosphere_1_M_earth_1_F_earth.csv,N2,1_M,1_F,6307338.2019,5.9720542434e+24,1.795768895001155e+22,327061.495,0.703509941262493,459.823849,26.72476723871395,15797.397414194284
N2_atmosphere_1_M_earth_1_F_earth.csv,N2,1_M,1_F,6307338.2019,5.9720542434e+24,1.795768895001155e+22,336922.516,0.4488603369693085,386.728079,26.724767821444463,13325.693315858303
N2_atmosphere_1_M_earth_1_F_earth.csv,N2,1_M,1_F,6307338.2019,5.9720542434e+24,1.795768895001155e+22,345240.654,0.286717684143049,324.876015,26.724767733446143,11222.470950767281
N2_atmosphere_1_M_earth_1_F_earth.csv,N2,1_M,1_F,6307338.2019,5.9720542434e+24,1.795768895001155e+22,352245.923,0.1827593728635282,273.493909,26.72476747120894,9467.442144862356
N2_atmosphere_1_M_earth_1_F_earth.csv,N2,1_M,1_F,6307338.2019,5.9720542434e+24,1.795768895001155e+22,358155.672,0.1133640507953499,236.595866,26.72476718030323,8204.698120775463
N2_atmosphere_1_M_earth_1_F_earth.csv,N2,1_M,1_F,6307338.2019,5.9720542434e+24,1.795768895001155e+22,363277.192,0.0670658684083164,214.603176,26.72476686202124,7453.473987708761
N2_atmosphere_1_M_earth_1_F_earth.csv,N2,1_M,1_F,6307338.2019,5.9720542434e+24,1.795768895001155e+22,367929.786,0.0391190343206237,197.426188,26.724766460309866,6866.461202044489
N2_atmosphere_1_M_earth_1_F_earth.csv,N2,1_M,1_F,6307338.2019,5.9720542434e+24,1.795768895001155e+22,372215.955,0.0229616748267476,180.486411,26.72476599616017,6285.361576872781
N2_atmosphere_1_M_earth_1_F_earth.csv,N2,1_M,1_F,6307338.2019,5.9720542434e+24,1.795768895001155e+22,376139.391,0.0123546585834178,180.0,26.72476527196032,6275.788746993249
N2_atmosphere_1_M_earth_1_F_earth.csv,N2,1_M,1_F,6307338.2019,5.9720542434e+24,1.795768895001155e+22,380056.852,0.0066295785532687,180.0,26.72476399713948,6283.148198441462
N2_atmosphere_1_M_earth_1_F_earth.csv,N2,1_M,1_F,6307338.2019,5.9720542434e+24,1.795768895001155e+22,383978.906,0.0035574685997845,180.0,26.72476153581311,6290.520877885544
N2_atmosphere_1_M_earth_1_F_earth.csv,N2,1_M,1_F,6307338.2019,5.9720542434e+24,1.795768895001155e+22,387905.563,0.0019089572184339,180.0,26.72475695807367,6297.907039449844
N2_atmosphere_1_M_earth_1_F_earth.csv,N2,1_M,1_F,6307338.2019,5.9720542434e+24,1.795768895001155e+22,391836.83,0.0010243568296847,180.0,26.72474948254871,6305.306897662445
N2_atmosphere_1_M_earth_1_F_earth.csv,N2,1_M,1_F,6307338.2019,5.9720542434e+24,1.795768895001155e+22,395772.717,0.0005496753805959,180.0,26.724738646576007,6312.720598341177
N2_atmosphere_1_M_earth_1_F_earth.csv,N2,1_M,1_F,6307338.2019,5.9720542434e+24,1.795768895001155e+22,399713.231,0.0002949587213324,180.0,26.724724044427315,6320.14826877139
N2_atmosphere_1_M_earth_1_F_earth.csv,N2,1_M,1_F,6307338.2019,5.9720542434e+24,1.795768895001155e+22,403658.382,0.0001582763866673,180.0,26.724705014128364,6327.590103078575
N2_atmosphere_1_M_earth_1_F_earth.csv,N2,1_M,1_F,6307338.2019,5.9720542434e+24,1.795768895001155e+22,407608.178,8.493191483219384e-05,180.0,26.72468004672052,6335.046493204585
N2_atmosphere_1_M_earth_1_F_earth.csv,N2,1_M,1_F,6307338.2019,5.9720542434e+24,1.795768895001155e+22,411562.628,4.557488385369538e-05,180.0,26.72464688637986,6342.518011988404
N2_atmosphere_1_M_earth_1_F_earth.csv,N2,1_M,1_F,6307338.2019,5.9720542434e+24,1.795768895001155e+22,415521.743,2.4455696948543415e-05,180.0,26.72460252372802,6350.005417707253
N2_atmosphere_1_M_earth_1_F_earth.csv,N2,1_M,1_F,6307338.2019,5.9720542434e+24,1.795768895001155e+22,419485.531,1.3123034921648922e-05,180.0,26.724543897153147,6357.50947887437
N2_atmosphere_1_M_earth_1_F_earth.csv,N2,1_M,1_F,6307338.2019,5.9720542434e+24,1.795768895001155e+22,423454.003,7.041874008741062e-06,180.0,26.724468320240277,6365.030883863759
N2_atmosphere_1_M_earth_1_F_earth.csv,N2,1_M,1_F,6307338.2019,5.9720542434e+24,1.795768895001155e+22,427427.17,3.7786957328954e-06,180.0,26.72437465426965,6372.569955154617
N2_atmosphere_1_M_earth_1_F_earth.csv,N2,1_M,1_F,6307338.2019,5.9720542434e+24,1.795768895001155e+22,431405.044,2.027660897851542e-06,180.0,26.724264613245644,6380.126337489885
N2_atmosphere_1_M_earth_1_F_earth.csv,N2,1_M,1_F,6307338.2019,5.9720542434e+24,1.795768895001155e+22,435387.634,1.0880492734505338e-06,180.0,26.724144068670565,6387.698674382752
N2_atmosphere_1_M_earth_1_F_earth.csv,N2,1_M,1_F,6307338.2019,5.9720542434e+24,1.795768895001155e+22,439374.951,5.83850620601853e-07,180.0,26.724020365173388,6395.285254032294
N2_atmosphere_1_M_earth_1_F_earth.csv,N2,1_M,1_F,6307338.2019,5.9720542434e+24,1.795768895001155e+22,443367.003,3.1329610279509906e-07,180.0,26.723900525792256,6402.88442771343
N2_atmosphere_1_M_earth_1_F_earth.csv,N2,1_M,1_F,6307338.2019,5.9720542434e+24,1.795768895001155e+22,447363.799,1.681157359702573e-07,180.0,26.72378847894865,6410.49528296791
N2_atmosphere_1_M_earth_1_F_earth.csv,N2,1_M,1_F,6307338.2019,5.9720542434e+24,1.795768895001155e+22,451365.346,9.021149228190581e-08,180.0,26.723684303063397,6418.117823729393
N2_atmosphere_1_M_earth_1_F_earth.csv,N2,1_M,1_F,6307338.2019,5.9720542434e+24,1.795768895001155e+22,455371.651,4.840781074023333e-08,180.0,26.72358465268976,6425.75287714947
N2_atmosphere_1_M_earth_1_F_earth.csv,N2,1_M,1_F,6307338.2019,5.9720542434e+24,1.795768895001155e+22,459382.722,2.5975803652966364e-08,180.0,26.723483514707155,6433.401918366817
N2_atmosphere_1_M_earth_1_F_earth.csv,N2,1_M,1_F,6307338.2019,5.9720542434e+24,1.795768895001155e+22,463398.568,1.3938703523222131e-08,180.0,26.723372425979598,6441.067021904663
N2_atmosphere_1_M_earth_1_F_earth.csv,N2,1_M,1_F,6307338.2019,5.9720542434e+24,1.795768895001155e+22,467419.199,7.479549217607143e-09,180.0,26.72324012323614,6448.750949737697
N2_atmosphere_1_M_earth_1_F_earth.csv,N2,1_M,1_F,6307338.2019,5.9720542434e+24,1.795768895001155e+22,471444.625,4.0135426495509114e-09,180.0,26.723071749541845,6456.457345237075
N2_atmosphere_1_M_earth_1_F_earth.csv,N2,1_M,1_F,6307338.2019,5.9720542434e+24,1.795768895001155e+22,475474.863,2.1536713266453624e-09,180.0,26.72284717377128,6464.191158375323
N2_atmosphere_1_M_earth_1_F_earth.csv,N2,1_M,1_F,6307338.2019,5.9720542434e+24,1.795768895001155e+22,479509.928,1.1556587300136314e-09,180.0,26.722538515134094,6471.959236068288
N2_atmosphere_1_M_earth_1_F_earth.csv,N2,1_M,1_F,6307338.2019,5.9720542434e+24,1.795768895001155e+22,483549.841,6.201228949835751e-10,180.0,26.72210578921864,6479.771405025402
N2_atmosphere_1_M_earth_1_F_earth.csv,N2,1_M,1_F,6307338.2019,5.9720542434e+24,1.795768895001155e+22,487594.632,3.3275375911303275e-10,180.0,26.72149113699469,6487.641897416426
N2_atmosphere_1_M_earth_1_F_earth.csv,N2,1_M,1_F,6307338.2019,5.9720542434e+24,1.795768895001155e+22,491644.335,1.7855164071640007e-10,180.0,26.720610136490706,6495.591481943638
N2_atmosphere_1_M_earth_1000_F_earth.csv,N2,1_M,1000_F,6307338.2019,5.9720542434e+24,1.6126932015888724e+22,0.0,520.1370728082571,1957.52,28.002743215374934,58009.962537054125
N2_atmosphere_1_M_earth_1000_F_earth.csv,N2,1_M,1000_F,6307338.2019,5.9720542434e+24,1.6126932015888724e+22,36112.1026,279.75914762886265,1956.27943,28.002732570951306,58638.96240493015
N2_atmosphere_1_M_earth_1000_F_earth.csv,N2,1_M,1000_F,6307338.2019,5.9720542434e+24,1.6126932015888724e+22,72615.7674,150.58901434081693,1953.49848,28.002723177051937,59231.484702493406
N2_atmosphere_1_M_earth_1000_F_earth.csv,N2,1_M,1000_F,6307338.2019,5.9720542434e+24,1.6126932015888724e+22,109488.286,81.20587017133151,1947.19807,28.002713876714346,59724.884326231455
N2_atmosphere_1_M_earth_1000_F_earth.csv,N2,1_M,1000_F,6307338.2019,5.9720542434e+24,1.6126932015888724e+22,146667.954,43.939884000351725,1934.32676,28.00270488135885,60019.6315278626
N2_atmosphere_1_M_earth_1000_F_earth.csv,N2,1_M,1000_F,6307338.2019,5.9720542434e+24,1.6126932015888724e+22,184031.107,23.90951311052712,1910.77361,28.00269768335813,59977.27305860282
N2_atmosphere_1_M_earth_1000_F_earth.csv,N2,1_M,1000_F,6307338.2019,5.9720542434e+24,1.6126932015888724e+22,221367.891,13.122589168757118,1871.33577,28.00269479178231,59417.017215555614
N2_atmosphere_1_M_earth_1000_F_earth.csv,N2,1_M,1000_F,6307338.2019,5.9720542434e+24,1.6126932015888724e+22,258355.907,7.288937932393241,1810.91631,28.0026980104222,58151.98071510755
N2_atmosphere_1_M_earth_1000_F_earth.csv,N2,1_M,1000_F,6307338.2019,5.9720542434e+24,1.6126932015888724e+22,294556.419,4.10501409296049,1728.38083,28.002706391352486,56115.30494791527
N2_atmosphere_1_M_earth_1000_F_earth.csv,N2,1_M,1000_F,6307338.2019,5.9720542434e+24,1.6126932015888724e+22,329489.067,2.341867846112878,1628.48288,28.002716622849373,53432.90410766597
N2_atmosphere_1_M_earth_1000_F_earth.csv,N2,1_M,1000_F,6307338.2019,5.9720542434e+24,1.6126932015888724e+22,362751.88,1.3489699968636784,1519.61917,28.00272570610931,50361.95415543351
N2_atmosphere_1_M_earth_1000_F_earth.csv,N2,1_M,1000_F,6307338.2019,5.9720542434e+24,1.6126932015888724e+22,394102.978,0.7810280573009595,1410.78831,28.00273231175611,47195.71624044459
N2_atmosphere_1_M_earth_1000_F_earth.csv,N2,1_M,1000_F,6307338.2019,5.9720542434e+24,1.6126932015888724e+22,423483.045,0.4530590581850014,1307.26927,28.002735708153345,44116.944144613335
N2_atmosphere_1_M_earth_1000_F_earth.csv,N2,1_M,1000_F,6307338.2019,5.9720542434e+24,1.6126932015888724e+22,450946.528,0.2637842109636325,1206.87503,28.00272907381662,41061.95575708793
N2_atmosphere_1_M_earth_1000_F_earth.csv,N2,1_M,1000_F,6307338.2019,5.9720542434e+24,1.6126932015888724e+22,476508.233,0.1548595685651172,1105.00446,28.00270624342859,37880.941163108524
N2_atmosphere_1_M_earth_1000_F_earth.csv,N2,1_M,1000_F,6307338.2019,5.9720542434e+24,1.6126932015888724e+22,500089.707,0.0912968797818418,1007.48181,28.002689665245292,34778.29489378233
N2_atmosphere_1_M_earth_1000_F_earth.csv,N2,1_M,1000_F,6307338.2019,5.9720542434e+24,1.6126932015888724e+22,521739.736,0.0532760081026605,928.010147,28.002684661229928,32239.02589954283
N2_atmosphere_1_M_earth_1000_F_earth.csv,N2,1_M,1000_F,6307338.2019,5.9720542434e+24,1.6126932015888724e+22,541809.03,0.0304935654503378,871.50008,28.002678539772823,30454.08659183744
N2_atmosphere_1_M_earth_1000_F_earth.csv,N2,1_M,1000_F,6307338.2019,5.9720542434e+24,1.6126932015888724e+22,560767.172,0.0171239748330148,834.184325,28.002655137416163,29311.728543444653
N2_atmosphere_1_M_earth_1000_F_earth.csv,N2,1_M,1000_F,6307338.2019,5.9720542434e+24,1.6126932015888724e+22,579014.179,0.0094617369189347,811.495248,28.00258500230607,28666.261536920792
N2_atmosphere_1_M_earth_1000_F_earth.csv,N2,1_M,1000_F,6307338.2019,5.9720542434e+24,1.6126932015888724e+22,596859.371,0.0051485872829637,801.599455,28.00241166649035,28463.815561620766
N2_atmosphere_1_M_earth_1000_F_earth.csv,N2,1_M,1000_F,6307338.2019,5.9720542434e+24,1.6126932015888724e+22,614578.538,0.0027744212427644,799.576005,28.002110643795447,28538.191324000436
N2_atmosphere_1_M_earth_1000_F_earth.csv,N2,1_M,1000_F,6307338.2019,5.9720542434e+24,1.6126932015888724e+22,632344.005,0.00149379953964,798.225165,28.001739990495963,28636.786413164184
N2_atmosphere_1_M_earth_1000_F_earth.csv,N2,1_M,1000_F,6307338.2019,5.9720542434e+24,1.6126932015888724e+22,650170.848,0.000805986003587,795.19889,28.001365902081968,28675.356508712597
N2_atmosphere_1_M_earth_1000_F_earth.csv,N2,1_M,1000_F,6307338.2019,5.9720542434e+24,1.6126932015888724e+22,668021.702,0.0004358224118598,790.458837,28.000993360821784,28651.263533210116
N2_atmosphere_1_M_earth_1000_F_earth.csv,N2,1_M,1000_F,6307338.2019,5.9720542434e+24,1.6126932015888724e+22,685857.556,0.000236401990979,783.29026,28.000587655641155,28537.22035622707
N2_atmosphere_1_M_earth_1000_F_earth.csv,N2,1_M,1000_F,6307338.2019,5.9720542434e+24,1.6126932015888724e+22,703622.416,0.0001285359570285,774.342543,28.000108598071787,28355.23020687729
N2_atmosphere_1_M_earth_1000_F_earth.csv,N2,1_M,1000_F,6307338.2019,5.9720542434e+24,1.6126932015888724e+22,721273.984,6.98979183190712e-05,765.377968,27.999535581455188,28168.842959079855
N2_atmosphere_1_M_earth_1000_F_earth.csv,N2,1_M,1000_F,6307338.2019,5.9720542434e+24,1.6126932015888724e+22,738809.522,3.7993182364575305e-05,756.860408,27.99888634704689,27995.178153969144
N2_atmosphere_1_M_earth_1000_F_earth.csv,N2,1_M,1000_F,6307338.2019,5.9720542434e+24,1.6126932015888724e+22,756236.95,2.0652571200473037e-05,748.390118,27.99820180865852,27819.65646179655
N2_atmosphere_1_M_earth_1000_F_earth.csv,N2,1_M,1000_F,6307338.2019,5.9720542434e+24,1.6126932015888724e+22,773555.113,1.1218672309463204e-05,740.527982,27.9975206277,27663.219339049723
N2_atmosphere_1_M_earth_1000_F_earth.csv,N2,1_M,1000_F,6307338.2019,5.9720542434e+24,1.6126932015888724e+22,790775.891,6.082011784203269e-06,734.204223,27.996867463239123,27561.198950105114
N2_atmosphere_1_M_earth_1000_F_earth.csv,N2,1_M,1000_F,6307338.2019,5.9720542434e+24,1.6126932015888724e+22,807933.16,3.290218165264034e-06,729.492928,27.99624311812261,27517.50050670186
N2_atmosphere_1_M_earth_1000_F_earth.csv,N2,1_M,1000_F,6307338.2019,5.9720542434e+24,1.6126932015888724e+22,825063.225,1.7774290600796845e-06,725.830419,27.995619734819364,27511.94872977901
N2_atmosphere_1_M_earth_1000_F_earth.csv,N2,1_M,1000_F,6307338.2019,5.9720542434e+24,1.6126932015888724e+22,842189.833,9.596453366082597e-07,722.599325,27.994945206077418,27521.8354783963
N2_atmosphere_1_M_earth_1000_F_earth.csv,N2,1_M,1000_F,6307338.2019,5.9720542434e+24,1.6126932015888724e+22,859322.597,5.181555894413639e-07,719.328198,27.99414809543534,27529.49509677651
N2_atmosphere_1_M_earth_1000_F_earth.csv,N2,1_M,1000_F,6307338.2019,5.9720542434e+24,1.6126932015888724e+22,876460.128,2.7988387006954384e-07,715.789143,27.99314082111272,27526.21257298198
N2_atmosphere_1_M_earth_1000_F_earth.csv,N2,1_M,1000_F,6307338.2019,5.9720542434e+24,1.6126932015888724e+22,893595.616,1.5121176895645176e-07,712.111382,27.99180102681176,27516.895942822593
N2_atmosphere_1_M_earth_1000_F_earth.csv,N2,1_M,1000_F,6307338.2019,5.9720542434e+24,1.6126932015888724e+22,910725.304,8.165828218745197e-08,708.754855,27.989959897611183,27519.45861129027
N2_atmosphere_1_M_earth_1000_F_earth.csv,N2,1_M,1000_F,6307338.2019,5.9720542434e+24,1.6126932015888724e+22,927856.588,4.404640722044022e-08,706.21524,27.98737930756775,27553.706316467236
N2_atmosphere_1_M_earth_1000_F_earth.csv,N2,1_M,1000_F,6307338.2019,5.9720542434e+24,1.6126932015888724e+22,945009.191,2.372433076307288e-08,704.673802,27.98371855603001,27627.69272545254
N2_atmosphere_1_M_earth_1000_F_earth.csv,N2,1_M,1000_F,6307338.2019,5.9720542434e+24,1.6126932015888724e+22,962207.852,1.2763125819613581e-08,703.939403,27.978493324212447,27735.13308580546
N2_atmosphere_1_M_earth_1000_F_earth.csv,N2,1_M,1000_F,6307338.2019,5.9720542434e+24,1.6126932015888724e+22,979473.396,6.8611290765704805e-09,703.675745,27.97105435625258,27864.005286781405
N2_atmosphere_1_M_earth_1000_F_earth.csv,N2,1_M,1000_F,6307338.2019,5.9720542434e+24,1.6126932015888724e+22,996819.165,3.686885111187585e-09,703.619717,27.960629276078052,28005.028572086154
N2_atmosphere_1_M_earth_1000_F_earth.csv,N2,1_M,1000_F,6307338.2019,5.9720542434e+24,1.6126932015888724e+22,1014252.72,1.980759921850045e-09,703.619,27.94649859866869,28153.072115692616
N2_atmosphere_1_M_earth_1000_F_earth.csv,N2,1_M,1000_F,6307338.2019,5.9720542434e+24,1.6126932015888724e+22,1031778.44,1.0640011341117584e-09,703.619,27.928417140919336,28306.32792725461
N2_atmosphere_1_M_earth_1000_F_earth.csv,N2,1_M,1000_F,6307338.2019,5.9720542434e+24,1.6126932015888724e+22,1049399.56,5.714820140864538e-10,703.619,27.90714893529459,28464.09346524267
N2_atmosphere_1_M_earth_1000_F_earth.csv,N2,1_M,1000_F,6307338.2019,5.9720542434e+24,1.6126932015888724e+22,1067118.89,3.0693342826419154e-10,703.619,27.88468618069553,28624.41507395346
N2_atmosphere_1_M_earth_1000_F_earth.csv,N2,1_M,1000_F,6307338.2019,5.9720542434e+24,1.6126932015888724e+22,1084938.02,1.6485843518103124e-10,703.619,27.86386860306532,28784.403600886195
N2_atmosphere_1_M_earth_1000_F_earth.csv,N2,1_M,1000_F,6307338.2019,5.9720542434e+24,1.6126932015888724e+22,1102856.74,8.856231275431946e-11,703.619,27.84760549975682,28941.010080942047
N2_atmosphere_1_M_earth_1000_F_earth.csv,N2,1_M,1000_F,6307338.2019,5.9720542434e+24,1.6126932015888724e+22,1120872.96,4.758785457827457e-11,703.619,27.838363686034825,29091.56289644619
N2_atmosphere_10_M_earth_1_F_earth.csv,N2,10_M,1_F,118500600.0,5.972054243400001e+25,2.2185512124663482e+26,0.0,537.1242897078484,1800.5041547,26.37539146890656,1999590.3395013658
N2_atmosphere_10_M_earth_1_F_earth.csv,N2,10_M,1_F,118500600.0,5.972054243400001e+25,2.2185512124663482e+26,1245406.2188874085,375.3047394646241,1385.817799838991,26.39379131708521,1570475.4423819003
N2_atmosphere_10_M_earth_1_F_earth.csv,N2,10_M,1_F,118500600.0,5.972054243400001e+25,2.2185512124663482e+26,2207090.11412196,257.509123784845,1085.9065710318246,26.404520018643183,1249938.8881435492
N2_atmosphere_10_M_earth_1_F_earth.csv,N2,10_M,1_F,118500600.0,5.972054243400001e+25,2.2185512124663482e+26,2962637.9713451862,174.67618564149095,860.4504571151438,26.40793029577496,1002734.4390447092
N2_atmosphere_10_M_earth_1_F_earth.csv,N2,10_M,1_F,118500600.0,5.972054243400001e+25,2.2185512124663482e+26,3562670.507163417,117.4739861160851,687.636420971143,26.40930503116652,809238.6562827204
N2_atmosphere_10_M_earth_1_F_earth.csv,N2,10_M,1_F,118500600.0,5.972054243400001e+25,2.2185512124663482e+26,4043074.574377013,78.76129090437814,551.2038815558494,26.40967698826158,653786.115453379
N2_atmosphere_10_M_earth_1_F_earth.csv,N2,10_M,1_F,118500600.0,5.972054243400001e+25,2.2185512124663482e+26,4428740.349038037,52.80139664321405,441.87512408528215,26.409766436611584,527412.9785863629
N2_atmosphere_10_M_earth_1_F_earth.csv,N2,10_M,1_F,118500600.0,5.972054243400001e+25,2.2185512124663482e+26,4738285.57485131,35.41690670772892,354.03967761423576,26.4097178708776,424706.02043376263
N2_atmosphere_10_M_earth_1_F_earth.csv,N2,10_M,1_F,118500600.0,5.972054243400001e+25,2.2185512124663482e+26,4986541.831147896,22.763785498832863,296.0295119563128,26.40962849391315,356550.38722753106
N2_atmosphere_10_M_earth_1_F_earth.csv,N2,10_M,1_F,118500600.0,5.972054243400001e+25,2.2185512124663482e+26,5194283.574112637,13.259366323559558,273.1330490103596,26.40957551519857,330081.3767364199
N2_atmosphere_10_M_earth_1_F_earth.csv,N2,10_M,1_F,118500600.0,5.972054243400001e+25,2.2185512124663482e+26,5386083.079324644,7.327947954837445,265.602702856314,26.40954175793745,321977.5511890446
N2_atmosphere_10_M_earth_1_F_earth.csv,N2,10_M,1_F,118500600.0,5.972054243400001e+25,2.2185512124663482e+26,5572707.307918289,4.043383611544787,258.6948806981689,26.40951227492636,314549.4204725935
N2_atmosphere_10_M_earth_1_F_earth.csv,N2,10_M,1_F,118500600.0,5.972054243400001e+25,2.2185512124663482e+26,5754584.594610884,2.2295494248124994,252.1352161574992,26.409477752462493,307473.3296733112
N2_atmosphere_10_M_earth_1_F_earth.csv,N2,10_M,1_F,118500600.0,5.972054243400001e+25,2.2185512124663482e+26,5931951.57484915,1.2286891507413045,245.8817012267576,26.409430349740564,300704.4858268132
N2_atmosphere_10_M_earth_1_F_earth.csv,N2,10_M,1_F,118500600.0,5.972054243400001e+25,2.2185512124663482e+26,6105016.116291804,0.6765594788748658,239.982476029458,26.40936228364037,294307.66095175996
N2_atmosphere_10_M_earth_1_F_earth.csv,N2,10_M,1_F,118500600.0,5.972054243400001e+25,2.2185512124663482e+26,6274020.686228982,0.3723150831109826,234.3644165129448,26.409264483292063,288199.0877848366
N2_atmosphere_10_M_earth_1_F_earth.csv,N2,10_M,1_F,118500600.0,5.972054243400001e+25,2.2185512124663482e+26,6439156.973555912,0.2047643015297912,229.0151270657526,26.40912524889921,282368.45964491816
N2_atmosphere_10_M_earth_1_F_earth.csv,N2,10_M,1_F,118500600.0,5.972054243400001e+25,2.2185512124663482e+26,6600608.549161992,0.1125781134612318,223.8616057224997,26.40892870386109,276730.20106280455
N2_atmosphere_10_M_earth_1_F_earth.csv,N2,10_M,1_F,118500600.0,5.972054243400001e+25,2.2185512124663482e+26,6758508.092449438,0.0618493451664735,218.9839759933156,26.40865275351392,271387.2487979503
N2_atmosphere_10_M_earth_1_F_earth.csv,N2,10_M,1_F,118500600.0,5.972054243400001e+25,2.2185512124663482e+26,6913045.332314515,0.0339695809185222,214.27391144156763,26.40826628122897,266209.59677022626
N2_atmosphere_10_M_earth_1_F_earth.csv,N2,10_M,1_F,118500600.0,5.972054243400001e+25,2.2185512124663482e+26,7064334.158924295,0.0186555468081683,209.6819308974728,26.40772536542985,261138.84364769704
N2_atmosphere_10_M_earth_1_F_earth.csv,N2,10_M,1_F,118500600.0,5.972054243400001e+25,2.2185512124663482e+26,7212454.047002944,0.0102405258703085,205.282841180472,26.40696646336021,256271.08522904234
N2_atmosphere_10_M_earth_1_F_earth.csv,N2,10_M,1_F,118500600.0,5.972054243400001e+25,2.2185512124663482e+26,7357537.890939958,0.0056184247088432,201.076396352285,26.40589330651736,251609.79893995816
N2_atmosphere_10_M_earth_1_F_earth.csv,N2,10_M,1_F,118500600.0,5.972054243400001e+25,2.2185512124663482e+26,7499719.205366113,0.0030808105164783,197.0623433260826,26.40434733022376,247158.87755537682
N2_atmosphere_10_M_earth_1_F_earth.csv,N2,10_M,1_F,118500600.0,5.972054243400001e+25,2.2185512124663482e+26,7639132.402692682,0.0016890695602257,193.1529965904112,26.402034369720628,242813.36436832647
N2_atmosphere_10_M_earth_1_F_earth.csv,N2,10_M,1_F,118500600.0,5.972054243400001e+25,2.2185512124663482e+26,7775851.542995048,0.00092548261465,189.4255083975411,26.39834701325276,238677.33750784598
N2_atmosphere_10_M_earth_1_F_earth.csv,N2,10_M,1_F,118500600.0,5.972054243400001e+25,2.2185512124663482e+26,7910008.396595596,0.0005069407816556,185.8074296596374,26.39197635028533,234672.8907013455
N2_atmosphere_10_M_earth_1_F_earth.csv,N2,10_M,1_F,118500600.0,5.972054243400001e+25,2.2185512124663482e+26,8041689.862173997,0.0002774634115222,182.3656189959944,26.38043150453792,230907.03560085993
N2_atmosphere_10_M_earth_1_F_earth.csv,N2,10_M,1_F,118500600.0,5.972054243400001e+25,2.2185512124663482e+26,8171041.9700979795,0.0001517730882378,179.03811158873722,26.360586472811978,227328.52710661275
N2_atmosphere_10_M_earth_1_F_earth.csv,N2,10_M,1_F,118500600.0,5.972054243400001e+25,2.2185512124663482e+26,8298180.917051448,8.297198155341777e-05,175.80701035136292,26.330800343334523,223927.27886292484
N2_atmosphere_10_M_earth_1_F_earth.csv,N2,10_M,1_F,118500600.0,5.972054243400001e+25,2.2185512124663482e+26,8423216.328058854,4.5313208940968536e-05,172.74336450512152,26.290824275687225,220794.44016045122
N2_atmosphere_10_M_earth_1_F_earth.csv,N2,10_M,1_F,118500600.0,5.972054243400001e+25,2.2185512124663482e+26,8546307.777348358,2.473201878672508e-05,169.7334921545931,26.23534167478012,217828.01705324353
N2_atmosphere_10_M_earth_1_F_earth.csv,N2,10_M,1_F,118500600.0,5.972054243400001e+25,2.2185512124663482e+26,8667556.92058729,1.348723222044784e-05,166.8561048127233,26.17014608032194,215078.71137305774
N2_atmosphere_10_M_earth_1_F_earth.csv,N2,10_M,1_F,118500600.0,5.972054243400001e+25,2.2185512124663482e+26,8787092.838159502,7.357683883524591e-06,164.04395573639354,26.117052938226635,212282.21526733914
N2_atmosphere_10_M_earth_1_F_earth.csv,N2,10_M,1_F,118500600.0,5.972054243400001e+25,2.2185512124663482e+26,8904897.039955808,4.01400723219846e-06,161.35200121081698,26.07695746823367,209506.97594142845
N2_atmosphere_10_M_earth_1_F_earth.csv,N2,10_M,1_F,118500600.0,5.972054243400001e+25,2.2185512124663482e+26,9020988.968159296,2.190028776245118e-06,158.73722563615374,26.044415739269024,206745.61882889885
N2_atmosphere_10_M_earth_1_F_earth.csv,N2,10_M,1_F,118500600.0,5.972054243400001e+25,2.2185512124663482e+26,9135383.764325531,1.1944844544111065e-06,156.22983313977863,26.01429637594952,204081.13597120543
N2_atmosphere_10_M_earth_1_F_earth.csv,N2,10_M,1_F,118500600.0,5.972054243400001e+25,2.2185512124663482e+26,9248142.23312356,6.512326148799829e-07,153.81205594869496,25.982188741690152,201526.71584088844
N2_atmosphere_10_M_earth_1_F_earth.csv,N2,10_M,1_F,118500600.0,5.972054243400001e+25,2.2185512124663482e+26,9359332.010349384,3.5505378795125666e-07,151.39598615695726,25.944142762134927,198997.9909059571
N2_atmosphere_10_M_earth_1_F_earth.csv,N2,10_M,1_F,118500600.0,5.972054243400001e+25,2.2185512124663482e+26,9468973.776963435,1.9343636844846786e-07,149.0671264820321,25.89598437834485,196638.0777148536
N2_atmosphere_10_M_earth_1_F_earth.csv,N2,10_M,1_F,118500600.0,5.972054243400001e+25,2.2185512124663482e+26,9577166.75764381,1.0527069067873801e-07,146.84758242166814,25.83261005690641,194513.93654045078
N2_atmosphere_10_M_earth_1_F_earth.csv,N2,10_M,1_F,118500600.0,5.972054243400001e+25,2.2185512124663482e+26,9684046.349597428,5.723886021597079e-08,144.66537389370504,25.74726995061172,192579.53962105387
N2_atmosphere_10_M_earth_1_F_earth.csv,N2,10_M,1_F,118500600.0,5.972054243400001e+25,2.2185512124663482e+26,9789721.898217868,3.1070612177889806e-08,142.57758102466397,25.63057022005693,190978.94119335042
N2_atmosphere_10_M_earth_1_F_earth.csv,N2,10_M,1_F,118500600.0,5.972054243400001e+25,2.2185512124663482e+26,9894381.057046512,1.6831620589197673e-08,140.55571277340152,25.469079631139373,189773.7167349185
N2_atmosphere_10_M_earth_1_F_earth.csv,N2,10_M,1_F,118500600.0,5.972054243400001e+25,2.2185512124663482e+26,9998244.153453162,9.096268321804536e-09,138.535466968495,25.24321421014137,189025.10169686333
N2_atmosphere_10_M_earth_1_F_earth.csv,N2,10_M,1_F,118500600.0,5.972054243400001e+25,2.2185512124663482e+26,10101563.81417107,4.896506142058693e-09,136.55812708175387,24.92331881194893,189022.2586927091
N2_atmosphere_10_M_earth_1_F_earth.csv,N2,10_M,1_F,118500600.0,5.972054243400001e+25,2.2185512124663482e+26,10204749.201130228,2.6181592680627404e-09,134.71664586773863,24.46250579202234,190290.99285240474
N2_atmosphere_10_M_earth_1_F_earth.csv,N2,10_M,1_F,118500600.0,5.972054243400001e+25,2.2185512124663482e+26,10308494.03837368,1.387645336886117e-09,132.82268970334562,23.78570179627459,193265.38217792922
N2_atmosphere_10_M_earth_1_F_earth.csv,N2,10_M,1_F,118500600.0,5.972054243400001e+25,2.2185512124663482e+26,10413724.834930643,7.233093899801589e-10,131.0969079538929,22.77001783661605,199588.79321437402
N2_atmosphere_10_M_earth_1_F_earth.csv,N2,10_M,1_F,118500600.0,5.972054243400001e+25,2.2185512124663482e+26,10522256.881745497,3.67054473589953e-10,129.37266738497283,21.21785482737411,211728.38483476648
N2_atmosphere_10_M_earth_1000_F_earth.csv,N2,10_M,1000_F,118500600.0,5.972054243400001e+25,2.1936755731333893e+26,0.0,520.1371815505709,1957.522465,28.0027842969208,2047629.397585212
N2_atmosphere_10_M_earth_1000_F_earth.csv,N2,10_M,1000_F,118500600.0,5.972054243400001e+25,2.1936755731333893e+26,1274977.966934867,359.351139488876,1522.9917499637463,28.00282243137511,1627560.016980639
N2_atmosphere_10_M_earth_1000_F_earth.csv,N2,10_M,1000_F,118500600.0,5.972054243400001e+25,2.1936755731333893e+26,2270946.616730065,244.1285410248744,1205.006469160461,28.00282412297216,1309246.7947448937
N2_atmosphere_10_M_earth_1000_F_earth.csv,N2,10_M,1000_F,118500600.0,5.972054243400001e+25,2.1936755731333893e+26,3061450.90044837,164.1913040793541,963.050614242706,28.002824114793103,1060102.9297588204
N2_atmosphere_10_M_earth_1000_F_earth.csv,N2,10_M,1000_F,118500600.0,5.972054243400001e+25,2.1936755731333893e+26,3694805.945571405,109.60665737952294,775.4497472732588,28.002823898748307,862514.3000499428
N2_atmosphere_10_M_earth_1000_F_earth.csv,N2,10_M,1000_F,118500600.0,5.972054243400001e+25,2.1936755731333893e+26,4205803.394132871,73.02795888536872,625.5942530502275,28.00282324075095,701665.4667726596
N2_atmosphere_10_M_earth_1000_F_earth.csv,N2,10_M,1000_F,118500600.0,5.972054243400001e+25,2.1936755731333893e+26,4618714.5950477375,48.733280411232194,503.9037586305212,28.002823266854257,568987.6948027201
N2_atmosphere_10_M_earth_1000_F_earth.csv,N2,10_M,1000_F,118500600.0,5.972054243400001e+25,2.1936755731333893e+26,4951738.793065135,32.606234335871314,404.8218115155976,28.00282162356572,459584.6042272191
N2_atmosphere_10_M_earth_1000_F_earth.csv,N2,10_M,1000_F,118500600.0,5.972054243400001e+25,2.1936755731333893e+26,5219561.234260226,21.857090994216264,324.61117956915865,28.002818588101864,370124.1288495452
N2_atmosphere_10_M_earth_1000_F_earth.csv,N2,10_M,1000_F,118500600.0,5.972054243400001e+25,2.1936755731333893e+26,5434498.736562364,13.94661932477832,273.450160398567,28.002816362518864,312874.2502967607
N2_atmosphere_10_M_earth_1000_F_earth.csv,N2,10_M,1000_F,118500600.0,5.972054243400001e+25,2.1936755731333893e+26,5615682.90723494,7.983288048333053,256.77730004178056,28.002814258072885,294657.2879712365
N2_atmosphere_10_M_earth_1000_F_earth.csv,N2,10_M,1000_F,118500600.0,5.972054243400001e+25,2.1936755731333893e+26,5785916.750167547,4.401840538709445,250.319926946296,28.002812373710203,288035.83599640464
N2_atmosphere_10_M_earth_1000_F_earth.csv,N2,10_M,1000_F,118500600.0,5.972054243400001e+25,2.1936755731333893e+26,5951958.345516214,2.425898744489967,244.14530112627267,28.002811082687924,281682.0124475334
N2_atmosphere_10_M_earth_1000_F_earth.csv,N2,10_M,1000_F,118500600.0,5.972054243400001e+25,2.1936755731333893e+26,6113988.653184562,1.3360758667110184,238.2765125132932,28.002810037678795,275627.2264048938
N2_atmosphere_10_M_earth_1000_F_earth.csv,N2,10_M,1000_F,118500600.0,5.972054243400001e+25,2.1936755731333893e+26,6272204.508697157,0.7352398694764262,232.7419106659666,28.00280741155236,269909.1534136741
N2_atmosphere_10_M_earth_1000_F_earth.csv,N2,10_M,1000_F,118500600.0,5.972054243400001e+25,2.1936755731333893e+26,6426822.14060879,0.4044655726766754,227.41191250204216,28.002794284726395,264382.1409817727
N2_atmosphere_10_M_earth_1000_F_earth.csv,N2,10_M,1000_F,118500600.0,5.972054243400001e+25,2.1936755731333893e+26,6577972.259643987,0.2223434681164756,222.3621936442634,28.00274416587993,259137.88224860874
N2_atmosphere_10_M_earth_1000_F_earth.csv,N2,10_M,1000_F,118500600.0,5.972054243400001e+25,2.1936755731333893e+26,6725836.410509008,0.1221412132102026,217.57686190930053,28.0026333946257,254161.98611577295
N2_atmosphere_10_M_earth_1000_F_earth.csv,N2,10_M,1000_F,118500600.0,5.972054243400001e+25,2.1936755731333893e+26,6870586.13004888,0.0670965483157238,212.89415056675028,28.002481172936086,249268.5011244698
N2_atmosphere_10_M_earth_1000_F_earth.csv,N2,10_M,1000_F,118500600.0,5.972054243400001e+25,2.1936755731333893e+26,7012285.587085875,0.0368300937857818,208.47244862433124,28.002239594064164,244645.5082939341
N2_atmosphere_10_M_earth_1000_F_earth.csv,N2,10_M,1000_F,118500600.0,5.972054243400001e+25,2.1936755731333893e+26,7151104.854789136,0.0202228710409501,204.0763275512183,28.0017637368894,240020.71885969618
N2_atmosphere_10_M_earth_1000_F_earth.csv,N2,10_M,1000_F,118500600.0,5.972054243400001e+25,2.1936755731333893e+26,7287058.234431,0.0110931052924567,199.96733705837013,28.00082399806032,235705.12908496795
N2_atmosphere_10_M_earth_1000_F_earth.csv,N2,10_M,1000_F,118500600.0,5.972054243400001e+25,2.1936755731333893e+26,7420335.474806306,0.0060844112018682,195.96124133034385,27.99987043303189,231480.68599391688
N2_atmosphere_10_M_earth_1000_F_earth.csv,N2,10_M,1000_F,118500600.0,5.972054243400001e+25,2.1936755731333893e+26,7551001.655289453,0.0033354019523024,192.1422611998904,27.99929058109301,227445.48701762845
N2_atmosphere_10_M_earth_1000_F_earth.csv,N2,10_M,1000_F,118500600.0,5.972054243400001e+25,2.1936755731333893e+26,7679176.444795448,0.0018281481564505,188.42788480453103,27.998913756131977,223505.50022510206
N2_atmosphere_10_M_earth_1000_F_earth.csv,N2,10_M,1000_F,118500600.0,5.972054243400001e+25,2.1936755731333893e+26,7804925.58295793,0.001001421469299,184.8952604755862,27.998577489101724,219755.23536531732
N2_atmosphere_10_M_earth_1000_F_earth.csv,N2,10_M,1000_F,118500600.0,5.972054243400001e+25,2.1936755731333893e+26,7928367.253717607,0.0005484229874819,181.47193914588848,27.998005181637183,216112.6998131121
N2_atmosphere_10_M_earth_1000_F_earth.csv,N2,10_M,1000_F,118500600.0,5.972054243400001e+25,2.1936755731333893e+26,8049572.706809003,0.0003002705259758,178.14522248942782,27.99609852332545,212572.39652584668
N2_atmosphere_10_M_earth_1000_F_earth.csv,N2,10_M,1000_F,118500600.0,5.972054243400001e+25,2.1936755731333893e+26,8168609.487455744,0.0001642811288657,174.9918030780175,27.991403989589703,209237.66357782247
N2_atmosphere_10_M_earth_1000_F_earth.csv,N2,10_M,1000_F,118500600.0,5.972054243400001e+25,2.1936755731333893e+26,8285602.332310153,8.983570311012478e-05,171.95512337485494,27.98285733297476,206049.59557381054
N2_atmosphere_10_M_earth_1000_F_earth.csv,N2,10_M,1000_F,118500600.0,5.972054243400001e+25,2.1936755731333893e+26,8400642.181761649,4.9125384510939325e-05,168.94342077923093,27.96944717104039,202905.5215072536
N2_atmosphere_10_M_earth_1000_F_earth.csv,N2,10_M,1000_F,118500600.0,5.972054243400001e+25,2.1936755731333893e+26,8513762.05803862,2.684358361321664e-05,166.0700963069758,27.949705520733104,199951.46076064731
N2_atmosphere_10_M_earth_1000_F_earth.csv,N2,10_M,1000_F,118500600.0,5.972054243400001e+25,2.1936755731333893e+26,8625075.947082909,1.4656782192435177e-05,163.3214670134758,27.921315813677424,197187.17237791824
N2_atmosphere_10_M_earth_1000_F_earth.csv,N2,10_M,1000_F,118500600.0,5.972054243400001e+25,2.1936755731333893e+26,8734696.931006815,7.996707419366705e-06,160.66856563147564,27.88077019623797,194601.4548445498
N2_atmosphere_10_M_earth_1000_F_earth.csv,N2,10_M,1000_F,118500600.0,5.972054243400001e+25,2.1936755731333893e+26,8842731.13435574,4.360445801258983e-06,158.05205752860218,27.82289774302696,192156.43129544615
N2_atmosphere_10_M_earth_1000_F_earth.csv,N2,10_M,1000_F,118500600.0,5.972054243400001e+25,2.1936755731333893e+26,8949263.005363423,2.374424938814673e-06,155.5493358381466,27.74000840641748,189996.25313181727
N2_atmosphere_10_M_earth_1000_F_earth.csv,N2,10_M,1000_F,118500600.0,5.972054243400001e+25,2.1936755731333893e+26,9054456.262577908,1.2909095969590243e-06,153.1298862443428,27.621320727509204,188154.92655065664
N2_atmosphere_10_M_earth_1000_F_earth.csv,N2,10_M,1000_F,118500600.0,5.972054243400001e+25,2.1936755731333893e+26,9158492.485773873,7.004685878645818e-07,150.76162451048714,27.452177192427747,186690.50834731228
N2_atmosphere_10_M_earth_1000_F_earth.csv,N2,10_M,1000_F,118500600.0,5.972054243400001e+25,2.1936755731333893e+26,9261584.30674655,3.7914100748919297e-07,148.44219687870523,27.21849592155947,185696.0323214237
N2_atmosphere_10_M_earth_1000_F_earth.csv,N2,10_M,1000_F,118500600.0,5.972054243400001e+25,2.1936755731333893e+26,9363994.523356134,2.0460334999278724e-07,146.20990509095313,26.91560798557397,185258.4090199741
N2_atmosphere_10_M_earth_1000_F_earth.csv,N2,10_M,1000_F,118500600.0,5.972054243400001e+25,2.1936755731333893e+26,9466032.428597173,1.101108961992222e-07,144.08686148839297,26.55693846044916,185329.50872915683
N2_atmosphere_10_M_earth_1000_F_earth.csv,N2,10_M,1000_F,118500600.0,5.972054243400001e+25,2.1936755731333893e+26,9567979.249734225,5.9188633782904745e-08,142.00107842159778,26.17350927033369,185617.78593364116
N2_atmosphere_10_M_earth_1000_F_earth.csv,N2,10_M,1000_F,118500600.0,5.972054243400001e+25,2.1936755731333893e+26,9669954.608675946,3.181615478481847e-08,139.97761842968032,25.8016189788752,185905.77776843062
N2_atmosphere_10_M_earth_1000_F_earth.csv,N2,10_M,1000_F,118500600.0,5.972054243400001e+25,2.1936755731333893e+26,9771958.199181473,1.7123857984237864e-08,137.98404514003937,25.46711947490593,185960.74477151755
N2_atmosphere_10_M_earth_1000_F_earth.csv,N2,10_M,1000_F,118500600.0,5.972054243400001e+25,2.1936755731333893e+26,9873862.177041706,9.228690382276557e-09,136.05999839070574,25.17842397872008,185765.00821841726
N2_atmosphere_10_M_earth_1000_F_earth.csv,N2,10_M,1000_F,118500600.0,5.972054243400001e+25,2.1936755731333893e+26,9975529.670492943,4.98115513915186e-09,134.1581519986705,24.92951386238797,185290.37723245317
N2_atmosphere_10_M_earth_1000_F_earth.csv,N2,10_M,1000_F,118500600.0,5.972054243400001e+25,2.1936755731333893e+26,10076809.090554597,2.6897084922931547e-09,132.3500011645095,24.70611775397446,184736.8357576499
N2_atmosphere_10_M_earth_1000_F_earth.csv,N2,10_M,1000_F,118500600.0,5.972054243400001e+25,2.1936755731333893e+26,10177658.784285458,1.4521938300918642e-09,130.6100779053419,24.48980281481888,184207.14394992203
N2_atmosphere_10_M_earth_1000_F_earth.csv,N2,10_M,1000_F,118500600.0,5.972054243400001e+25,2.1936755731333893e+26,10278093.332451796,7.84084127152827e-10,128.8054234361366,24.259927217703293,183669.65155071163
N2_atmosphere_10_M_earth_1000_F_earth.csv,N2,10_M,1000_F,118500600.0,5.972054243400001e+25,2.1936755731333893e+26,10378110.004776752,4.2216836158846076e-10,127.17696907956586,23.993604978537142,183645.39579236423
CO2_atmosphere_1_M_earth_1_F_earth.csv,CO2,1_M,1_F,6309508.8028,5.9720493838e+24,4.459186361565423e+22,0.0,2457.364048179597,1735.04999,42.9344661676294,33558.465734721154
CO2_atmosphere_1_M_earth_1_F_earth.csv,CO2,1_M,1_F,6309508.8028,5.9720493838e+24,4.459186361565423e+22,21542.8894,1393.757740095743,1615.81408,43.04661085043042,31384.066405846155
CO2_atmosphere_1_M_earth_1_F_earth.csv,CO2,1_M,1_F,6309508.8028,5.9720493838e+24,4.459186361565423e+22,41689.8586,790.2074495898,1505.22751,43.155808652926645,29348.05701322529
CO2_atmosphere_1_M_earth_1_F_earth.csv,CO2,1_M,1_F,6309508.8028,5.9720493838e+24,4.459186361565423e+22,60529.7618,449.75599062643664,1396.85853,43.267428125062,27326.281478890814
CO2_atmosphere_1_M_earth_1_F_earth.csv,CO2,1_M,1_F,6309508.8028,5.9720493838e+24,4.459186361565423e+22,78071.7449,256.3037048755679,1294.4015,43.37018774019424,25401.27731204951
CO2_atmosphere_1_M_earth_1_F_earth.csv,CO2,1_M,1_F,6309508.8028,5.9720493838e+24,4.459186361565423e+22,94377.9434,145.53800055386296,1203.22128,43.453526560990426,23687.15121264719
CO2_atmosphere_1_M_earth_1_F_earth.csv,CO2,1_M,1_F,6309508.8028,5.9720493838e+24,4.459186361565423e+22,109583.746,81.81600609383652,1129.07761,43.5111837251607,22303.614109401926
CO2_atmosphere_1_M_earth_1_F_earth.csv,CO2,1_M,1_F,6309508.8028,5.9720493838e+24,4.459186361565423e+22,123901.387,45.39340367900313,1072.9026,43.54392596140664,21272.585170749833
CO2_atmosphere_1_M_earth_1_F_earth.csv,CO2,1_M,1_F,6309508.8028,5.9720493838e+24,4.459186361565423e+22,137557.165,24.96663782860464,1027.57221,43.53942188613216,20462.514091400328
CO2_atmosphere_1_M_earth_1_F_earth.csv,CO2,1_M,1_F,6309508.8028,5.9720493838e+24,4.459186361565423e+22,150692.836,13.806003290020003,978.880054,43.53548703350424,19574.16704606084
CO2_atmosphere_1_M_earth_1_F_earth.csv,CO2,1_M,1_F,6309508.8028,5.9720493838e+24,4.459186361565423e+22,163258.152,7.784693955181682,911.596913,43.39363710895958,18359.540440090754
CO2_atmosphere_1_M_earth_1_F_earth.csv,CO2,1_M,1_F,6309508.8028,5.9720493838e+24,4.459186361565423e+22,175043.998,4.505378560134969,823.545384,43.06616483225024,16773.221102507872
CO2_atmosphere_1_M_earth_1_F_earth.csv,CO2,1_M,1_F,6309508.8028,5.9720493838e+24,4.459186361565423e+22,185811.828,2.672238733096519,730.850426,43.02856286662127,14947.82217836008
CO2_atmosphere_1_M_earth_1_F_earth.csv,CO2,1_M,1_F,6309508.8028,5.9720493838e+24,4.459186361565423e+22,195407.87,1.592096327700666,646.190438,43.02477999293919,13256.5469859209
CO2_atmosphere_1_M_earth_1_F_earth.csv,CO2,1_M,1_F,6309508.8028,5.9720493838e+24,4.459186361565423e+22,203918.176,0.9524420941933508,569.113565,43.02907568115815,11704.721611069273
CO2_atmosphere_1_M_earth_1_F_earth.csv,CO2,1_M,1_F,6309508.8028,5.9720493838e+24,4.459186361565423e+22,211432.259,0.5720897629354129,499.171323,43.03026420296511,10289.66500393763
CO2_atmosphere_1_M_earth_1_F_earth.csv,CO2,1_M,1_F,6309508.8028,5.9720493838e+24,4.459186361565423e+22,218037.919,0.3451614044124593,435.869891,43.03036349554503,9002.992829733954
CO2_atmosphere_1_M_earth_1_F_earth.csv,CO2,1_M,1_F,6309508.8028,5.9720493838e+24,4.459186361565423e+22,223817.573,0.209267891099237,378.739602,43.03035636189915,7836.814284774024
CO2_atmosphere_1_M_earth_1_F_earth.csv,CO2,1_M,1_F,6309508.8028,5.9720493838e+24,4.459186361565423e+22,228848.575,0.1274566371607775,327.600442,43.03028972916652,6789.106001303693
CO2_atmosphere_1_M_earth_1_F_earth.csv,CO2,1_M,1_F,6309508.8028,5.9720493838e+24,4.459186361565423e+22,233206.979,0.0778466530826468,282.57027,43.02981275466273,5863.78706313602
CO2_atmosphere_1_M_earth_1_F_earth.csv,CO2,1_M,1_F,6309508.8028,5.9720493838e+24,4.459186361565423e+22,236971.356,0.0477913223597887,242.465738,43.026713922142925,5037.707903365226
CO2_atmosphere_1_M_earth_1_F_earth.csv,CO2,1_M,1_F,6309508.8028,5.9720493838e+24,4.459186361565423e+22,240205.415,0.0293416081474859,208.005762,43.01636806628687,4327.044873386567
CO2_atmosphere_1_M_earth_1_F_earth.csv,CO2,1_M,1_F,6309508.8028,5.9720493838e+24,4.459186361565423e+22,242983.249,0.0176615590758225,181.969434,42.99695031989175,3790.3461022368974
CO2_atmosphere_1_M_earth_1_F_earth.csv,CO2,1_M,1_F,6309508.8028,5.9720493838e+24,4.459186361565423e+22,245416.539,0.0093998359702236,180.0,42.96735894780408,3754.6928482639155
CO2_atmosphere_1_M_earth_1_F_earth.csv,CO2,1_M,1_F,6309508.8028,5.9720493838e+24,4.459186361565423e+22,247826.94,0.0049471609982594,180.0,42.92498350488572,3761.164085101575
CO2_atmosphere_1_M_earth_1_F_earth.csv,CO2,1_M,1_F,6309508.8028,5.9720493838e+24,4.459186361565423e+22,250241.496,0.0026030454047829,180.0,42.8717830344216,3768.605225726938
CO2_atmosphere_1_M_earth_1_F_earth.csv,CO2,1_M,1_F,6309508.8028,5.9720493838e+24,4.459186361565423e+22,252660.828,0.0013694246457016,180.0,42.81181605302196,3776.6681932027427
CO2_atmosphere_1_M_earth_1_F_earth.csv,CO2,1_M,1_F,6309508.8028,5.9720493838e+24,4.459186361565423e+22,255085.337,0.0007203946396572,180.0,42.74956425310452,3784.9630603288456
CO2_atmosphere_1_M_earth_1_F_earth.csv,CO2,1_M,1_F,6309508.8028,5.9720493838e+24,4.459186361565423e+22,257515.17,0.0003789816874851,180.0,42.6889187650245,3793.146570201417
CO2_atmosphere_1_M_earth_1_F_earth.csv,CO2,1_M,1_F,6309508.8028,5.9720493838e+24,4.459186361565423e+22,259950.257,0.0001993930271523,180.0,42.63267711263024,3800.967815338761
CO2_atmosphere_1_M_earth_1_F_earth.csv,CO2,1_M,1_F,6309508.8028,5.9720493838e+24,4.459186361565423e+22,262390.365,0.0001049210256149,180.0,42.58247242111975,3808.27660948907
CO2_atmosphere_1_M_earth_1_F_earth.csv,CO2,1_M,1_F,6309508.8028,5.9720493838e+24,4.459186361565423e+22,264835.165,5.521827134478888e-05,180.0,42.53895957202946,3815.0089186818436
CO2_atmosphere_1_M_earth_1_F_earth.csv,CO2,1_M,1_F,6309508.8028,5.9720493838e+24,4.459186361565423e+22,267284.286,2.9065014597123485e-05,180.0,42.502092322615056,3821.163524822685
CO2_atmosphere_1_M_earth_1_F_earth.csv,CO2,1_M,1_F,6309508.8028,5.9720493838e+24,4.459186361565423e+22,269737.359,1.5301041801746677e-05,180.0,42.47139008862999,3826.778912182412
CO2_atmosphere_1_M_earth_1_F_earth.csv,CO2,1_M,1_F,6309508.8028,5.9720493838e+24,4.459186361565423e+22,272194.036,8.056142107659225e-06,180.0,42.44614971307334,3831.914541790249
CO2_atmosphere_1_M_earth_1_F_earth.csv,CO2,1_M,1_F,6309508.8028,5.9720493838e+24,4.459186361565423e+22,274654.011,4.242103107865297e-06,180.0,42.425611509286405,3836.6359208482145
CO2_atmosphere_1_M_earth_1_F_earth.csv,CO2,1_M,1_F,6309508.8028,5.9720493838e+24,4.459186361565423e+22,277117.016,2.233967301635926e-06,180.0,42.40913481871214,3840.9985924353887
CO2_atmosphere_1_M_earth_1_F_earth.csv,CO2,1_M,1_F,6309508.8028,5.9720493838e+24,4.459186361565423e+22,279582.822,1.1765393939022575e-06,180.0,42.39599013336775,3845.0667821798675
CO2_atmosphere_1_M_earth_1_F_earth.csv,CO2,1_M,1_F,6309508.8028,5.9720493838e+24,4.459186361565423e+22,282051.24,6.196748501604542e-07,180.0,42.38555646956075,3848.8954283523935
CO2_atmosphere_1_M_earth_1_F_earth.csv,CO2,1_M,1_F,6309508.8028,5.9720493838e+24,4.459186361565423e+22,284522.116,3.2639513352403375e-07,180.0,42.37731167805582,3852.5309108377487
CO2_atmosphere_1_M_earth_1_F_earth.csv,CO2,1_M,1_F,6309508.8028,5.9720493838e+24,4.459186361565423e+22,286995.325,1.719259320858341e-07,180.0,42.3708156092367,3856.012466533472
CO2_atmosphere_1_M_earth_1_F_earth.csv,CO2,1_M,1_F,6309508.8028,5.9720493838e+24,4.459186361565423e+22,289470.769,9.056350846209238e-08,180.0,42.36569980354417,3859.373047091651
CO2_atmosphere_1_M_earth_1_F_earth.csv,CO2,1_M,1_F,6309508.8028,5.9720493838e+24,4.459186361565423e+22,291948.371,4.7706340564153086e-08,180.0,42.36165889887324,3862.6400364946094
CO2_atmosphere_1_M_earth_1_F_earth.csv,CO2,1_M,1_F,6309508.8028,5.9720493838e+24,4.459186361565423e+22,294428.07,2.5130862309262817e-08,180.0,42.35843961795101,3865.836205845125
CO2_atmosphere_1_M_earth_1_F_earth.csv,CO2,1_M,1_F,6309508.8028,5.9720493838e+24,4.459186361565423e+22,296909.821,1.3238687129731781e-08,180.0,42.35582944803445,3868.980714871654
CO2_atmosphere_1_M_earth_1_F_earth.csv,CO2,1_M,1_F,6309508.8028,5.9720493838e+24,4.459186361565423e+22,299393.591,6.974078118617286e-09,180.0,42.35364469692166,3872.0901759837407
CO2_atmosphere_1_M_earth_1_F_earth.csv,CO2,1_M,1_F,6309508.8028,5.9720493838e+24,4.459186361565423e+22,301879.357,3.6739340165286365e-09,180.0,42.35171891066767,3875.1796962264048
CO2_atmosphere_1_M_earth_1_F_earth.csv,CO2,1_M,1_F,6309508.8028,5.9720493838e+24,4.459186361565423e+22,304367.106,1.935427397255026e-09,180.0,42.34988966723823,3878.2640776172234
CO2_atmosphere_1_M_earth_1_F_earth.csv,CO2,1_M,1_F,6309508.8028,5.9720493838e+24,4.459186361565423e+22,306856.835,1.0195807328753595e-09,180.0,42.34798269123812,3881.359270460181
CO2_atmosphere_1_M_earth_1_F_earth.csv,CO2,1_M,1_F,6309508.8028,5.9720493838e+24,4.459186361565423e+22,309348.551,5.371102382344193e-10,180.0,42.34579072441869,3884.4843163195956
CO2_atmosphere_1_M_earth_1_F_earth.csv,CO2,1_M,1_F,6309508.8028,5.9720493838e+24,4.459186361565423e+22,311842.274,2.8294340355376913e-10,180.0,42.34304622862865,3887.6638725130556
CO2_atmosphere_1_M_earth_1000_F_earth.csv,CO2,1_M,1000_F,6309508.8028,5.9720493838e+24,2.4588611033374577e+22,0.0,1021.9354781661114,2312.57,42.331225006744205,45365.972290742626
CO2_atmosphere_1_M_earth_1000_F_earth.csv,CO2,1_M,1000_F,6309508.8028,5.9720493838e+24,2.4588611033374577e+22,28600.0294,544.6345241578871,2312.42581,42.33005171208936,45776.59280527793
CO2_atmosphere_1_M_earth_1000_F_earth.csv,CO2,1_M,1000_F,6309508.8028,5.9720493838e+24,2.4588611033374577e+22,57458.9271,290.2627460580789,2312.2689,42.329078167168014,46192.332838828945
CO2_atmosphere_1_M_earth_1000_F_earth.csv,CO2,1_M,1000_F,6309508.8028,5.9720493838e+24,2.4588611033374577e+22,86579.9201,154.70878674090616,2311.90689,42.32800937438471,46609.72327027138
CO2_atmosphere_1_M_earth_1000_F_earth.csv,CO2,1_M,1000_F,6309508.8028,5.9720493838e+24,2.4588611033374577e+22,115964.049,82.48211166356435,2310.87931,42.32655392388563,47019.673607373355
CO2_atmosphere_1_M_earth_1000_F_earth.csv,CO2,1_M,1000_F,6309508.8028,5.9720493838e+24,2.4588611033374577e+22,145606.622,44.00721181118566,2308.11568,42.3243845596793,47400.182675556585
CO2_atmosphere_1_M_earth_1000_F_earth.csv,CO2,1_M,1000_F,6309508.8028,5.9720493838e+24,2.4588611033374577e+22,175489.079,23.516982775412465,2301.62159,42.321212524354735,47709.028048443455
CO2_atmosphere_1_M_earth_1000_F_earth.csv,CO2,1_M,1000_F,6309508.8028,5.9720493838e+24,2.4588611033374577e+22,205566.242,12.603270667121928,2288.53004,42.31709145503568,47883.37170620503
CO2_atmosphere_1_M_earth_1000_F_earth.csv,CO2,1_M,1000_F,6309508.8028,5.9720493838e+24,2.4588611033374577e+22,235753.316,6.7846836938177,2265.34556,42.31295386746302,47843.20586316238
CO2_atmosphere_1_M_earth_1000_F_earth.csv,CO2,1_M,1000_F,6309508.8028,5.9720493838e+24,2.4588611033374577e+22,265915.068,3.674639668589668,2228.91219,42.31071355611829,47511.1112907861
CO2_atmosphere_1_M_earth_1000_F_earth.csv,CO2,1_M,1000_F,6309508.8028,5.9720493838e+24,2.4588611033374577e+22,295867.458,2.0036145920058157,2178.56894,42.31179752661894,46860.835274549725
CO2_atmosphere_1_M_earth_1000_F_earth.csv,CO2,1_M,1000_F,6309508.8028,5.9720493838e+24,2.4588611033374577e+22,325409.895,1.0992960265517178,2116.29959,42.31566193675795,45925.330575073356
CO2_atmosphere_1_M_earth_1000_F_earth.csv,CO2,1_M,1000_F,6309508.8028,5.9720493838e+24,2.4588611033374577e+22,354362.562,0.6069179376314531,2043.05513,42.32069037053192,44718.33484096084
CO2_atmosphere_1_M_earth_1000_F_earth.csv,CO2,1_M,1000_F,6309508.8028,5.9720493838e+24,2.4588611033374577e+22,382554.305,0.3376944585151638,1957.03946,42.3252520133703,43194.17231838188
CO2_atmosphere_1_M_earth_1000_F_earth.csv,CO2,1_M,1000_F,6309508.8028,5.9720493838e+24,2.4588611033374577e+22,409785.171,0.1898227381010609,1855.54791,42.32819916006071,41285.23260386987
CO2_atmosphere_1_M_earth_1000_F_earth.csv,CO2,1_M,1000_F,6309508.8028,5.9720493838e+24,2.4588611033374577e+22,435812.585,0.1080946044816117,1736.58711,42.32951833450975,38937.100788647156
CO2_atmosphere_1_M_earth_1000_F_earth.csv,CO2,1_M,1000_F,6309508.8028,5.9720493838e+24,2.4588611033374577e+22,460359.669,0.062263098017077,1606.72306,42.32995830285724,36287.63958426798
CO2_atmosphere_1_M_earth_1000_F_earth.csv,CO2,1_M,1000_F,6309508.8028,5.9720493838e+24,2.4588611033374577e+22,483236.456,0.0360136606693251,1480.38188,42.33021434393366,33660.38043826472
CO2_atmosphere_1_M_earth_1000_F_earth.csv,CO2,1_M,1000_F,6309508.8028,5.9720493838e+24,2.4588611033374577e+22,504456.941,0.0207141395017187,1371.655,42.33061491648408,31383.05923145369
CO2_atmosphere_1_M_earth_1000_F_earth.csv,CO2,1_M,1000_F,6309508.8028,5.9720493838e+24,2.4588611033374577e+22,524241.737,0.0117629555573176,1287.24751,42.33062264244324,29623.114508611085
CO2_atmosphere_1_M_earth_1000_F_earth.csv,CO2,1_M,1000_F,6309508.8028,5.9720493838e+24,2.4588611033374577e+22,542917.012,0.0066365354772193,1215.90917,42.330368203921424,28134.735962681756
CO2_atmosphere_1_M_earth_1000_F_earth.csv,CO2,1_M,1000_F,6309508.8028,5.9720493838e+24,2.4588611033374577e+22,560653.97,0.0037521364903923,1146.11063,42.32997495016752,26657.39171749456
CO2_atmosphere_1_M_earth_1000_F_earth.csv,CO2,1_M,1000_F,6309508.8028,5.9720493838e+24,2.4588611033374577e+22,577459.568,0.0021255056422147,1078.21105,42.32941179035625,25201.291208465576
CO2_atmosphere_1_M_earth_1000_F_earth.csv,CO2,1_M,1000_F,6309508.8028,5.9720493838e+24,2.4588611033374577e+22,593347.197,0.0012027277907253,1015.44221,42.32842432410784,23844.36759806498
CO2_atmosphere_1_M_earth_1000_F_earth.csv,CO2,1_M,1000_F,6309508.8028,5.9720493838e+24,2.4588611033374577e+22,608379.382,0.0006801594352863,956.888051,42.32673344236864,22568.2833390317
CO2_atmosphere_1_M_earth_1000_F_earth.csv,CO2,1_M,1000_F,6309508.8028,5.9720493838e+24,2.4588611033374577e+22,622607.087,0.0003843530222236,902.362824,42.32410093770312,21371.261257495156
CO2_atmosphere_1_M_earth_1000_F_earth.csv,CO2,1_M,1000_F,6309508.8028,5.9720493838e+24,2.4588611033374577e+22,636080.154,0.0002158876094936,856.075111,42.32034368164652,20355.693920395053
CO2_atmosphere_1_M_earth_1000_F_earth.csv,CO2,1_M,1000_F,6309508.8028,5.9720493838e+24,2.4588611033374577e+22,648912.977,0.0001200566493067,820.289687,42.315201987190704,19579.310945006688
CO2_atmosphere_1_M_earth_1000_F_earth.csv,CO2,1_M,1000_F,6309508.8028,5.9720493838e+24,2.4588611033374577e+22,661256.346,6.61479664779261e-05,793.290078,42.30822656338213,19005.231961249126
CO2_atmosphere_1_M_earth_1000_F_earth.csv,CO2,1_M,1000_F,6309508.8028,5.9720493838e+24,2.4588611033374577e+22,673237.8,3.618674764735117e-05,772.625154,42.29879984409288,18577.97753812013
CO2_atmosphere_1_M_earth_1000_F_earth.csv,CO2,1_M,1000_F,6309508.8028,5.9720493838e+24,2.4588611033374577e+22,684949.899,1.972632637744905e-05,755.109664,42.286256916666,18223.1762672504
CO2_atmosphere_1_M_earth_1000_F_earth.csv,CO2,1_M,1000_F,6309508.8028,5.9720493838e+24,2.4588611033374577e+22,696438.321,1.0750980020473789e-05,738.091051,42.2702041693845,17877.812402437758
CO2_atmosphere_1_M_earth_1000_F_earth.csv,CO2,1_M,1000_F,6309508.8028,5.9720493838e+24,2.4588611033374577e+22,707709.016,5.858782303776648e-06,721.474357,42.251094550629865,17539.528793870984
CO2_atmosphere_1_M_earth_1000_F_earth.csv,CO2,1_M,1000_F,6309508.8028,5.9720493838e+24,2.4588611033374577e+22,718766.447,3.185522193164734e-06,706.811899,42.23062814913343,17245.623677609805
CO2_atmosphere_1_M_earth_1000_F_earth.csv,CO2,1_M,1000_F,6309508.8028,5.9720493838e+24,2.4588611033374577e+22,729638.591,1.725140875277488e-06,695.224559,42.21104217907003,17023.318299287723
CO2_atmosphere_1_M_earth_1000_F_earth.csv,CO2,1_M,1000_F,6309508.8028,5.9720493838e+24,2.4588611033374577e+22,740370.587,9.302974871927776e-07,686.779658,42.19383752293699,16874.730368429166
CO2_atmosphere_1_M_earth_1000_F_earth.csv,CO2,1_M,1000_F,6309508.8028,5.9720493838e+24,2.4588611033374577e+22,751008.909,4.998524424707392e-07,680.951203,42.1794504312879,16787.77884265508
CO2_atmosphere_1_M_earth_1000_F_earth.csv,CO2,1_M,1000_F,6309508.8028,5.9720493838e+24,2.4588611033374577e+22,761592.415,2.676898059830847e-07,677.438132,42.167507373991526,16756.020697782915
CO2_atmosphere_1_M_earth_1000_F_earth.csv,CO2,1_M,1000_F,6309508.8028,5.9720493838e+24,2.4588611033374577e+22,772155.899,1.4290771783207978e-07,676.097486,42.15749649748131,16776.845302294274
CO2_atmosphere_1_M_earth_1000_F_earth.csv,CO2,1_M,1000_F,6309508.8028,5.9720493838e+24,2.4588611033374577e+22,782732.511,7.615342403484156e-08,676.012403,42.14899822045946,16828.270581421322
CO2_atmosphere_1_M_earth_1000_F_earth.csv,CO2,1_M,1000_F,6309508.8028,5.9720493838e+24,2.4588611033374577e+22,793341.543,4.0578566538122244e-08,675.987383,42.14167583676637,16880.961827854957
CO2_atmosphere_1_M_earth_1000_F_earth.csv,CO2,1_M,1000_F,6309508.8028,5.9720493838e+24,2.4588611033374577e+22,803983.793,2.1618418477069632e-08,676.10047,42.13519598143191,16937.022258086377
CO2_atmosphere_1_M_earth_1000_F_earth.csv,CO2,1_M,1000_F,6309508.8028,5.9720493838e+24,2.4588611033374577e+22,814661.384,1.15034235665148e-08,677.037258,42.12916913092752,17013.878114157367
CO2_atmosphere_1_M_earth_1000_F_earth.csv,CO2,1_M,1000_F,6309508.8028,5.9720493838e+24,2.4588611033374577e+22,825387.426,6.119019207445531e-09,678.206886,42.1231242218702,17097.08273559365
CO2_atmosphere_1_M_earth_1000_F_earth.csv,CO2,1_M,1000_F,6309508.8028,5.9720493838e+24,2.4588611033374577e+22,836165.914,3.258447959630016e-09,678.627263,42.116474227342685,17162.11674098324
CO2_atmosphere_1_M_earth_1000_F_earth.csv,CO2,1_M,1000_F,6309508.8028,5.9720493838e+24,2.4588611033374577e+22,846985.364,1.7357684938852442e-09,678.78887,42.10850076647786,17221.48699080935
CO2_atmosphere_1_M_earth_1000_F_earth.csv,CO2,1_M,1000_F,6309508.8028,5.9720493838e+24,2.4588611033374577e+22,857842.107,9.236343580842887e-10,679.660648,42.098713350678736,17299.98430493742
CO2_atmosphere_1_M_earth_1000_F_earth.csv,CO2,1_M,1000_F,6309508.8028,5.9720493838e+24,2.4588611033374577e+22,868748.018,4.911166098794145e-10,681.019981,42.0876274282222,17391.95750419722
CO2_atmosphere_1_M_earth_1000_F_earth.csv,CO2,1_M,1000_F,6309508.8028,5.9720493838e+24,2.4588611033374577e+22,879711.411,2.6125725495012257e-10,682.073972,42.07684367146031,17476.600842025066
CO2_atmosphere_1_M_earth_1000_F_earth.csv,CO2,1_M,1000_F,6309508.8028,5.9720493838e+24,2.4588611033374577e+22,890727.589,1.3909501744109076e-10,682.598996,42.06819586014539,17547.301534186714
CO2_atmosphere_1_M_earth_1000_F_earth.csv,CO2,1_M,1000_F,6309508.8028,5.9720493838e+24,2.4588611033374577e+22,901787.837,7.409189320350149e-11,682.843,42.06312880641267,17609.664445119415
CO2_atmosphere_10_M_earth_1_F_earth.csv,CO2,10_M,1_F,118500600.0,5.9720493838e+25,5.841231484959764e+26,0.0,2426.154415678283,1734.873283,42.38486189809305,1198955.7537626072
CO2_atmosphere_10_M_earth_1_F_earth.csv,CO2,10_M,1_F,118500600.0,5.9720493838e+25,5.841231484959764e+26,770687.6875344984,1624.2316538754362,1367.9713531084149,42.47029294497781,955803.5372516136
CO2_atmosphere_10_M_earth_1_F_earth.csv,CO2,10_M,1_F,118500600.0,5.9720493838e+25,5.841231484959764e+26,1378642.5709981727,1038.1723986437196,1127.622283812033,42.47458269631617,795843.3298011736
CO2_atmosphere_10_M_earth_1_F_earth.csv,CO2,10_M,1_F,118500600.0,5.9720493838e+25,5.841231484959764e+26,1880695.3921001405,642.7967587304234,959.4554327214342,42.474686889416745,682838.0540419163
CO2_atmosphere_10_M_earth_1_F_earth.csv,CO2,10_M,1_F,118500600.0,5.9720493838e+25,5.841231484959764e+26,2308552.6003634827,388.6769741597556,835.9378568642411,42.47468991676093,599167.8797078878
CO2_atmosphere_10_M_earth_1_F_earth.csv,CO2,10_M,1_F,118500600.0,5.9720493838e+25,5.841231484959764e+26,2681832.7134991456,232.1022620128853,737.4757155735028,42.47468985069183,531865.6122615716
CO2_atmosphere_10_M_earth_1_F_earth.csv,CO2,10_M,1_F,118500600.0,5.9720493838e+25,5.841231484959764e+26,3011533.686597215,138.40768265162788,651.5251282703966,42.47468786605496,472438.56234306097
CO2_atmosphere_10_M_earth_1_F_earth.csv,CO2,10_M,1_F,118500600.0,5.9720493838e+25,5.841231484959764e+26,3303112.082557214,83.33068747238214,570.0988848049443,42.47463870620663,415380.99013241293
CO2_atmosphere_10_M_earth_1_F_earth.csv,CO2,10_M,1_F,118500600.0,5.9720493838e+25,5.841231484959764e+26,3558484.579373099,49.74641933369364,503.1039281479969,42.47464724772408,368106.27058829437
CO2_atmosphere_10_M_earth_1_F_earth.csv,CO2,10_M,1_F,118500600.0,5.9720493838e+25,5.841231484959764e+26,3784028.478506488,28.50267779797669,462.59187299741046,42.47463124446919,339716.92901656637
CO2_atmosphere_10_M_earth_1_F_earth.csv,CO2,10_M,1_F,118500600.0,5.9720493838e+25,5.841231484959764e+26,3991558.115854356,15.953950997889336,435.3909686529941,42.47460354721976,320827.6025505951
CO2_atmosphere_10_M_earth_1_F_earth.csv,CO2,10_M,1_F,118500600.0,5.9720493838e+25,5.841231484959764e+26,4187012.6159765096,8.892572674856426,411.5135649949908,42.47456616724767,304201.74871333636
CO2_atmosphere_10_M_earth_1_F_earth.csv,CO2,10_M,1_F,118500600.0,5.9720493838e+25,5.841231484959764e+26,4371862.014947436,4.9379995245657,390.413043921377,42.47451658881635,289474.3359599445
CO2_atmosphere_10_M_earth_1_F_earth.csv,CO2,10_M,1_F,118500600.0,5.9720493838e+25,5.841231484959764e+26,4547335.453307303,2.7323803194380942,371.7045116776044,42.47445076343805,276390.9346791745
CO2_atmosphere_10_M_earth_1_F_earth.csv,CO2,10_M,1_F,118500600.0,5.9720493838e+25,5.841231484959764e+26,4714492.759406116,1.5074637899641858,354.94044125594144,42.4743629052921,264643.6630776344
CO2_atmosphere_10_M_earth_1_F_earth.csv,CO2,10_M,1_F,118500600.0,5.9720493838e+25,5.841231484959764e+26,4874195.468256568,0.8296581779790008,339.75531868772083,42.47424530749486,253979.43669833158
CO2_atmosphere_10_M_earth_1_F_earth.csv,CO2,10_M,1_F,118500600.0,5.9720493838e+25,5.841231484959764e+26,5027142.97318722,0.4554033556718202,326.08584270344784,42.47409046624856,244366.65269007257
CO2_atmosphere_10_M_earth_1_F_earth.csv,CO2,10_M,1_F,118500600.0,5.9720493838e+25,5.841231484959764e+26,5174008.044094896,0.2495243853750805,313.5288226458184,42.47389532242271,235516.60679927366
CO2_atmosphere_10_M_earth_1_F_earth.csv,CO2,10_M,1_F,118500600.0,5.9720493838e+25,5.841231484959764e+26,5315283.446847755,0.1364389306396096,302.0744805099132,42.4736593287848,227432.30376652465
CO2_atmosphere_10_M_earth_1_F_earth.csv,CO2,10_M,1_F,118500600.0,5.9720493838e+25,5.841231484959764e+26,5451458.757369196,0.0744852370773846,291.5033434575509,42.4733766397438,219957.77180766343
CO2_atmosphere_10_M_earth_1_F_earth.csv,CO2,10_M,1_F,118500600.0,5.9720493838e+25,5.841231484959764e+26,5582925.714748958,0.0406157599342913,281.6306538496814,42.47303151385778,212960.95454618896
CO2_atmosphere_10_M_earth_1_F_earth.csv,CO2,10_M,1_F,118500600.0,5.9720493838e+25,5.841231484959764e+26,5709993.631540974,0.0221118899425864,272.52632150563755,42.47259341652815,206500.933798795
CO2_atmosphere_10_M_earth_1_F_earth.csv,CO2,10_M,1_F,118500600.0,5.9720493838e+25,5.841231484959764e+26,5833004.15737715,0.0119829450487547,264.92865127695563,42.4719955742563,201144.6003995408
CO2_atmosphere_10_M_earth_1_F_earth.csv,CO2,10_M,1_F,118500600.0,5.9720493838e+25,5.841231484959764e+26,5952633.2078517005,0.0064878889213122,257.77704152183645,42.471101088094166,196095.73730982674
CO2_atmosphere_10_M_earth_1_F_earth.csv,CO2,10_M,1_F,118500600.0,5.9720493838e+25,5.841231484959764e+26,6069079.124595171,0.0035112250557909,250.9219480204519,42.469671918381145,191244.7434925271
CO2_atmosphere_10_M_earth_1_F_earth.csv,CO2,10_M,1_F,118500600.0,5.9720493838e+25,5.841231484959764e+26,6182473.648658111,0.0018980812142877,244.52544572534268,42.46744643032558,186718.77194466538
CO2_atmosphere_10_M_earth_1_F_earth.csv,CO2,10_M,1_F,118500600.0,5.9720493838e+25,5.841231484959764e+26,6293022.657047205,0.001025390460724,238.4419434756792,42.46439414821526,182409.55171828825
CO2_atmosphere_10_M_earth_1_F_earth.csv,CO2,10_M,1_F,118500600.0,5.9720493838e+25,5.841231484959764e+26,6400866.500993516,0.0005537903215711,232.56637850983432,42.46009943885702,178240.36771794947
CO2_atmosphere_10_M_earth_1_F_earth.csv,CO2,10_M,1_F,118500600.0,5.9720493838e+25,5.841231484959764e+26,6506099.161907044,0.0002988120315132,227.03749630718696,42.45414444999931,174320.77258799612
CO2_atmosphere_10_M_earth_1_F_earth.csv,CO2,10_M,1_F,118500600.0,5.9720493838e+25,5.841231484959764e+26,6608878.430840782,0.0001611104491314,221.815667190788,42.44984015883891,170608.88973324926
CO2_atmosphere_10_M_earth_1_F_earth.csv,CO2,10_M,1_F,118500600.0,5.9720493838e+25,5.841231484959764e+26,6709336.35507901,8.68308734807794e-05,216.8087593425761,42.44698385884133,167036.98744199733
CO2_atmosphere_10_M_earth_1_F_earth.csv,CO2,10_M,1_F,118500600.0,5.9720493838e+25,5.841231484959764e+26,6807564.252137305,4.678123233561448e-05,211.99348716670988,42.44492082339968,163591.44835852366
CO2_atmosphere_10_M_earth_1_F_earth.csv,CO2,10_M,1_F,118500600.0,5.9720493838e+25,5.841231484959764e+26,6903644.784871408,2.5193931783717056e-05,207.36954715068143,42.44320666394735,160275.20325738663
CO2_atmosphere_10_M_earth_1_F_earth.csv,CO2,10_M,1_F,118500600.0,5.9720493838e+25,5.841231484959764e+26,6997661.745855307,1.3562131330431147e-05,202.9366266126741,42.441561232394825,157090.37548473862
CO2_atmosphere_10_M_earth_1_F_earth.csv,CO2,10_M,1_F,118500600.0,5.9720493838e+25,5.841231484959764e+26,7089699.599033273,7.294892139097503e-06,198.75383592586425,42.43977490477144,154084.76894442865
CO2_atmosphere_10_M_earth_1_F_earth.csv,CO2,10_M,1_F,118500600.0,5.9720493838e+25,5.841231484959764e+26,7179870.229294065,3.922076259602567e-06,194.7425458683281,42.437643826954286,151199.4615918042
CO2_atmosphere_10_M_earth_1_F_earth.csv,CO2,10_M,1_F,118500600.0,5.9720493838e+25,5.841231484959764e+26,7268250.421500682,2.1084932543656244e-06,190.82765347225828,42.43494282880059,148377.8050531012
CO2_atmosphere_10_M_earth_1_F_earth.csv,CO2,10_M,1_F,118500600.0,5.9720493838e+25,5.841231484959764e+26,7354883.411134876,1.133086515229348e-06,187.05878137504257,42.43136237460407,145660.0584418019
CO2_atmosphere_10_M_earth_1_F_earth.csv,CO2,10_M,1_F,118500600.0,5.9720493838e+25,5.841231484959764e+26,7439835.604848981,6.085110204791746e-07,183.47928921888223,42.42648089591272,143082.1614277149
CO2_atmosphere_10_M_earth_1_F_earth.csv,CO2,10_M,1_F,118500600.0,5.9720493838e+25,5.841231484959764e+26,7523193.949183557,3.266385968584739e-07,180.0458289360655,42.41971908605625,140612.99136581528
CO2_atmosphere_10_M_earth_1_F_earth.csv,CO2,10_M,1_F,118500600.0,5.9720493838e+25,5.841231484959764e+26,7605026.809210181,1.7529196613515969e-07,176.70800583145734,42.4102828762484,138216.2347994561
CO2_atmosphere_10_M_earth_1_F_earth.csv,CO2,10_M,1_F,118500600.0,5.9720493838e+25,5.841231484959764e+26,7685381.067239451,9.40251428619904e-08,173.5015405709904,42.39708300142024,135923.53046301054
CO2_atmosphere_10_M_earth_1_F_earth.csv,CO2,10_M,1_F,118500600.0,5.9720493838e+25,5.841231484959764e+26,7764321.712815957,5.039913649811167e-08,170.45082269035362,42.37859422359109,133759.01258910517
CO2_atmosphere_10_M_earth_1_F_earth.csv,CO2,10_M,1_F,118500600.0,5.9720493838e+25,5.841231484959764e+26,7841927.408165801,2.7007973701024e-08,167.4666463893529,42.352629914080666,131659.4789805165
CO2_atmosphere_10_M_earth_1_F_earth.csv,CO2,10_M,1_F,118500600.0,5.9720493838e+25,5.841231484959764e+26,7918239.809065431,1.4469472246548143e-08,164.53431100198748,42.316031794685,129622.44644136098
CO2_atmosphere_10_M_earth_1_F_earth.csv,CO2,10_M,1_F,118500600.0,5.9720493838e+25,5.841231484959764e+26,7993298.911132981,7.743695400313591e-09,161.7681384803041,42.26420704067922,127751.05398348176
CO2_atmosphere_10_M_earth_1_F_earth.csv,CO2,10_M,1_F,118500600.0,5.9720493838e+25,5.841231484959764e+26,8067204.15971381,4.14082348284763e-09,159.09642601268476,42.19046633994586,126007.86698602281
CO2_atmosphere_10_M_earth_1_F_earth.csv,CO2,10_M,1_F,118500600.0,5.9720493838e+25,5.841231484959764e+26,8140032.922522695,2.211860153827702e-09,156.51896947148714,42.08502003355814,124420.13189810952
CO2_atmosphere_10_M_earth_1_F_earth.csv,CO2,10_M,1_F,118500600.0,5.9720493838e+25,5.841231484959764e+26,8211877.946838132,1.1798413582662722e-09,154.0269808638677,41.93329805323121,123021.67069718237
CO2_atmosphere_10_M_earth_1_F_earth.csv,CO2,10_M,1_F,118500600.0,5.9720493838e+25,5.841231484959764e+26,8282851.088453467,6.284466562326031e-10,151.54164214053316,41.71331645071337,121811.27205221281
CO2_atmosphere_10_M_earth_1000_F_earth.csv,CO2,10_M,1000_F,118500600.0,5.9720493838e+25,3.2337080878710056e+26,0.0,1022.3785030112128,2312.5724229,42.34962062886975,1599528.519320799
CO2_atmosphere_10_M_earth_1000_F_earth.csv,CO2,10_M,1000_F,118500600.0,5.9720493838e+25,3.2337080878710056e+26,1009698.3881634584,643.0095000901358,1959.744442496789,42.353826621865366,1378549.9905507094
CO2_atmosphere_10_M_earth_1000_F_earth.csv,CO2,10_M,1000_F,118500600.0,5.9720493838e+25,3.2337080878710056e+26,1868002.0910380408,393.7465365349554,1705.902051635435,42.36234693703936,1217042.0495623192
CO2_atmosphere_10_M_earth_1000_F_earth.csv,CO2,10_M,1000_F,118500600.0,5.9720493838e+25,3.2337080878710056e+26,2617010.279912991,237.6160943154001,1507.7740449161804,42.39890509549036,1088181.3521761885
CO2_atmosphere_10_M_earth_1000_F_earth.csv,CO2,10_M,1000_F,118500600.0,5.9720493838e+25,3.2337080878710056e+26,3280020.880908012,141.98754752217974,1344.7307009777458,42.39957022392973,981149.7660522541
CO2_atmosphere_10_M_earth_1000_F_earth.csv,CO2,10_M,1000_F,118500600.0,5.9720493838e+25,3.2337080878710056e+26,3872565.206144587,84.46272293963635,1203.9707575299071,42.37310061937366,887571.0985114317
CO2_atmosphere_10_M_earth_1000_F_earth.csv,CO2,10_M,1000_F,118500600.0,5.9720493838e+25,3.2337080878710056e+26,4404408.935494473,50.22361121072879,1078.8040578468958,42.36362217277199,802405.1766127009
CO2_atmosphere_10_M_earth_1000_F_earth.csv,CO2,10_M,1000_F,118500600.0,5.9720493838e+25,3.2337080878710056e+26,4881866.899631968,29.89903397317488,965.6785319009316,42.36094720862064,723900.5118333289
CO2_atmosphere_10_M_earth_1000_F_earth.csv,CO2,10_M,1000_F,118500600.0,5.9720493838e+25,3.2337080878710056e+26,5309927.176973134,17.83740026132638,862.586888253744,42.35880409650297,651147.5019124716
CO2_atmosphere_10_M_earth_1000_F_earth.csv,CO2,10_M,1000_F,118500600.0,5.9720493838e+25,3.2337080878710056e+26,5692823.9044182105,10.672435529520053,768.3068636737385,42.35853039430603,583574.2233322457
CO2_atmosphere_10_M_earth_1000_F_earth.csv,CO2,10_M,1000_F,118500600.0,5.9720493838e+25,3.2337080878710056e+26,6034283.016479058,6.407672409077832,681.9687797712586,42.358519833819294,520847.78650399
CO2_atmosphere_10_M_earth_1000_F_earth.csv,CO2,10_M,1000_F,118500600.0,5.9720493838e+25,3.2337080878710056e+26,6337696.004910624,3.863083184569125,602.8348387612452,42.35861348028983,462655.0875488867
CO2_atmosphere_10_M_earth_1000_F_earth.csv,CO2,10_M,1000_F,118500600.0,5.9720493838e+25,3.2337080878710056e+26,6606156.597869979,2.34041090987822,530.3089944591885,42.36076466476487,408725.565542485
CO2_atmosphere_10_M_earth_1000_F_earth.csv,CO2,10_M,1000_F,118500600.0,5.9720493838e+25,3.2337080878710056e+26,6842506.17577035,1.425837209799358,463.8996990679669,42.361377107808224,358888.87638087734
CO2_atmosphere_10_M_earth_1000_F_earth.csv,CO2,10_M,1000_F,118500600.0,5.9720493838e+25,3.2337080878710056e+26,7049408.549058146,0.8742264219028335,403.2154779580737,42.36141990599767,312971.83075086144
CO2_atmosphere_10_M_earth_1000_F_earth.csv,CO2,10_M,1000_F,118500600.0,5.9720493838e+25,3.2337080878710056e+26,7229361.828555834,0.539882740455254,347.9592122862085,42.3614209627241,270857.24573466403
CO2_atmosphere_10_M_earth_1000_F_earth.csv,CO2,10_M,1000_F,118500600.0,5.9720493838e+25,3.2337080878710056e+26,7384742.062514051,0.3360980970378769,297.8710164544825,42.36140820159446,232441.280041447
CO2_atmosphere_10_M_earth_1000_F_earth.csv,CO2,10_M,1000_F,118500600.0,5.9720493838e+25,3.2337080878710056e+26,7517820.34547758,0.2088028573144831,255.51954223365195,42.361369979252345,199814.61829917322
CO2_atmosphere_10_M_earth_1000_F_earth.csv,CO2,10_M,1000_F,118500600.0,5.9720493838e+25,3.2337080878710056e+26,7632025.170341501,0.1152356622989297,246.73926270527505,42.36117077156778,193299.2854352935
CO2_atmosphere_10_M_earth_1000_F_earth.csv,CO2,10_M,1000_F,118500600.0,5.9720493838e+25,3.2337080878710056e+26,7742345.597535031,0.0629309546353025,240.78017680504203,42.360510913857865,188963.90236075656
CO2_atmosphere_10_M_earth_1000_F_earth.csv,CO2,10_M,1000_F,118500600.0,5.9720493838e+25,3.2337080878710056e+26,7850040.502251883,0.0343733795674202,234.91770592985344,42.35917338458668,184683.56161853642
CO2_atmosphere_10_M_earth_1000_F_earth.csv,CO2,10_M,1000_F,118500600.0,5.9720493838e+25,3.2337080878710056e+26,7955152.0151295075,0.0187633645041796,229.3436676899952,42.35847454625145,180604.55123852103
CO2_atmosphere_10_M_earth_1000_F_earth.csv,CO2,10_M,1000_F,118500600.0,5.9720493838e+25,3.2337080878710056e+26,8057804.936731428,0.0102351213292982,224.0581667306531,42.35746561518281,176733.08870985627
CO2_atmosphere_10_M_earth_1000_F_earth.csv,CO2,10_M,1000_F,118500600.0,5.9720493838e+25,3.2337080878710056e+26,8158126.705196124,0.0055810028019502,218.97082567736456,42.355327192769096,173002.95515676032
CO2_atmosphere_10_M_earth_1000_F_earth.csv,CO2,10_M,1000_F,118500600.0,5.9720493838e+25,3.2337080878710056e+26,8256206.351104335,0.0030409529766054,214.1637170022251,42.35439628796119,169470.86582719034
CO2_atmosphere_10_M_earth_1000_F_earth.csv,CO2,10_M,1000_F,118500600.0,5.9720493838e+25,3.2337080878710056e+26,8352164.37892537,0.0016561676731808,209.55907052919736,42.35327647666398,166082.69864286378
CO2_atmosphere_10_M_earth_1000_F_earth.csv,CO2,10_M,1000_F,118500600.0,5.9720493838e+25,3.2337080878710056e+26,8446089.918970868,0.0009018806783357,205.06430583387927,42.34954535934079,162775.5433036991
CO2_atmosphere_10_M_earth_1000_F_earth.csv,CO2,10_M,1000_F,118500600.0,5.9720493838e+25,3.2337080878710056e+26,8538035.979674991,0.0004906850742631,200.82604128028703,42.34145945105724,159672.7919563333
CO2_atmosphere_10_M_earth_1000_F_earth.csv,CO2,10_M,1000_F,118500600.0,5.9720493838e+25,3.2337080878710056e+26,8628124.79185302,0.000266774661431,196.7971009360081,42.32915248198345,156737.01654365374
CO2_atmosphere_10_M_earth_1000_F_earth.csv,CO2,10_M,1000_F,118500600.0,5.9720493838e+25,3.2337080878710056e+26,8716456.797049912,0.0001450082546238,192.88537573900408,42.31571435054075,153883.97047496765
CO2_atmosphere_10_M_earth_1000_F_earth.csv,CO2,10_M,1000_F,118500600.0,5.9720493838e+25,3.2337080878710056e+26,8803084.439964311,7.87869277915167e-05,189.1416401821824,42.30428096931211,151143.63071656774
CO2_atmosphere_10_M_earth_1000_F_earth.csv,CO2,10_M,1000_F,118500600.0,5.9720493838e+25,3.2337080878710056e+26,8888076.68165387,4.279822028525669e-05,185.5203172420627,42.295439300896376,148478.87270432027
CO2_atmosphere_10_M_earth_1000_F_earth.csv,CO2,10_M,1000_F,118500600.0,5.9720493838e+25,3.2337080878710056e+26,8971481.229610862,2.3245869165869254e-05,181.99538834422208,42.28787631364695,145874.6180927239
CO2_atmosphere_10_M_earth_1000_F_earth.csv,CO2,10_M,1000_F,118500600.0,5.9720493838e+25,3.2337080878710056e+26,9053337.033309978,1.261958991807528e-05,178.62909476292756,42.28053692263769,143385.2607733098
CO2_atmosphere_10_M_earth_1000_F_earth.csv,CO2,10_M,1000_F,118500600.0,5.9720493838e+25,3.2337080878710056e+26,9133713.28165682,6.809271413796384e-06,175.45273438595973,42.04721070195611,141795.65170526828
CO2_atmosphere_10_M_earth_1000_F_earth.csv,CO2,10_M,1000_F,118500600.0,5.9720493838e+25,3.2337080878710056e+26,9213118.351800652,2.5139291026160213e-06,172.35369624400366,28.614316933080747,204935.5909776935
CO2_atmosphere_10_M_earth_1000_F_earth.csv,CO2,10_M,1000_F,118500600.0,5.9720493838e+25,3.2337080878710056e+26,9327779.682227552,1.372872143943066e-06,169.30969630249314,28.80414779728085,200348.65860106904
CO2_atmosphere_10_M_earth_1000_F_earth.csv,CO2,10_M,1000_F,118500600.0,5.9720493838e+25,3.2337080878710056e+26,9439713.74861057,7.472284423476161e-07,166.4109114561423,28.914231344917823,196512.43708980217
CO2_atmosphere_10_M_earth_1000_F_earth.csv,CO2,10_M,1000_F,118500600.0,5.9720493838e+25,3.2337080878710056e+26,9549350.846975436,4.059563511471744e-07,163.60830844017934,28.979741250222936,193096.65662664062
CO2_atmosphere_10_M_earth_1000_F_earth.csv,CO2,10_M,1000_F,118500600.0,5.9720493838e+25,3.2337080878710056e+26,9656934.663599111,2.2028799359302e-07,160.89342759407467,29.018321685982524,189958.78050805547
CO2_atmosphere_10_M_earth_1000_F_earth.csv,CO2,10_M,1000_F,118500600.0,5.9720493838e+25,3.2337080878710056e+26,9762628.090435855,1.1940832732210466e-07,158.2879652243048,29.037486555926687,187067.4720869419
CO2_atmosphere_10_M_earth_1000_F_earth.csv,CO2,10_M,1000_F,118500600.0,5.9720493838e+25,3.2337080878710056e+26,9866575.603845237,6.468667440138547e-08,155.72025233255675,29.03820618672115,184326.74615876118
CO2_atmosphere_10_M_earth_1000_F_earth.csv,CO2,10_M,1000_F,118500600.0,5.9720493838e+25,3.2337080878710056e+26,9968867.542028204,3.5032133779255295e-08,153.2472705823626,29.04039715402514,181674.97795135443
CO2_atmosphere_10_M_earth_1000_F_earth.csv,CO2,10_M,1000_F,118500600.0,5.9720493838e+25,3.2337080878710056e+26,10069559.522523426,1.896696640830009e-08,150.8688322305166,29.04517298308152,179106.35599667864
CO2_atmosphere_10_M_earth_1000_F_earth.csv,CO2,10_M,1000_F,118500600.0,5.9720493838e+25,3.2337080878710056e+26,10168703.555003691,1.362847027779099e-08,148.56016761520746,38.5619872364692,133044.81250256425
CO2_atmosphere_10_M_earth_1000_F_earth.csv,CO2,10_M,1000_F,118500600.0,5.9720493838e+25,3.2337080878710056e+26,10242242.083315896,7.913392411711281e-09,146.2948067515766,41.374701846154736,122248.99231376364
CO2_atmosphere_10_M_earth_1000_F_earth.csv,CO2,10_M,1000_F,118500600.0,5.9720493838e+25,3.2337080878710056e+26,10309740.34111194,4.2875762181563926e-09,144.1653695574406,41.45237509131441,120369.94353622934
CO2_atmosphere_10_M_earth_1000_F_earth.csv,CO2,10_M,1000_F,118500600.0,5.9720493838e+25,3.2337080878710056e+26,10376126.25371606,2.31186254109882e-09,141.9838878057318,41.3058001420961,119091.8623139382
CO2_atmosphere_10_M_earth_1000_F_earth.csv,CO2,10_M,1000_F,118500600.0,5.9720493838e+25,3.2337080878710056e+26,10441719.510900753,1.2401212664003252e-09,139.97075063848817,40.98687101536223,118437.3153109631
CO2_atmosphere_10_M_earth_1000_F_earth.csv,CO2,10_M,1000_F,118500600.0,5.9720493838e+25,3.2337080878710056e+26,10506848.080157029,6.614045406439887e-10,137.96375416606338,40.430475107614114,118465.20183721607
