Filename,Element,Planet mass,Earth Flux,Atmospheric mass [kg],Global mass loss [kg],m/M,Radius impactor [m]
H2_atmosphere_1_M_earth_1_F_earth.csv,H2,1_M,1_F,4.62168341290125e+21,0.0,0.0,0.0
H2_atmosphere_1_M_earth_1_F_earth.csv,H2,1_M,1_F,4.62168341290125e+21,1.9516546565565444e+19,0.010101010101010102,2828175.2781485217
H2_atmosphere_1_M_earth_1_F_earth.csv,H2,1_M,1_F,4.62168341290125e+21,4.069638645389543e+19,0.020202020202020204,3563277.5657316106
H2_atmosphere_1_M_earth_1_F_earth.csv,H2,1_M,1_F,4.62168341290125e+21,6.35052249573041e+19,0.030303030303030304,4078934.5796637405
H2_atmosphere_1_M_earth_1_F_earth.csv,H2,1_M,1_F,4.62168341290125e+21,8.790876736810559e+19,0.04040404040404041,4489448.411683419
H2_atmosphere_1_M_earth_1_F_earth.csv,H2,1_M,1_F,4.62168341290125e+21,1.1387271897861403e+20,0.05050505050505051,4836111.69861965
H2_atmosphere_1_M_earth_1_F_earth.csv,H2,1_M,1_F,4.62168341290125e+21,1.4136278508114353e+20,0.06060606060606061,5139135.538062443
H2_atmosphere_1_M_earth_1_F_earth.csv,H2,1_M,1_F,4.62168341290125e+21,1.7034467096800825e+20,0.07070707070707072,5410104.679916282
H2_atmosphere_1_M_earth_1_F_earth.csv,H2,1_M,1_F,4.62168341290125e+21,2.007840819315223e+20,0.08080808080808081,5656350.556297043
H2_atmosphere_1_M_earth_1_F_earth.csv,H2,1_M,1_F,4.62168341290125e+21,2.3264672326399984e+20,0.09090909090909091,5882841.644832059
H2_atmosphere_1_M_earth_1_F_earth.csv,H2,1_M,1_F,4.62168341290125e+21,2.6589830025775504e+20,0.10101010101010102,6093118.928733747
H2_atmosphere_1_M_earth_1_F_earth.csv,H2,1_M,1_F,4.62168341290125e+21,3.005045182051019e+20,0.11111111111111112,6289805.511242648
H2_atmosphere_1_M_earth_1_F_earth.csv,H2,1_M,1_F,4.62168341290125e+21,3.364310823983547e+20,0.12121212121212122,6474905.042667687
H2_atmosphere_1_M_earth_1_F_earth.csv,H2,1_M,1_F,4.62168341290125e+21,3.736436981298275e+20,0.13131313131313133,6649986.6344649205
H2_atmosphere_1_M_earth_1_F_earth.csv,H2,1_M,1_F,4.62168341290125e+21,4.121080706918344e+20,0.14141414141414144,6816304.768361289
H2_atmosphere_1_M_earth_1_F_earth.csv,H2,1_M,1_F,4.62168341290125e+21,4.517899053766895e+20,0.15151515151515152,6974880.01929282
H2_atmosphere_1_M_earth_1_F_earth.csv,H2,1_M,1_F,4.62168341290125e+21,4.9265490747670725e+20,0.16161616161616163,7126555.13146322
H2_atmosphere_1_M_earth_1_F_earth.csv,H2,1_M,1_F,4.62168341290125e+21,5.346687822842014e+20,0.17171717171717174,7272035.027858028
H2_atmosphere_1_M_earth_1_F_earth.csv,H2,1_M,1_F,4.62168341290125e+21,5.7779723509148615e+20,0.18181818181818182,7411916.02152209
H2_atmosphere_1_M_earth_1_F_earth.csv,H2,1_M,1_F,4.62168341290125e+21,6.220059711908758e+20,0.19191919191919193,7546707.575086161
H2_atmosphere_1_M_earth_1_F_earth.csv,H2,1_M,1_F,4.62168341290125e+21,6.672606958746846e+20,0.20202020202020204,7676848.797824548
H2_atmosphere_1_M_earth_1_F_earth.csv,H2,1_M,1_F,4.62168341290125e+21,7.13527114435226e+20,0.21212121212121213,7802721.149927356
H2_atmosphere_1_M_earth_1_F_earth.csv,H2,1_M,1_F,4.62168341290125e+21,7.60770932164815e+20,0.22222222222222224,7924658.363359396
H2_atmosphere_1_M_earth_1_F_earth.csv,H2,1_M,1_F,4.62168341290125e+21,8.089578543557651e+20,0.23232323232323235,8042954.286759097
H2_atmosphere_1_M_earth_1_F_earth.csv,H2,1_M,1_F,4.62168341290125e+21,8.580535863003909e+20,0.24242424242424243,8157869.159327481
H2_atmosphere_1_M_earth_1_F_earth.csv,H2,1_M,1_F,4.62168341290125e+21,9.080238332910061e+20,0.25252525252525254,8269634.680081383
H2_atmosphere_1_M_earth_1_F_earth.csv,H2,1_M,1_F,4.62168341290125e+21,9.588343006199251e+20,0.26262626262626265,8378458.142281917
H2_atmosphere_1_M_earth_1_F_earth.csv,H2,1_M,1_F,4.62168341290125e+21,1.010450693579462e+21,0.27272727272727276,8484525.834445564
H2_atmosphere_1_M_earth_1_F_earth.csv,H2,1_M,1_F,4.62168341290125e+21,1.0628387174619311e+21,0.2828282828282829,8588005.860157186
H2_atmosphere_1_M_earth_1_F_earth.csv,H2,1_M,1_F,4.62168341290125e+21,1.1159640775596459e+21,0.29292929292929293,8689050.493044455
H2_atmosphere_1_M_earth_1_F_earth.csv,H2,1_M,1_F,4.62168341290125e+21,1.1697924791649212e+21,0.30303030303030304,8787798.156798182
H2_atmosphere_1_M_earth_1_F_earth.csv,H2,1_M,1_F,4.62168341290125e+21,1.224289627570071e+21,0.31313131313131315,8884375.100347413
H2_atmosphere_1_M_earth_1_F_earth.csv,H2,1_M,1_F,4.62168341290125e+21,1.2794212280674094e+21,0.32323232323232326,8978896.823366838
H2_atmosphere_1_M_earth_1_F_earth.csv,H2,1_M,1_F,4.62168341290125e+21,1.33515298594925e+21,0.33333333333333337,9071469.295906879
H2_atmosphere_1_M_earth_1_F_earth.csv,H2,1_M,1_F,4.62168341290125e+21,1.391450606507908e+21,0.3434343434343435,9162190.00717118
H2_atmosphere_1_M_earth_1_F_earth.csv,H2,1_M,1_F,4.62168341290125e+21,1.4482797950356968e+21,0.3535353535353536,9251148.871659873
H2_atmosphere_1_M_earth_1_F_earth.csv,H2,1_M,1_F,4.62168341290125e+21,1.5056062568249303e+21,0.36363636363636365,9338429.015568743
H2_atmosphere_1_M_earth_1_F_earth.csv,H2,1_M,1_F,4.62168341290125e+21,1.5633956971679234e+21,0.37373737373737376,9424107.462131375
H2_atmosphere_1_M_earth_1_F_earth.csv,H2,1_M,1_F,4.62168341290125e+21,1.62161382135699e+21,0.38383838383838387,9508255.731252147
H2_atmosphere_1_M_earth_1_F_earth.csv,H2,1_M,1_F,4.62168341290125e+21,1.6802263346844433e+21,0.393939393939394,9590940.36610704
H2_atmosphere_1_M_earth_1_F_earth.csv,H2,1_M,1_F,4.62168341290125e+21,1.739198942442599e+21,0.4040404040404041,9672223.397239298
H2_atmosphere_1_M_earth_1_F_earth.csv,H2,1_M,1_F,4.62168341290125e+21,1.79849734992377e+21,0.4141414141414142,9752162.752935955
H2_atmosphere_1_M_earth_1_F_earth.csv,H2,1_M,1_F,4.62168341290125e+21,1.8580872624202708e+21,0.42424242424242425,9830812.623253407
H2_atmosphere_1_M_earth_1_F_earth.csv,H2,1_M,1_F,4.62168341290125e+21,1.9179343852244157e+21,0.43434343434343436,9908223.783899214
H2_atmosphere_1_M_earth_1_F_earth.csv,H2,1_M,1_F,4.62168341290125e+21,1.9780044236285189e+21,0.4444444444444445,9984443.885221958
H2_atmosphere_1_M_earth_1_F_earth.csv,H2,1_M,1_F,4.62168341290125e+21,2.0382630829248943e+21,0.4545454545454546,10059517.710770797
H2_atmosphere_1_M_earth_1_F_earth.csv,H2,1_M,1_F,4.62168341290125e+21,2.0986760684058562e+21,0.4646464646464647,10133487.409229992
H2_atmosphere_1_M_earth_1_F_earth.csv,H2,1_M,1_F,4.62168341290125e+21,2.1592090853637182e+21,0.4747474747474748,10206392.702985892
H2_atmosphere_1_M_earth_1_F_earth.csv,H2,1_M,1_F,4.62168341290125e+21,2.219827839090795e+21,0.48484848484848486,10278271.076124886
H2_atmosphere_1_M_earth_1_F_earth.csv,H2,1_M,1_F,4.62168341290125e+21,2.280498034879401e+21,0.494949494949495,10349157.94427469
H2_atmosphere_1_M_earth_1_F_earth.csv,H2,1_M,1_F,4.62168341290125e+21,2.34118537802185e+21,0.5050505050505051,10419086.80837519
H2_atmosphere_1_M_earth_1_F_earth.csv,H2,1_M,1_F,4.62168341290125e+21,2.4018555738104555e+21,0.5151515151515152,10488089.394188663
H2_atmosphere_1_M_earth_1_F_earth.csv,H2,1_M,1_F,4.62168341290125e+21,2.4624743275375325e+21,0.5252525252525253,10556195.779124081
H2_atmosphere_1_M_earth_1_F_earth.csv,H2,1_M,1_F,4.62168341290125e+21,2.5230073444953946e+21,0.5353535353535354,10623434.507749509
H2_atmosphere_1_M_earth_1_F_earth.csv,H2,1_M,1_F,4.62168341290125e+21,2.583420329976357e+21,0.5454545454545455,10689832.69719483
H2_atmosphere_1_M_earth_1_F_earth.csv,H2,1_M,1_F,4.62168341290125e+21,2.643678989272732e+21,0.5555555555555556,10755416.133499453
H2_atmosphere_1_M_earth_1_F_earth.csv,H2,1_M,1_F,4.62168341290125e+21,2.703749027676836e+21,0.5656565656565657,10820209.359832564
H2_atmosphere_1_M_earth_1_F_earth.csv,H2,1_M,1_F,4.62168341290125e+21,2.76359615048098e+21,0.5757575757575758,10884235.757403677
H2_atmosphere_1_M_earth_1_F_earth.csv,H2,1_M,1_F,4.62168341290125e+21,2.823186062977481e+21,0.5858585858585859,10947517.619786134
H2_atmosphere_1_M_earth_1_F_earth.csv,H2,1_M,1_F,4.62168341290125e+21,2.8824844704586515e+21,0.595959595959596,11010076.221293556
H2_atmosphere_1_M_earth_1_F_earth.csv,H2,1_M,1_F,4.62168341290125e+21,2.941457078216807e+21,0.6060606060606061,11071931.879977398
H2_atmosphere_1_M_earth_1_F_earth.csv,H2,1_M,1_F,4.62168341290125e+21,3.000069591544261e+21,0.6161616161616162,11133104.01575086
H2_atmosphere_1_M_earth_1_F_earth.csv,H2,1_M,1_F,4.62168341290125e+21,3.0582877157333265e+21,0.6262626262626263,11193611.20408958
H2_atmosphere_1_M_earth_1_F_earth.csv,H2,1_M,1_F,4.62168341290125e+21,3.116077156076321e+21,0.6363636363636365,11253471.225711258
H2_atmosphere_1_M_earth_1_F_earth.csv,H2,1_M,1_F,4.62168341290125e+21,3.1734036178655537e+21,0.6464646464646465,11312701.112594087
H2_atmosphere_1_M_earth_1_F_earth.csv,H2,1_M,1_F,4.62168341290125e+21,3.230232806393343e+21,0.6565656565656566,11371317.190656533
H2_atmosphere_1_M_earth_1_F_earth.csv,H2,1_M,1_F,4.62168341290125e+21,3.2865304269520005e+21,0.6666666666666667,11429335.1193881
H2_atmosphere_1_M_earth_1_F_earth.csv,H2,1_M,1_F,4.62168341290125e+21,3.3422621848338416e+21,0.6767676767676768,11486769.92869156
H2_atmosphere_1_M_earth_1_F_earth.csv,H2,1_M,1_F,4.62168341290125e+21,3.39739378533118e+21,0.686868686868687,11543636.053171428
H2_atmosphere_1_M_earth_1_F_earth.csv,H2,1_M,1_F,4.62168341290125e+21,3.4518909337363294e+21,0.696969696969697,11599947.364080435
H2_atmosphere_1_M_earth_1_F_earth.csv,H2,1_M,1_F,4.62168341290125e+21,3.5057193353416047e+21,0.7070707070707072,11655717.199115478
H2_atmosphere_1_M_earth_1_F_earth.csv,H2,1_M,1_F,4.62168341290125e+21,3.55884469543932e+21,0.7171717171717172,11710958.390236313
H2_atmosphere_1_M_earth_1_F_earth.csv,H2,1_M,1_F,4.62168341290125e+21,3.6112327193217875e+21,0.7272727272727273,11765683.289664118
H2_atmosphere_1_M_earth_1_F_earth.csv,H2,1_M,1_F,4.62168341290125e+21,3.662849112281325e+21,0.7373737373737375,11819903.794202508
H2_atmosphere_1_M_earth_1_F_earth.csv,H2,1_M,1_F,4.62168341290125e+21,3.7136595796102443e+21,0.7474747474747475,11873631.368010672
H2_atmosphere_1_M_earth_1_F_earth.csv,H2,1_M,1_F,4.62168341290125e+21,3.7636298266008606e+21,0.7575757575757577,11926877.063946618
H2_atmosphere_1_M_earth_1_F_earth.csv,H2,1_M,1_F,4.62168341290125e+21,3.812725558545486e+21,0.7676767676767677,11979651.54358815
H2_atmosphere_1_M_earth_1_F_earth.csv,H2,1_M,1_F,4.62168341290125e+21,3.8609124807364355e+21,0.7777777777777778,12031965.09602969
H2_atmosphere_1_M_earth_1_F_earth.csv,H2,1_M,1_F,4.62168341290125e+21,3.908156298466024e+21,0.787878787878788,12083827.6555447
H2_atmosphere_1_M_earth_1_F_earth.csv,H2,1_M,1_F,4.62168341290125e+21,3.9544227170265654e+21,0.797979797979798,12135248.818195764
H2_atmosphere_1_M_earth_1_F_earth.csv,H2,1_M,1_F,4.62168341290125e+21,3.9996774417103753e+21,0.8080808080808082,12186237.857467493
H2_atmosphere_1_M_earth_1_F_earth.csv,H2,1_M,1_F,4.62168341290125e+21,4.0438861778097647e+21,0.8181818181818182,12236803.738991221
H2_atmosphere_1_M_earth_1_F_earth.csv,H2,1_M,1_F,4.62168341290125e+21,4.08701463061705e+21,0.8282828282828284,12286955.134424746
H2_atmosphere_1_M_earth_1_F_earth.csv,H2,1_M,1_F,4.62168341290125e+21,4.1290285054245423e+21,0.8383838383838385,12336700.434545293
H2_atmosphere_1_M_earth_1_F_earth.csv,H2,1_M,1_F,4.62168341290125e+21,4.169893507524561e+21,0.8484848484848485,12386047.761609204
H2_atmosphere_1_M_earth_1_F_earth.csv,H2,1_M,1_F,4.62168341290125e+21,4.209575342209416e+21,0.8585858585858587,12435004.981027631
H2_atmosphere_1_M_earth_1_F_earth.csv,H2,1_M,1_F,4.62168341290125e+21,4.248039714771423e+21,0.8686868686868687,12483579.712403651
H2_atmosphere_1_M_earth_1_F_earth.csv,H2,1_M,1_F,4.62168341290125e+21,4.285252330502896e+21,0.8787878787878789,12531779.339972738
H2_atmosphere_1_M_earth_1_F_earth.csv,H2,1_M,1_F,4.62168341290125e+21,4.3211788946961476e+21,0.888888888888889,12579611.022485295
H2_atmosphere_1_M_earth_1_F_earth.csv,H2,1_M,1_F,4.62168341290125e+21,4.355785112643496e+21,0.8989898989898991,12627081.702567047
H2_atmosphere_1_M_earth_1_F_earth.csv,H2,1_M,1_F,4.62168341290125e+21,4.389036689637251e+21,0.9090909090909092,12674198.115590414
H2_atmosphere_1_M_earth_1_F_earth.csv,H2,1_M,1_F,4.62168341290125e+21,4.4208993309697277e+21,0.9191919191919192,12720966.79808756
H2_atmosphere_1_M_earth_1_F_earth.csv,H2,1_M,1_F,4.62168341290125e+21,4.4513387419332426e+21,0.9292929292929294,12767394.09573353
H2_atmosphere_1_M_earth_1_F_earth.csv,H2,1_M,1_F,4.62168341290125e+21,4.480320627820107e+21,0.9393939393939394,12813486.170925893
H2_atmosphere_1_M_earth_1_F_earth.csv,H2,1_M,1_F,4.62168341290125e+21,4.507810693922638e+21,0.9494949494949496,12859249.009985358
H2_atmosphere_1_M_earth_1_F_earth.csv,H2,1_M,1_F,4.62168341290125e+21,4.533774645533146e+21,0.9595959595959597,12904688.430000156
H2_atmosphere_1_M_earth_1_F_earth.csv,H2,1_M,1_F,4.62168341290125e+21,4.558178187943947e+21,0.9696969696969697,12949810.085335374
H2_atmosphere_1_M_earth_1_F_earth.csv,H2,1_M,1_F,4.62168341290125e+21,4.580987026447355e+21,0.9797979797979799,12994619.473826904
H2_atmosphere_1_M_earth_1_F_earth.csv,H2,1_M,1_F,4.62168341290125e+21,4.6021668663356844e+21,0.98989898989899,13039121.942678435
H2_atmosphere_10_M_earth_1_F_earth.csv,H2,10_M,1_F,5.967266408421263e+25,0.0,0.0,0.0
H2_atmosphere_10_M_earth_1_F_earth.csv,H2,10_M,1_F,5.967266408421263e+25,2.51987040921049e+23,0.010101010101010102,6093118.9287337465
H2_atmosphere_10_M_earth_1_F_earth.csv,H2,10_M,1_F,5.967266408421263e+25,5.2544962113277734e+23,0.020202020202020204,7676848.797824547
H2_atmosphere_10_M_earth_1_F_earth.csv,H2,10_M,1_F,5.967266408421263e+25,8.199449460106353e+23,0.030303030303030304,8787798.156798182
H2_atmosphere_10_M_earth_1_F_earth.csv,H2,10_M,1_F,5.967266408421263e+25,1.1350302209300725e+24,0.04040404040404041,9672223.397239298
H2_atmosphere_10_M_earth_1_F_earth.csv,H2,10_M,1_F,5.967266408421263e+25,1.4702626512665392e+24,0.05050505050505051,10419086.808375191
H2_atmosphere_10_M_earth_1_F_earth.csv,H2,10_M,1_F,5.967266408421263e+25,1.825199442395485e+24,0.06060606060606061,11071931.879977398
H2_atmosphere_10_M_earth_1_F_earth.csv,H2,10_M,1_F,5.967266408421263e+25,2.1993977996923598e+24,0.07070707070707072,11655717.199115478
H2_atmosphere_10_M_earth_1_F_earth.csv,H2,10_M,1_F,5.967266408421263e+25,2.592414928532613e+24,0.08080808080808081,12186237.857467493
H2_atmosphere_10_M_earth_1_F_earth.csv,H2,10_M,1_F,5.967266408421263e+25,3.0038080342916956e+24,0.09090909090909091,12674198.115590414
H2_atmosphere_10_M_earth_1_F_earth.csv,H2,10_M,1_F,5.967266408421263e+25,3.4331343223450574e+24,0.10101010101010102,13127226.790553894
H2_atmosphere_10_M_earth_1_F_earth.csv,H2,10_M,1_F,5.967266408421263e+25,3.8799509980681474e+24,0.11111111111111112,13550975.186974889
H2_atmosphere_10_M_earth_1_F_earth.csv,H2,10_M,1_F,5.967266408421263e+25,4.343815266836416e+24,0.12121212121212122,13949760.03858564
H2_atmosphere_10_M_earth_1_F_earth.csv,H2,10_M,1_F,5.967266408421263e+25,4.8242843340253134e+24,0.13131313131313133,14326961.8935396
H2_atmosphere_10_M_earth_1_F_earth.csv,H2,10_M,1_F,5.967266408421263e+25,5.320915405010289e+24,0.14141414141414144,14685283.450787304
H2_atmosphere_10_M_earth_1_F_earth.csv,H2,10_M,1_F,5.967266408421263e+25,5.833265685166792e+24,0.15151515151515152,15026923.472374706
H2_atmosphere_10_M_earth_1_F_earth.csv,H2,10_M,1_F,5.967266408421263e+25,6.360892379870274e+24,0.16161616161616163,15353697.595649093
H2_atmosphere_10_M_earth_1_F_earth.csv,H2,10_M,1_F,5.967266408421263e+25,6.903352694496185e+24,0.17171717171717174,15667124.531144312
H2_atmosphere_10_M_earth_1_F_earth.csv,H2,10_M,1_F,5.967266408421263e+25,7.460203834419972e+24,0.18181818181818182,15968488.996370297
H2_atmosphere_10_M_earth_1_F_earth.csv,H2,10_M,1_F,5.967266408421263e+25,8.031003005017088e+24,0.19191919191919193,16258888.595292019
H2_atmosphere_10_M_earth_1_F_earth.csv,H2,10_M,1_F,5.967266408421263e+25,8.615307411662985e+24,0.20202020202020204,16539269.360162767
H2_atmosphere_10_M_earth_1_F_earth.csv,H2,10_M,1_F,5.967266408421263e+25,9.212674259733104e+24,0.21212121212121213,16810453.122048967
H2_atmosphere_10_M_earth_1_F_earth.csv,H2,10_M,1_F,5.967266408421263e+25,9.822660754602904e+24,0.22222222222222224,17073158.884672776
H2_atmosphere_10_M_earth_1_F_earth.csv,H2,10_M,1_F,5.967266408421263e+25,1.044482410164783e+25,0.23232323232323235,17328019.725734446
H2_atmosphere_10_M_earth_1_F_earth.csv,H2,10_M,1_F,5.967266408421263e+25,1.1078721506243336e+25,0.24242424242424243,17575596.313596364
H2_atmosphere_10_M_earth_1_F_earth.csv,H2,10_M,1_F,5.967266408421263e+25,1.172391017376487e+25,0.25252525252525254,17816387.82865805
H2_atmosphere_10_M_earth_1_F_earth.csv,H2,10_M,1_F,5.967266408421263e+25,1.2379947309587877e+25,0.26262626262626265,18050840.870712254
H2_atmosphere_10_M_earth_1_F_earth.csv,H2,10_M,1_F,5.967266408421263e+25,1.3046390119087812e+25,0.27272727272727276,18279356.78620124
H2_atmosphere_10_M_earth_1_F_earth.csv,H2,10_M,1_F,5.967266408421263e+25,1.372279580764013e+25,0.2828282828282829,18502297.743319746
H2_atmosphere_10_M_earth_1_F_earth.csv,H2,10_M,1_F,5.967266408421263e+25,1.4408721580620265e+25,0.29292929292929293,18719991.805653613
H2_atmosphere_10_M_earth_1_F_earth.csv,H2,10_M,1_F,5.967266408421263e+25,1.5103724643403683e+25,0.30303030303030304,18932737.19800425
H2_atmosphere_10_M_earth_1_F_earth.csv,H2,10_M,1_F,5.967266408421263e+25,1.5807362201365827e+25,0.31313131313131315,19140805.91544396
H2_atmosphere_10_M_earth_1_F_earth.csv,H2,10_M,1_F,5.967266408421263e+25,1.651919145988215e+25,0.32323232323232326,19344446.794478595
H2_atmosphere_10_M_earth_1_F_earth.csv,H2,10_M,1_F,5.967266408421263e+25,1.7238769624328096e+25,0.33333333333333337,19543888.140660886
H2_atmosphere_10_M_earth_1_F_earth.csv,H2,10_M,1_F,5.967266408421263e+25,1.796565390007912e+25,0.3434343434343435,19739339.988113064
H2_atmosphere_10_M_earth_1_F_earth.csv,H2,10_M,1_F,5.967266408421263e+25,1.8699401492510673e+25,0.3535353535353536,19930996.05175335
H2_atmosphere_10_M_earth_1_F_earth.csv,H2,10_M,1_F,5.967266408421263e+25,1.9439569606998194e+25,0.36363636363636365,20119035.421541594
H2_atmosphere_10_M_earth_1_F_earth.csv,H2,10_M,1_F,5.967266408421263e+25,2.0185715448917154e+25,0.37373737373737376,20303624.039004173
H2_atmosphere_10_M_earth_1_F_earth.csv,H2,10_M,1_F,5.967266408421263e+25,2.0937396223642983e+25,0.38383838383838387,20484915.9891041
H2_atmosphere_10_M_earth_1_F_earth.csv,H2,10_M,1_F,5.967266408421263e+25,2.1694169136551135e+25,0.393939393939394,20663054.634768102
H2_atmosphere_10_M_earth_1_F_earth.csv,H2,10_M,1_F,5.967266408421263e+25,2.245559139301707e+25,0.4040404040404041,20838173.616750382
H2_atmosphere_10_M_earth_1_F_earth.csv,H2,10_M,1_F,5.967266408421263e+25,2.3221220198416226e+25,0.4141414141414142,21010397.73776206
H2_atmosphere_10_M_earth_1_F_earth.csv,H2,10_M,1_F,5.967266408421263e+25,2.399061275812406e+25,0.42424242424242425,21179843.746740483
H2_atmosphere_10_M_earth_1_F_earth.csv,H2,10_M,1_F,5.967266408421263e+25,2.476332627751602e+25,0.43434343434343436,21346621.036631443
H2_atmosphere_10_M_earth_1_F_earth.csv,H2,10_M,1_F,5.967266408421263e+25,2.553891796196755e+25,0.4444444444444445,21510832.266998906
H2_atmosphere_10_M_earth_1_F_earth.csv,H2,10_M,1_F,5.967266408421263e+25,2.6316945016854113e+25,0.4545454545454546,21672573.92107473
H2_atmosphere_10_M_earth_1_F_earth.csv,H2,10_M,1_F,5.967266408421263e+25,2.709696464755115e+25,0.4646464646464647,21831936.805446416
H2_atmosphere_10_M_earth_1_F_earth.csv,H2,10_M,1_F,5.967266408421263e+25,2.7878534059434107e+25,0.4747474747474748,21989006.49940109
H2_atmosphere_10_M_earth_1_F_earth.csv,H2,10_M,1_F,5.967266408421263e+25,2.8661210457878437e+25,0.48484848484848486,22143863.759954795
H2_atmosphere_10_M_earth_1_F_earth.csv,H2,10_M,1_F,5.967266408421263e+25,2.9444551048259603e+25,0.494949494949495,22296584.88776445
H2_atmosphere_10_M_earth_1_F_earth.csv,H2,10_M,1_F,5.967266408421263e+25,3.0228113035953042e+25,0.5050505050505051,22447242.05841709
H2_atmosphere_10_M_earth_1_F_earth.csv,H2,10_M,1_F,5.967266408421263e+25,3.1011453626334203e+25,0.5151515151515152,22595903.62299554
H2_atmosphere_10_M_earth_1_F_earth.csv,H2,10_M,1_F,5.967266408421263e+25,3.179413002477854e+25,0.5252525252525253,22742634.381313067
H2_atmosphere_10_M_earth_1_F_earth.csv,H2,10_M,1_F,5.967266408421263e+25,3.2575699436661494e+25,0.5353535353535354,22887495.83077733
H2_atmosphere_10_M_earth_1_F_earth.csv,H2,10_M,1_F,5.967266408421263e+25,3.3355719067358536e+25,0.5454545454545455,23030546.39347364
H2_atmosphere_10_M_earth_1_F_earth.csv,H2,10_M,1_F,5.967266408421263e+25,3.413374612224509e+25,0.5555555555555556,23171841.623739816
H2_atmosphere_10_M_earth_1_F_earth.csv,H2,10_M,1_F,5.967266408421263e+25,3.4909337806696635e+25,0.5656565656565657,23311434.398230955
H2_atmosphere_10_M_earth_1_F_earth.csv,H2,10_M,1_F,5.967266408421263e+25,3.5682051326088583e+25,0.5757575757575758,23449375.090235937
H2_atmosphere_10_M_earth_1_F_earth.csv,H2,10_M,1_F,5.967266408421263e+25,3.645144388579642e+25,0.5858585858585859,23585711.729802523
H2_atmosphere_10_M_earth_1_F_earth.csv,H2,10_M,1_F,5.967266408421263e+25,3.7217072691195568e+25,0.595959595959596,23720490.151049994
H2_atmosphere_10_M_earth_1_F_earth.csv,H2,10_M,1_F,5.967266408421263e+25,3.79784949476615e+25,0.6060606060606061,23853754.127893236
H2_atmosphere_10_M_earth_1_F_earth.csv,H2,10_M,1_F,5.967266408421263e+25,3.873526786056966e+25,0.6161616161616162,23985545.499266922
H2_atmosphere_10_M_earth_1_F_earth.csv,H2,10_M,1_F,5.967266408421263e+25,3.948694863529548e+25,0.6262626262626263,24115904.284820154
H2_atmosphere_10_M_earth_1_F_earth.csv,H2,10_M,1_F,5.967266408421263e+25,4.023309447721445e+25,0.6363636363636365,24244868.791947957
H2_atmosphere_10_M_earth_1_F_earth.csv,H2,10_M,1_F,5.967266408421263e+25,4.097326259170197e+25,0.6464646464646465,24372475.714934986
H2_atmosphere_10_M_earth_1_F_earth.csv,H2,10_M,1_F,5.967266408421263e+25,4.170701018413352e+25,0.6565656565656566,24498760.22690634
H2_atmosphere_10_M_earth_1_F_earth.csv,H2,10_M,1_F,5.967266408421263e+25,4.243389445988455e+25,0.6666666666666667,24623756.065209422
H2_atmosphere_10_M_earth_1_F_earth.csv,H2,10_M,1_F,5.967266408421263e+25,4.31534726243305e+25,0.6767676767676768,24747495.610788163
H2_atmosphere_10_M_earth_1_F_earth.csv,H2,10_M,1_F,5.967266408421263e+25,4.386530188284682e+25,0.686868686868687,24870009.962055262
H2_atmosphere_10_M_earth_1_F_earth.csv,H2,10_M,1_F,5.967266408421263e+25,4.456893944080896e+25,0.696969696969697,24991329.003718797
H2_atmosphere_10_M_earth_1_F_earth.csv,H2,10_M,1_F,5.967266408421263e+25,4.526394250359238e+25,0.7070707070707072,25111481.47097565
H2_atmosphere_10_M_earth_1_F_earth.csv,H2,10_M,1_F,5.967266408421263e+25,4.594986827657252e+25,0.7171717171717172,25230495.009445056
H2_atmosphere_10_M_earth_1_F_earth.csv,H2,10_M,1_F,5.967266408421263e+25,4.662627396512482e+25,0.7272727272727273,25348396.231180824
H2_atmosphere_10_M_earth_1_F_earth.csv,H2,10_M,1_F,5.967266408421263e+25,4.729271677462477e+25,0.7373737373737375,25465210.76706937
H2_atmosphere_10_M_earth_1_F_earth.csv,H2,10_M,1_F,5.967266408421263e+25,4.794875391044778e+25,0.7474747474747475,25580963.31589292
H2_atmosphere_10_M_earth_1_F_earth.csv,H2,10_M,1_F,5.967266408421263e+25,4.859394257796931e+25,0.7575757575757577,25695677.690312214
H2_atmosphere_10_M_earth_1_F_earth.csv,H2,10_M,1_F,5.967266408421263e+25,4.9227839982564814e+25,0.7676767676767677,25809376.860000312
H2_atmosphere_10_M_earth_1_F_earth.csv,H2,10_M,1_F,5.967266408421263e+25,4.985000332960973e+25,0.7777777777777778,25922082.992139168
H2_atmosphere_10_M_earth_1_F_earth.csv,H2,10_M,1_F,5.967266408421263e+25,5.0459989824479535e+25,0.787878787878788,26033817.48947215
H2_atmosphere_10_M_earth_1_F_earth.csv,H2,10_M,1_F,5.967266408421263e+25,5.105735667254965e+25,0.797979797979798,26144601.026089374
H2_atmosphere_10_M_earth_1_F_earth.csv,H2,10_M,1_F,5.967266408421263e+25,5.164166107919556e+25,0.8080808080808082,26254453.581107784
H2_atmosphere_10_M_earth_1_F_earth.csv,H2,10_M,1_F,5.967266408421263e+25,5.221246024979267e+25,0.8181818181818182,26363394.470394548
H2_atmosphere_10_M_earth_1_F_earth.csv,H2,10_M,1_F,5.967266408421263e+25,5.276931138971646e+25,0.8282828282828284,26471442.37647004
H2_atmosphere_10_M_earth_1_F_earth.csv,H2,10_M,1_F,5.967266408421263e+25,5.331177170434235e+25,0.8383838383838385,26578615.376715794
H2_atmosphere_10_M_earth_1_F_earth.csv,H2,10_M,1_F,5.967266408421263e+25,5.383939839904585e+25,0.8484848484848485,26684930.970002633
H2_atmosphere_10_M_earth_1_F_earth.csv,H2,10_M,1_F,5.967266408421263e+25,5.435174867920234e+25,0.8585858585858587,26790406.101845194
H2_atmosphere_10_M_earth_1_F_earth.csv,H2,10_M,1_F,5.967266408421263e+25,5.4848379750187325e+25,0.8686868686868687,26895057.18818067
H2_atmosphere_10_M_earth_1_F_earth.csv,H2,10_M,1_F,5.967266408421263e+25,5.5328848817376225e+25,0.8787878787878789,26998900.13786213
H2_atmosphere_10_M_earth_1_F_earth.csv,H2,10_M,1_F,5.967266408421263e+25,5.579271308614448e+25,0.888888888888889,27101950.373949777
H2_atmosphere_10_M_earth_1_F_earth.csv,H2,10_M,1_F,5.967266408421263e+25,5.623952976186759e+25,0.8989898989898991,27204222.853877306
H2_atmosphere_10_M_earth_1_F_earth.csv,H2,10_M,1_F,5.967266408421263e+25,5.666885604992095e+25,0.9090909090909092,27305732.08856472
H2_atmosphere_10_M_earth_1_F_earth.csv,H2,10_M,1_F,5.967266408421263e+25,5.708024915568002e+25,0.9191919191919192,27406492.160543654
H2_atmosphere_10_M_earth_1_F_earth.csv,H2,10_M,1_F,5.967266408421263e+25,5.747326628452028e+25,0.9292929292929294,27506516.74115657
H2_atmosphere_10_M_earth_1_F_earth.csv,H2,10_M,1_F,5.967266408421263e+25,5.784746464181716e+25,0.9393939393939394,27605819.106886555
H2_atmosphere_10_M_earth_1_F_earth.csv,H2,10_M,1_F,5.967266408421263e+25,5.8202401432946115e+25,0.9494949494949496,27704412.15487061
H2_atmosphere_10_M_earth_1_F_earth.csv,H2,10_M,1_F,5.967266408421263e+25,5.853763386328258e+25,0.9595959595959597,27802308.41764542
H2_atmosphere_10_M_earth_1_F_earth.csv,H2,10_M,1_F,5.967266408421263e+25,5.885271913820201e+25,0.9696969696969697,27899520.077171277
H2_atmosphere_10_M_earth_1_F_earth.csv,H2,10_M,1_F,5.967266408421263e+25,5.914721446307986e+25,0.9797979797979799,27996058.978176545
H2_atmosphere_10_M_earth_1_F_earth.csv,H2,10_M,1_F,5.967266408421263e+25,5.942067704329158e+25,0.98989898989899,28091936.640862346
H2_atmosphere_10_M_earth_1000_F_earth.csv,H2,10_M,1000_F,6.698161169294253e+25,0.0,0.0,0.0
H2_atmosphere_10_M_earth_1000_F_earth.csv,H2,10_M,1000_F,6.698161169294253e+25,2.8285142595288958e+23,0.010101010101010102,6093118.9287337465
H2_atmosphere_10_M_earth_1000_F_earth.csv,H2,10_M,1000_F,6.698161169294253e+25,5.89808801518399e+23,0.020202020202020204,7676848.797824547
H2_atmosphere_10_M_earth_1000_F_earth.csv,H2,10_M,1000_F,6.698161169294253e+25,9.203750968076085e+23,0.030303030303030304,8787798.156798182
H2_atmosphere_10_M_earth_1000_F_earth.csv,H2,10_M,1000_F,6.698161169294253e+25,1.274053281931598e+24,0.04040404040404041,9672223.397239298
H2_atmosphere_10_M_earth_1000_F_earth.csv,H2,10_M,1000_F,6.698161169294253e+25,1.6503463270014475e+24,0.05050505050505051,10419086.808375191
H2_atmosphere_10_M_earth_1000_F_earth.csv,H2,10_M,1000_F,6.698161169294253e+25,2.0487572021282367e+24,0.06060606060606061,11071931.879977398
H2_atmosphere_10_M_earth_1000_F_earth.csv,H2,10_M,1000_F,6.698161169294253e+25,2.4687888774230463e+24,0.07070707070707072,11655717.199115478
H2_atmosphere_10_M_earth_1000_F_earth.csv,H2,10_M,1000_F,6.698161169294253e+25,2.909944322996956e+24,0.08080808080808081,12186237.857467493
H2_atmosphere_10_M_earth_1000_F_earth.csv,H2,10_M,1000_F,6.698161169294253e+25,3.371726508961045e+24,0.09090909090909091,12674198.115590414
H2_atmosphere_10_M_earth_1000_F_earth.csv,H2,10_M,1000_F,6.698161169294253e+25,3.8536384054263946e+24,0.10101010101010102,13127226.790553894
H2_atmosphere_10_M_earth_1000_F_earth.csv,H2,10_M,1000_F,6.698161169294253e+25,4.3551829825040834e+24,0.11111111111111112,13550975.186974889
H2_atmosphere_10_M_earth_1000_F_earth.csv,H2,10_M,1000_F,6.698161169294253e+25,4.875863210305192e+24,0.12121212121212122,13949760.03858564
H2_atmosphere_10_M_earth_1000_F_earth.csv,H2,10_M,1000_F,6.698161169294253e+25,5.415182058940802e+24,0.13131313131313133,14326961.8935396
H2_atmosphere_10_M_earth_1000_F_earth.csv,H2,10_M,1000_F,6.698161169294253e+25,5.972642498521992e+24,0.14141414141414144,14685283.450787304
H2_atmosphere_10_M_earth_1000_F_earth.csv,H2,10_M,1000_F,6.698161169294253e+25,6.547747499159839e+24,0.15151515151515152,15026923.472374706
H2_atmosphere_10_M_earth_1000_F_earth.csv,H2,10_M,1000_F,6.698161169294253e+25,7.140000030965429e+24,0.16161616161616163,15353697.595649093
H2_atmosphere_10_M_earth_1000_F_earth.csv,H2,10_M,1000_F,6.698161169294253e+25,7.748903064049838e+24,0.17171717171717174,15667124.531144312
H2_atmosphere_10_M_earth_1000_F_earth.csv,H2,10_M,1000_F,6.698161169294253e+25,8.373959568524146e+24,0.18181818181818182,15968488.996370297
H2_atmosphere_10_M_earth_1000_F_earth.csv,H2,10_M,1000_F,6.698161169294253e+25,9.014672514499436e+24,0.19191919191919193,16258888.595292019
H2_atmosphere_10_M_earth_1000_F_earth.csv,H2,10_M,1000_F,6.698161169294253e+25,9.670544872086786e+24,0.20202020202020204,16539269.360162767
H2_atmosphere_10_M_earth_1000_F_earth.csv,H2,10_M,1000_F,6.698161169294253e+25,1.0341079611397273e+25,0.21212121212121213,16810453.122048967
H2_atmosphere_10_M_earth_1000_F_earth.csv,H2,10_M,1000_F,6.698161169294253e+25,1.1025779702541982e+25,0.22222222222222224,17073158.884672776
H2_atmosphere_10_M_earth_1000_F_earth.csv,H2,10_M,1000_F,6.698161169294253e+25,1.172414811563199e+25,0.23232323232323235,17328019.725734446
H2_atmosphere_10_M_earth_1000_F_earth.csv,H2,10_M,1000_F,6.698161169294253e+25,1.2435687820778382e+25,0.24242424242424243,17575596.313596364
H2_atmosphere_10_M_earth_1000_F_earth.csv,H2,10_M,1000_F,6.698161169294253e+25,1.315990178809223e+25,0.25252525252525254,17816387.82865805
H2_atmosphere_10_M_earth_1000_F_earth.csv,H2,10_M,1000_F,6.698161169294253e+25,1.3896292987684617e+25,0.26262626262626265,18050840.870712254
H2_atmosphere_10_M_earth_1000_F_earth.csv,H2,10_M,1000_F,6.698161169294253e+25,1.4644364389666625e+25,0.27272727272727276,18279356.78620124
H2_atmosphere_10_M_earth_1000_F_earth.csv,H2,10_M,1000_F,6.698161169294253e+25,1.5403618964149338e+25,0.2828282828282829,18502297.743319746
H2_atmosphere_10_M_earth_1000_F_earth.csv,H2,10_M,1000_F,6.698161169294253e+25,1.6173559681243824e+25,0.29292929292929293,18719991.805653613
H2_atmosphere_10_M_earth_1000_F_earth.csv,H2,10_M,1000_F,6.698161169294253e+25,1.695368951106117e+25,0.30303030303030304,18932737.19800425
H2_atmosphere_10_M_earth_1000_F_earth.csv,H2,10_M,1000_F,6.698161169294253e+25,1.7743511423712461e+25,0.31313131313131315,19140805.91544396
H2_atmosphere_10_M_earth_1000_F_earth.csv,H2,10_M,1000_F,6.698161169294253e+25,1.8542528389308773e+25,0.32323232323232326,19344446.794478595
H2_atmosphere_10_M_earth_1000_F_earth.csv,H2,10_M,1000_F,6.698161169294253e+25,1.935024337796118e+25,0.33333333333333337,19543888.140660886
H2_atmosphere_10_M_earth_1000_F_earth.csv,H2,10_M,1000_F,6.698161169294253e+25,2.0166159359780765e+25,0.3434343434343435,19739339.988113064
H2_atmosphere_10_M_earth_1000_F_earth.csv,H2,10_M,1000_F,6.698161169294253e+25,2.098977930487862e+25,0.3535353535353536,19930996.05175335
H2_atmosphere_10_M_earth_1000_F_earth.csv,H2,10_M,1000_F,6.698161169294253e+25,2.18206061833658e+25,0.36363636363636365,20119035.421541594
H2_atmosphere_10_M_earth_1000_F_earth.csv,H2,10_M,1000_F,6.698161169294253e+25,2.2658142965353416e+25,0.37373737373737376,20303624.039004173
H2_atmosphere_10_M_earth_1000_F_earth.csv,H2,10_M,1000_F,6.698161169294253e+25,2.3501892620952527e+25,0.38383838383838387,20484915.9891041
H2_atmosphere_10_M_earth_1000_F_earth.csv,H2,10_M,1000_F,6.698161169294253e+25,2.4351358120274214e+25,0.393939393939394,20663054.634768102
H2_atmosphere_10_M_earth_1000_F_earth.csv,H2,10_M,1000_F,6.698161169294253e+25,2.5206042433429565e+25,0.4040404040404041,20838173.616750382
H2_atmosphere_10_M_earth_1000_F_earth.csv,H2,10_M,1000_F,6.698161169294253e+25,2.606544853052965e+25,0.4141414141414142,21010397.73776206
H2_atmosphere_10_M_earth_1000_F_earth.csv,H2,10_M,1000_F,6.698161169294253e+25,2.6929079381685558e+25,0.42424242424242425,21179843.746740483
H2_atmosphere_10_M_earth_1000_F_earth.csv,H2,10_M,1000_F,6.698161169294253e+25,2.7796437957008367e+25,0.43434343434343436,21346621.036631443
H2_atmosphere_10_M_earth_1000_F_earth.csv,H2,10_M,1000_F,6.698161169294253e+25,2.866702722660915e+25,0.4444444444444445,21510832.266998906
H2_atmosphere_10_M_earth_1000_F_earth.csv,H2,10_M,1000_F,6.698161169294253e+25,2.9540350160599008e+25,0.4545454545454546,21672573.92107473
H2_atmosphere_10_M_earth_1000_F_earth.csv,H2,10_M,1000_F,6.698161169294253e+25,3.0415909729088994e+25,0.4646464646464647,21831936.805446416
H2_atmosphere_10_M_earth_1000_F_earth.csv,H2,10_M,1000_F,6.698161169294253e+25,3.12932089021902e+25,0.4747474747474748,21989006.49940109
H2_atmosphere_10_M_earth_1000_F_earth.csv,H2,10_M,1000_F,6.698161169294253e+25,3.2171750650013703e+25,0.48484848484848486,22143863.759954795
H2_atmosphere_10_M_earth_1000_F_earth.csv,H2,10_M,1000_F,6.698161169294253e+25,3.30510379426706e+25,0.494949494949495,22296584.88776445
H2_atmosphere_10_M_earth_1000_F_earth.csv,H2,10_M,1000_F,6.698161169294253e+25,3.393057375027195e+25,0.5050505050505051,22447242.05841709
H2_atmosphere_10_M_earth_1000_F_earth.csv,H2,10_M,1000_F,6.698161169294253e+25,3.480986104292884e+25,0.5151515151515152,22595903.62299554
H2_atmosphere_10_M_earth_1000_F_earth.csv,H2,10_M,1000_F,6.698161169294253e+25,3.5688402790752347e+25,0.5252525252525253,22742634.381313067
H2_atmosphere_10_M_earth_1000_F_earth.csv,H2,10_M,1000_F,6.698161169294253e+25,3.656570196385355e+25,0.5353535353535354,22887495.83077733
H2_atmosphere_10_M_earth_1000_F_earth.csv,H2,10_M,1000_F,6.698161169294253e+25,3.7441261532343546e+25,0.5454545454545455,23030546.39347364
H2_atmosphere_10_M_earth_1000_F_earth.csv,H2,10_M,1000_F,6.698161169294253e+25,3.8314584466333385e+25,0.5555555555555556,23171841.623739816
H2_atmosphere_10_M_earth_1000_F_earth.csv,H2,10_M,1000_F,6.698161169294253e+25,3.918517373593419e+25,0.5656565656565657,23311434.398230955
H2_atmosphere_10_M_earth_1000_F_earth.csv,H2,10_M,1000_F,6.698161169294253e+25,4.005253231125698e+25,0.5757575757575758,23449375.090235937
H2_atmosphere_10_M_earth_1000_F_earth.csv,H2,10_M,1000_F,6.698161169294253e+25,4.091616316241289e+25,0.5858585858585859,23585711.729802523
H2_atmosphere_10_M_earth_1000_F_earth.csv,H2,10_M,1000_F,6.698161169294253e+25,4.177556925951298e+25,0.595959595959596,23720490.151049994
H2_atmosphere_10_M_earth_1000_F_earth.csv,H2,10_M,1000_F,6.698161169294253e+25,4.263025357266833e+25,0.6060606060606061,23853754.127893236
H2_atmosphere_10_M_earth_1000_F_earth.csv,H2,10_M,1000_F,6.698161169294253e+25,4.347971907199002e+25,0.6161616161616162,23985545.499266922
H2_atmosphere_10_M_earth_1000_F_earth.csv,H2,10_M,1000_F,6.698161169294253e+25,4.432346872758912e+25,0.6262626262626263,24115904.284820154
H2_atmosphere_10_M_earth_1000_F_earth.csv,H2,10_M,1000_F,6.698161169294253e+25,4.5161005509576745e+25,0.6363636363636365,24244868.791947957
H2_atmosphere_10_M_earth_1000_F_earth.csv,H2,10_M,1000_F,6.698161169294253e+25,4.599183238806393e+25,0.6464646464646465,24372475.714934986
H2_atmosphere_10_M_earth_1000_F_earth.csv,H2,10_M,1000_F,6.698161169294253e+25,4.681545233316178e+25,0.6565656565656566,24498760.22690634
H2_atmosphere_10_M_earth_1000_F_earth.csv,H2,10_M,1000_F,6.698161169294253e+25,4.763136831498137e+25,0.6666666666666667,24623756.065209422
H2_atmosphere_10_M_earth_1000_F_earth.csv,H2,10_M,1000_F,6.698161169294253e+25,4.843908330363378e+25,0.6767676767676768,24747495.610788163
H2_atmosphere_10_M_earth_1000_F_earth.csv,H2,10_M,1000_F,6.698161169294253e+25,4.9238100269230084e+25,0.686868686868687,24870009.962055262
H2_atmosphere_10_M_earth_1000_F_earth.csv,H2,10_M,1000_F,6.698161169294253e+25,5.002792218188137e+25,0.696969696969697,24991329.003718797
H2_atmosphere_10_M_earth_1000_F_earth.csv,H2,10_M,1000_F,6.698161169294253e+25,5.080805201169872e+25,0.7070707070707072,25111481.47097565
H2_atmosphere_10_M_earth_1000_F_earth.csv,H2,10_M,1000_F,6.698161169294253e+25,5.157799272879322e+25,0.7171717171717172,25230495.009445056
H2_atmosphere_10_M_earth_1000_F_earth.csv,H2,10_M,1000_F,6.698161169294253e+25,5.23372473032759e+25,0.7272727272727273,25348396.231180824
H2_atmosphere_10_M_earth_1000_F_earth.csv,H2,10_M,1000_F,6.698161169294253e+25,5.308531870525793e+25,0.7373737373737375,25465210.76706937
H2_atmosphere_10_M_earth_1000_F_earth.csv,H2,10_M,1000_F,6.698161169294253e+25,5.382170990485031e+25,0.7474747474747475,25580963.31589292
H2_atmosphere_10_M_earth_1000_F_earth.csv,H2,10_M,1000_F,6.698161169294253e+25,5.454592387216418e+25,0.7575757575757577,25695677.690312214
H2_atmosphere_10_M_earth_1000_F_earth.csv,H2,10_M,1000_F,6.698161169294253e+25,5.5257463577310555e+25,0.7676767676767677,25809376.860000312
H2_atmosphere_10_M_earth_1000_F_earth.csv,H2,10_M,1000_F,6.698161169294253e+25,5.5955831990400554e+25,0.7777777777777778,25922082.992139168
H2_atmosphere_10_M_earth_1000_F_earth.csv,H2,10_M,1000_F,6.698161169294253e+25,5.664053208154526e+25,0.787878787878788,26033817.48947215
H2_atmosphere_10_M_earth_1000_F_earth.csv,H2,10_M,1000_F,6.698161169294253e+25,5.731106682085575e+25,0.797979797979798,26144601.026089374
H2_atmosphere_10_M_earth_1000_F_earth.csv,H2,10_M,1000_F,6.698161169294253e+25,5.796693917844311e+25,0.8080808080808082,26254453.581107784
H2_atmosphere_10_M_earth_1000_F_earth.csv,H2,10_M,1000_F,6.698161169294253e+25,5.86076521244184e+25,0.8181818181818182,26363394.470394548
H2_atmosphere_10_M_earth_1000_F_earth.csv,H2,10_M,1000_F,6.698161169294253e+25,5.923270862889271e+25,0.8282828282828284,26471442.37647004
H2_atmosphere_10_M_earth_1000_F_earth.csv,H2,10_M,1000_F,6.698161169294253e+25,5.9841611661977095e+25,0.8383838383838385,26578615.376715794
H2_atmosphere_10_M_earth_1000_F_earth.csv,H2,10_M,1000_F,6.698161169294253e+25,6.0433864193782704e+25,0.8484848484848485,26684930.970002633
H2_atmosphere_10_M_earth_1000_F_earth.csv,H2,10_M,1000_F,6.698161169294253e+25,6.100896919442055e+25,0.8585858585858587,26790406.101845194
H2_atmosphere_10_M_earth_1000_F_earth.csv,H2,10_M,1000_F,6.698161169294253e+25,6.156642963400174e+25,0.8686868686868687,26895057.18818067
H2_atmosphere_10_M_earth_1000_F_earth.csv,H2,10_M,1000_F,6.698161169294253e+25,6.210574848263735e+25,0.8787878787878789,26998900.13786213
H2_atmosphere_10_M_earth_1000_F_earth.csv,H2,10_M,1000_F,6.698161169294253e+25,6.262642871043845e+25,0.888888888888889,27101950.373949777
H2_atmosphere_10_M_earth_1000_F_earth.csv,H2,10_M,1000_F,6.698161169294253e+25,6.312797328751615e+25,0.8989898989898991,27204222.853877306
H2_atmosphere_10_M_earth_1000_F_earth.csv,H2,10_M,1000_F,6.698161169294253e+25,6.36098851839815e+25,0.9090909090909092,27305732.08856472
H2_atmosphere_10_M_earth_1000_F_earth.csv,H2,10_M,1000_F,6.698161169294253e+25,6.407166736994558e+25,0.9191919191919192,27406492.160543654
H2_atmosphere_10_M_earth_1000_F_earth.csv,H2,10_M,1000_F,6.698161169294253e+25,6.4512822815519495e+25,0.9292929292929294,27506516.74115657
H2_atmosphere_10_M_earth_1000_F_earth.csv,H2,10_M,1000_F,6.698161169294253e+25,6.493285449081431e+25,0.9393939393939394,27605819.106886555
H2_atmosphere_10_M_earth_1000_F_earth.csv,H2,10_M,1000_F,6.698161169294253e+25,6.533126536594111e+25,0.9494949494949496,27704412.15487061
H2_atmosphere_10_M_earth_1000_F_earth.csv,H2,10_M,1000_F,6.698161169294253e+25,6.5707558411010965e+25,0.9595959595959597,27802308.41764542
H2_atmosphere_10_M_earth_1000_F_earth.csv,H2,10_M,1000_F,6.698161169294253e+25,6.606123659613494e+25,0.9696969696969697,27899520.077171277
H2_atmosphere_10_M_earth_1000_F_earth.csv,H2,10_M,1000_F,6.698161169294253e+25,6.6391802891424135e+25,0.9797979797979799,27996058.978176545
H2_atmosphere_10_M_earth_1000_F_earth.csv,H2,10_M,1000_F,6.698161169294253e+25,6.6698760266989635e+25,0.98989898989899,28091936.640862346
H2O_atmosphere_1_M_earth_1_F_earth.csv,H2O,1_M,1_F,8.394684270954495e+23,0.0,0.0,0.0
H2O_atmosphere_1_M_earth_1_F_earth.csv,H2O,1_M,1_F,8.394684270954495e+23,3.5449257735820563e+21,0.010101010101010102,2828175.2309810305
H2O_atmosphere_1_M_earth_1_F_earth.csv,H2O,1_M,1_F,8.394684270954495e+23,7.391967054591956e+21,0.020202020202020204,3563277.5063042957
H2O_atmosphere_1_M_earth_1_F_earth.csv,H2O,1_M,1_F,8.394684270954495e+23,1.1534894657309541e+22,0.030303030303030304,4078934.511636447
H2O_atmosphere_1_M_earth_1_F_earth.csv,H2O,1_M,1_F,8.394684270954495e+23,1.596747939601465e+22,0.04040404040404041,4489448.336809694
H2O_atmosphere_1_M_earth_1_F_earth.csv,H2O,1_M,1_F,8.394684270954495e+23,2.0683492084987118e+22,0.05050505050505051,4836111.617964375
H2O_atmosphere_1_M_earth_1_F_earth.csv,H2O,1_M,1_F,8.394684270954495e+23,2.5676703538506782e+22,0.06060606060606061,5139135.452353423
H2O_atmosphere_1_M_earth_1_F_earth.csv,H2O,1_M,1_F,8.394684270954495e+23,3.094088457085349e+22,0.07070707070707072,5410104.589688118
H2O_atmosphere_1_M_earth_1_F_earth.csv,H2O,1_M,1_F,8.394684270954495e+23,3.6469805996307064e+22,0.08080808080808081,5656350.461962061
H2O_atmosphere_1_M_earth_1_F_earth.csv,H2O,1_M,1_F,8.394684270954495e+23,4.225723862914735e+22,0.09090909090909091,5882841.546719724
H2O_atmosphere_1_M_earth_1_F_earth.csv,H2O,1_M,1_F,8.394684270954495e+23,4.82969532836542e+22,0.10101010101010102,6093118.827114468
H2O_atmosphere_1_M_earth_1_F_earth.csv,H2O,1_M,1_F,8.394684270954495e+23,5.4582720774107426e+22,0.11111111111111112,6289805.406343088
H2O_atmosphere_1_M_earth_1_F_earth.csv,H2O,1_M,1_F,8.394684270954495e+23,6.110831191478689e+22,0.12121212121212122,6474904.93468109
H2O_atmosphere_1_M_earth_1_F_earth.csv,H2O,1_M,1_F,8.394684270954495e+23,6.7867497519972415e+22,0.13131313131313133,6649986.523558362
H2O_atmosphere_1_M_earth_1_F_earth.csv,H2O,1_M,1_F,8.394684270954495e+23,7.4854048403943846e+22,0.14141414141414144,6816304.654680925
H2O_atmosphere_1_M_earth_1_F_earth.csv,H2O,1_M,1_F,8.394684270954495e+23,8.2061735380981e+22,0.15151515151515152,6974879.902967784
H2O_atmosphere_1_M_earth_1_F_earth.csv,H2O,1_M,1_F,8.394684270954495e+23,8.948432926536377e+22,0.16161616161616163,7126555.012608591
H2O_atmosphere_1_M_earth_1_F_earth.csv,H2O,1_M,1_F,8.394684270954495e+23,9.711560087137193e+22,0.17171717171717174,7272034.906577127
H2O_atmosphere_1_M_earth_1_F_earth.csv,H2O,1_M,1_F,8.394684270954495e+23,1.0494932101328535e+23,0.18181818181818182,7411915.897908295
H2O_atmosphere_1_M_earth_1_F_earth.csv,H2O,1_M,1_F,8.394684270954495e+23,1.1297926050538389e+23,0.19191919191919193,7546707.449224349
H2O_atmosphere_1_M_earth_1_F_earth.csv,H2O,1_M,1_F,8.394684270954495e+23,1.2119919016194737e+23,0.20202020202020204,7676848.669792279
H2O_atmosphere_1_M_earth_1_F_earth.csv,H2O,1_M,1_F,8.394684270954495e+23,1.2960288079725557e+23,0.21212121212121213,7802721.019795826
H2O_atmosphere_1_M_earth_1_F_earth.csv,H2O,1_M,1_F,8.394684270954495e+23,1.3818410322558841e+23,0.22222222222222224,7924658.231194232
H2O_atmosphere_1_M_earth_1_F_earth.csv,H2O,1_M,1_F,8.394684270954495e+23,1.4693662826122569e+23,0.23232323232323235,8042954.152621027
H2O_atmosphere_1_M_earth_1_F_earth.csv,H2O,1_M,1_F,8.394684270954495e+23,1.558542267184473e+23,0.24242424242424243,8157869.023272893
H2O_atmosphere_1_M_earth_1_F_earth.csv,H2O,1_M,1_F,8.394684270954495e+23,1.64930669411533e+23,0.25252525252525254,8269634.542162803
H2O_atmosphere_1_M_earth_1_F_earth.csv,H2O,1_M,1_F,8.394684270954495e+23,1.7415972715476264e+23,0.26262626262626265,8378458.00254841
H2O_atmosphere_1_M_earth_1_F_earth.csv,H2O,1_M,1_F,8.394684270954495e+23,1.835351707624161e+23,0.27272727272727276,8484525.692943092
H2O_atmosphere_1_M_earth_1_F_earth.csv,H2O,1_M,1_F,8.394684270954495e+23,1.9305077104877325e+23,0.2828282828282829,8588005.716928903
H2O_atmosphere_1_M_earth_1_F_earth.csv,H2O,1_M,1_F,8.394684270954495e+23,2.0270029882811377e+23,0.29292929292929293,8689050.348130979
H2O_atmosphere_1_M_earth_1_F_earth.csv,H2O,1_M,1_F,8.394684270954495e+23,2.1247752491471767e+23,0.30303030303030304,8787798.01023782
H2O_atmosphere_1_M_earth_1_F_earth.csv,H2O,1_M,1_F,8.394684270954495e+23,2.223762201228647e+23,0.31313131313131315,8884374.952176368
H2O_atmosphere_1_M_earth_1_F_earth.csv,H2O,1_M,1_F,8.394684270954495e+23,2.3239015526683482e+23,0.32323232323232326,8978896.673619386
H2O_atmosphere_1_M_earth_1_F_earth.csv,H2O,1_M,1_F,8.394684270954495e+23,2.4251310116090765e+23,0.33333333333333337,9071469.144615531
H2O_atmosphere_1_M_earth_1_F_earth.csv,H2O,1_M,1_F,8.394684270954495e+23,2.5273882861936318e+23,0.3434343434343435,9162189.85436682
H2O_atmosphere_1_M_earth_1_F_earth.csv,H2O,1_M,1_F,8.394684270954495e+23,2.630611084564813e+23,0.3535353535353536,9251148.717371883
H2O_atmosphere_1_M_earth_1_F_earth.csv,H2O,1_M,1_F,8.394684270954495e+23,2.7347371148654162e+23,0.36363636363636365,9338428.85982512
H2O_atmosphere_1_M_earth_1_F_earth.csv,H2O,1_M,1_F,8.394684270954495e+23,2.8397040852382428e+23,0.37373737373737376,9424107.304958832
H2O_atmosphere_1_M_earth_1_F_earth.csv,H2O,1_M,1_F,8.394684270954495e+23,2.945449703826089e+23,0.38383838383838387,9508255.572676202
H2O_atmosphere_1_M_earth_1_F_earth.csv,H2O,1_M,1_F,8.394684270954495e+23,3.051911678771753e+23,0.393939393939394,9590940.206152106
H2O_atmosphere_1_M_earth_1_F_earth.csv,H2O,1_M,1_F,8.394684270954495e+23,3.1590277182180355e+23,0.4040404040404041,9672223.235928748
H2O_atmosphere_1_M_earth_1_F_earth.csv,H2O,1_M,1_F,8.394684270954495e+23,3.266735530307732e+23,0.4141414141414142,9752162.5902922
H2O_atmosphere_1_M_earth_1_F_earth.csv,H2O,1_M,1_F,8.394684270954495e+23,3.3749728231836424e+23,0.42424242424242425,9830812.459297951
H2O_atmosphere_1_M_earth_1_F_earth.csv,H2O,1_M,1_F,8.394684270954495e+23,3.4836773049885656e+23,0.43434343434343436,9908223.618652718
H2O_atmosphere_1_M_earth_1_F_earth.csv,H2O,1_M,1_F,8.394684270954495e+23,3.592786683865298e+23,0.4444444444444445,9984443.718704285
H2O_atmosphere_1_M_earth_1_F_earth.csv,H2O,1_M,1_F,8.394684270954495e+23,3.702238667956641e+23,0.4545454545454546,10059517.543001065
H2O_atmosphere_1_M_earth_1_F_earth.csv,H2O,1_M,1_F,8.394684270954495e+23,3.811970965405391e+23,0.4646464646464647,10133487.240226615
H2O_atmosphere_1_M_earth_1_F_earth.csv,H2O,1_M,1_F,8.394684270954495e+23,3.921921284354346e+23,0.4747474747474748,10206392.53276662
H2O_atmosphere_1_M_earth_1_F_earth.csv,H2O,1_M,1_F,8.394684270954495e+23,4.032027332946304e+23,0.48484848484848486,10278270.904706847
H2O_atmosphere_1_M_earth_1_F_earth.csv,H2O,1_M,1_F,8.394684270954495e+23,4.142226819324067e+23,0.494949494949495,10349157.77167442
H2O_atmosphere_1_M_earth_1_F_earth.csv,H2O,1_M,1_F,8.394684270954495e+23,4.252457451630429e+23,0.5050505050505051,10419086.634608667
H2O_atmosphere_1_M_earth_1_F_earth.csv,H2O,1_M,1_F,8.394684270954495e+23,4.362656938008191e+23,0.5151515151515152,10488089.219271336
H2O_atmosphere_1_M_earth_1_F_earth.csv,H2O,1_M,1_F,8.394684270954495e+23,4.472762986600151e+23,0.5252525252525253,10556195.603070894
H2O_atmosphere_1_M_earth_1_F_earth.csv,H2O,1_M,1_F,8.394684270954495e+23,4.5827133055491056e+23,0.5353535353535354,10623434.330574935
H2O_atmosphere_1_M_earth_1_F_earth.csv,H2O,1_M,1_F,8.394684270954495e+23,4.6924456029978555e+23,0.5454545454545455,10689832.518912887
H2O_atmosphere_1_M_earth_1_F_earth.csv,H2O,1_M,1_F,8.394684270954495e+23,4.801897587089197e+23,0.5555555555555556,10755415.954123728
H2O_atmosphere_1_M_earth_1_F_earth.csv,H2O,1_M,1_F,8.394684270954495e+23,4.911006965965932e+23,0.5656565656565657,10820209.179376235
H2O_atmosphere_1_M_earth_1_F_earth.csv,H2O,1_M,1_F,8.394684270954495e+23,5.019711447770853e+23,0.5757575757575758,10884235.575879537
H2O_atmosphere_1_M_earth_1_F_earth.csv,H2O,1_M,1_F,8.394684270954495e+23,5.127948740646765e+23,0.5858585858585859,10947517.437206594
H2O_atmosphere_1_M_earth_1_F_earth.csv,H2O,1_M,1_F,8.394684270954495e+23,5.2356565527364605e+23,0.595959595959596,11010076.037670683
H2O_atmosphere_1_M_earth_1_F_earth.csv,H2O,1_M,1_F,8.394684270954495e+23,5.3427725921827423e+23,0.6060606060606061,11071931.695322912
H2O_atmosphere_1_M_earth_1_F_earth.csv,H2O,1_M,1_F,8.394684270954495e+23,5.449234567128408e+23,0.6161616161616162,11133103.830076165
H2O_atmosphere_1_M_earth_1_F_earth.csv,H2O,1_M,1_F,8.394684270954495e+23,5.554980185716252e+23,0.6262626262626263,11193611.017405763
H2O_atmosphere_1_M_earth_1_F_earth.csv,H2O,1_M,1_F,8.394684270954495e+23,5.6599471560890805e+23,0.6363636363636365,11253471.038029114
H2O_atmosphere_1_M_earth_1_F_earth.csv,H2O,1_M,1_F,8.394684270954495e+23,5.764073186389683e+23,0.6464646464646465,11312700.923924122
H2O_atmosphere_1_M_earth_1_F_earth.csv,H2O,1_M,1_F,8.394684270954495e+23,5.867295984760865e+23,0.6565656565656566,11371317.00100899
H2O_atmosphere_1_M_earth_1_F_earth.csv,H2O,1_M,1_F,8.394684270954495e+23,5.9695532593454196e+23,0.6666666666666667,11429334.928772947
H2O_atmosphere_1_M_earth_1_F_earth.csv,H2O,1_M,1_F,8.394684270954495e+23,6.070782718286148e+23,0.6767676767676768,11486769.737118525
H2O_atmosphere_1_M_earth_1_F_earth.csv,H2O,1_M,1_F,8.394684270954495e+23,6.170922069725849e+23,0.686868686868687,11543635.860649997
H2O_atmosphere_1_M_earth_1_F_earth.csv,H2O,1_M,1_F,8.394684270954495e+23,6.269909021807319e+23,0.696969696969697,11599947.170619862
H2O_atmosphere_1_M_earth_1_F_earth.csv,H2O,1_M,1_F,8.394684270954495e+23,6.367681282673357e+23,0.7070707070707072,11655717.004724791
H2O_atmosphere_1_M_earth_1_F_earth.csv,H2O,1_M,1_F,8.394684270954495e+23,6.464176560466764e+23,0.7171717171717172,11710958.194924328
H2O_atmosphere_1_M_earth_1_F_earth.csv,H2O,1_M,1_F,8.394684270954495e+23,6.559332563330334e+23,0.7272727272727273,11765683.093439447
H2O_atmosphere_1_M_earth_1_F_earth.csv,H2O,1_M,1_F,8.394684270954495e+23,6.653086999406869e+23,0.7373737373737375,11819903.597073566
H2O_atmosphere_1_M_earth_1_F_earth.csv,H2O,1_M,1_F,8.394684270954495e+23,6.745377576839166e+23,0.7474747474747475,11873631.169985674
H2O_atmosphere_1_M_earth_1_F_earth.csv,H2O,1_M,1_F,8.394684270954495e+23,6.836142003770025e+23,0.7575757575757577,11926876.865033604
H2O_atmosphere_1_M_earth_1_F_earth.csv,H2O,1_M,1_F,8.394684270954495e+23,6.92531798834224e+23,0.7676767676767677,11979651.34379498
H2O_atmosphere_1_M_earth_1_F_earth.csv,H2O,1_M,1_F,8.394684270954495e+23,7.012843238698611e+23,0.7777777777777778,12031964.89536405
H2O_atmosphere_1_M_earth_1_F_earth.csv,H2O,1_M,1_F,8.394684270954495e+23,7.09865546298194e+23,0.787878787878788,12083827.454014111
H2O_atmosphere_1_M_earth_1_F_earth.csv,H2O,1_M,1_F,8.394684270954495e+23,7.182692369335022e+23,0.797979797979798,12135248.615807587
H2O_atmosphere_1_M_earth_1_F_earth.csv,H2O,1_M,1_F,8.394684270954495e+23,7.264891665900658e+23,0.8080808080808082,12186237.654228937
H2O_atmosphere_1_M_earth_1_F_earth.csv,H2O,1_M,1_F,8.394684270954495e+23,7.345191060821643e+23,0.8181818181818182,12236803.53490934
H2O_atmosphere_1_M_earth_1_F_earth.csv,H2O,1_M,1_F,8.394684270954495e+23,7.423528262240779e+23,0.8282828282828284,12286954.929506455
H2O_atmosphere_1_M_earth_1_F_earth.csv,H2O,1_M,1_F,8.394684270954495e+23,7.499840978300856e+23,0.8383838383838385,12336700.228797365
H2O_atmosphere_1_M_earth_1_F_earth.csv,H2O,1_M,1_F,8.394684270954495e+23,7.574066917144686e+23,0.8484848484848485,12386047.555038275
H2O_atmosphere_1_M_earth_1_F_earth.csv,H2O,1_M,1_F,8.394684270954495e+23,7.646143786915056e+23,0.8585858585858587,12435004.773640208
H2O_atmosphere_1_M_earth_1_F_earth.csv,H2O,1_M,1_F,8.394684270954495e+23,7.716009295754773e+23,0.8686868686868687,12483579.504206112
H2O_atmosphere_1_M_earth_1_F_earth.csv,H2O,1_M,1_F,8.394684270954495e+23,7.783601151806628e+23,0.8787878787878789,12531779.13097134
H2O_atmosphere_1_M_earth_1_F_earth.csv,H2O,1_M,1_F,8.394684270954495e+23,7.84885706321342e+23,0.888888888888889,12579610.812686173
H2O_atmosphere_1_M_earth_1_F_earth.csv,H2O,1_M,1_F,8.394684270954495e+23,7.911714738117955e+23,0.8989898989898991,12627081.491976224
H2O_atmosphere_1_M_earth_1_F_earth.csv,H2O,1_M,1_F,8.394684270954495e+23,7.972111884663023e+23,0.9090909090909092,12674197.904213795
H2O_atmosphere_1_M_earth_1_F_earth.csv,H2O,1_M,1_F,8.394684270954495e+23,8.029986210991425e+23,0.9191919191919192,12720966.585930945
H2O_atmosphere_1_M_earth_1_F_earth.csv,H2O,1_M,1_F,8.394684270954495e+23,8.085275425245961e+23,0.9292929292929294,12767393.882802617
H2O_atmosphere_1_M_earth_1_F_earth.csv,H2O,1_M,1_F,8.394684270954495e+23,8.137917235569428e+23,0.9393939393939394,12813485.957226269
H2O_atmosphere_1_M_earth_1_F_earth.csv,H2O,1_M,1_F,8.394684270954495e+23,8.187849350104627e+23,0.9494949494949496,12859248.795522513
H2O_atmosphere_1_M_earth_1_F_earth.csv,H2O,1_M,1_F,8.394684270954495e+23,8.235009476994352e+23,0.9595959595959597,12904688.214779487
H2O_atmosphere_1_M_earth_1_F_earth.csv,H2O,1_M,1_F,8.394684270954495e+23,8.279335324381402e+23,0.9696969696969697,12949809.86936218
H2O_atmosphere_1_M_earth_1_F_earth.csv,H2O,1_M,1_F,8.394684270954495e+23,8.320764600408575e+23,0.9797979797979799,12994619.257106392
H2O_atmosphere_1_M_earth_1_F_earth.csv,H2O,1_M,1_F,8.394684270954495e+23,8.359235013218674e+23,0.98989898989899,13039121.725215722
H2O_atmosphere_1_M_earth_1000_F_earth.csv,H2O,1_M,1000_F,1.2797595773563293e+21,0.0,0.0,0.0
H2O_atmosphere_1_M_earth_1000_F_earth.csv,H2O,1_M,1000_F,1.2797595773563293e+21,5.404196945745409e+18,0.010101010101010102,2828175.504751356
H2O_atmosphere_1_M_earth_1000_F_earth.csv,H2O,1_M,1000_F,1.2797595773563293e+21,1.1268965369368078e+19,0.020202020202020204,3563277.851233291
H2O_atmosphere_1_M_earth_1000_F_earth.csv,H2O,1_M,1000_F,1.2797595773563293e+21,1.7584808951736525e+19,0.030303030303030304,4078934.9064815803
H2O_atmosphere_1_M_earth_1000_F_earth.csv,H2O,1_M,1000_F,1.2797595773563293e+21,2.4342231373719253e+19,0.04040404040404041,4489448.7713929955
H2O_atmosphere_1_M_earth_1000_F_earth.csv,H2O,1_M,1000_F,1.2797595773563293e+21,3.1531736316184777e+19,0.05050505050505051,4836112.086105045
H2O_atmosphere_1_M_earth_1000_F_earth.csv,H2O,1_M,1000_F,1.2797595773563293e+21,3.9143827460001595e+19,0.06060606060606061,5139135.949827119
H2O_atmosphere_1_M_earth_1000_F_earth.csv,H2O,1_M,1000_F,1.2797595773563293e+21,4.716900848603824e+19,0.07070707070707072,5410105.11339191
H2O_atmosphere_1_M_earth_1000_F_earth.csv,H2O,1_M,1000_F,1.2797595773563293e+21,5.559778307516319e+19,0.08080808080808081,5656351.009502712
H2O_atmosphere_1_M_earth_1000_F_earth.csv,H2O,1_M,1000_F,1.2797595773563293e+21,6.442065490824498e+19,0.09090909090909091,5882842.116184948
H2O_atmosphere_1_M_earth_1000_F_earth.csv,H2O,1_M,1000_F,1.2797595773563293e+21,7.362812766615214e+19,0.10101010101010102,6093119.416934754
H2O_atmosphere_1_M_earth_1000_F_earth.csv,H2O,1_M,1000_F,1.2797595773563293e+21,8.321070502975311e+19,0.11111111111111112,6289806.01520284
H2O_atmosphere_1_M_earth_1000_F_earth.csv,H2O,1_M,1000_F,1.2797595773563293e+21,9.315889067991648e+19,0.12121212121212122,6474905.56145867
H2O_atmosphere_1_M_earth_1000_F_earth.csv,H2O,1_M,1000_F,1.2797595773563293e+21,1.034631882975107e+20,0.13131313131313133,6649987.167284025
H2O_atmosphere_1_M_earth_1000_F_earth.csv,H2O,1_M,1000_F,1.2797595773563293e+21,1.1411410156340432e+20,0.14141414141414144,6816305.314506357
H2O_atmosphere_1_M_earth_1000_F_earth.csv,H2O,1_M,1000_F,1.2797595773563293e+21,1.2510213415846578e+20,0.15151515151515152,6974880.578143465
H2O_atmosphere_1_M_earth_1000_F_earth.csv,H2O,1_M,1000_F,1.2797595773563293e+21,1.3641778976356372e+20,0.16161616161616163,7126555.702466582
H2O_atmosphere_1_M_earth_1000_F_earth.csv,H2O,1_M,1000_F,1.2797595773563293e+21,1.4805157205956654e+20,0.17171717171717174,7272035.6105177235
H2O_atmosphere_1_M_earth_1000_F_earth.csv,H2O,1_M,1000_F,1.2797595773563293e+21,1.5999398472734274e+20,0.18181818181818182,7411916.6153895175
H2O_atmosphere_1_M_earth_1000_F_earth.csv,H2O,1_M,1000_F,1.2797595773563293e+21,1.7223553144776095e+20,0.19191919191919193,7546708.179753536
H2O_atmosphere_1_M_earth_1000_F_earth.csv,H2O,1_M,1000_F,1.2797595773563293e+21,1.847667159016896e+20,0.20202020202020204,7676849.412919272
H2O_atmosphere_1_M_earth_1000_F_earth.csv,H2O,1_M,1000_F,1.2797595773563293e+21,1.9757804176999714e+20,0.21212121212121213,7802721.775107394
H2O_atmosphere_1_M_earth_1000_F_earth.csv,H2O,1_M,1000_F,1.2797595773563293e+21,2.106600127335522e+20,0.22222222222222224,7924658.99830945
H2O_atmosphere_1_M_earth_1000_F_earth.csv,H2O,1_M,1000_F,1.2797595773563293e+21,2.240031324732232e+20,0.23232323232323235,8042954.931187415
H2O_atmosphere_1_M_earth_1000_F_earth.csv,H2O,1_M,1000_F,1.2797595773563293e+21,2.375979046698787e+20,0.24242424242424243,8157869.812963161
H2O_atmosphere_1_M_earth_1000_F_earth.csv,H2O,1_M,1000_F,1.2797595773563293e+21,2.514348330043872e+20,0.25252525252525254,8269635.342672089
H2O_atmosphere_1_M_earth_1000_F_earth.csv,H2O,1_M,1000_F,1.2797595773563293e+21,2.6550442115761717e+20,0.26262626262626265,8378458.813591922
H2O_atmosphere_1_M_earth_1000_F_earth.csv,H2O,1_M,1000_F,1.2797595773563293e+21,2.7979717281043717e+20,0.27272727272727276,8484526.514254067
H2O_atmosphere_1_M_earth_1000_F_earth.csv,H2O,1_M,1000_F,1.2797595773563293e+21,2.9430359164371576e+20,0.2828282828282829,8588006.548256852
H2O_atmosphere_1_M_earth_1000_F_earth.csv,H2O,1_M,1000_F,1.2797595773563293e+21,3.0901418133832126e+20,0.29292929292929293,8689051.189240154
H2O_atmosphere_1_M_earth_1000_F_earth.csv,H2O,1_M,1000_F,1.2797595773563293e+21,3.2391944557512235e+20,0.30303030303030304,8787798.860905875
H2O_atmosphere_1_M_earth_1000_F_earth.csv,H2O,1_M,1000_F,1.2797595773563293e+21,3.390098880349875e+20,0.31313131313131315,8884375.81219317
H2O_atmosphere_1_M_earth_1000_F_earth.csv,H2O,1_M,1000_F,1.2797595773563293e+21,3.542760123987853e+20,0.32323232323232326,8978897.542785991
H2O_atmosphere_1_M_earth_1000_F_earth.csv,H2O,1_M,1000_F,1.2797595773563293e+21,3.6970832234738405e+20,0.33333333333333337,9071470.022743247
H2O_atmosphere_1_M_earth_1000_F_earth.csv,H2O,1_M,1000_F,1.2797595773563293e+21,3.8529732156165246e+20,0.3434343434343435,9162190.741276395
H2O_atmosphere_1_M_earth_1000_F_earth.csv,H2O,1_M,1000_F,1.2797595773563293e+21,4.01033513722459e+20,0.3535353535353536,9251149.61289277
H2O_atmosphere_1_M_earth_1000_F_earth.csv,H2O,1_M,1000_F,1.2797595773563293e+21,4.16907402510672e+20,0.36363636363636365,9338429.763794815
H2O_atmosphere_1_M_earth_1000_F_earth.csv,H2O,1_M,1000_F,1.2797595773563293e+21,4.329094916071602e+20,0.37373737373737376,9424108.21722229
H2O_atmosphere_1_M_earth_1000_F_earth.csv,H2O,1_M,1000_F,1.2797595773563293e+21,4.4903028469279215e+20,0.38383838383838387,9508256.493085302
H2O_atmosphere_1_M_earth_1000_F_earth.csv,H2O,1_M,1000_F,1.2797595773563293e+21,4.65260285448436e+20,0.393939393939394,9590941.134565163
H2O_atmosphere_1_M_earth_1000_F_earth.csv,H2O,1_M,1000_F,1.2797595773563293e+21,4.815899975549607e+20,0.4040404040404041,9672224.17221009
H2O_atmosphere_1_M_earth_1000_F_earth.csv,H2O,1_M,1000_F,1.2797595773563293e+21,4.980099246932344e+20,0.4141414141414142,9752163.534311755
H2O_atmosphere_1_M_earth_1000_F_earth.csv,H2O,1_M,1000_F,1.2797595773563293e+21,5.145105705441258e+20,0.42424242424242425,9830813.410930896
H2O_atmosphere_1_M_earth_1000_F_earth.csv,H2O,1_M,1000_F,1.2797595773563293e+21,5.3108243878850344e+20,0.43434343434343436,9908224.577779144
H2O_atmosphere_1_M_earth_1000_F_earth.csv,H2O,1_M,1000_F,1.2797595773563293e+21,5.4771603310723564e+20,0.4444444444444445,9984444.685208896
H2O_atmosphere_1_M_earth_1000_F_earth.csv,H2O,1_M,1000_F,1.2797595773563293e+21,5.644018571811912e+20,0.4545454545454546,10059518.5167729
H2O_atmosphere_1_M_earth_1000_F_earth.csv,H2O,1_M,1000_F,1.2797595773563293e+21,5.811304146912384e+20,0.4646464646464647,10133488.221158795
H2O_atmosphere_1_M_earth_1000_F_earth.csv,H2O,1_M,1000_F,1.2797595773563293e+21,5.978922093182457e+20,0.4747474747474748,10206393.520756109
H2O_atmosphere_1_M_earth_1000_F_earth.csv,H2O,1_M,1000_F,1.2797595773563293e+21,6.146777447430817e+20,0.48484848484848486,10278271.899654238
H2O_atmosphere_1_M_earth_1000_F_earth.csv,H2O,1_M,1000_F,1.2797595773563293e+21,6.314775246466152e+20,0.494949494949495,10349158.773483735
H2O_atmosphere_1_M_earth_1000_F_earth.csv,H2O,1_M,1000_F,1.2797595773563293e+21,6.482820527097144e+20,0.5050505050505051,10419087.643187167
H2O_atmosphere_1_M_earth_1000_F_earth.csv,H2O,1_M,1000_F,1.2797595773563293e+21,6.650818326132477e+20,0.5151515151515152,10488090.23452936
H2O_atmosphere_1_M_earth_1000_F_earth.csv,H2O,1_M,1000_F,1.2797595773563293e+21,6.818673680380839e+20,0.5252525252525253,10556196.624921687
H2O_atmosphere_1_M_earth_1000_F_earth.csv,H2O,1_M,1000_F,1.2797595773563293e+21,6.986291626650911e+20,0.5353535353535354,10623435.358934507
H2O_atmosphere_1_M_earth_1000_F_earth.csv,H2O,1_M,1000_F,1.2797595773563293e+21,7.153577201751384e+20,0.5454545454545455,10689833.553699872
H2O_atmosphere_1_M_earth_1000_F_earth.csv,H2O,1_M,1000_F,1.2797595773563293e+21,7.320435442490938e+20,0.5555555555555556,10755416.995259259
H2O_atmosphere_1_M_earth_1000_F_earth.csv,H2O,1_M,1000_F,1.2797595773563293e+21,7.486771385678262e+20,0.5656565656565657,10820210.22678382
H2O_atmosphere_1_M_earth_1000_F_earth.csv,H2O,1_M,1000_F,1.2797595773563293e+21,7.652490068122036e+20,0.5757575757575758,10884236.62948494
H2O_atmosphere_1_M_earth_1000_F_earth.csv,H2O,1_M,1000_F,1.2797595773563293e+21,7.817496526630951e+20,0.5858585858585859,10947518.496937752
H2O_atmosphere_1_M_earth_1000_F_earth.csv,H2O,1_M,1000_F,1.2797595773563293e+21,7.981695798013687e+20,0.595959595959596,11010077.103457578
H2O_atmosphere_1_M_earth_1000_F_earth.csv,H2O,1_M,1000_F,1.2797595773563293e+21,8.144992919078934e+20,0.6060606060606061,11071932.7670975
H2O_atmosphere_1_M_earth_1000_F_earth.csv,H2O,1_M,1000_F,1.2797595773563293e+21,8.307292926635374e+20,0.6161616161616162,11133104.907772278
H2O_atmosphere_1_M_earth_1000_F_earth.csv,H2O,1_M,1000_F,1.2797595773563293e+21,8.46850085749169e+20,0.6262626262626263,11193612.100959036
H2O_atmosphere_1_M_earth_1000_F_earth.csv,H2O,1_M,1000_F,1.2797595773563293e+21,8.628521748456576e+20,0.6363636363636365,11253472.127376897
H2O_atmosphere_1_M_earth_1000_F_earth.csv,H2O,1_M,1000_F,1.2797595773563293e+21,8.787260636338705e+20,0.6464646464646465,11312702.019005422
H2O_atmosphere_1_M_earth_1000_F_earth.csv,H2O,1_M,1000_F,1.2797595773563293e+21,8.944622557946771e+20,0.6565656565656566,11371318.101764387
H2O_atmosphere_1_M_earth_1000_F_earth.csv,H2O,1_M,1000_F,1.2797595773563293e+21,9.100512550089455e+20,0.6666666666666667,11429336.035144541
H2O_atmosphere_1_M_earth_1000_F_earth.csv,H2O,1_M,1000_F,1.2797595773563293e+21,9.254835649575442e+20,0.6767676767676768,11486770.84904987
H2O_atmosphere_1_M_earth_1000_F_earth.csv,H2O,1_M,1000_F,1.2797595773563293e+21,9.40749689321342e+20,0.686868686868687,11543636.978086043
H2O_atmosphere_1_M_earth_1000_F_earth.csv,H2O,1_M,1000_F,1.2797595773563293e+21,9.558401317812071e+20,0.696969696969697,11599948.293506898
H2O_atmosphere_1_M_earth_1000_F_earth.csv,H2O,1_M,1000_F,1.2797595773563293e+21,9.707453960180082e+20,0.7070707070707072,11655718.133010408
H2O_atmosphere_1_M_earth_1000_F_earth.csv,H2O,1_M,1000_F,1.2797595773563293e+21,9.854559857126138e+20,0.7171717171717172,11710959.32855735
H2O_atmosphere_1_M_earth_1000_F_earth.csv,H2O,1_M,1000_F,1.2797595773563293e+21,9.99962404545892e+20,0.7272727272727273,11765684.232369896
H2O_atmosphere_1_M_earth_1000_F_earth.csv,H2O,1_M,1000_F,1.2797595773563293e+21,1.0142551561987123e+21,0.7373737373737375,11819904.741252616
H2O_atmosphere_1_M_earth_1000_F_earth.csv,H2O,1_M,1000_F,1.2797595773563293e+21,1.0283247443519423e+21,0.7474747474747475,11873632.31936561
H2O_atmosphere_1_M_earth_1000_F_earth.csv,H2O,1_M,1000_F,1.2797595773563293e+21,1.042161672686451e+21,0.7575757575757577,11926878.01956778
H2O_atmosphere_1_M_earth_1000_F_earth.csv,H2O,1_M,1000_F,1.2797595773563293e+21,1.0557564448831064e+21,0.7676767676767677,11979652.503437778
H2O_atmosphere_1_M_earth_1000_F_earth.csv,H2O,1_M,1000_F,1.2797595773563293e+21,1.0690995646227773e+21,0.7777777777777778,12031966.060070856
H2O_atmosphere_1_M_earth_1000_F_earth.csv,H2O,1_M,1000_F,1.2797595773563293e+21,1.0821815355863323e+21,0.787878787878788,12083828.623741267
H2O_atmosphere_1_M_earth_1000_F_earth.csv,H2O,1_M,1000_F,1.2797595773563293e+21,1.0949928614546397e+21,0.797979797979798,12135249.790512366
H2O_atmosphere_1_M_earth_1000_F_earth.csv,H2O,1_M,1000_F,1.2797595773563293e+21,1.1075240459085686e+21,0.8080808080808082,12186238.833869508
H2O_atmosphere_1_M_earth_1000_F_earth.csv,H2O,1_M,1000_F,1.2797595773563293e+21,1.1197655926289868e+21,0.8181818181818182,12236804.71944474
H2O_atmosphere_1_M_earth_1000_F_earth.csv,H2O,1_M,1000_F,1.2797595773563293e+21,1.1317080052967632e+21,0.8282828282828284,12286956.118896564
H2O_atmosphere_1_M_earth_1000_F_earth.csv,H2O,1_M,1000_F,1.2797595773563293e+21,1.1433417875927653e+21,0.8383838383838385,12336701.42300287
H2O_atmosphere_1_M_earth_1000_F_earth.csv,H2O,1_M,1000_F,1.2797595773563293e+21,1.1546574431978637e+21,0.8484848484848485,12386048.754020654
H2O_atmosphere_1_M_earth_1000_F_earth.csv,H2O,1_M,1000_F,1.2797595773563293e+21,1.1656454757929251e+21,0.8585858585858587,12435005.977361696
H2O_atmosphere_1_M_earth_1000_F_earth.csv,H2O,1_M,1000_F,1.2797595773563293e+21,1.1762963890588187e+21,0.8686868686868687,12483580.712629685
H2O_atmosphere_1_M_earth_1000_F_earth.csv,H2O,1_M,1000_F,1.2797595773563293e+21,1.186600686676413e+21,0.8787878787878789,12531780.344060687
H2O_atmosphere_1_M_earth_1000_F_earth.csv,H2O,1_M,1000_F,1.2797595773563293e+21,1.196548872326576e+21,0.888888888888889,12579612.030405678
H2O_atmosphere_1_M_earth_1000_F_earth.csv,H2O,1_M,1000_F,1.2797595773563293e+21,1.2061314496901774e+21,0.8989898989898991,12627082.71429094
H2O_atmosphere_1_M_earth_1000_F_earth.csv,H2O,1_M,1000_F,1.2797595773563293e+21,1.2153389224480845e+21,0.9090909090909092,12674199.13108943
H2O_atmosphere_1_M_earth_1000_F_earth.csv,H2O,1_M,1000_F,1.2797595773563293e+21,1.224161794281166e+21,0.9191919191919192,12720967.817333838
H2O_atmosphere_1_M_earth_1000_F_earth.csv,H2O,1_M,1000_F,1.2797595773563293e+21,1.2325905688702912e+21,0.9292929292929294,12767395.118699718
H2O_atmosphere_1_M_earth_1000_F_earth.csv,H2O,1_M,1000_F,1.2797595773563293e+21,1.240615749896328e+21,0.9393939393939394,12813487.197585132
H2O_atmosphere_1_M_earth_1000_F_earth.csv,H2O,1_M,1000_F,1.2797595773563293e+21,1.2482278410401452e+21,0.9494949494949496,12859250.040311268
H2O_atmosphere_1_M_earth_1000_F_earth.csv,H2O,1_M,1000_F,1.2797595773563293e+21,1.2554173459826105e+21,0.9595959595959597,12904689.463966826
H2O_atmosphere_1_M_earth_1000_F_earth.csv,H2O,1_M,1000_F,1.2797595773563293e+21,1.262174768404593e+21,0.9696969696969697,12949811.12291734
H2O_atmosphere_1_M_earth_1000_F_earth.csv,H2O,1_M,1000_F,1.2797595773563293e+21,1.2684906119869613e+21,0.9797979797979799,12994620.514999148
H2O_atmosphere_1_M_earth_1000_F_earth.csv,H2O,1_M,1000_F,1.2797595773563293e+21,1.274355380410584e+21,0.98989898989899,13039122.987416364
H2O_atmosphere_10_M_earth_1_F_earth.csv,H2O,10_M,1_F,1.5379066945500252e+26,0.0,0.0,0.0
H2O_atmosphere_10_M_earth_1_F_earth.csv,H2O,10_M,1_F,1.5379066945500252e+26,6.494306281104355e+23,0.010101010101010102,6093119.416934754
H2O_atmosphere_10_M_earth_1_F_earth.csv,H2O,10_M,1_F,1.5379066945500252e+26,1.3542088364757065e+24,0.020202020202020204,7676849.412919272
H2O_atmosphere_10_M_earth_1_F_earth.csv,H2O,10_M,1_F,1.5379066945500252e+26,2.1131934378740645e+24,0.030303030303030304,8787798.860905875
H2O_atmosphere_10_M_earth_1_F_earth.csv,H2O,10_M,1_F,1.5379066945500252e+26,2.9252432450837594e+24,0.04040404040404041,9672224.17221009
H2O_atmosphere_10_M_earth_1_F_earth.csv,H2O,10_M,1_F,1.5379066945500252e+26,3.789217070883043e+24,0.05050505050505051,10419087.643187169
H2O_atmosphere_10_M_earth_1_F_earth.csv,H2O,10_M,1_F,1.5379066945500252e+26,4.7039737280501656e+24,0.06060606060606061,11071932.7670975
H2O_atmosphere_10_M_earth_1_F_earth.csv,H2O,10_M,1_F,1.5379066945500252e+26,5.668372029363378e+24,0.07070707070707072,11655718.133010408
H2O_atmosphere_10_M_earth_1_F_earth.csv,H2O,10_M,1_F,1.5379066945500252e+26,6.681270787600931e+24,0.08080808080808081,12186238.833869506
H2O_atmosphere_10_M_earth_1_F_earth.csv,H2O,10_M,1_F,1.5379066945500252e+26,7.741528815541074e+24,0.09090909090909091,12674199.13108943
H2O_atmosphere_10_M_earth_1_F_earth.csv,H2O,10_M,1_F,1.5379066945500252e+26,8.848004925962063e+24,0.10101010101010102,13127227.842351077
H2O_atmosphere_10_M_earth_1_F_earth.csv,H2O,10_M,1_F,1.5379066945500252e+26,9.999557931642141e+24,0.11111111111111112,13550976.272724207
H2O_atmosphere_10_M_earth_1_F_earth.csv,H2O,10_M,1_F,1.5379066945500252e+26,1.1195046645359565e+25,0.12121212121212122,13949761.15628693
H2O_atmosphere_10_M_earth_1_F_earth.csv,H2O,10_M,1_F,1.5379066945500252e+26,1.2433329879892584e+25,0.13131313131313133,14326963.041463561
H2O_atmosphere_10_M_earth_1_F_earth.csv,H2O,10_M,1_F,1.5379066945500252e+26,1.3713266448019448e+25,0.14141414141414144,14685284.627421184
H2O_atmosphere_10_M_earth_1_F_earth.csv,H2O,10_M,1_F,1.5379066945500252e+26,1.5033715162518403e+25,0.15151515151515152,15026924.676381921
H2O_atmosphere_10_M_earth_1_F_earth.csv,H2O,10_M,1_F,1.5379066945500252e+26,1.6393534836167714e+25,0.16161616161616163,15353698.825838543
H2O_atmosphere_10_M_earth_1_F_earth.csv,H2O,10_M,1_F,1.5379066945500252e+26,1.7791584281745618e+25,0.17171717171717174,15667125.786446571
H2O_atmosphere_10_M_earth_1_F_earth.csv,H2O,10_M,1_F,1.5379066945500252e+26,1.9226722312030368e+25,0.18181818181818182,15968490.275818883
H2O_atmosphere_10_M_earth_1_F_earth.csv,H2O,10_M,1_F,1.5379066945500252e+26,2.069780773980022e+25,0.19191919191919193,16258889.89800839
H2O_atmosphere_10_M_earth_1_F_earth.csv,H2O,10_M,1_F,1.5379066945500252e+26,2.220369937783343e+25,0.20202020202020204,16539270.68534418
H2O_atmosphere_10_M_earth_1_F_earth.csv,H2O,10_M,1_F,1.5379066945500252e+26,2.374325603890823e+25,0.21212121212121213,16810454.468958527
H2O_atmosphere_10_M_earth_1_F_earth.csv,H2O,10_M,1_F,1.5379066945500252e+26,2.531533653580289e+25,0.22222222222222224,17073160.2526312
H2O_atmosphere_10_M_earth_1_F_earth.csv,H2O,10_M,1_F,1.5379066945500252e+26,2.6918799681295646e+25,0.23232323232323235,17328021.114113167
H2O_atmosphere_10_M_earth_1_F_earth.csv,H2O,10_M,1_F,1.5379066945500252e+26,2.855250428816476e+25,0.24242424242424243,17575597.72181175
H2O_atmosphere_10_M_earth_1_F_earth.csv,H2O,10_M,1_F,1.5379066945500252e+26,3.021530916918848e+25,0.25252525252525254,17816389.256166454
H2O_atmosphere_10_M_earth_1_F_earth.csv,H2O,10_M,1_F,1.5379066945500252e+26,3.190607313714505e+25,0.26262626262626265,18050842.317005817
H2O_atmosphere_10_M_earth_1_F_earth.csv,H2O,10_M,1_F,1.5379066945500252e+26,3.3623655004812726e+25,0.27272727272727276,18279358.25080426
H2O_atmosphere_10_M_earth_1_F_earth.csv,H2O,10_M,1_F,1.5379066945500252e+26,3.536691358496977e+25,0.2828282828282829,18502299.22578554
H2O_atmosphere_10_M_earth_1_F_earth.csv,H2O,10_M,1_F,1.5379066945500252e+26,3.71347076903944e+25,0.29292929292929293,18719993.30556178
H2O_atmosphere_10_M_earth_1_F_earth.csv,H2O,10_M,1_F,1.5379066945500252e+26,3.89258961338649e+25,0.30303030303030304,18932738.714958288
H2O_atmosphere_10_M_earth_1_F_earth.csv,H2O,10_M,1_F,1.5379066945500252e+26,4.073933772815951e+25,0.31313131313131315,19140807.449069157
H2O_atmosphere_10_M_earth_1_F_earth.csv,H2O,10_M,1_F,1.5379066945500252e+26,4.257389128605649e+25,0.32323232323232326,19344448.34442018
H2O_atmosphere_10_M_earth_1_F_earth.csv,H2O,10_M,1_F,1.5379066945500252e+26,4.4428415620334066e+25,0.33333333333333337,19543889.706582375
H2O_atmosphere_10_M_earth_1_F_earth.csv,H2O,10_M,1_F,1.5379066945500252e+26,4.63017695437705e+25,0.3434343434343435,19739341.569694806
H2O_atmosphere_10_M_earth_1_F_earth.csv,H2O,10_M,1_F,1.5379066945500252e+26,4.819281186914407e+25,0.3535353535353536,19930997.648691215
H2O_atmosphere_10_M_earth_1_F_earth.csv,H2O,10_M,1_F,1.5379066945500252e+26,5.010040140923298e+25,0.36363636363636365,20119037.0335458
H2O_atmosphere_10_M_earth_1_F_earth.csv,H2O,10_M,1_F,1.5379066945500252e+26,5.2023396976815525e+25,0.37373737373737376,20303625.665798232
H2O_atmosphere_10_M_earth_1_F_earth.csv,H2O,10_M,1_F,1.5379066945500252e+26,5.3960657384669925e+25,0.38383838383838387,20484917.630423877
H2O_atmosphere_10_M_earth_1_F_earth.csv,H2O,10_M,1_F,1.5379066945500252e+26,5.591104144557443e+25,0.393939393939394,20663056.290360942
H2O_atmosphere_10_M_earth_1_F_earth.csv,H2O,10_M,1_F,1.5379066945500252e+26,5.7873407972307314e+25,0.4040404040404041,20838175.286374338
H2O_atmosphere_10_M_earth_1_F_earth.csv,H2O,10_M,1_F,1.5379066945500252e+26,5.984661577764681e+25,0.4141414141414142,21010399.421185184
H2O_atmosphere_10_M_earth_1_F_earth.csv,H2O,10_M,1_F,1.5379066945500252e+26,6.182952367437117e+25,0.42424242424242425,21179845.44374019
H2O_atmosphere_10_M_earth_1_F_earth.csv,H2O,10_M,1_F,1.5379066945500252e+26,6.382099047525866e+25,0.43434343434343436,21346622.746993903
H2O_atmosphere_10_M_earth_1_F_earth.csv,H2O,10_M,1_F,1.5379066945500252e+26,6.581987499308751e+25,0.4444444444444445,21510833.990518518
H2O_atmosphere_10_M_earth_1_F_earth.csv,H2O,10_M,1_F,1.5379066945500252e+26,6.782503604063599e+25,0.4545454545454546,21672575.657553617
H2O_atmosphere_10_M_earth_1_F_earth.csv,H2O,10_M,1_F,1.5379066945500252e+26,6.983533243068234e+25,0.4646464646464647,21831938.554693993
H2O_atmosphere_10_M_earth_1_F_earth.csv,H2O,10_M,1_F,1.5379066945500252e+26,7.184962297600479e+25,0.4747474747474748,21989008.261233613
H2O_atmosphere_10_M_earth_1_F_earth.csv,H2O,10_M,1_F,1.5379066945500252e+26,7.386676648938163e+25,0.48484848484848486,22143865.534195
H2O_atmosphere_10_M_earth_1_F_earth.csv,H2O,10_M,1_F,1.5379066945500252e+26,7.588562178359111e+25,0.494949494949495,22296586.67424118
H2O_atmosphere_10_M_earth_1_F_earth.csv,H2O,10_M,1_F,1.5379066945500252e+26,7.790504767141144e+25,0.5050505050505051,22447243.856964976
H2O_atmosphere_10_M_earth_1_F_earth.csv,H2O,10_M,1_F,1.5379066945500252e+26,7.992390296562091e+25,0.5151515151515152,22595905.43345469
H2O_atmosphere_10_M_earth_1_F_earth.csv,H2O,10_M,1_F,1.5379066945500252e+26,8.194104647899776e+25,0.5252525252525253,22742636.203528773
H2O_atmosphere_10_M_earth_1_F_earth.csv,H2O,10_M,1_F,1.5379066945500252e+26,8.395533702432022e+25,0.5353535353535354,22887497.664599817
H2O_atmosphere_10_M_earth_1_F_earth.csv,H2O,10_M,1_F,1.5379066945500252e+26,8.596563341436658e+25,0.5454545454545455,23030548.238757815
H2O_atmosphere_10_M_earth_1_F_earth.csv,H2O,10_M,1_F,1.5379066945500252e+26,8.797079446191504e+25,0.5555555555555556,23171843.480345033
H2O_atmosphere_10_M_earth_1_F_earth.csv,H2O,10_M,1_F,1.5379066945500252e+26,8.996967897974391e+25,0.5656565656565657,23311436.266020812
H2O_atmosphere_10_M_earth_1_F_earth.csv,H2O,10_M,1_F,1.5379066945500252e+26,9.196114578063136e+25,0.5757575757575758,23449376.969078064
H2O_atmosphere_10_M_earth_1_F_earth.csv,H2O,10_M,1_F,1.5379066945500252e+26,9.394405367735574e+25,0.5858585858585859,23585713.619568396
H2O_atmosphere_10_M_earth_1_F_earth.csv,H2O,10_M,1_F,1.5379066945500252e+26,9.591726148269521e+25,0.595959595959596,23720492.051614765
H2O_atmosphere_10_M_earth_1_F_earth.csv,H2O,10_M,1_F,1.5379066945500252e+26,9.78796280094281e+25,0.6060606060606061,23853756.039135557
H2O_atmosphere_10_M_earth_1_F_earth.csv,H2O,10_M,1_F,1.5379066945500252e+26,9.983001207033263e+25,0.6161616161616162,23985547.42106881
H2O_atmosphere_10_M_earth_1_F_earth.csv,H2O,10_M,1_F,1.5379066945500252e+26,1.01767272478187e+26,0.6262626262626263,24115906.21706682
H2O_atmosphere_10_M_earth_1_F_earth.csv,H2O,10_M,1_F,1.5379066945500252e+26,1.0369026804576957e+26,0.6363636363636365,24244870.73452769
H2O_atmosphere_10_M_earth_1_F_earth.csv,H2O,10_M,1_F,1.5379066945500252e+26,1.0559785758585847e+26,0.6464646464646465,24372477.66773901
H2O_atmosphere_10_M_earth_1_F_earth.csv,H2O,10_M,1_F,1.5379066945500252e+26,1.0748889991123205e+26,0.6565656565656566,24498762.1898287
H2O_atmosphere_10_M_earth_1_F_earth.csv,H2O,10_M,1_F,1.5379066945500252e+26,1.0936225383466849e+26,0.6666666666666667,24623758.03814687
H2O_atmosphere_10_M_earth_1_F_earth.csv,H2O,10_M,1_F,1.5379066945500252e+26,1.1121677816894606e+26,0.6767676767676768,24747497.593640033
H2O_atmosphere_10_M_earth_1_F_earth.csv,H2O,10_M,1_F,1.5379066945500252e+26,1.1305133172684303e+26,0.686868686868687,24870011.95472339
H2O_atmosphere_10_M_earth_1_F_earth.csv,H2O,10_M,1_F,1.5379066945500252e+26,1.1486477332113764e+26,0.696969696969697,24991331.006107412
H2O_atmosphere_10_M_earth_1_F_earth.csv,H2O,10_M,1_F,1.5379066945500252e+26,1.1665596176460813e+26,0.7070707070707072,25111483.482991282
H2O_atmosphere_10_M_earth_1_F_earth.csv,H2O,10_M,1_F,1.5379066945500252e+26,1.1842375587003279e+26,0.7171717171717172,25230497.030996453
H2O_atmosphere_10_M_earth_1_F_earth.csv,H2O,10_M,1_F,1.5379066945500252e+26,1.2016701445018978e+26,0.7272727272727273,25348398.262178857
H2O_atmosphere_10_M_earth_1_F_earth.csv,H2O,10_M,1_F,1.5379066945500252e+26,1.218845963178575e+26,0.7373737373737375,25465212.80742697
H2O_atmosphere_10_M_earth_1_F_earth.csv,H2O,10_M,1_F,1.5379066945500252e+26,1.2357536028581407e+26,0.7474747474747475,25580965.365525004
H2O_atmosphere_10_M_earth_1_F_earth.csv,H2O,10_M,1_F,1.5379066945500252e+26,1.2523816516683782e+26,0.7575757575757577,25695679.749135595
H2O_atmosphere_10_M_earth_1_F_earth.csv,H2O,10_M,1_F,1.5379066945500252e+26,1.2687186977370692e+26,0.7676767676767677,25809378.92793365
H2O_atmosphere_10_M_earth_1_F_earth.csv,H2O,10_M,1_F,1.5379066945500252e+26,1.2847533291919965e+26,0.7777777777777778,25922085.0691029
H2O_atmosphere_10_M_earth_1_F_earth.csv,H2O,10_M,1_F,1.5379066945500252e+26,1.300474134160943e+26,0.787878787878788,26033819.57538842
H2O_atmosphere_10_M_earth_1_F_earth.csv,H2O,10_M,1_F,1.5379066945500252e+26,1.3158697007716908e+26,0.797979797979798,26144603.12088199
H2O_atmosphere_10_M_earth_1_F_earth.csv,H2O,10_M,1_F,1.5379066945500252e+26,1.3309286171520232e+26,0.8080808080808082,26254455.684702154
H2O_atmosphere_10_M_earth_1_F_earth.csv,H2O,10_M,1_F,1.5379066945500252e+26,1.3456394714297218e+26,0.8181818181818182,26363396.58271762
H2O_atmosphere_10_M_earth_1_F_earth.csv,H2O,10_M,1_F,1.5379066945500252e+26,1.3599908517325694e+26,0.8282828282828284,26471444.497450273
H2O_atmosphere_10_M_earth_1_F_earth.csv,H2O,10_M,1_F,1.5379066945500252e+26,1.3739713461883478e+26,0.8383838383838385,26578617.506283086
H2O_atmosphere_10_M_earth_1_F_earth.csv,H2O,10_M,1_F,1.5379066945500252e+26,1.3875695429248415e+26,0.8484848484848485,26684933.108088285
H2O_atmosphere_10_M_earth_1_F_earth.csv,H2O,10_M,1_F,1.5379066945500252e+26,1.4007740300698308e+26,0.8585858585858587,26790408.248381868
H2O_atmosphere_10_M_earth_1_F_earth.csv,H2O,10_M,1_F,1.5379066945500252e+26,1.4135733957510997e+26,0.8686868686868687,26895059.34310234
H2O_atmosphere_10_M_earth_1_F_earth.csv,H2O,10_M,1_F,1.5379066945500252e+26,1.4259562280964298e+26,0.8787878787878789,26998902.30110404
H2O_atmosphere_10_M_earth_1_F_earth.csv,H2O,10_M,1_F,1.5379066945500252e+26,1.4379111152336036e+26,0.888888888888889,27101952.545448415
H2O_atmosphere_10_M_earth_1_F_earth.csv,H2O,10_M,1_F,1.5379066945500252e+26,1.4494266452904049e+26,0.8989898989898991,27204225.033570357
H2O_atmosphere_10_M_earth_1_F_earth.csv,H2O,10_M,1_F,1.5379066945500252e+26,1.4604914063946148e+26,0.9090909090909092,27305734.276391026
H2O_atmosphere_10_M_earth_1_F_earth.csv,H2O,10_M,1_F,1.5379066945500252e+26,1.471093986674016e+26,0.9191919191919192,27406494.356443193
H2O_atmosphere_10_M_earth_1_F_earth.csv,H2O,10_M,1_F,1.5379066945500252e+26,1.4812229742563917e+26,0.9292929292929294,27506518.945070412
H2O_atmosphere_10_M_earth_1_F_earth.csv,H2O,10_M,1_F,1.5379066945500252e+26,1.4908669572695237e+26,0.9393939393939394,27605821.318756834
H2O_atmosphere_10_M_earth_1_F_earth.csv,H2O,10_M,1_F,1.5379066945500252e+26,1.5000145238411955e+26,0.9494949494949496,27704414.374640495
H2O_atmosphere_10_M_earth_1_F_earth.csv,H2O,10_M,1_F,1.5379066945500252e+26,1.5086542620991882e+26,0.9595959595959597,27802310.64525908
H2O_atmosphere_10_M_earth_1_F_earth.csv,H2O,10_M,1_F,1.5379066945500252e+26,1.5167747601712849e+26,0.9696969696969697,27899522.31257386
H2O_atmosphere_10_M_earth_1_F_earth.csv,H2O,10_M,1_F,1.5379066945500252e+26,1.5243646061852682e+26,0.9797979797979799,27996061.221314147
H2O_atmosphere_10_M_earth_1_F_earth.csv,H2O,10_M,1_F,1.5379066945500252e+26,1.5314123882689207e+26,0.98989898989899,28091938.891681988
H2O_atmosphere_10_M_earth_1000_F_earth.csv,H2O,10_M,1000_F,1.6630357074437874e+25,0.0,0.0,0.0
H2O_atmosphere_10_M_earth_1000_F_earth.csv,H2O,10_M,1000_F,1.6630357074437874e+25,7.022703834261579e+22,0.010101010101010102,6093119.416934754
H2O_atmosphere_10_M_earth_1000_F_earth.csv,H2O,10_M,1000_F,1.6630357074437874e+25,1.464391603454164e+23,0.020202020202020204,7676849.412919272
H2O_atmosphere_10_M_earth_1000_F_earth.csv,H2O,10_M,1000_F,1.6630357074437874e+25,2.28512962221594e+23,0.030303030303030304,8787798.860905875
H2O_atmosphere_10_M_earth_1000_F_earth.csv,H2O,10_M,1000_F,1.6630357074437874e+25,3.1632504018434056e+23,0.04040404040404041,9672224.17221009
H2O_atmosphere_10_M_earth_1000_F_earth.csv,H2O,10_M,1000_F,1.6630357074437874e+25,4.097519904468482e+23,0.05050505050505051,10419087.643187169
H2O_atmosphere_10_M_earth_1000_F_earth.csv,H2O,10_M,1000_F,1.6630357074437874e+25,5.086704092223089e+23,0.06060606060606061,11071932.7670975
H2O_atmosphere_10_M_earth_1000_F_earth.csv,H2O,10_M,1000_F,1.6630357074437874e+25,6.129568927239148e+23,0.07070707070707072,11655718.133010408
H2O_atmosphere_10_M_earth_1000_F_earth.csv,H2O,10_M,1000_F,1.6630357074437874e+25,7.224880371648579e+23,0.08080808080808081,12186238.833869506
H2O_atmosphere_10_M_earth_1000_F_earth.csv,H2O,10_M,1000_F,1.6630357074437874e+25,8.371404387583304e+23,0.09090909090909091,12674199.13108943
H2O_atmosphere_10_M_earth_1000_F_earth.csv,H2O,10_M,1000_F,1.6630357074437874e+25,9.567906937175243e+23,0.10101010101010102,13127227.842351077
H2O_atmosphere_10_M_earth_1000_F_earth.csv,H2O,10_M,1000_F,1.6630357074437874e+25,1.0813153982556315e+24,0.11111111111111112,13550976.272724207
H2O_atmosphere_10_M_earth_1000_F_earth.csv,H2O,10_M,1000_F,1.6630357074437874e+25,1.2105911485858445e+24,0.12121212121212122,13949761.15628693
H2O_atmosphere_10_M_earth_1000_F_earth.csv,H2O,10_M,1000_F,1.6630357074437874e+25,1.3444945409213548e+24,0.13131313131313133,14326963.041463561
H2O_atmosphere_10_M_earth_1000_F_earth.csv,H2O,10_M,1000_F,1.6630357074437874e+25,1.4829021714753548e+24,0.14141414141414144,14685284.627421184
H2O_atmosphere_10_M_earth_1000_F_earth.csv,H2O,10_M,1000_F,1.6630357074437874e+25,1.625690636461036e+24,0.15151515151515152,15026924.676381921
H2O_atmosphere_10_M_earth_1000_F_earth.csv,H2O,10_M,1000_F,1.6630357074437874e+25,1.7727365320915917e+24,0.16161616161616163,15353698.825838543
H2O_atmosphere_10_M_earth_1000_F_earth.csv,H2O,10_M,1000_F,1.6630357074437874e+25,1.9239164545802132e+24,0.17171717171717174,15667125.786446571
H2O_atmosphere_10_M_earth_1000_F_earth.csv,H2O,10_M,1000_F,1.6630357074437874e+25,2.079107000140092e+24,0.18181818181818182,15968490.275818883
H2O_atmosphere_10_M_earth_1000_F_earth.csv,H2O,10_M,1000_F,1.6630357074437874e+25,2.238184764984421e+24,0.19191919191919193,16258889.89800839
H2O_atmosphere_10_M_earth_1000_F_earth.csv,H2O,10_M,1000_F,1.6630357074437874e+25,2.401026345326393e+24,0.20202020202020204,16539270.68534418
H2O_atmosphere_10_M_earth_1000_F_earth.csv,H2O,10_M,1000_F,1.6630357074437874e+25,2.5675083373791977e+24,0.21212121212121213,16810454.468958527
H2O_atmosphere_10_M_earth_1000_F_earth.csv,H2O,10_M,1000_F,1.6630357074437874e+25,2.7375073373560293e+24,0.22222222222222224,17073160.2526312
H2O_atmosphere_10_M_earth_1000_F_earth.csv,H2O,10_M,1000_F,1.6630357074437874e+25,2.910899941470079e+24,0.23232323232323235,17328021.114113167
H2O_atmosphere_10_M_earth_1000_F_earth.csv,H2O,10_M,1000_F,1.6630357074437874e+25,3.087562745934539e+24,0.24242424242424243,17575597.72181175
H2O_atmosphere_10_M_earth_1000_F_earth.csv,H2O,10_M,1000_F,1.6630357074437874e+25,3.2673723469626014e+24,0.25252525252525254,17816389.256166454
H2O_atmosphere_10_M_earth_1000_F_earth.csv,H2O,10_M,1000_F,1.6630357074437874e+25,3.4502053407674576e+24,0.26262626262626265,18050842.317005817
H2O_atmosphere_10_M_earth_1000_F_earth.csv,H2O,10_M,1000_F,1.6630357074437874e+25,3.6359383235623005e+24,0.27272727272727276,18279358.25080426
H2O_atmosphere_10_M_earth_1000_F_earth.csv,H2O,10_M,1000_F,1.6630357074437874e+25,3.824447891560323e+24,0.2828282828282829,18502299.22578554
H2O_atmosphere_10_M_earth_1000_F_earth.csv,H2O,10_M,1000_F,1.6630357074437874e+25,4.0156106409747144e+24,0.29292929292929293,18719993.30556178
H2O_atmosphere_10_M_earth_1000_F_earth.csv,H2O,10_M,1000_F,1.6630357074437874e+25,4.209303168018669e+24,0.30303030303030304,18932738.714958288
H2O_atmosphere_10_M_earth_1000_F_earth.csv,H2O,10_M,1000_F,1.6630357074437874e+25,4.405402068905379e+24,0.31313131313131315,19140807.449069157
H2O_atmosphere_10_M_earth_1000_F_earth.csv,H2O,10_M,1000_F,1.6630357074437874e+25,4.6037839398480364e+24,0.32323232323232326,19344448.34442018
H2O_atmosphere_10_M_earth_1000_F_earth.csv,H2O,10_M,1000_F,1.6630357074437874e+25,4.8043253770598306e+24,0.33333333333333337,19543889.706582375
H2O_atmosphere_10_M_earth_1000_F_earth.csv,H2O,10_M,1000_F,1.6630357074437874e+25,5.006902976753957e+24,0.3434343434343435,19739341.569694806
H2O_atmosphere_10_M_earth_1000_F_earth.csv,H2O,10_M,1000_F,1.6630357074437874e+25,5.211393335143608e+24,0.3535353535353536,19930997.648691215
H2O_atmosphere_10_M_earth_1000_F_earth.csv,H2O,10_M,1000_F,1.6630357074437874e+25,5.41767304844197e+24,0.36363636363636365,20119037.0335458
H2O_atmosphere_10_M_earth_1000_F_earth.csv,H2O,10_M,1000_F,1.6630357074437874e+25,5.625618712862242e+24,0.37373737373737376,20303625.665798232
H2O_atmosphere_10_M_earth_1000_F_earth.csv,H2O,10_M,1000_F,1.6630357074437874e+25,5.835106924617614e+24,0.38383838383838387,20484917.630423877
H2O_atmosphere_10_M_earth_1000_F_earth.csv,H2O,10_M,1000_F,1.6630357074437874e+25,6.046014279921275e+24,0.393939393939394,20663056.290360942
H2O_atmosphere_10_M_earth_1000_F_earth.csv,H2O,10_M,1000_F,1.6630357074437874e+25,6.258217374986421e+24,0.4040404040404041,20838175.286374338
H2O_atmosphere_10_M_earth_1000_F_earth.csv,H2O,10_M,1000_F,1.6630357074437874e+25,6.471592806026241e+24,0.4141414141414142,21010399.421185184
H2O_atmosphere_10_M_earth_1000_F_earth.csv,H2O,10_M,1000_F,1.6630357074437874e+25,6.686017169253929e+24,0.42424242424242425,21179845.44374019
H2O_atmosphere_10_M_earth_1000_F_earth.csv,H2O,10_M,1000_F,1.6630357074437874e+25,6.901367060882677e+24,0.43434343434343436,21346622.746993903
H2O_atmosphere_10_M_earth_1000_F_earth.csv,H2O,10_M,1000_F,1.6630357074437874e+25,7.117519077125676e+24,0.4444444444444445,21510833.990518518
H2O_atmosphere_10_M_earth_1000_F_earth.csv,H2O,10_M,1000_F,1.6630357074437874e+25,7.334349814196119e+24,0.4545454545454546,21672575.657553617
H2O_atmosphere_10_M_earth_1000_F_earth.csv,H2O,10_M,1000_F,1.6630357074437874e+25,7.551735868307198e+24,0.4646464646464647,21831938.554693993
H2O_atmosphere_10_M_earth_1000_F_earth.csv,H2O,10_M,1000_F,1.6630357074437874e+25,7.769553835672104e+24,0.4747474747474748,21989008.261233613
H2O_atmosphere_10_M_earth_1000_F_earth.csv,H2O,10_M,1000_F,1.6630357074437874e+25,7.987680312504028e+24,0.48484848484848486,22143865.534195
H2O_atmosphere_10_M_earth_1000_F_earth.csv,H2O,10_M,1000_F,1.6630357074437874e+25,8.205991895016168e+24,0.494949494949495,22296586.67424118
H2O_atmosphere_10_M_earth_1000_F_earth.csv,H2O,10_M,1000_F,1.6630357074437874e+25,8.424365179421709e+24,0.5050505050505051,22447243.856964976
H2O_atmosphere_10_M_earth_1000_F_earth.csv,H2O,10_M,1000_F,1.6630357074437874e+25,8.642676761933848e+24,0.5151515151515152,22595905.43345469
H2O_atmosphere_10_M_earth_1000_F_earth.csv,H2O,10_M,1000_F,1.6630357074437874e+25,8.860803238765775e+24,0.5252525252525253,22742636.203528773
H2O_atmosphere_10_M_earth_1000_F_earth.csv,H2O,10_M,1000_F,1.6630357074437874e+25,9.078621206130679e+24,0.5353535353535354,22887497.664599817
H2O_atmosphere_10_M_earth_1000_F_earth.csv,H2O,10_M,1000_F,1.6630357074437874e+25,9.296007260241759e+24,0.5454545454545455,23030548.238757815
H2O_atmosphere_10_M_earth_1000_F_earth.csv,H2O,10_M,1000_F,1.6630357074437874e+25,9.5128379973122e+24,0.5555555555555556,23171843.480345033
H2O_atmosphere_10_M_earth_1000_F_earth.csv,H2O,10_M,1000_F,1.6630357074437874e+25,9.728990013555202e+24,0.5656565656565657,23311436.266020812
H2O_atmosphere_10_M_earth_1000_F_earth.csv,H2O,10_M,1000_F,1.6630357074437874e+25,9.944339905183946e+24,0.5757575757575758,23449376.969078064
H2O_atmosphere_10_M_earth_1000_F_earth.csv,H2O,10_M,1000_F,1.6630357074437874e+25,1.0158764268411637e+25,0.5858585858585859,23585713.619568396
H2O_atmosphere_10_M_earth_1000_F_earth.csv,H2O,10_M,1000_F,1.6630357074437874e+25,1.0372139699451454e+25,0.595959595959596,23720492.051614765
H2O_atmosphere_10_M_earth_1000_F_earth.csv,H2O,10_M,1000_F,1.6630357074437874e+25,1.0584342794516602e+25,0.6060606060606061,23853756.039135557
H2O_atmosphere_10_M_earth_1000_F_earth.csv,H2O,10_M,1000_F,1.6630357074437874e+25,1.0795250149820264e+25,0.6161616161616162,23985547.42106881
H2O_atmosphere_10_M_earth_1000_F_earth.csv,H2O,10_M,1000_F,1.6630357074437874e+25,1.1004738361575632e+25,0.6262626262626263,24115906.21706682
H2O_atmosphere_10_M_earth_1000_F_earth.csv,H2O,10_M,1000_F,1.6630357074437874e+25,1.1212684025995908e+25,0.6363636363636365,24244870.73452769
H2O_atmosphere_10_M_earth_1000_F_earth.csv,H2O,10_M,1000_F,1.6630357074437874e+25,1.1418963739294269e+25,0.6464646464646465,24372477.66773901
H2O_atmosphere_10_M_earth_1000_F_earth.csv,H2O,10_M,1000_F,1.6630357074437874e+25,1.162345409768392e+25,0.6565656565656566,24498762.1898287
H2O_atmosphere_10_M_earth_1000_F_earth.csv,H2O,10_M,1000_F,1.6630357074437874e+25,1.1826031697378047e+25,0.6666666666666667,24623758.03814687
H2O_atmosphere_10_M_earth_1000_F_earth.csv,H2O,10_M,1000_F,1.6630357074437874e+25,1.202657313458984e+25,0.6767676767676768,24747497.593640033
H2O_atmosphere_10_M_earth_1000_F_earth.csv,H2O,10_M,1000_F,1.6630357074437874e+25,1.2224955005532499e+25,0.686868686868687,24870011.95472339
H2O_atmosphere_10_M_earth_1000_F_earth.csv,H2O,10_M,1000_F,1.6630357074437874e+25,1.2421053906419206e+25,0.696969696969697,24991331.006107412
H2O_atmosphere_10_M_earth_1000_F_earth.csv,H2O,10_M,1000_F,1.6630357074437874e+25,1.261474643346316e+25,0.7070707070707072,25111483.482991282
H2O_atmosphere_10_M_earth_1000_F_earth.csv,H2O,10_M,1000_F,1.6630357074437874e+25,1.2805909182877556e+25,0.7171717171717172,25230497.030996453
H2O_atmosphere_10_M_earth_1000_F_earth.csv,H2O,10_M,1000_F,1.6630357074437874e+25,1.2994418750875572e+25,0.7272727272727273,25348398.262178857
H2O_atmosphere_10_M_earth_1000_F_earth.csv,H2O,10_M,1000_F,1.6630357074437874e+25,1.318015173367042e+25,0.7373737373737375,25465212.80742697
H2O_atmosphere_10_M_earth_1000_F_earth.csv,H2O,10_M,1000_F,1.6630357074437874e+25,1.3362984727475275e+25,0.7474747474747475,25580965.365525004
H2O_atmosphere_10_M_earth_1000_F_earth.csv,H2O,10_M,1000_F,1.6630357074437874e+25,1.354279432850334e+25,0.7575757575757577,25695679.749135595
H2O_atmosphere_10_M_earth_1000_F_earth.csv,H2O,10_M,1000_F,1.6630357074437874e+25,1.37194571329678e+25,0.7676767676767677,25809378.92793365
H2O_atmosphere_10_M_earth_1000_F_earth.csv,H2O,10_M,1000_F,1.6630357074437874e+25,1.3892849737081848e+25,0.7777777777777778,25922085.0691029
H2O_atmosphere_10_M_earth_1000_F_earth.csv,H2O,10_M,1000_F,1.6630357074437874e+25,1.4062848737058678e+25,0.787878787878788,26033819.57538842
H2O_atmosphere_10_M_earth_1000_F_earth.csv,H2O,10_M,1000_F,1.6630357074437874e+25,1.422933072911148e+25,0.797979797979798,26144603.12088199
H2O_atmosphere_10_M_earth_1000_F_earth.csv,H2O,10_M,1000_F,1.6630357074437874e+25,1.4392172309453456e+25,0.8080808080808082,26254455.684702154
H2O_atmosphere_10_M_earth_1000_F_earth.csv,H2O,10_M,1000_F,1.6630357074437874e+25,1.4551250074297785e+25,0.8181818181818182,26363396.58271762
H2O_atmosphere_10_M_earth_1000_F_earth.csv,H2O,10_M,1000_F,1.6630357074437874e+25,1.4706440619857667e+25,0.8282828282828284,26471444.497450273
H2O_atmosphere_10_M_earth_1000_F_earth.csv,H2O,10_M,1000_F,1.6630357074437874e+25,1.485762054234628e+25,0.8383838383838385,26578617.506283086
H2O_atmosphere_10_M_earth_1000_F_earth.csv,H2O,10_M,1000_F,1.6630357074437874e+25,1.500466643797684e+25,0.8484848484848485,26684933.108088285
H2O_atmosphere_10_M_earth_1000_F_earth.csv,H2O,10_M,1000_F,1.6630357074437874e+25,1.514745490296252e+25,0.8585858585858587,26790408.248381868
H2O_atmosphere_10_M_earth_1000_F_earth.csv,H2O,10_M,1000_F,1.6630357074437874e+25,1.5285862533516521e+25,0.8686868686868687,26895059.34310234
H2O_atmosphere_10_M_earth_1000_F_earth.csv,H2O,10_M,1000_F,1.6630357074437874e+25,1.5419765925852034e+25,0.8787878787878789,26998902.30110404
H2O_atmosphere_10_M_earth_1000_F_earth.csv,H2O,10_M,1000_F,1.6630357074437874e+25,1.554904167618224e+25,0.888888888888889,27101952.545448415
H2O_atmosphere_10_M_earth_1000_F_earth.csv,H2O,10_M,1000_F,1.6630357074437874e+25,1.5673566380720352e+25,0.8989898989898991,27204225.033570357
H2O_atmosphere_10_M_earth_1000_F_earth.csv,H2O,10_M,1000_F,1.6630357074437874e+25,1.5793216635679548e+25,0.9090909090909092,27305734.276391026
H2O_atmosphere_10_M_earth_1000_F_earth.csv,H2O,10_M,1000_F,1.6630357074437874e+25,1.5907869037273017e+25,0.9191919191919192,27406494.356443193
H2O_atmosphere_10_M_earth_1000_F_earth.csv,H2O,10_M,1000_F,1.6630357074437874e+25,1.6017400181713961e+25,0.9292929292929294,27506518.945070412
H2O_atmosphere_10_M_earth_1000_F_earth.csv,H2O,10_M,1000_F,1.6630357074437874e+25,1.6121686665215567e+25,0.9393939393939394,27605821.318756834
H2O_atmosphere_10_M_earth_1000_F_earth.csv,H2O,10_M,1000_F,1.6630357074437874e+25,1.6220605083991034e+25,0.9494949494949496,27704414.374640495
H2O_atmosphere_10_M_earth_1000_F_earth.csv,H2O,10_M,1000_F,1.6630357074437874e+25,1.631403203425354e+25,0.9595959595959597,27802310.64525908
H2O_atmosphere_10_M_earth_1000_F_earth.csv,H2O,10_M,1000_F,1.6630357074437874e+25,1.6401844112216285e+25,0.9696969696969697,27899522.31257386
H2O_atmosphere_10_M_earth_1000_F_earth.csv,H2O,10_M,1000_F,1.6630357074437874e+25,1.6483917914092458e+25,0.9797979797979799,27996061.221314147
H2O_atmosphere_10_M_earth_1000_F_earth.csv,H2O,10_M,1000_F,1.6630357074437874e+25,1.6560130036095257e+25,0.98989898989899,28091938.891681988
N2_atmosphere_1_M_earth_1_F_earth.csv,N2,1_M,1_F,1.795768895001155e+22,0.0,0.0,0.0
N2_atmosphere_1_M_earth_1_F_earth.csv,N2,1_M,1_F,1.795768895001155e+22,7.583212463763988e+19,0.010101010101010102,2828177.127261315
N2_atmosphere_1_M_earth_1_F_earth.csv,N2,1_M,1_F,1.795768895001155e+22,1.5812702516327304e+20,0.020202020202020204,3563279.8954677423
N2_atmosphere_1_M_earth_1_F_earth.csv,N2,1_M,1_F,1.795768895001155e+22,2.4675144846580695e+20,0.030303030303030304,4078937.246545872
N2_atmosphere_1_M_earth_1_F_earth.csv,N2,1_M,1_F,1.795768895001155e+22,3.415721414341489e+20,0.04040404040404041,4489451.346967012
N2_atmosphere_1_M_earth_1_F_earth.csv,N2,1_M,1_F,1.795768895001155e+22,4.424558509572062e+20,0.05050505050505051,4836114.860558049
N2_atmosphere_1_M_earth_1_F_earth.csv,N2,1_M,1_F,1.795768895001155e+22,5.4926932392388624e+20,0.06060606060606061,5139138.898123378
N2_atmosphere_1_M_earth_1_F_earth.csv,N2,1_M,1_F,1.795768895001155e+22,6.618793072230964e+20,0.07070707070707072,5410108.217141805
N2_atmosphere_1_M_earth_1_F_earth.csv,N2,1_M,1_F,1.795768895001155e+22,7.80152547743744e+20,0.08080808080808081,5656354.25452263
N2_atmosphere_1_M_earth_1_F_earth.csv,N2,1_M,1_F,1.795768895001155e+22,9.039557923747364e+20,0.09090909090909091,5882845.491141668
N2_atmosphere_1_M_earth_1_F_earth.csv,N2,1_M,1_F,1.795768895001155e+22,1.0331557880049811e+21,0.10101010101010102,6093122.912526495
N2_atmosphere_1_M_earth_1_F_earth.csv,N2,1_M,1_F,1.795768895001155e+22,1.1676192815233849e+21,0.11111111111111112,6289809.623632686
N2_atmosphere_1_M_earth_1_F_earth.csv,N2,1_M,1_F,1.795768895001155e+22,1.307213019818856e+21,0.12121212121212122,6474909.276079188
N2_atmosphere_1_M_earth_1_F_earth.csv,N2,1_M,1_F,1.795768895001155e+22,1.4518037497803013e+21,0.13131313131313133,6649990.982347973
N2_atmosphere_1_M_earth_1_F_earth.csv,N2,1_M,1_F,1.795768895001155e+22,1.601258218296628e+21,0.14141414141414144,6816309.224986183
N2_atmosphere_1_M_earth_1_F_earth.csv,N2,1_M,1_F,1.795768895001155e+22,1.7554431722567432e+21,0.15151515151515152,6974884.579597117
N2_atmosphere_1_M_earth_1_F_earth.csv,N2,1_M,1_F,1.795768895001155e+22,1.9142253585495553e+21,0.16161616161616163,7126559.790935485
N2_atmosphere_1_M_earth_1_F_earth.csv,N2,1_M,1_F,1.795768895001155e+22,2.0774715240639709e+21,0.17171717171717174,7272039.7824477125
N2_atmosphere_1_M_earth_1_F_earth.csv,N2,1_M,1_F,1.795768895001155e+22,2.245048415688897e+21,0.18181818181818182,7411920.86756853
N2_atmosphere_1_M_earth_1_F_earth.csv,N2,1_M,1_F,1.795768895001155e+22,2.416822780313242e+21,0.19191919191919193,7546712.509261787
N2_atmosphere_1_M_earth_1_F_earth.csv,N2,1_M,1_F,1.795768895001155e+22,2.5926613648259133e+21,0.20202020202020204,7676853.817088888
N2_atmosphere_1_M_earth_1_F_earth.csv,N2,1_M,1_F,1.795768895001155e+22,2.772430916115816e+21,0.21212121212121213,7802726.251489347
N2_atmosphere_1_M_earth_1_F_earth.csv,N2,1_M,1_F,1.795768895001155e+22,2.9559981810718605e+21,0.22222222222222224,7924663.544646171
N2_atmosphere_1_M_earth_1_F_earth.csv,N2,1_M,1_F,1.795768895001155e+22,3.143229906582952e+21,0.23232323232323235,8042959.545389912
N2_atmosphere_1_M_earth_1_F_earth.csv,N2,1_M,1_F,1.795768895001155e+22,3.3339928395379995e+21,0.24242424242424243,8157874.493091744
N2_atmosphere_1_M_earth_1_F_earth.csv,N2,1_M,1_F,1.795768895001155e+22,3.528153726825909e+21,0.25252525252525254,8269640.086919991
N2_atmosphere_1_M_earth_1_F_earth.csv,N2,1_M,1_F,1.795768895001155e+22,3.7255793153355877e+21,0.26262626262626265,8378463.620271297
N2_atmosphere_1_M_earth_1_F_earth.csv,N2,1_M,1_F,1.795768895001155e+22,3.926136351955944e+21,0.27272727272727276,8484531.381783945
N2_atmosphere_1_M_earth_1_F_earth.csv,N2,1_M,1_F,1.795768895001155e+22,4.129691583575886e+21,0.2828282828282829,8588011.475152701
N2_atmosphere_1_M_earth_1_F_earth.csv,N2,1_M,1_F,1.795768895001155e+22,4.3361117570843175e+21,0.29292929292929293,8689056.174104802
N2_atmosphere_1_M_earth_1_F_earth.csv,N2,1_M,1_F,1.795768895001155e+22,4.5452636193701495e+21,0.30303030303030304,8787803.902421562
N2_atmosphere_1_M_earth_1_F_earth.csv,N2,1_M,1_F,1.795768895001155e+22,4.757013917322289e+21,0.31313131313131315,8884380.909114564
N2_atmosphere_1_M_earth_1_F_earth.csv,N2,1_M,1_F,1.795768895001155e+22,4.971229397829642e+21,0.32323232323232326,8978902.693934023
N2_atmosphere_1_M_earth_1_F_earth.csv,N2,1_M,1_F,1.795768895001155e+22,5.187776807781115e+21,0.33333333333333337,9071475.226999642
N2_atmosphere_1_M_earth_1_F_earth.csv,N2,1_M,1_F,1.795768895001155e+22,5.406522894065617e+21,0.3434343434343435,9162195.997578807
N2_atmosphere_1_M_earth_1_F_earth.csv,N2,1_M,1_F,1.795768895001155e+22,5.627334403572057e+21,0.3535353535353536,9251154.920230435
N2_atmosphere_1_M_earth_1_F_earth.csv,N2,1_M,1_F,1.795768895001155e+22,5.850078083189338e+21,0.36363636363636365,9338435.121204661
N2_atmosphere_1_M_earth_1_F_earth.csv,N2,1_M,1_F,1.795768895001155e+22,6.074620679806371e+21,0.37373737373737376,9424113.623785432
N2_atmosphere_1_M_earth_1_F_earth.csv,N2,1_M,1_F,1.795768895001155e+22,6.300828940312063e+21,0.38383838383838387,9508261.947923882
N2_atmosphere_1_M_earth_1_F_earth.csv,N2,1_M,1_F,1.795768895001155e+22,6.528569611595318e+21,0.393939393939394,9590946.636839503
N2_atmosphere_1_M_earth_1_F_earth.csv,N2,1_M,1_F,1.795768895001155e+22,6.757709440545048e+21,0.4040404040404041,9672229.721116098
N2_atmosphere_1_M_earth_1_F_earth.csv,N2,1_M,1_F,1.795768895001155e+22,6.988115174050156e+21,0.4141414141414142,9752169.129078569
N2_atmosphere_1_M_earth_1_F_earth.csv,N2,1_M,1_F,1.795768895001155e+22,7.219653558999552e+21,0.42424242424242425,9830819.050818747
N2_atmosphere_1_M_earth_1_F_earth.csv,N2,1_M,1_F,1.795768895001155e+22,7.452191342282144e+21,0.43434343434343436,9908230.262077387
N2_atmosphere_1_M_earth_1_F_earth.csv,N2,1_M,1_F,1.795768895001155e+22,7.685595270786837e+21,0.4444444444444445,9984450.41323423
N2_atmosphere_1_M_earth_1_F_earth.csv,N2,1_M,1_F,1.795768895001155e+22,7.919732091402541e+21,0.4545454545454546,10059524.287867712
N2_atmosphere_1_M_earth_1_F_earth.csv,N2,1_M,1_F,1.795768895001155e+22,8.154468551018161e+21,0.4646464646464647,10133494.03468965
N2_atmosphere_1_M_earth_1_F_earth.csv,N2,1_M,1_F,1.795768895001155e+22,8.389671396522605e+21,0.4747474747474748,10206399.376112366
N2_atmosphere_1_M_earth_1_F_earth.csv,N2,1_M,1_F,1.795768895001155e+22,8.625207374804779e+21,0.48484848484848486,10278277.796246756
N2_atmosphere_1_M_earth_1_F_earth.csv,N2,1_M,1_F,1.795768895001155e+22,8.860943232753596e+21,0.494949494949495,10349164.710743694
N2_atmosphere_1_M_earth_1_F_earth.csv,N2,1_M,1_F,1.795768895001155e+22,9.096745717257958e+21,0.5050505050505051,10419093.620564966
N2_atmosphere_1_M_earth_1_F_earth.csv,N2,1_M,1_F,1.795768895001155e+22,9.332481575206773e+21,0.5151515151515152,10488096.251493594
N2_atmosphere_1_M_earth_1_F_earth.csv,N2,1_M,1_F,1.795768895001155e+22,9.56801755348895e+21,0.5252525252525253,10556202.680958213
N2_atmosphere_1_M_earth_1_F_earth.csv,N2,1_M,1_F,1.795768895001155e+22,9.803220398993391e+21,0.5353535353535354,10623441.453545552
N2_atmosphere_1_M_earth_1_F_earth.csv,N2,1_M,1_F,1.795768895001155e+22,1.0037956858609014e+22,0.5454545454545455,10689839.686403226
N2_atmosphere_1_M_earth_1_F_earth.csv,N2,1_M,1_F,1.795768895001155e+22,1.0272093679224715e+22,0.5555555555555556,10755423.165587502
N2_atmosphere_1_M_earth_1_F_earth.csv,N2,1_M,1_F,1.795768895001155e+22,1.0505497607729412e+22,0.5656565656565657,10820216.434283609
N2_atmosphere_1_M_earth_1_F_earth.csv,N2,1_M,1_F,1.795768895001155e+22,1.0738035391012e+22,0.5757575757575758,10884242.873716356
N2_atmosphere_1_M_earth_1_F_earth.csv,N2,1_M,1_F,1.795768895001155e+22,1.0969573775961397e+22,0.5858585858585859,10947524.77747365
N2_atmosphere_1_M_earth_1_F_earth.csv,N2,1_M,1_F,1.795768895001155e+22,1.1199979509466505e+22,0.595959595959596,11010083.419883033
N2_atmosphere_1_M_earth_1_F_earth.csv,N2,1_M,1_F,1.795768895001155e+22,1.1429119338416234e+22,0.6060606060606061,11071939.119009238
N2_atmosphere_1_M_earth_1_F_earth.csv,N2,1_M,1_F,1.795768895001155e+22,1.165686000969949e+22,0.6161616161616162,11133111.294778163
N2_atmosphere_1_M_earth_1_F_earth.csv,N2,1_M,1_F,1.795768895001155e+22,1.188306827020518e+22,0.6262626262626263,11193618.52267759
N2_atmosphere_1_M_earth_1_F_earth.csv,N2,1_M,1_F,1.795768895001155e+22,1.2107610866822217e+22,0.6363636363636365,11253478.583436847
N2_atmosphere_1_M_earth_1_F_earth.csv,N2,1_M,1_F,1.795768895001155e+22,1.2330354546439495e+22,0.6464646464646465,11312708.50904526
N2_atmosphere_1_M_earth_1_F_earth.csv,N2,1_M,1_F,1.795768895001155e+22,1.2551166055945937e+22,0.6565656565656566,11371324.625431972
N2_atmosphere_1_M_earth_1_F_earth.csv,N2,1_M,1_F,1.795768895001155e+22,1.2769912142230437e+22,0.6666666666666667,11429342.592096722
N2_atmosphere_1_M_earth_1_F_earth.csv,N2,1_M,1_F,1.795768895001155e+22,1.2986459552181912e+22,0.6767676767676768,11486777.438952113
N2_atmosphere_1_M_earth_1_F_earth.csv,N2,1_M,1_F,1.795768895001155e+22,1.3200675032689264e+22,0.686868686868687,11543643.600612095
N2_atmosphere_1_M_earth_1_F_earth.csv,N2,1_M,1_F,1.795768895001155e+22,1.3412425330641401e+22,0.696969696969697,11599954.94833847
N2_atmosphere_1_M_earth_1_F_earth.csv,N2,1_M,1_F,1.795768895001155e+22,1.3621577192927234e+22,0.7070707070707072,11655724.819836851
N2_atmosphere_1_M_earth_1_F_earth.csv,N2,1_M,1_F,1.795768895001155e+22,1.382799736643567e+22,0.7171717171717172,11710966.047075389
N2_atmosphere_1_M_earth_1_F_earth.csv,N2,1_M,1_F,1.795768895001155e+22,1.4031552598055605e+22,0.7272727272727273,11765690.982283333
N2_atmosphere_1_M_earth_1_F_earth.csv,N2,1_M,1_F,1.795768895001155e+22,1.4232109634675964e+22,0.7373737373737375,11819911.522272086
N2_atmosphere_1_M_earth_1_F_earth.csv,N2,1_M,1_F,1.795768895001155e+22,1.4429535223185643e+22,0.7474747474747475,11873639.13120832
N2_atmosphere_1_M_earth_1_F_earth.csv,N2,1_M,1_F,1.795768895001155e+22,1.4623696110473557e+22,0.7575757575757577,11926884.861957276
N2_atmosphere_1_M_earth_1_F_earth.csv,N2,1_M,1_F,1.795768895001155e+22,1.4814459043428602e+22,0.7676767676767677,11979659.37610373
N2_atmosphere_1_M_earth_1_F_earth.csv,N2,1_M,1_F,1.795768895001155e+22,1.500169076893969e+22,0.7777777777777778,12031972.96274883
N2_atmosphere_1_M_earth_1_F_earth.csv,N2,1_M,1_F,1.795768895001155e+22,1.5185258033895736e+22,0.787878787878788,12083835.556172531
N2_atmosphere_1_M_earth_1_F_earth.csv,N2,1_M,1_F,1.795768895001155e+22,1.5365027585185636e+22,0.797979797979798,12135256.752443692
N2_atmosphere_1_M_earth_1_F_earth.csv,N2,1_M,1_F,1.795768895001155e+22,1.5540866169698311e+22,0.8080808080808082,12186245.82505299
N2_atmosphere_1_M_earth_1_F_earth.csv,N2,1_M,1_F,1.795768895001155e+22,1.5712640534322656e+22,0.8181818181818182,12236811.739637615
N2_atmosphere_1_M_earth_1_F_earth.csv,N2,1_M,1_F,1.795768895001155e+22,1.5880217425947585e+22,0.8282828282828284,12286963.167861043
N2_atmosphere_1_M_earth_1_F_earth.csv,N2,1_M,1_F,1.795768895001155e+22,1.6043463591461992e+22,0.8383838383838385,12336708.500505978
N2_atmosphere_1_M_earth_1_F_earth.csv,N2,1_M,1_F,1.795768895001155e+22,1.620224577775481e+22,0.8484848484848485,12386055.859834075
N2_atmosphere_1_M_earth_1_F_earth.csv,N2,1_M,1_F,1.795768895001155e+22,1.6356430731714922e+22,0.8585858585858587,12435013.111261629
N2_atmosphere_1_M_earth_1_F_earth.csv,N2,1_M,1_F,1.795768895001155e+22,1.6505885200231252e+22,0.8686868686868687,12483587.874396697
N2_atmosphere_1_M_earth_1_F_earth.csv,N2,1_M,1_F,1.795768895001155e+22,1.6650475930192697e+22,0.8787878787878789,12531787.533479584
N2_atmosphere_1_M_earth_1_F_earth.csv,N2,1_M,1_F,1.795768895001155e+22,1.6790069668488164e+22,0.888888888888889,12579619.24726537
N2_atmosphere_1_M_earth_1_F_earth.csv,N2,1_M,1_F,1.795768895001155e+22,1.6924533162006572e+22,0.8989898989898991,12627089.958384322
N2_atmosphere_1_M_earth_1_F_earth.csv,N2,1_M,1_F,1.795768895001155e+22,1.7053733157636818e+22,0.9090909090909092,12674206.402213262
N2_atmosphere_1_M_earth_1_F_earth.csv,N2,1_M,1_F,1.795768895001155e+22,1.7177536402267807e+22,0.9191919191919192,12720975.11528863
N2_atmosphere_1_M_earth_1_F_earth.csv,N2,1_M,1_F,1.795768895001155e+22,1.7295809642788456e+22,0.9292929292929294,12767402.443289617
N2_atmosphere_1_M_earth_1_F_earth.csv,N2,1_M,1_F,1.795768895001155e+22,1.7408419626087667e+22,0.9393939393939394,12813494.548617823
N2_atmosphere_1_M_earth_1_F_earth.csv,N2,1_M,1_F,1.795768895001155e+22,1.7515233099054351e+22,0.9494949494949496,12859257.41759787
N2_atmosphere_1_M_earth_1_F_earth.csv,N2,1_M,1_F,1.795768895001155e+22,1.7616116808577408e+22,0.9595959595959597,12904696.867321793
N2_atmosphere_1_M_earth_1_F_earth.csv,N2,1_M,1_F,1.795768895001155e+22,1.7710937501545747e+22,0.9696969696969697,12949818.552158376
N2_atmosphere_1_M_earth_1_F_earth.csv,N2,1_M,1_F,1.795768895001155e+22,1.7799561924848277e+22,0.9797979797979799,12994627.969947105
N2_atmosphere_1_M_earth_1_F_earth.csv,N2,1_M,1_F,1.795768895001155e+22,1.7881856825373909e+22,0.98989898989899,13039130.467895165
N2_atmosphere_1_M_earth_1000_F_earth.csv,N2,1_M,1000_F,1.6126932015888724e+22,0.0,0.0,0.0
N2_atmosphere_1_M_earth_1000_F_earth.csv,N2,1_M,1000_F,1.6126932015888724e+22,6.8101163911229915e+19,0.010101010101010102,2828177.127261315
N2_atmosphere_1_M_earth_1000_F_earth.csv,N2,1_M,1000_F,1.6126932015888724e+22,1.420062343089638e+20,0.020202020202020204,3563279.8954677423
N2_atmosphere_1_M_earth_1000_F_earth.csv,N2,1_M,1000_F,1.6126932015888724e+22,2.2159554301822226e+20,0.030303030303030304,4078937.246545872
N2_atmosphere_1_M_earth_1000_F_earth.csv,N2,1_M,1000_F,1.6126932015888724e+22,3.067494218640258e+20,0.04040404040404041,4489451.346967012
N2_atmosphere_1_M_earth_1000_F_earth.csv,N2,1_M,1000_F,1.6126932015888724e+22,3.973482026713949e+20,0.05050505050505051,4836114.860558049
N2_atmosphere_1_M_earth_1000_F_earth.csv,N2,1_M,1000_F,1.6126932015888724e+22,4.932722172653502e+20,0.06060606060606061,5139138.898123378
N2_atmosphere_1_M_earth_1000_F_earth.csv,N2,1_M,1000_F,1.6126932015888724e+22,5.944017974709121e+20,0.07070707070707072,5410108.217141805
N2_atmosphere_1_M_earth_1000_F_earth.csv,N2,1_M,1000_F,1.6126932015888724e+22,7.006172751131013e+20,0.08080808080808081,5656354.25452263
N2_atmosphere_1_M_earth_1000_F_earth.csv,N2,1_M,1000_F,1.6126932015888724e+22,8.117989820169381e+20,0.09090909090909091,5882845.491141668
N2_atmosphere_1_M_earth_1000_F_earth.csv,N2,1_M,1000_F,1.6126932015888724e+22,9.278272500074435e+20,0.10101010101010102,6093122.912526495
N2_atmosphere_1_M_earth_1000_F_earth.csv,N2,1_M,1000_F,1.6126932015888724e+22,1.0485824109096374e+21,0.11111111111111112,6289809.623632686
N2_atmosphere_1_M_earth_1000_F_earth.csv,N2,1_M,1000_F,1.6126932015888724e+22,1.1739447965485408e+21,0.12121212121212122,6474909.276079188
N2_atmosphere_1_M_earth_1000_F_earth.csv,N2,1_M,1000_F,1.6126932015888724e+22,1.3037947387491742e+21,0.13131313131313133,6649990.982347973
N2_atmosphere_1_M_earth_1000_F_earth.csv,N2,1_M,1000_F,1.6126932015888724e+22,1.4380125693365579e+21,0.14141414141414144,6816309.224986183
N2_atmosphere_1_M_earth_1000_F_earth.csv,N2,1_M,1000_F,1.6126932015888724e+22,1.576478620135712e+21,0.15151515151515152,6974884.579597117
N2_atmosphere_1_M_earth_1000_F_earth.csv,N2,1_M,1000_F,1.6126932015888724e+22,1.7190732229716586e+21,0.16161616161616163,7126559.790935485
N2_atmosphere_1_M_earth_1000_F_earth.csv,N2,1_M,1000_F,1.6126932015888724e+22,1.865676709669417e+21,0.17171717171717174,7272039.7824477125
N2_atmosphere_1_M_earth_1000_F_earth.csv,N2,1_M,1000_F,1.6126932015888724e+22,2.0161694120540074e+21,0.18181818181818182,7411920.86756853
N2_atmosphere_1_M_earth_1000_F_earth.csv,N2,1_M,1000_F,1.6126932015888724e+22,2.1704316619504513e+21,0.19191919191919193,7546712.509261787
N2_atmosphere_1_M_earth_1000_F_earth.csv,N2,1_M,1000_F,1.6126932015888724e+22,2.3283437911837694e+21,0.20202020202020204,7676853.817088888
N2_atmosphere_1_M_earth_1000_F_earth.csv,N2,1_M,1000_F,1.6126932015888724e+22,2.4897861315789807e+21,0.21212121212121213,7802726.251489347
N2_atmosphere_1_M_earth_1000_F_earth.csv,N2,1_M,1000_F,1.6126932015888724e+22,2.6546390149611074e+21,0.22222222222222224,7924663.544646171
N2_atmosphere_1_M_earth_1000_F_earth.csv,N2,1_M,1000_F,1.6126932015888724e+22,2.822782773155169e+21,0.23232323232323235,8042959.545389912
N2_atmosphere_1_M_earth_1000_F_earth.csv,N2,1_M,1000_F,1.6126932015888724e+22,2.9940977379861867e+21,0.24242424242424243,8157874.493091744
N2_atmosphere_1_M_earth_1000_F_earth.csv,N2,1_M,1000_F,1.6126932015888724e+22,3.1684642412791805e+21,0.25252525252525254,8269640.086919991
N2_atmosphere_1_M_earth_1000_F_earth.csv,N2,1_M,1000_F,1.6126932015888724e+22,3.345762614859171e+21,0.26262626262626265,8378463.620271297
N2_atmosphere_1_M_earth_1000_F_earth.csv,N2,1_M,1000_F,1.6126932015888724e+22,3.5258731905511787e+21,0.27272727272727276,8484531.381783945
N2_atmosphere_1_M_earth_1000_F_earth.csv,N2,1_M,1000_F,1.6126932015888724e+22,3.7086763001802255e+21,0.2828282828282829,8588011.475152701
N2_atmosphere_1_M_earth_1000_F_earth.csv,N2,1_M,1000_F,1.6126932015888724e+22,3.8940522755713296e+21,0.29292929292929293,8689056.174104802
N2_atmosphere_1_M_earth_1000_F_earth.csv,N2,1_M,1000_F,1.6126932015888724e+22,4.0818814485495126e+21,0.30303030303030304,8787803.902421562
N2_atmosphere_1_M_earth_1000_F_earth.csv,N2,1_M,1000_F,1.6126932015888724e+22,4.272044150939796e+21,0.31313131313131315,8884380.909114564
N2_atmosphere_1_M_earth_1000_F_earth.csv,N2,1_M,1000_F,1.6126932015888724e+22,4.4644207145672e+21,0.32323232323232326,8978902.693934023
N2_atmosphere_1_M_earth_1000_F_earth.csv,N2,1_M,1000_F,1.6126932015888724e+22,4.658891471256743e+21,0.33333333333333337,9071475.226999642
N2_atmosphere_1_M_earth_1000_F_earth.csv,N2,1_M,1000_F,1.6126932015888724e+22,4.855336752833448e+21,0.3434343434343435,9162195.997578807
N2_atmosphere_1_M_earth_1000_F_earth.csv,N2,1_M,1000_F,1.6126932015888724e+22,5.053636891122336e+21,0.3535353535353536,9251154.920230435
N2_atmosphere_1_M_earth_1000_F_earth.csv,N2,1_M,1000_F,1.6126932015888724e+22,5.253672217948423e+21,0.36363636363636365,9338435.121204661
N2_atmosphere_1_M_earth_1000_F_earth.csv,N2,1_M,1000_F,1.6126932015888724e+22,5.455323065136736e+21,0.37373737373737376,9424113.623785432
N2_atmosphere_1_M_earth_1000_F_earth.csv,N2,1_M,1000_F,1.6126932015888724e+22,5.658469764512291e+21,0.38383838383838387,9508261.947923882
N2_atmosphere_1_M_earth_1000_F_earth.csv,N2,1_M,1000_F,1.6126932015888724e+22,5.862992647900109e+21,0.393939393939394,9590946.636839503
N2_atmosphere_1_M_earth_1000_F_earth.csv,N2,1_M,1000_F,1.6126932015888724e+22,6.068772047125213e+21,0.4040404040404041,9672229.721116098
N2_atmosphere_1_M_earth_1000_F_earth.csv,N2,1_M,1000_F,1.6126932015888724e+22,6.27568829401262e+21,0.4141414141414142,9752169.129078569
N2_atmosphere_1_M_earth_1000_F_earth.csv,N2,1_M,1000_F,1.6126932015888724e+22,6.483621720387354e+21,0.42424242424242425,9830819.050818747
N2_atmosphere_1_M_earth_1000_F_earth.csv,N2,1_M,1000_F,1.6126932015888724e+22,6.692452658074433e+21,0.43434343434343436,9908230.262077387
N2_atmosphere_1_M_earth_1000_F_earth.csv,N2,1_M,1000_F,1.6126932015888724e+22,6.902061438898878e+21,0.4444444444444445,9984450.41323423
N2_atmosphere_1_M_earth_1000_F_earth.csv,N2,1_M,1000_F,1.6126932015888724e+22,7.112328394685712e+21,0.4545454545454546,10059524.287867712
N2_atmosphere_1_M_earth_1000_F_earth.csv,N2,1_M,1000_F,1.6126932015888724e+22,7.323133857259954e+21,0.4646464646464647,10133494.03468965
N2_atmosphere_1_M_earth_1000_F_earth.csv,N2,1_M,1000_F,1.6126932015888724e+22,7.534358158446621e+21,0.4747474747474748,10206399.376112366
N2_atmosphere_1_M_earth_1000_F_earth.csv,N2,1_M,1000_F,1.6126932015888724e+22,7.745881630070737e+21,0.48484848484848486,10278277.796246756
N2_atmosphere_1_M_earth_1000_F_earth.csv,N2,1_M,1000_F,1.6126932015888724e+22,7.957584603957325e+21,0.494949494949495,10349164.710743694
N2_atmosphere_1_M_earth_1000_F_earth.csv,N2,1_M,1000_F,1.6126932015888724e+22,8.169347411931402e+21,0.5050505050505051,10419093.620564966
N2_atmosphere_1_M_earth_1000_F_earth.csv,N2,1_M,1000_F,1.6126932015888724e+22,8.381050385817988e+21,0.5151515151515152,10488096.251493594
N2_atmosphere_1_M_earth_1000_F_earth.csv,N2,1_M,1000_F,1.6126932015888724e+22,8.592573857442106e+21,0.5252525252525253,10556202.680958213
N2_atmosphere_1_M_earth_1000_F_earth.csv,N2,1_M,1000_F,1.6126932015888724e+22,8.803798158628773e+21,0.5353535353535354,10623441.453545552
N2_atmosphere_1_M_earth_1000_F_earth.csv,N2,1_M,1000_F,1.6126932015888724e+22,9.014603621203016e+21,0.5454545454545455,10689839.686403226
N2_atmosphere_1_M_earth_1000_F_earth.csv,N2,1_M,1000_F,1.6126932015888724e+22,9.224870576989847e+21,0.5555555555555556,10755423.165587502
N2_atmosphere_1_M_earth_1000_F_earth.csv,N2,1_M,1000_F,1.6126932015888724e+22,9.434479357814296e+21,0.5656565656565657,10820216.434283609
N2_atmosphere_1_M_earth_1000_F_earth.csv,N2,1_M,1000_F,1.6126932015888724e+22,9.643310295501372e+21,0.5757575757575758,10884242.873716356
N2_atmosphere_1_M_earth_1000_F_earth.csv,N2,1_M,1000_F,1.6126932015888724e+22,9.851243721876107e+21,0.5858585858585859,10947524.77747365
N2_atmosphere_1_M_earth_1000_F_earth.csv,N2,1_M,1000_F,1.6126932015888724e+22,1.0058159968763513e+22,0.595959595959596,11010083.419883033
N2_atmosphere_1_M_earth_1000_F_earth.csv,N2,1_M,1000_F,1.6126932015888724e+22,1.0263939367988617e+22,0.6060606060606061,11071939.119009238
N2_atmosphere_1_M_earth_1000_F_earth.csv,N2,1_M,1000_F,1.6126932015888724e+22,1.0468462251376437e+22,0.6161616161616162,11133111.294778163
N2_atmosphere_1_M_earth_1000_F_earth.csv,N2,1_M,1000_F,1.6126932015888724e+22,1.067160895075199e+22,0.6262626262626263,11193618.52267759
N2_atmosphere_1_M_earth_1000_F_earth.csv,N2,1_M,1000_F,1.6126932015888724e+22,1.0873259797940305e+22,0.6363636363636365,11253478.583436847
N2_atmosphere_1_M_earth_1000_F_earth.csv,N2,1_M,1000_F,1.6126932015888724e+22,1.107329512476639e+22,0.6464646464646465,11312708.50904526
N2_atmosphere_1_M_earth_1000_F_earth.csv,N2,1_M,1000_F,1.6126932015888724e+22,1.127159526305528e+22,0.6565656565656566,11371324.625431972
N2_atmosphere_1_M_earth_1000_F_earth.csv,N2,1_M,1000_F,1.6126932015888724e+22,1.1468040544631984e+22,0.6666666666666667,11429342.592096722
N2_atmosphere_1_M_earth_1000_F_earth.csv,N2,1_M,1000_F,1.6126932015888724e+22,1.1662511301321527e+22,0.6767676767676768,11486777.438952113
N2_atmosphere_1_M_earth_1000_F_earth.csv,N2,1_M,1000_F,1.6126932015888724e+22,1.185488786494893e+22,0.686868686868687,11543643.600612095
N2_atmosphere_1_M_earth_1000_F_earth.csv,N2,1_M,1000_F,1.6126932015888724e+22,1.2045050567339213e+22,0.696969696969697,11599954.94833847
N2_atmosphere_1_M_earth_1000_F_earth.csv,N2,1_M,1000_F,1.6126932015888724e+22,1.2232879740317396e+22,0.7070707070707072,11655724.819836851
N2_atmosphere_1_M_earth_1000_F_earth.csv,N2,1_M,1000_F,1.6126932015888724e+22,1.2418255715708501e+22,0.7171717171717172,11710966.047075389
N2_atmosphere_1_M_earth_1000_F_earth.csv,N2,1_M,1000_F,1.6126932015888724e+22,1.2601058825337544e+22,0.7272727272727273,11765690.982283333
N2_atmosphere_1_M_earth_1000_F_earth.csv,N2,1_M,1000_F,1.6126932015888724e+22,1.2781169401029554e+22,0.7373737373737375,11819911.522272086
N2_atmosphere_1_M_earth_1000_F_earth.csv,N2,1_M,1000_F,1.6126932015888724e+22,1.2958467774609545e+22,0.7474747474747475,11873639.13120832
N2_atmosphere_1_M_earth_1000_F_earth.csv,N2,1_M,1000_F,1.6126932015888724e+22,1.3132834277902543e+22,0.7575757575757577,11926884.861957276
N2_atmosphere_1_M_earth_1000_F_earth.csv,N2,1_M,1000_F,1.6126932015888724e+22,1.330414924273356e+22,0.7676767676767677,11979659.37610373
N2_atmosphere_1_M_earth_1000_F_earth.csv,N2,1_M,1000_F,1.6126932015888724e+22,1.3472293000927617e+22,0.7777777777777778,12031972.96274883
N2_atmosphere_1_M_earth_1000_F_earth.csv,N2,1_M,1000_F,1.6126932015888724e+22,1.3637145884309745e+22,0.787878787878788,12083835.556172531
N2_atmosphere_1_M_earth_1000_F_earth.csv,N2,1_M,1000_F,1.6126932015888724e+22,1.3798588224704954e+22,0.797979797979798,12135256.752443692
N2_atmosphere_1_M_earth_1000_F_earth.csv,N2,1_M,1000_F,1.6126932015888724e+22,1.3956500353938276e+22,0.8080808080808082,12186245.82505299
N2_atmosphere_1_M_earth_1000_F_earth.csv,N2,1_M,1000_F,1.6126932015888724e+22,1.411076260383472e+22,0.8181818181818182,12236811.739637615
N2_atmosphere_1_M_earth_1000_F_earth.csv,N2,1_M,1000_F,1.6126932015888724e+22,1.4261255306219312e+22,0.8282828282828284,12286963.167861043
N2_atmosphere_1_M_earth_1000_F_earth.csv,N2,1_M,1000_F,1.6126932015888724e+22,1.4407858792917063e+22,0.8383838383838385,12336708.500505978
N2_atmosphere_1_M_earth_1000_F_earth.csv,N2,1_M,1000_F,1.6126932015888724e+22,1.4550453395753013e+22,0.8484848484848485,12386055.859834075
N2_atmosphere_1_M_earth_1000_F_earth.csv,N2,1_M,1000_F,1.6126932015888724e+22,1.4688919446552167e+22,0.8585858585858587,12435013.111261629
N2_atmosphere_1_M_earth_1000_F_earth.csv,N2,1_M,1000_F,1.6126932015888724e+22,1.4823137277139552e+22,0.8686868686868687,12483587.874396697
N2_atmosphere_1_M_earth_1000_F_earth.csv,N2,1_M,1000_F,1.6126932015888724e+22,1.4952987219340187e+22,0.8787878787878789,12531787.533479584
N2_atmosphere_1_M_earth_1000_F_earth.csv,N2,1_M,1000_F,1.6126932015888724e+22,1.5078349604979084e+22,0.888888888888889,12579619.24726537
N2_atmosphere_1_M_earth_1000_F_earth.csv,N2,1_M,1000_F,1.6126932015888724e+22,1.5199104765881284e+22,0.8989898989898991,12627089.958384322
N2_atmosphere_1_M_earth_1000_F_earth.csv,N2,1_M,1000_F,1.6126932015888724e+22,1.531513303387179e+22,0.9090909090909092,12674206.402213262
N2_atmosphere_1_M_earth_1000_F_earth.csv,N2,1_M,1000_F,1.6126932015888724e+22,1.5426314740775623e+22,0.9191919191919192,12720975.11528863
N2_atmosphere_1_M_earth_1000_F_earth.csv,N2,1_M,1000_F,1.6126932015888724e+22,1.5532530218417814e+22,0.9292929292929294,12767402.443289617
N2_atmosphere_1_M_earth_1000_F_earth.csv,N2,1_M,1000_F,1.6126932015888724e+22,1.5633659798623376e+22,0.9393939393939394,12813494.548617823
N2_atmosphere_1_M_earth_1000_F_earth.csv,N2,1_M,1000_F,1.6126932015888724e+22,1.5729583813217336e+22,0.9494949494949496,12859257.41759787
N2_atmosphere_1_M_earth_1000_F_earth.csv,N2,1_M,1000_F,1.6126932015888724e+22,1.5820182594024704e+22,0.9595959595959597,12904696.867321793
N2_atmosphere_1_M_earth_1000_F_earth.csv,N2,1_M,1000_F,1.6126932015888724e+22,1.5905336472870507e+22,0.9696969696969697,12949818.552158376
N2_atmosphere_1_M_earth_1000_F_earth.csv,N2,1_M,1000_F,1.6126932015888724e+22,1.598492578157976e+22,0.9797979797979799,12994627.969947105
N2_atmosphere_1_M_earth_1000_F_earth.csv,N2,1_M,1000_F,1.6126932015888724e+22,1.6058830851977492e+22,0.98989898989899,13039130.467895165
N2_atmosphere_10_M_earth_1_F_earth.csv,N2,10_M,1_F,2.2185512124663482e+26,0.0,0.0,0.0
N2_atmosphere_10_M_earth_1_F_earth.csv,N2,10_M,1_F,2.2185512124663482e+26,9.368546950949777e+23,0.010101010101010102,6093122.912526494
N2_atmosphere_10_M_earth_1_F_earth.csv,N2,10_M,1_F,2.2185512124663482e+26,1.953552622368206e+24,0.020202020202020204,7676853.817088888
N2_atmosphere_10_M_earth_1_F_earth.csv,N2,10_M,1_F,2.2185512124663482e+26,3.048447529609825e+24,0.030303030303030304,8787803.902421562
N2_atmosphere_10_M_earth_1_F_earth.csv,N2,10_M,1_F,2.2185512124663482e+26,4.2198931646099737e+24,0.04040404040404041,9672229.721116096
N2_atmosphere_10_M_earth_1_F_earth.csv,N2,10_M,1_F,2.2185512124663482e+26,5.466243275158791e+24,0.05050505050505051,10419093.620564966
N2_atmosphere_10_M_earth_1_F_earth.csv,N2,10_M,1_F,2.2185512124663482e+26,6.785851609046415e+24,0.06060606060606061,11071939.119009238
N2_atmosphere_10_M_earth_1_F_earth.csv,N2,10_M,1_F,2.2185512124663482e+26,8.177071914062988e+24,0.07070707070707072,11655724.819836851
N2_atmosphere_10_M_earth_1_F_earth.csv,N2,10_M,1_F,2.2185512124663482e+26,9.638257937998646e+24,0.08080808080808081,12186245.825052988
N2_atmosphere_10_M_earth_1_F_earth.csv,N2,10_M,1_F,2.2185512124663482e+26,1.1167763428643528e+25,0.09090909090909091,12674206.402213262
N2_atmosphere_10_M_earth_1_F_earth.csv,N2,10_M,1_F,2.2185512124663482e+26,1.2763942133787776e+25,0.10101010101010102,13127235.373375187
N2_atmosphere_10_M_earth_1_F_earth.csv,N2,10_M,1_F,2.2185512124663482e+26,1.4425147801221525e+25,0.11111111111111112,13550984.046850646
N2_atmosphere_10_M_earth_1_F_earth.csv,N2,10_M,1_F,2.2185512124663482e+26,1.614973417873492e+25,0.12121212121212122,13949769.159194235
N2_atmosphere_10_M_earth_1_F_earth.csv,N2,10_M,1_F,2.2185512124663482e+26,1.7936055014118096e+25,0.13131313131313133,14326971.260769676
N2_atmosphere_10_M_earth_1_F_earth.csv,N2,10_M,1_F,2.2185512124663482e+26,1.9782464055161195e+25,0.14141414141414144,14685293.052294577
N2_atmosphere_10_M_earth_1_F_earth.csv,N2,10_M,1_F,2.2185512124663482e+26,2.168731504965434e+25,0.15151515151515152,15026933.297252482
N2_atmosphere_10_M_earth_1_F_earth.csv,N2,10_M,1_F,2.2185512124663482e+26,2.3648961745387703e+25,0.16161616161616163,15353707.634177776
N2_atmosphere_10_M_earth_1_F_earth.csv,N2,10_M,1_F,2.2185512124663482e+26,2.56657578901514e+25,0.17171717171717174,15667134.774597265
N2_atmosphere_10_M_earth_1_F_earth.csv,N2,10_M,1_F,2.2185512124663482e+26,2.7736057231735565e+25,0.18181818181818182,15968499.436860856
N2_atmosphere_10_M_earth_1_F_earth.csv,N2,10_M,1_F,2.2185512124663482e+26,2.9858213517930353e+25,0.19191919191919193,16258899.225651156
N2_atmosphere_10_M_earth_1_F_earth.csv,N2,10_M,1_F,2.2185512124663482e+26,3.2030580496525907e+25,0.20202020202020204,16539280.173839983
N2_atmosphere_10_M_earth_1_F_earth.csv,N2,10_M,1_F,2.2185512124663482e+26,3.4251511915312335e+25,0.21212121212121213,16810464.113031093
N2_atmosphere_10_M_earth_1_F_earth.csv,N2,10_M,1_F,2.2185512124663482e+26,3.6519361522079813e+25,0.22222222222222224,17073170.047416743
N2_atmosphere_10_M_earth_1_F_earth.csv,N2,10_M,1_F,2.2185512124663482e+26,3.883248306461845e+25,0.23232323232323235,17328031.055111095
N2_atmosphere_10_M_earth_1_F_earth.csv,N2,10_M,1_F,2.2185512124663482e+26,4.118923029071842e+25,0.24242424242424243,17575607.80484312
N2_atmosphere_10_M_earth_1_F_earth.csv,N2,10_M,1_F,2.2185512124663482e+26,4.358795694816983e+25,0.25252525252525254,17816399.47733871
N2_atmosphere_10_M_earth_1_F_earth.csv,N2,10_M,1_F,2.2185512124663482e+26,4.602701678476283e+25,0.26262626262626265,18050852.672682606
N2_atmosphere_10_M_earth_1_F_earth.csv,N2,10_M,1_F,2.2185512124663482e+26,4.850476354828756e+25,0.27272727272727276,18279368.737579484
N2_atmosphere_10_M_earth_1_F_earth.csv,N2,10_M,1_F,2.2185512124663482e+26,5.101955098653417e+25,0.2828282828282829,18502309.84046087
N2_atmosphere_10_M_earth_1_F_earth.csv,N2,10_M,1_F,2.2185512124663482e+26,5.356973284729276e+25,0.29292929292929293,18720004.0451271
N2_atmosphere_10_M_earth_1_F_earth.csv,N2,10_M,1_F,2.2185512124663482e+26,5.615366287835352e+25,0.30303030303030304,18932749.576574575
N2_atmosphere_10_M_earth_1_F_earth.csv,N2,10_M,1_F,2.2185512124663482e+26,5.8769694827506564e+25,0.31313131313131315,19140818.430053424
N2_atmosphere_10_M_earth_1_F_earth.csv,N2,10_M,1_F,2.2185512124663482e+26,6.141618244254205e+25,0.32323232323232326,19344459.44223219
N2_atmosphere_10_M_earth_1_F_earth.csv,N2,10_M,1_F,2.2185512124663482e+26,6.409147947125006e+25,0.33333333333333337,19543900.918812886
N2_atmosphere_10_M_earth_1_F_earth.csv,N2,10_M,1_F,2.2185512124663482e+26,6.67939396614208e+25,0.3434343434343435,19739352.89405506
N2_atmosphere_10_M_earth_1_F_earth.csv,N2,10_M,1_F,2.2185512124663482e+26,6.95219167608444e+25,0.3535353535353536,19931009.08300359
N2_atmosphere_10_M_earth_1_F_earth.csv,N2,10_M,1_F,2.2185512124663482e+26,7.227376451731094e+25,0.36363636363636365,20119048.57573542
N2_atmosphere_10_M_earth_1_F_earth.csv,N2,10_M,1_F,2.2185512124663482e+26,7.504783667861064e+25,0.37373737373737376,20303637.313885417
N2_atmosphere_10_M_earth_1_F_earth.csv,N2,10_M,1_F,2.2185512124663482e+26,7.78424869925336e+25,0.38383838383838387,20484929.382517345
N2_atmosphere_10_M_earth_1_F_earth.csv,N2,10_M,1_F,2.2185512124663482e+26,8.065606920686993e+25,0.393939393939394,20663068.144651655
N2_atmosphere_10_M_earth_1_F_earth.csv,N2,10_M,1_F,2.2185512124663482e+26,8.348693706940982e+25,0.4040404040404041,20838187.24112993
N2_atmosphere_10_M_earth_1_F_earth.csv,N2,10_M,1_F,2.2185512124663482e+26,8.633344432794337e+25,0.4141414141414142,21010411.474744894
N2_atmosphere_10_M_earth_1_F_earth.csv,N2,10_M,1_F,2.2185512124663482e+26,8.919394473026075e+25,0.42424242424242425,21179857.59451022
N2_atmosphere_10_M_earth_1_F_earth.csv,N2,10_M,1_F,2.2185512124663482e+26,9.206679202415208e+25,0.43434343434343436,21346634.99344323
N2_atmosphere_10_M_earth_1_F_earth.csv,N2,10_M,1_F,2.2185512124663482e+26,9.49503399574075e+25,0.4444444444444445,21510846.331175003
N2_atmosphere_10_M_earth_1_F_earth.csv,N2,10_M,1_F,2.2185512124663482e+26,9.784294227781718e+25,0.4545454545454546,21672588.09100048
N2_atmosphere_10_M_earth_1_F_earth.csv,N2,10_M,1_F,2.2185512124663482e+26,1.0074295273317122e+26,0.4646464646464647,21831951.07956654
N2_atmosphere_10_M_earth_1_F_earth.csv,N2,10_M,1_F,2.2185512124663482e+26,1.0364872507125976e+26,0.4747474747474748,21989020.876216255
N2_atmosphere_10_M_earth_1_F_earth.csv,N2,10_M,1_F,2.2185512124663482e+26,1.0655861303987295e+26,0.48484848484848486,22143878.23801847
N2_atmosphere_10_M_earth_1_F_earth.csv,N2,10_M,1_F,2.2185512124663482e+26,1.0947097038680097e+26,0.494949494949495,22296599.46568
N2_atmosphere_10_M_earth_1_F_earth.csv,N2,10_M,1_F,2.2185512124663482e+26,1.123841508598339e+26,0.5050505050505051,22447256.73483506
N2_atmosphere_10_M_earth_1_F_earth.csv,N2,10_M,1_F,2.2185512124663482e+26,1.1529650820676189e+26,0.5151515151515152,22595918.39661116
N2_atmosphere_10_M_earth_1_F_earth.csv,N2,10_M,1_F,2.2185512124663482e+26,1.182063961753751e+26,0.5252525252525253,22742649.250863943
N2_atmosphere_10_M_earth_1_F_earth.csv,N2,10_M,1_F,2.2185512124663482e+26,1.2111216851346363e+26,0.5353535353535354,22887510.795041274
N2_atmosphere_10_M_earth_1_F_earth.csv,N2,10_M,1_F,2.2185512124663482e+26,1.240121789688177e+26,0.5454545454545455,23030561.451266665
N2_atmosphere_10_M_earth_1_F_earth.csv,N2,10_M,1_F,2.2185512124663482e+26,1.2690478128922734e+26,0.5555555555555556,23171856.773914248
N2_atmosphere_10_M_earth_1_F_earth.csv,N2,10_M,1_F,2.2185512124663482e+26,1.297883292224828e+26,0.5656565656565657,23311449.639673702
N2_atmosphere_10_M_earth_1_F_earth.csv,N2,10_M,1_F,2.2185512124663482e+26,1.326611765163741e+26,0.5757575757575758,23449390.421866834
N2_atmosphere_10_M_earth_1_F_earth.csv,N2,10_M,1_F,2.2185512124663482e+26,1.355216769186915e+26,0.5858585858585859,23585727.15057281
N2_atmosphere_10_M_earth_1_F_earth.csv,N2,10_M,1_F,2.2185512124663482e+26,1.3836818417722502e+26,0.595959595959596,23720505.659940884
N2_atmosphere_10_M_earth_1_F_earth.csv,N2,10_M,1_F,2.2185512124663482e+26,1.4119905203976492e+26,0.6060606060606061,23853769.723914552
N2_atmosphere_10_M_earth_1_F_earth.csv,N2,10_M,1_F,2.2185512124663482e+26,1.4401263425410127e+26,0.6161616161616162,23985561.181455854
N2_atmosphere_10_M_earth_1_F_earth.csv,N2,10_M,1_F,2.2185512124663482e+26,1.4680728456802418e+26,0.6262626262626263,24115920.052240048
N2_atmosphere_10_M_earth_1_F_earth.csv,N2,10_M,1_F,2.2185512124663482e+26,1.4958135672932392e+26,0.6363636363636365,24244884.643687204
N2_atmosphere_10_M_earth_1_F_earth.csv,N2,10_M,1_F,2.2185512124663482e+26,1.5233320448579046e+26,0.6464646464646465,24372491.650105976
N2_atmosphere_10_M_earth_1_F_earth.csv,N2,10_M,1_F,2.2185512124663482e+26,1.5506118158521405e+26,0.6565656565656566,24498776.24464446
N2_atmosphere_10_M_earth_1_F_earth.csv,N2,10_M,1_F,2.2185512124663482e+26,1.577636417753848e+26,0.6666666666666667,24623772.164672107
N2_atmosphere_10_M_earth_1_F_earth.csv,N2,10_M,1_F,2.2185512124663482e+26,1.6043893880409284e+26,0.6767676767676768,24747511.79115403
N2_atmosphere_10_M_earth_1_F_earth.csv,N2,10_M,1_F,2.2185512124663482e+26,1.630854264191283e+26,0.686868686868687,24870026.222523257
N2_atmosphere_10_M_earth_1_F_earth.csv,N2,10_M,1_F,2.2185512124663482e+26,1.6570145836828133e+26,0.696969696969697,24991345.343507405
N2_atmosphere_10_M_earth_1_F_earth.csv,N2,10_M,1_F,2.2185512124663482e+26,1.682853883993421e+26,0.7070707070707072,25111497.88932214
N2_atmosphere_10_M_earth_1_F_earth.csv,N2,10_M,1_F,2.2185512124663482e+26,1.708355702601007e+26,0.7171717171717172,25230511.505604777
N2_atmosphere_10_M_earth_1_F_earth.csv,N2,10_M,1_F,2.2185512124663482e+26,1.7335035769834723e+26,0.7272727272727273,25348412.804426525
N2_atmosphere_10_M_earth_1_F_earth.csv,N2,10_M,1_F,2.2185512124663482e+26,1.75828104461872e+26,0.7373737373737375,25465227.41669055
N2_atmosphere_10_M_earth_1_F_earth.csv,N2,10_M,1_F,2.2185512124663482e+26,1.78267164298465e+26,0.7474747474747475,25580980.041195236
N2_atmosphere_10_M_earth_1_F_earth.csv,N2,10_M,1_F,2.2185512124663482e+26,1.8066589095591647e+26,0.7575757575757577,25695694.49061689
N2_atmosphere_10_M_earth_1_F_earth.csv,N2,10_M,1_F,2.2185512124663482e+26,1.830226381820164e+26,0.7676767676767677,25809393.734643586
N2_atmosphere_10_M_earth_1_F_earth.csv,N2,10_M,1_F,2.2185512124663482e+26,1.8533575972455502e+26,0.7777777777777778,25922099.94047178
N2_atmosphere_10_M_earth_1_F_earth.csv,N2,10_M,1_F,2.2185512124663482e+26,1.876036093313225e+26,0.787878787878788,26033834.510858823
N2_atmosphere_10_M_earth_1_F_earth.csv,N2,10_M,1_F,2.2185512124663482e+26,1.8982454075010892e+26,0.797979797979798,26144618.119908348
N2_atmosphere_10_M_earth_1_F_earth.csv,N2,10_M,1_F,2.2185512124663482e+26,1.919969077287045e+26,0.8080808080808082,26254470.746750373
N2_atmosphere_10_M_earth_1_F_earth.csv,N2,10_M,1_F,2.2185512124663482e+26,1.941190640148993e+26,0.8181818181818182,26363411.70726468
N2_atmosphere_10_M_earth_1_F_earth.csv,N2,10_M,1_F,2.2185512124663482e+26,1.961893633564835e+26,0.8282828282828284,26471459.683983877
N2_atmosphere_10_M_earth_1_F_earth.csv,N2,10_M,1_F,2.2185512124663482e+26,1.9820615950124708e+26,0.8383838383838385,26578632.754301302
N2_atmosphere_10_M_earth_1_F_earth.csv,N2,10_M,1_F,2.2185512124663482e+26,2.0016780619698052e+26,0.8484848484848485,26684948.41709922
N2_atmosphere_10_M_earth_1_F_earth.csv,N2,10_M,1_F,2.2185512124663482e+26,2.0207265719147363e+26,0.8585858585858587,26790423.617903356
N2_atmosphere_10_M_earth_1_F_earth.csv,N2,10_M,1_F,2.2185512124663482e+26,2.0391906623251677e+26,0.8686868686868687,26895074.77266163
N2_atmosphere_10_M_earth_1_F_earth.csv,N2,10_M,1_F,2.2185512124663482e+26,2.0570538706789995e+26,0.8787878787878789,26998917.790237512
N2_atmosphere_10_M_earth_1_F_earth.csv,N2,10_M,1_F,2.2185512124663482e+26,2.0742997344541327e+26,0.888888888888889,27101968.093701288
N2_atmosphere_10_M_earth_1_F_earth.csv,N2,10_M,1_F,2.2185512124663482e+26,2.090911791128471e+26,0.8989898989898991,27204240.64049644
N2_atmosphere_10_M_earth_1_F_earth.csv,N2,10_M,1_F,2.2185512124663482e+26,2.1068735781799134e+26,0.9090909090909092,27305749.94155245
N2_atmosphere_10_M_earth_1_F_earth.csv,N2,10_M,1_F,2.2185512124663482e+26,2.122168633086362e+26,0.9191919191919192,27406510.079410166
N2_atmosphere_10_M_earth_1_F_earth.csv,N2,10_M,1_F,2.2185512124663482e+26,2.1367804933257187e+26,0.9292929292929294,27506534.72542098
N2_atmosphere_10_M_earth_1_F_earth.csv,N2,10_M,1_F,2.2185512124663482e+26,2.1506926963758842e+26,0.9393939393939394,27605837.156076673
N2_atmosphere_10_M_earth_1_F_earth.csv,N2,10_M,1_F,2.2185512124663482e+26,2.1638887797147614e+26,0.9494949494949496,27704430.26852267
N2_atmosphere_10_M_earth_1_F_earth.csv,N2,10_M,1_F,2.2185512124663482e+26,2.176352280820249e+26,0.9595959595959597,27802326.59530385
N2_atmosphere_10_M_earth_1_F_earth.csv,N2,10_M,1_F,2.2185512124663482e+26,2.1880667371702506e+26,0.9696969696969697,27899538.31838847
N2_atmosphere_10_M_earth_1_F_earth.csv,N2,10_M,1_F,2.2185512124663482e+26,2.199015686242666e+26,0.9797979797979799,27996077.28251264
N2_atmosphere_10_M_earth_1_F_earth.csv,N2,10_M,1_F,2.2185512124663482e+26,2.209182665515398e+26,0.98989898989899,28091955.00788501
N2_atmosphere_10_M_earth_1000_F_earth.csv,N2,10_M,1000_F,2.1936755731333893e+26,0.0,0.0,0.0
N2_atmosphere_10_M_earth_1000_F_earth.csv,N2,10_M,1000_F,2.1936755731333893e+26,9.263501552981866e+23,0.010101010101010102,6093122.912526494
N2_atmosphere_10_M_earth_1000_F_earth.csv,N2,10_M,1000_F,2.1936755731333893e+26,1.931648295716236e+24,0.020202020202020204,7676853.817088888
N2_atmosphere_10_M_earth_1000_F_earth.csv,N2,10_M,1000_F,2.1936755731333893e+26,3.0142666277465225e+24,0.030303030303030304,8787803.902421562
N2_atmosphere_10_M_earth_1000_F_earth.csv,N2,10_M,1000_F,2.1936755731333893e+26,4.17257735788142e+24,0.04040404040404041,9672229.721116096
N2_atmosphere_10_M_earth_1000_F_earth.csv,N2,10_M,1000_F,2.1936755731333893e+26,5.404952692613303e+24,0.05050505050505051,10419093.620564966
N2_atmosphere_10_M_earth_1000_F_earth.csv,N2,10_M,1000_F,2.1936755731333893e+26,6.709764838434544e+24,0.06060606060606061,11071939.119009238
N2_atmosphere_10_M_earth_1000_F_earth.csv,N2,10_M,1000_F,2.1936755731333893e+26,8.085386001837519e+24,0.07070707070707072,11655724.819836851
N2_atmosphere_10_M_earth_1000_F_earth.csv,N2,10_M,1000_F,2.1936755731333893e+26,9.530188389314599e+24,0.08080808080808081,12186245.825052988
N2_atmosphere_10_M_earth_1000_F_earth.csv,N2,10_M,1000_F,2.1936755731333893e+26,1.104254420735816e+25,0.09090909090909091,12674206.402213262
N2_atmosphere_10_M_earth_1000_F_earth.csv,N2,10_M,1000_F,2.1936755731333893e+26,1.2620825662460578e+25,0.10101010101010102,13127235.373375187
N2_atmosphere_10_M_earth_1000_F_earth.csv,N2,10_M,1000_F,2.1936755731333893e+26,1.4263404961114222e+25,0.11111111111111112,13550984.046850646
N2_atmosphere_10_M_earth_1000_F_earth.csv,N2,10_M,1000_F,2.1936755731333893e+26,1.596865430981147e+25,0.12121212121212122,13949769.159194235
N2_atmosphere_10_M_earth_1000_F_earth.csv,N2,10_M,1000_F,2.1936755731333893e+26,1.7734945915044696e+25,0.13131313131313133,14326971.260769676
N2_atmosphere_10_M_earth_1000_F_earth.csv,N2,10_M,1000_F,2.1936755731333893e+26,1.9560651983306273e+25,0.14141414141414144,14685293.052294577
N2_atmosphere_10_M_earth_1000_F_earth.csv,N2,10_M,1000_F,2.1936755731333893e+26,2.1444144721088564e+25,0.15151515151515152,15026933.297252482
N2_atmosphere_10_M_earth_1000_F_earth.csv,N2,10_M,1000_F,2.1936755731333893e+26,2.3383796334883964e+25,0.16161616161616163,15353707.634177776
N2_atmosphere_10_M_earth_1000_F_earth.csv,N2,10_M,1000_F,2.1936755731333893e+26,2.5377979031184835e+25,0.17171717171717174,15667134.774597265
N2_atmosphere_10_M_earth_1000_F_earth.csv,N2,10_M,1000_F,2.1936755731333893e+26,2.7425065016483547e+25,0.18181818181818182,15968499.436860856
N2_atmosphere_10_M_earth_1000_F_earth.csv,N2,10_M,1000_F,2.1936755731333893e+26,2.9523426497272483e+25,0.19191919191919193,16258899.225651156
N2_atmosphere_10_M_earth_1000_F_earth.csv,N2,10_M,1000_F,2.1936755731333893e+26,3.1671435680044023e+25,0.20202020202020204,16539280.173839983
N2_atmosphere_10_M_earth_1000_F_earth.csv,N2,10_M,1000_F,2.1936755731333893e+26,3.3867464771290514e+25,0.21212121212121213,16810464.113031093
N2_atmosphere_10_M_earth_1000_F_earth.csv,N2,10_M,1000_F,2.1936755731333893e+26,3.610988597750436e+25,0.22222222222222224,17073170.047416743
N2_atmosphere_10_M_earth_1000_F_earth.csv,N2,10_M,1000_F,2.1936755731333893e+26,3.839707150517791e+25,0.23232323232323235,17328031.055111095
N2_atmosphere_10_M_earth_1000_F_earth.csv,N2,10_M,1000_F,2.1936755731333893e+26,4.072739356080357e+25,0.24242424242424243,17575607.80484312
N2_atmosphere_10_M_earth_1000_F_earth.csv,N2,10_M,1000_F,2.1936755731333893e+26,4.309922435087368e+25,0.25252525252525254,17816399.47733871
N2_atmosphere_10_M_earth_1000_F_earth.csv,N2,10_M,1000_F,2.1936755731333893e+26,4.551093608188062e+25,0.26262626262626265,18050852.672682606
N2_atmosphere_10_M_earth_1000_F_earth.csv,N2,10_M,1000_F,2.1936755731333893e+26,4.796090096031678e+25,0.27272727272727276,18279368.737579484
N2_atmosphere_10_M_earth_1000_F_earth.csv,N2,10_M,1000_F,2.1936755731333893e+26,5.044749119267454e+25,0.2828282828282829,18502309.84046087
N2_atmosphere_10_M_earth_1000_F_earth.csv,N2,10_M,1000_F,2.1936755731333893e+26,5.296907898544623e+25,0.29292929292929293,18720004.0451271
N2_atmosphere_10_M_earth_1000_F_earth.csv,N2,10_M,1000_F,2.1936755731333893e+26,5.552403654512427e+25,0.30303030303030304,18932749.576574575
N2_atmosphere_10_M_earth_1000_F_earth.csv,N2,10_M,1000_F,2.1936755731333893e+26,5.811073607820102e+25,0.31313131313131315,19140818.430053424
N2_atmosphere_10_M_earth_1000_F_earth.csv,N2,10_M,1000_F,2.1936755731333893e+26,6.072754979116887e+25,0.32323232323232326,19344459.44223219
N2_atmosphere_10_M_earth_1000_F_earth.csv,N2,10_M,1000_F,2.1936755731333893e+26,6.337284989052014e+25,0.33333333333333337,19543900.918812886
N2_atmosphere_10_M_earth_1000_F_earth.csv,N2,10_M,1000_F,2.1936755731333893e+26,6.604500858274726e+25,0.3434343434343435,19739352.89405506
N2_atmosphere_10_M_earth_1000_F_earth.csv,N2,10_M,1000_F,2.1936755731333893e+26,6.874239807434259e+25,0.3535353535353536,19931009.08300359
N2_atmosphere_10_M_earth_1000_F_earth.csv,N2,10_M,1000_F,2.1936755731333893e+26,7.146339057179847e+25,0.36363636363636365,20119048.57573542
N2_atmosphere_10_M_earth_1000_F_earth.csv,N2,10_M,1000_F,2.1936755731333893e+26,7.420635828160733e+25,0.37373737373737376,20303637.313885417
N2_atmosphere_10_M_earth_1000_F_earth.csv,N2,10_M,1000_F,2.1936755731333893e+26,7.696967341026152e+25,0.38383838383838387,20484929.382517345
N2_atmosphere_10_M_earth_1000_F_earth.csv,N2,10_M,1000_F,2.1936755731333893e+26,7.975170816425338e+25,0.393939393939394,20663068.144651655
N2_atmosphere_10_M_earth_1000_F_earth.csv,N2,10_M,1000_F,2.1936755731333893e+26,8.255083475007533e+25,0.4040404040404041,20838187.24112993
N2_atmosphere_10_M_earth_1000_F_earth.csv,N2,10_M,1000_F,2.1936755731333893e+26,8.536542537421972e+25,0.4141414141414142,21010411.474744894
N2_atmosphere_10_M_earth_1000_F_earth.csv,N2,10_M,1000_F,2.1936755731333893e+26,8.819385224317893e+25,0.42424242424242425,21179857.59451022
N2_atmosphere_10_M_earth_1000_F_earth.csv,N2,10_M,1000_F,2.1936755731333893e+26,9.103448756344536e+25,0.43434343434343436,21346634.99344323
N2_atmosphere_10_M_earth_1000_F_earth.csv,N2,10_M,1000_F,2.1936755731333893e+26,9.388570354151132e+25,0.4444444444444445,21510846.331175003
N2_atmosphere_10_M_earth_1000_F_earth.csv,N2,10_M,1000_F,2.1936755731333893e+26,9.674587238386927e+25,0.4545454545454546,21672588.09100048
N2_atmosphere_10_M_earth_1000_F_earth.csv,N2,10_M,1000_F,2.1936755731333893e+26,9.96133662970115e+25,0.4646464646464647,21831951.07956654
N2_atmosphere_10_M_earth_1000_F_earth.csv,N2,10_M,1000_F,2.1936755731333893e+26,1.0248655748743044e+26,0.4747474747474748,21989020.876216255
N2_atmosphere_10_M_earth_1000_F_earth.csv,N2,10_M,1000_F,2.1936755731333893e+26,1.053638181616184e+26,0.48484848484848486,22143878.23801847
N2_atmosphere_10_M_earth_1000_F_earth.csv,N2,10_M,1000_F,2.1936755731333893e+26,1.0824352052606787e+26,0.494949494949495,22296599.46568
N2_atmosphere_10_M_earth_1000_F_earth.csv,N2,10_M,1000_F,2.1936755731333893e+26,1.1112403678727111e+26,0.5050505050505051,22447256.73483506
N2_atmosphere_10_M_earth_1000_F_earth.csv,N2,10_M,1000_F,2.1936755731333893e+26,1.1400373915172055e+26,0.5151515151515152,22595918.39661116
N2_atmosphere_10_M_earth_1000_F_earth.csv,N2,10_M,1000_F,2.1936755731333893e+26,1.1688099982590855e+26,0.5252525252525253,22742649.250863943
N2_atmosphere_10_M_earth_1000_F_earth.csv,N2,10_M,1000_F,2.1936755731333893e+26,1.1975419101632747e+26,0.5353535353535354,22887510.795041274
N2_atmosphere_10_M_earth_1000_F_earth.csv,N2,10_M,1000_F,2.1936755731333893e+26,1.2262168492946974e+26,0.5454545454545455,23030561.451266665
N2_atmosphere_10_M_earth_1000_F_earth.csv,N2,10_M,1000_F,2.1936755731333893e+26,1.2548185377182763e+26,0.5555555555555556,23171856.773914248
N2_atmosphere_10_M_earth_1000_F_earth.csv,N2,10_M,1000_F,2.1936755731333893e+26,1.2833306974989365e+26,0.5656565656565657,23311449.639673702
N2_atmosphere_10_M_earth_1000_F_earth.csv,N2,10_M,1000_F,2.1936755731333893e+26,1.3117370507016002e+26,0.5757575757575758,23449390.421866834
N2_atmosphere_10_M_earth_1000_F_earth.csv,N2,10_M,1000_F,2.1936755731333893e+26,1.3400213193911927e+26,0.5858585858585859,23585727.15057281
N2_atmosphere_10_M_earth_1000_F_earth.csv,N2,10_M,1000_F,2.1936755731333893e+26,1.3681672256326362e+26,0.595959595959596,23720505.659940884
N2_atmosphere_10_M_earth_1000_F_earth.csv,N2,10_M,1000_F,2.1936755731333893e+26,1.3961584914908557e+26,0.6060606060606061,23853769.723914552
N2_atmosphere_10_M_earth_1000_F_earth.csv,N2,10_M,1000_F,2.1936755731333893e+26,1.4239788390307747e+26,0.6161616161616162,23985561.181455854
N2_atmosphere_10_M_earth_1000_F_earth.csv,N2,10_M,1000_F,2.1936755731333893e+26,1.451611990317316e+26,0.6262626262626263,24115920.052240048
N2_atmosphere_10_M_earth_1000_F_earth.csv,N2,10_M,1000_F,2.1936755731333893e+26,1.4790416674154052e+26,0.6363636363636365,24244884.643687204
N2_atmosphere_10_M_earth_1000_F_earth.csv,N2,10_M,1000_F,2.1936755731333893e+26,1.5062515923899639e+26,0.6464646464646465,24372491.650105976
N2_atmosphere_10_M_earth_1000_F_earth.csv,N2,10_M,1000_F,2.1936755731333893e+26,1.5332254873059173e+26,0.6565656565656566,24498776.24464446
N2_atmosphere_10_M_earth_1000_F_earth.csv,N2,10_M,1000_F,2.1936755731333893e+26,1.5599470742281884e+26,0.6666666666666667,24623772.164672107
N2_atmosphere_10_M_earth_1000_F_earth.csv,N2,10_M,1000_F,2.1936755731333893e+26,1.586400075221701e+26,0.6767676767676768,24747511.79115403
N2_atmosphere_10_M_earth_1000_F_earth.csv,N2,10_M,1000_F,2.1936755731333893e+26,1.6125682123513795e+26,0.686868686868687,24870026.222523257
N2_atmosphere_10_M_earth_1000_F_earth.csv,N2,10_M,1000_F,2.1936755731333893e+26,1.638435207682147e+26,0.696969696969697,24991345.343507405
N2_atmosphere_10_M_earth_1000_F_earth.csv,N2,10_M,1000_F,2.1936755731333893e+26,1.663984783278927e+26,0.7070707070707072,25111497.88932214
N2_atmosphere_10_M_earth_1000_F_earth.csv,N2,10_M,1000_F,2.1936755731333893e+26,1.6892006612066445e+26,0.7171717171717172,25230511.505604777
N2_atmosphere_10_M_earth_1000_F_earth.csv,N2,10_M,1000_F,2.1936755731333893e+26,1.7140665635302213e+26,0.7272727272727273,25348412.804426525
N2_atmosphere_10_M_earth_1000_F_earth.csv,N2,10_M,1000_F,2.1936755731333893e+26,1.7385662123145835e+26,0.7373737373737375,25465227.41669055
N2_atmosphere_10_M_earth_1000_F_earth.csv,N2,10_M,1000_F,2.1936755731333893e+26,1.762683329624653e+26,0.7474747474747475,25580980.041195236
N2_atmosphere_10_M_earth_1000_F_earth.csv,N2,10_M,1000_F,2.1936755731333893e+26,1.7864016375253544e+26,0.7575757575757577,25695694.49061689
N2_atmosphere_10_M_earth_1000_F_earth.csv,N2,10_M,1000_F,2.1936755731333893e+26,1.809704858081611e+26,0.7676767676767677,25809393.734643586
N2_atmosphere_10_M_earth_1000_F_earth.csv,N2,10_M,1000_F,2.1936755731333893e+26,1.832576713358346e+26,0.7777777777777778,25922099.94047178
N2_atmosphere_10_M_earth_1000_F_earth.csv,N2,10_M,1000_F,2.1936755731333893e+26,1.8550009254204844e+26,0.787878787878788,26033834.510858823
N2_atmosphere_10_M_earth_1000_F_earth.csv,N2,10_M,1000_F,2.1936755731333893e+26,1.876961216332949e+26,0.797979797979798,26144618.119908348
N2_atmosphere_10_M_earth_1000_F_earth.csv,N2,10_M,1000_F,2.1936755731333893e+26,1.898441308160665e+26,0.8080808080808082,26254470.746750373
N2_atmosphere_10_M_earth_1000_F_earth.csv,N2,10_M,1000_F,2.1936755731333893e+26,1.9194249229685545e+26,0.8181818181818182,26363411.70726468
N2_atmosphere_10_M_earth_1000_F_earth.csv,N2,10_M,1000_F,2.1936755731333893e+26,1.939895782821542e+26,0.8282828282828284,26471459.683983877
N2_atmosphere_10_M_earth_1000_F_earth.csv,N2,10_M,1000_F,2.1936755731333893e+26,1.9598376097845493e+26,0.8383838383838385,26578632.754301302
N2_atmosphere_10_M_earth_1000_F_earth.csv,N2,10_M,1000_F,2.1936755731333893e+26,1.979234125922504e+26,0.8484848484848485,26684948.41709922
N2_atmosphere_10_M_earth_1000_F_earth.csv,N2,10_M,1000_F,2.1936755731333893e+26,1.998069053300327e+26,0.8585858585858587,26790423.617903356
N2_atmosphere_10_M_earth_1000_F_earth.csv,N2,10_M,1000_F,2.1936755731333893e+26,2.0163261139829427e+26,0.8686868686868687,26895074.77266163
N2_atmosphere_10_M_earth_1000_F_earth.csv,N2,10_M,1000_F,2.1936755731333893e+26,2.033989030035275e+26,0.8787878787878789,26998917.790237512
N2_atmosphere_10_M_earth_1000_F_earth.csv,N2,10_M,1000_F,2.1936755731333893e+26,2.051041523522247e+26,0.888888888888889,27101968.093701288
N2_atmosphere_10_M_earth_1000_F_earth.csv,N2,10_M,1000_F,2.1936755731333893e+26,2.067467316508784e+26,0.8989898989898991,27204240.64049644
N2_atmosphere_10_M_earth_1000_F_earth.csv,N2,10_M,1000_F,2.1936755731333893e+26,2.0832501310598084e+26,0.9090909090909092,27305749.94155245
N2_atmosphere_10_M_earth_1000_F_earth.csv,N2,10_M,1000_F,2.1936755731333893e+26,2.0983736892402434e+26,0.9191919191919192,27406510.079410166
N2_atmosphere_10_M_earth_1000_F_earth.csv,N2,10_M,1000_F,2.1936755731333893e+26,2.1128217131150145e+26,0.9292929292929294,27506534.72542098
N2_atmosphere_10_M_earth_1000_F_earth.csv,N2,10_M,1000_F,2.1936755731333893e+26,2.1265779247490443e+26,0.9393939393939394,27605837.156076673
N2_atmosphere_10_M_earth_1000_F_earth.csv,N2,10_M,1000_F,2.1936755731333893e+26,2.1396260462072573e+26,0.9494949494949496,27704430.26852267
N2_atmosphere_10_M_earth_1000_F_earth.csv,N2,10_M,1000_F,2.1936755731333893e+26,2.151949799554576e+26,0.9595959595959597,27802326.59530385
N2_atmosphere_10_M_earth_1000_F_earth.csv,N2,10_M,1000_F,2.1936755731333893e+26,2.1635329068559245e+26,0.9696969696969697,27899538.31838847
N2_atmosphere_10_M_earth_1000_F_earth.csv,N2,10_M,1000_F,2.1936755731333893e+26,2.174359090176227e+26,0.9797979797979799,27996077.28251264
N2_atmosphere_10_M_earth_1000_F_earth.csv,N2,10_M,1000_F,2.1936755731333893e+26,2.1844120715804073e+26,0.98989898989899,28091955.00788501
CO2_atmosphere_1_M_earth_1_F_earth.csv,CO2,1_M,1_F,4.459186361565423e+22,0.0,0.0,0.0
CO2_atmosphere_1_M_earth_1_F_earth.csv,CO2,1_M,1_F,4.459186361565423e+22,1.8830350436183245e+20,0.010101010101010102,2828176.3601431823
CO2_atmosphere_1_M_earth_1_F_earth.csv,CO2,1_M,1_F,4.459186361565423e+22,3.92655132832405e+20,0.020202020202020204,3563278.928959459
CO2_atmosphere_1_M_earth_1_F_earth.csv,CO2,1_M,1_F,4.459186361565423e+22,6.127239962548365e+20,0.030303030303030304,4078936.140170075
CO2_atmosphere_1_M_earth_1_F_earth.csv,CO2,1_M,1_F,4.459186361565423e+22,8.481792054722456e+20,0.04040404040404041,4489450.129242881
CO2_atmosphere_1_M_earth_1_F_earth.csv,CO2,1_M,1_F,4.459186361565423e+22,1.0986898713277514e+21,0.05050505050505051,4836113.548804494
CO2_atmosphere_1_M_earth_1_F_earth.csv,CO2,1_M,1_F,4.459186361565423e+22,1.3639251046644722e+21,0.06060606060606061,5139137.504177222
CO2_atmosphere_1_M_earth_1_F_earth.csv,CO2,1_M,1_F,4.459186361565423e+22,1.643554016325527e+21,0.07070707070707072,5410106.749697608
CO2_atmosphere_1_M_earth_1_F_earth.csv,CO2,1_M,1_F,4.459186361565423e+22,1.9372457171540344e+21,0.08080808080808081,5656352.720286365
CO2_atmosphere_1_M_earth_1_F_earth.csv,CO2,1_M,1_F,4.459186361565423e+22,2.244669317993113e+21,0.09090909090909091,5882843.895471649
CO2_atmosphere_1_M_earth_1_F_earth.csv,CO2,1_M,1_F,4.459186361565423e+22,2.565493929685883e+21,0.10101010101010102,6093121.259820579
CO2_atmosphere_1_M_earth_1_F_earth.csv,CO2,1_M,1_F,4.459186361565423e+22,2.8993886630754606e+21,0.11111111111111112,6289807.917577232
CO2_atmosphere_1_M_earth_1_F_earth.csv,CO2,1_M,1_F,4.459186361565423e+22,3.2460226290049666e+21,0.12121212121212122,6474907.519817084
CO2_atmosphere_1_M_earth_1_F_earth.csv,CO2,1_M,1_F,4.459186361565423e+22,3.605064938317519e+21,0.13131313131313133,6649989.178596498
CO2_atmosphere_1_M_earth_1_F_earth.csv,CO2,1_M,1_F,4.459186361565423e+22,3.976184701856237e+21,0.14141414141414144,6816307.37612235
CO2_atmosphere_1_M_earth_1_F_earth.csv,CO2,1_M,1_F,4.459186361565423e+22,4.3590510304642377e+21,0.15151515151515152,6974882.6877211165
CO2_atmosphere_1_M_earth_1_F_earth.csv,CO2,1_M,1_F,4.459186361565423e+22,4.753333034984643e+21,0.16161616161616163,7126557.857918918
CO2_atmosphere_1_M_earth_1_F_earth.csv,CO2,1_M,1_F,4.459186361565423e+22,5.158699826260569e+21,0.17171717171717174,7272037.8099709805
CO2_atmosphere_1_M_earth_1_F_earth.csv,CO2,1_M,1_F,4.459186361565423e+22,5.574820515135135e+21,0.18181818181818182,7411918.8571502855
CO2_atmosphere_1_M_earth_1_F_earth.csv,CO2,1_M,1_F,4.459186361565423e+22,6.00136421245146e+21,0.19191919191919193,7546710.4622824965
CO2_atmosphere_1_M_earth_1_F_earth.csv,CO2,1_M,1_F,4.459186361565423e+22,6.438000029052665e+21,0.20202020202020204,7676851.734809916
CO2_atmosphere_1_M_earth_1_F_earth.csv,CO2,1_M,1_F,4.459186361565423e+22,6.884397075781862e+21,0.21212121212121213,7802724.135068584
CO2_atmosphere_1_M_earth_1_F_earth.csv,CO2,1_M,1_F,4.459186361565423e+22,7.340224463482179e+21,0.22222222222222224,7924661.395150992
CO2_atmosphere_1_M_earth_1_F_earth.csv,CO2,1_M,1_F,4.459186361565423e+22,7.805151302996727e+21,0.23232323232323235,8042957.363807986
CO2_atmosphere_1_M_earth_1_F_earth.csv,CO2,1_M,1_F,4.459186361565423e+22,8.278846705168631e+21,0.24242424242424243,8157872.28034015
CO2_atmosphere_1_M_earth_1_F_earth.csv,CO2,1_M,1_F,4.459186361565423e+22,8.760979780841005e+21,0.25252525252525254,8269637.843852963
CO2_atmosphere_1_M_earth_1_F_earth.csv,CO2,1_M,1_F,4.459186361565423e+22,9.251219640856967e+21,0.26262626262626265,8378461.347686845
CO2_atmosphere_1_M_earth_1_F_earth.csv,CO2,1_M,1_F,4.459186361565423e+22,9.74923539605964e+21,0.27272727272727276,8484529.080429548
CO2_atmosphere_1_M_earth_1_F_earth.csv,CO2,1_M,1_F,4.459186361565423e+22,1.0254696157292144e+22,0.2828282828282829,8588009.14573024
CO2_atmosphere_1_M_earth_1_F_earth.csv,CO2,1_M,1_F,4.459186361565423e+22,1.076727103539759e+22,0.29292929292929293,8689053.817274855
CO2_atmosphere_1_M_earth_1_F_earth.csv,CO2,1_M,1_F,4.459186361565423e+22,1.1286629141219102e+22,0.30303030303030304,8787801.518807163
CO2_atmosphere_1_M_earth_1_F_earth.csv,CO2,1_M,1_F,4.459186361565423e+22,1.18124395855998e+22,0.31313131313131315,8884378.499304505
CO2_atmosphere_1_M_earth_1_F_earth.csv,CO2,1_M,1_F,4.459186361565423e+22,1.2344371479382803e+22,0.32323232323232326,8978900.25848576
CO2_atmosphere_1_M_earth_1_F_earth.csv,CO2,1_M,1_F,4.459186361565423e+22,1.2882093933411223e+22,0.33333333333333337,9071472.766441898
CO2_atmosphere_1_M_earth_1_F_earth.csv,CO2,1_M,1_F,4.459186361565423e+22,1.3425276058528184e+22,0.3434343434343435,9162193.512413852
CO2_atmosphere_1_M_earth_1_F_earth.csv,CO2,1_M,1_F,4.459186361565423e+22,1.3973586965576808e+22,0.3535353535353536,9251152.410936156
CO2_atmosphere_1_M_earth_1_F_earth.csv,CO2,1_M,1_F,4.459186361565423e+22,1.4526695765400206e+22,0.36363636363636365,9338432.588236397
CO2_atmosphere_1_M_earth_1_F_earth.csv,CO2,1_M,1_F,4.459186361565423e+22,1.5084271568841504e+22,0.37373737373737376,9424111.067577628
CO2_atmosphere_1_M_earth_1_F_earth.csv,CO2,1_M,1_F,4.459186361565423e+22,1.564598348674382e+22,0.38383838383838387,9508259.368891587
CO2_atmosphere_1_M_earth_1_F_earth.csv,CO2,1_M,1_F,4.459186361565423e+22,1.6211500629950263e+22,0.393939393939394,9590944.035379715
CO2_atmosphere_1_M_earth_1_F_earth.csv,CO2,1_M,1_F,4.459186361565423e+22,1.6780492109303964e+22,0.4040404040404041,9672227.097608987
CO2_atmosphere_1_M_earth_1_F_earth.csv,CO2,1_M,1_F,4.459186361565423e+22,1.7352627035648033e+22,0.4141414141414142,9752166.4838886
CO2_atmosphere_1_M_earth_1_F_earth.csv,CO2,1_M,1_F,4.459186361565423e+22,1.7927574519825595e+22,0.42424242424242425,9830816.384295678
CO2_atmosphere_1_M_earth_1_F_earth.csv,CO2,1_M,1_F,4.459186361565423e+22,1.8505003672679767e+22,0.43434343434343436,9908227.57455721
CO2_atmosphere_1_M_earth_1_F_earth.csv,CO2,1_M,1_F,4.459186361565423e+22,1.9084583605053665e+22,0.4444444444444445,9984447.705040008
CO2_atmosphere_1_M_earth_1_F_earth.csv,CO2,1_M,1_F,4.459186361565423e+22,1.9665983427790414e+22,0.4545454545454546,10059521.559310362
CO2_atmosphere_1_M_earth_1_F_earth.csv,CO2,1_M,1_F,4.459186361565423e+22,2.0248872251733125e+22,0.4646464646464647,10133491.286068657
CO2_atmosphere_1_M_earth_1_F_earth.csv,CO2,1_M,1_F,4.459186361565423e+22,2.0832919187724916e+22,0.4747474747474748,10206396.607716441
CO2_atmosphere_1_M_earth_1_F_earth.csv,CO2,1_M,1_F,4.459186361565423e+22,2.1417793346608912e+22,0.48484848484848486,10278275.008354444
CO2_atmosphere_1_M_earth_1_F_earth.csv,CO2,1_M,1_F,4.459186361565423e+22,2.2003163839228237e+22,0.494949494949495,10349161.903623931
CO2_atmosphere_1_M_earth_1_F_earth.csv,CO2,1_M,1_F,4.459186361565423e+22,2.2588699776426e+22,0.5050505050505051,10419090.7944776
CO2_atmosphere_1_M_earth_1_F_earth.csv,CO2,1_M,1_F,4.459186361565423e+22,2.317407026904532e+22,0.5151515151515152,10488093.406689873
CO2_atmosphere_1_M_earth_1_F_earth.csv,CO2,1_M,1_F,4.459186361565423e+22,2.375894442792932e+22,0.5252525252525253,10556199.817681223
CO2_atmosphere_1_M_earth_1_F_earth.csv,CO2,1_M,1_F,4.459186361565423e+22,2.434299136392111e+22,0.5353535353535354,10623438.57203064
CO2_atmosphere_1_M_earth_1_F_earth.csv,CO2,1_M,1_F,4.459186361565423e+22,2.4925880187863825e+22,0.5454545454545455,10689836.786878379
CO2_atmosphere_1_M_earth_1_F_earth.csv,CO2,1_M,1_F,4.459186361565423e+22,2.550728001060057e+22,0.5555555555555556,10755420.24827371
CO2_atmosphere_1_M_earth_1_F_earth.csv,CO2,1_M,1_F,4.459186361565423e+22,2.6086859942974475e+22,0.5656565656565657,10820213.499395216
CO2_atmosphere_1_M_earth_1_F_earth.csv,CO2,1_M,1_F,4.459186361565423e+22,2.6664289095828636e+22,0.5757575757575758,10884239.921461353
CO2_atmosphere_1_M_earth_1_F_earth.csv,CO2,1_M,1_F,4.459186361565423e+22,2.7239236580006204e+22,0.5858585858585859,10947521.80805399
CO2_atmosphere_1_M_earth_1_F_earth.csv,CO2,1_M,1_F,4.459186361565423e+22,2.781137150635027e+22,0.595959595959596,11010080.433494892
CO2_atmosphere_1_M_earth_1_F_earth.csv,CO2,1_M,1_F,4.459186361565423e+22,2.838036298570397e+22,0.6060606060606061,11071936.115843283
CO2_atmosphere_1_M_earth_1_F_earth.csv,CO2,1_M,1_F,4.459186361565423e+22,2.894588012891042e+22,0.6161616161616162,11133108.275019795
CO2_atmosphere_1_M_earth_1_F_earth.csv,CO2,1_M,1_F,4.459186361565423e+22,2.950759204681272e+22,0.6262626262626263,11193615.48650717
CO2_atmosphere_1_M_earth_1_F_earth.csv,CO2,1_M,1_F,4.459186361565423e+22,3.006516785025403e+22,0.6363636363636365,11253475.531029912
CO2_atmosphere_1_M_earth_1_F_earth.csv,CO2,1_M,1_F,4.459186361565423e+22,3.0618276650077427e+22,0.6464646464646465,11312705.44057273
CO2_atmosphere_1_M_earth_1_F_earth.csv,CO2,1_M,1_F,4.459186361565423e+22,3.116658755712605e+22,0.6565656565656566,11371321.541060338
CO2_atmosphere_1_M_earth_1_F_earth.csv,CO2,1_M,1_F,4.459186361565423e+22,3.1709769682243012e+22,0.6666666666666667,11429339.491988225
CO2_atmosphere_1_M_earth_1_F_earth.csv,CO2,1_M,1_F,4.459186361565423e+22,3.224749213627143e+22,0.6767676767676768,11486774.32326492
CO2_atmosphere_1_M_earth_1_F_earth.csv,CO2,1_M,1_F,4.459186361565423e+22,3.2779424030054435e+22,0.686868686868687,11543640.469500456
CO2_atmosphere_1_M_earth_1_F_earth.csv,CO2,1_M,1_F,4.459186361565423e+22,3.330523447443513e+22,0.696969696969697,11599951.801952872
CO2_atmosphere_1_M_earth_1_F_earth.csv,CO2,1_M,1_F,4.459186361565423e+22,3.382459258025664e+22,0.7070707070707072,11655721.658324167
CO2_atmosphere_1_M_earth_1_F_earth.csv,CO2,1_M,1_F,4.459186361565423e+22,3.4337167458362095e+22,0.7171717171717172,11710962.87057901
CO2_atmosphere_1_M_earth_1_F_earth.csv,CO2,1_M,1_F,4.459186361565423e+22,3.4842628219594584e+22,0.7272727272727273,11765687.790943298
CO2_atmosphere_1_M_earth_1_F_earth.csv,CO2,1_M,1_F,4.459186361565423e+22,3.5340643974797265e+22,0.7373737373737375,11819908.316225205
CO2_atmosphere_1_M_earth_1_F_earth.csv,CO2,1_M,1_F,4.459186361565423e+22,3.583088383481323e+22,0.7474747474747475,11873635.910588298
CO2_atmosphere_1_M_earth_1_F_earth.csv,CO2,1_M,1_F,4.459186361565423e+22,3.6313016910485614e+22,0.7575757575757577,11926881.62689482
CO2_atmosphere_1_M_earth_1_F_earth.csv,CO2,1_M,1_F,4.459186361565423e+22,3.678671231265751e+22,0.7676767676767677,11979656.126726652
CO2_atmosphere_1_M_earth_1_F_earth.csv,CO2,1_M,1_F,4.459186361565423e+22,3.725163915217205e+22,0.7777777777777778,12031969.69918215
CO2_atmosphere_1_M_earth_1_F_earth.csv,CO2,1_M,1_F,4.459186361565423e+22,3.770746653987237e+22,0.787878787878788,12083832.278538581
CO2_atmosphere_1_M_earth_1_F_earth.csv,CO2,1_M,1_F,4.459186361565423e+22,3.815386358660156e+22,0.797979797979798,12135253.460862195
CO2_atmosphere_1_M_earth_1_F_earth.csv,CO2,1_M,1_F,4.459186361565423e+22,3.859049940320278e+22,0.8080808080808082,12186242.519641157
CO2_atmosphere_1_M_earth_1_F_earth.csv,CO2,1_M,1_F,4.459186361565423e+22,3.90170431005191e+22,0.8181818181818182,12236808.420510225
CO2_atmosphere_1_M_earth_1_F_earth.csv,CO2,1_M,1_F,4.459186361565423e+22,3.9433163789393675e+22,0.8282828282828284,12286959.835130518
CO2_atmosphere_1_M_earth_1_F_earth.csv,CO2,1_M,1_F,4.459186361565423e+22,3.983853058066958e+22,0.8383838383838385,12336705.15428247
CO2_atmosphere_1_M_earth_1_F_earth.csv,CO2,1_M,1_F,4.459186361565423e+22,4.0232812585189995e+22,0.8484848484848485,12386052.500225531
CO2_atmosphere_1_M_earth_1_F_earth.csv,CO2,1_M,1_F,4.459186361565423e+22,4.061567891379799e+22,0.8585858585858587,12435009.73837386
CO2_atmosphere_1_M_earth_1_F_earth.csv,CO2,1_M,1_F,4.459186361565423e+22,4.098679867733671e+22,0.8686868686868687,12483584.488333452
CO2_atmosphere_1_M_earth_1_F_earth.csv,CO2,1_M,1_F,4.459186361565423e+22,4.134584098664927e+22,0.8787878787878789,12531784.134342607
CO2_atmosphere_1_M_earth_1_F_earth.csv,CO2,1_M,1_F,4.459186361565423e+22,4.169247495257877e+22,0.888888888888889,12579615.835154464
CO2_atmosphere_1_M_earth_1_F_earth.csv,CO2,1_M,1_F,4.459186361565423e+22,4.202636968596835e+22,0.8989898989898991,12627086.533397403
CO2_atmosphere_1_M_earth_1_F_earth.csv,CO2,1_M,1_F,4.459186361565423e+22,4.234719429766113e+22,0.9090909090909092,12674202.964446422
CO2_atmosphere_1_M_earth_1_F_earth.csv,CO2,1_M,1_F,4.459186361565423e+22,4.265461789850019e+22,0.9191919191919192,12720971.664836187
CO2_atmosphere_1_M_earth_1_F_earth.csv,CO2,1_M,1_F,4.459186361565423e+22,4.294830959932871e+22,0.9292929292929294,12767398.98024417
CO2_atmosphere_1_M_earth_1_F_earth.csv,CO2,1_M,1_F,4.459186361565423e+22,4.322793851098976e+22,0.9393939393939394,12813491.073070299
CO2_atmosphere_1_M_earth_1_F_earth.csv,CO2,1_M,1_F,4.459186361565423e+22,4.34931737443265e+22,0.9494949494949496,12859253.929637572
CO2_atmosphere_1_M_earth_1_F_earth.csv,CO2,1_M,1_F,4.459186361565423e+22,4.3743684410182e+22,0.9595959595959597,12904693.367036445
CO2_atmosphere_1_M_earth_1_F_earth.csv,CO2,1_M,1_F,4.459186361565423e+22,4.39791396193994e+22,0.9696969696969697,12949815.039634168
CO2_atmosphere_1_M_earth_1_F_earth.csv,CO2,1_M,1_F,4.459186361565423e+22,4.419920848282183e+22,0.9797979797979799,12994624.445268737
CO2_atmosphere_1_M_earth_1_F_earth.csv,CO2,1_M,1_F,4.459186361565423e+22,4.440356011129239e+22,0.98989898989899,13039126.931145886
CO2_atmosphere_1_M_earth_1000_F_earth.csv,CO2,1_M,1000_F,2.4588611033374577e+22,0.0,0.0,0.0
CO2_atmosphere_1_M_earth_1000_F_earth.csv,CO2,1_M,1000_F,2.4588611033374577e+22,1.0383332853908849e+20,0.010101010101010102,2828176.3601431823
CO2_atmosphere_1_M_earth_1000_F_earth.csv,CO2,1_M,1000_F,2.4588611033374577e+22,2.165158293156567e+20,0.020202020202020204,3563278.928959459
CO2_atmosphere_1_M_earth_1000_F_earth.csv,CO2,1_M,1000_F,2.4588611033374577e+22,3.378650451701691e+20,0.030303030303030304,4078936.140170075
CO2_atmosphere_1_M_earth_1000_F_earth.csv,CO2,1_M,1000_F,2.4588611033374577e+22,4.6769851894308995e+20,0.04040404040404041,4489450.129242881
CO2_atmosphere_1_M_earth_1000_F_earth.csv,CO2,1_M,1000_F,2.4588611033374577e+22,6.058337934748837e+20,0.05050505050505051,4836113.548804494
CO2_atmosphere_1_M_earth_1000_F_earth.csv,CO2,1_M,1000_F,2.4588611033374577e+22,7.520884116060144e+20,0.06060606060606061,5139137.504177222
CO2_atmosphere_1_M_earth_1000_F_earth.csv,CO2,1_M,1000_F,2.4588611033374577e+22,9.062799161769468e+20,0.07070707070707072,5410106.749697608
CO2_atmosphere_1_M_earth_1000_F_earth.csv,CO2,1_M,1000_F,2.4588611033374577e+22,1.0682258500281447e+21,0.08080808080808081,5656352.720286365
CO2_atmosphere_1_M_earth_1000_F_earth.csv,CO2,1_M,1000_F,2.4588611033374577e+22,1.2377437560000728e+21,0.09090909090909091,5882843.895471649
CO2_atmosphere_1_M_earth_1000_F_earth.csv,CO2,1_M,1000_F,2.4588611033374577e+22,1.4146511769331958e+21,0.10101010101010102,6093121.259820579
CO2_atmosphere_1_M_earth_1000_F_earth.csv,CO2,1_M,1000_F,2.4588611033374577e+22,1.598765655667977e+21,0.11111111111111112,6289807.917577232
CO2_atmosphere_1_M_earth_1000_F_earth.csv,CO2,1_M,1000_F,2.4588611033374577e+22,1.7899047350448816e+21,0.12121212121212122,6474907.519817084
CO2_atmosphere_1_M_earth_1000_F_earth.csv,CO2,1_M,1000_F,2.4588611033374577e+22,1.9878859579043736e+21,0.13131313131313133,6649989.178596498
CO2_atmosphere_1_M_earth_1000_F_earth.csv,CO2,1_M,1000_F,2.4588611033374577e+22,2.1925268670869178e+21,0.14141414141414144,6816307.37612235
CO2_atmosphere_1_M_earth_1000_F_earth.csv,CO2,1_M,1000_F,2.4588611033374577e+22,2.403645005432977e+21,0.15151515151515152,6974882.6877211165
CO2_atmosphere_1_M_earth_1000_F_earth.csv,CO2,1_M,1000_F,2.4588611033374577e+22,2.621057915783018e+21,0.16161616161616163,7126557.857918918
CO2_atmosphere_1_M_earth_1000_F_earth.csv,CO2,1_M,1000_F,2.4588611033374577e+22,2.844583140977503e+21,0.17171717171717174,7272037.8099709805
CO2_atmosphere_1_M_earth_1000_F_earth.csv,CO2,1_M,1000_F,2.4588611033374577e+22,3.074038223856897e+21,0.18181818181818182,7411918.8571502855
CO2_atmosphere_1_M_earth_1000_F_earth.csv,CO2,1_M,1000_F,2.4588611033374577e+22,3.309240707261665e+21,0.19191919191919193,7546710.4622824965
CO2_atmosphere_1_M_earth_1000_F_earth.csv,CO2,1_M,1000_F,2.4588611033374577e+22,3.5500081340322713e+21,0.20202020202020204,7676851.734809916
CO2_atmosphere_1_M_earth_1000_F_earth.csv,CO2,1_M,1000_F,2.4588611033374577e+22,3.796158047009178e+21,0.21212121212121213,7802724.135068584
CO2_atmosphere_1_M_earth_1000_F_earth.csv,CO2,1_M,1000_F,2.4588611033374577e+22,4.047507989032853e+21,0.22222222222222224,7924661.395150992
CO2_atmosphere_1_M_earth_1000_F_earth.csv,CO2,1_M,1000_F,2.4588611033374577e+22,4.3038755029437577e+21,0.23232323232323235,8042957.363807986
CO2_atmosphere_1_M_earth_1000_F_earth.csv,CO2,1_M,1000_F,2.4588611033374577e+22,4.565078131582359e+21,0.24242424242424243,8157872.28034015
CO2_atmosphere_1_M_earth_1000_F_earth.csv,CO2,1_M,1000_F,2.4588611033374577e+22,4.830933417789118e+21,0.25252525252525254,8269637.843852963
CO2_atmosphere_1_M_earth_1000_F_earth.csv,CO2,1_M,1000_F,2.4588611033374577e+22,5.101258904404501e+21,0.26262626262626265,8378461.347686845
CO2_atmosphere_1_M_earth_1000_F_earth.csv,CO2,1_M,1000_F,2.4588611033374577e+22,5.375872134268973e+21,0.27272727272727276,8484529.080429548
CO2_atmosphere_1_M_earth_1000_F_earth.csv,CO2,1_M,1000_F,2.4588611033374577e+22,5.654590650222998e+21,0.2828282828282829,8588009.14573024
CO2_atmosphere_1_M_earth_1000_F_earth.csv,CO2,1_M,1000_F,2.4588611033374577e+22,5.937231995107038e+21,0.29292929292929293,8689053.817274855
CO2_atmosphere_1_M_earth_1000_F_earth.csv,CO2,1_M,1000_F,2.4588611033374577e+22,6.223613711761559e+21,0.30303030303030304,8787801.518807163
CO2_atmosphere_1_M_earth_1000_F_earth.csv,CO2,1_M,1000_F,2.4588611033374577e+22,6.513553343027028e+21,0.31313131313131315,8884378.499304505
CO2_atmosphere_1_M_earth_1000_F_earth.csv,CO2,1_M,1000_F,2.4588611033374577e+22,6.806868431743906e+21,0.32323232323232326,8978900.25848576
CO2_atmosphere_1_M_earth_1000_F_earth.csv,CO2,1_M,1000_F,2.4588611033374577e+22,7.103376520752656e+21,0.33333333333333337,9071472.766441898
CO2_atmosphere_1_M_earth_1000_F_earth.csv,CO2,1_M,1000_F,2.4588611033374577e+22,7.402895152893746e+21,0.3434343434343435,9162193.512413852
CO2_atmosphere_1_M_earth_1000_F_earth.csv,CO2,1_M,1000_F,2.4588611033374577e+22,7.70524187100764e+21,0.3535353535353536,9251152.410936156
CO2_atmosphere_1_M_earth_1000_F_earth.csv,CO2,1_M,1000_F,2.4588611033374577e+22,8.010234217934799e+21,0.36363636363636365,9338432.588236397
CO2_atmosphere_1_M_earth_1000_F_earth.csv,CO2,1_M,1000_F,2.4588611033374577e+22,8.317689736515692e+21,0.37373737373737376,9424111.067577628
CO2_atmosphere_1_M_earth_1000_F_earth.csv,CO2,1_M,1000_F,2.4588611033374577e+22,8.62742596959078e+21,0.38383838383838387,9508259.368891587
CO2_atmosphere_1_M_earth_1000_F_earth.csv,CO2,1_M,1000_F,2.4588611033374577e+22,8.939260460000526e+21,0.393939393939394,9590944.035379715
CO2_atmosphere_1_M_earth_1000_F_earth.csv,CO2,1_M,1000_F,2.4588611033374577e+22,9.253010750585399e+21,0.4040404040404041,9672227.097608987
CO2_atmosphere_1_M_earth_1000_F_earth.csv,CO2,1_M,1000_F,2.4588611033374577e+22,9.56849438418586e+21,0.4141414141414142,9752166.4838886
CO2_atmosphere_1_M_earth_1000_F_earth.csv,CO2,1_M,1000_F,2.4588611033374577e+22,9.885528903642373e+21,0.42424242424242425,9830816.384295678
CO2_atmosphere_1_M_earth_1000_F_earth.csv,CO2,1_M,1000_F,2.4588611033374577e+22,1.0203931851795405e+22,0.43434343434343436,9908227.57455721
CO2_atmosphere_1_M_earth_1000_F_earth.csv,CO2,1_M,1000_F,2.4588611033374577e+22,1.0523520771485417e+22,0.4444444444444445,9984447.705040008
CO2_atmosphere_1_M_earth_1000_F_earth.csv,CO2,1_M,1000_F,2.4588611033374577e+22,1.0844113205552879e+22,0.4545454545454546,10059521.559310362
CO2_atmosphere_1_M_earth_1000_F_earth.csv,CO2,1_M,1000_F,2.4588611033374577e+22,1.116552669683825e+22,0.4646464646464647,10133491.286068657
CO2_atmosphere_1_M_earth_1000_F_earth.csv,CO2,1_M,1000_F,2.4588611033374577e+22,1.148757878818199e+22,0.4747474747474748,10206396.607716441
CO2_atmosphere_1_M_earth_1000_F_earth.csv,CO2,1_M,1000_F,2.4588611033374577e+22,1.1810087022424574e+22,0.48484848484848486,10278275.008354444
CO2_atmosphere_1_M_earth_1000_F_earth.csv,CO2,1_M,1000_F,2.4588611033374577e+22,1.2132868942406464e+22,0.494949494949495,10349161.903623931
CO2_atmosphere_1_M_earth_1000_F_earth.csv,CO2,1_M,1000_F,2.4588611033374577e+22,1.245574209096812e+22,0.5050505050505051,10419090.7944776
CO2_atmosphere_1_M_earth_1000_F_earth.csv,CO2,1_M,1000_F,2.4588611033374577e+22,1.2778524010950007e+22,0.5151515151515152,10488093.406689873
CO2_atmosphere_1_M_earth_1000_F_earth.csv,CO2,1_M,1000_F,2.4588611033374577e+22,1.310103224519259e+22,0.5252525252525253,10556199.817681223
CO2_atmosphere_1_M_earth_1000_F_earth.csv,CO2,1_M,1000_F,2.4588611033374577e+22,1.3423084336536334e+22,0.5353535353535354,10623438.57203064
CO2_atmosphere_1_M_earth_1000_F_earth.csv,CO2,1_M,1000_F,2.4588611033374577e+22,1.3744497827821707e+22,0.5454545454545455,10689836.786878379
CO2_atmosphere_1_M_earth_1000_F_earth.csv,CO2,1_M,1000_F,2.4588611033374577e+22,1.4065090261889164e+22,0.5555555555555556,10755420.24827371
CO2_atmosphere_1_M_earth_1000_F_earth.csv,CO2,1_M,1000_F,2.4588611033374577e+22,1.438467918157918e+22,0.5656565656565657,10820213.499395216
CO2_atmosphere_1_M_earth_1000_F_earth.csv,CO2,1_M,1000_F,2.4588611033374577e+22,1.4703082129732206e+22,0.5757575757575758,10884239.921461353
CO2_atmosphere_1_M_earth_1000_F_earth.csv,CO2,1_M,1000_F,2.4588611033374577e+22,1.5020116649188723e+22,0.5858585858585859,10947521.80805399
CO2_atmosphere_1_M_earth_1000_F_earth.csv,CO2,1_M,1000_F,2.4588611033374577e+22,1.533560028278918e+22,0.595959595959596,11010080.433494892
CO2_atmosphere_1_M_earth_1000_F_earth.csv,CO2,1_M,1000_F,2.4588611033374577e+22,1.5649350573374052e+22,0.6060606060606061,11071936.115843283
CO2_atmosphere_1_M_earth_1000_F_earth.csv,CO2,1_M,1000_F,2.4588611033374577e+22,1.5961185063783803e+22,0.6161616161616162,11133108.275019795
CO2_atmosphere_1_M_earth_1000_F_earth.csv,CO2,1_M,1000_F,2.4588611033374577e+22,1.6270921296858885e+22,0.6262626262626263,11193615.48650717
CO2_atmosphere_1_M_earth_1000_F_earth.csv,CO2,1_M,1000_F,2.4588611033374577e+22,1.6578376815439784e+22,0.6363636363636365,11253475.531029912
CO2_atmosphere_1_M_earth_1000_F_earth.csv,CO2,1_M,1000_F,2.4588611033374577e+22,1.688336916236694e+22,0.6464646464646465,11312705.44057273
CO2_atmosphere_1_M_earth_1000_F_earth.csv,CO2,1_M,1000_F,2.4588611033374577e+22,1.7185715880480836e+22,0.6565656565656566,11371321.541060338
CO2_atmosphere_1_M_earth_1000_F_earth.csv,CO2,1_M,1000_F,2.4588611033374577e+22,1.7485234512621925e+22,0.6666666666666667,11429339.491988225
CO2_atmosphere_1_M_earth_1000_F_earth.csv,CO2,1_M,1000_F,2.4588611033374577e+22,1.7781742601630676e+22,0.6767676767676768,11486774.32326492
CO2_atmosphere_1_M_earth_1000_F_earth.csv,CO2,1_M,1000_F,2.4588611033374577e+22,1.8075057690347554e+22,0.686868686868687,11543640.469500456
CO2_atmosphere_1_M_earth_1000_F_earth.csv,CO2,1_M,1000_F,2.4588611033374577e+22,1.836499732161302e+22,0.696969696969697,11599951.801952872
CO2_atmosphere_1_M_earth_1000_F_earth.csv,CO2,1_M,1000_F,2.4588611033374577e+22,1.8651379038267541e+22,0.7070707070707072,11655721.658324167
CO2_atmosphere_1_M_earth_1000_F_earth.csv,CO2,1_M,1000_F,2.4588611033374577e+22,1.8934020383151585e+22,0.7171717171717172,11710962.87057901
CO2_atmosphere_1_M_earth_1000_F_earth.csv,CO2,1_M,1000_F,2.4588611033374577e+22,1.9212738899105603e+22,0.7272727272727273,11765687.790943298
CO2_atmosphere_1_M_earth_1000_F_earth.csv,CO2,1_M,1000_F,2.4588611033374577e+22,1.948735212897008e+22,0.7373737373737375,11819908.316225205
CO2_atmosphere_1_M_earth_1000_F_earth.csv,CO2,1_M,1000_F,2.4588611033374577e+22,1.975767761558546e+22,0.7474747474747475,11873635.910588298
CO2_atmosphere_1_M_earth_1000_F_earth.csv,CO2,1_M,1000_F,2.4588611033374577e+22,2.0023532901792225e+22,0.7575757575757577,11926881.62689482
CO2_atmosphere_1_M_earth_1000_F_earth.csv,CO2,1_M,1000_F,2.4588611033374577e+22,2.0284735530430825e+22,0.7676767676767677,11979656.126726652
CO2_atmosphere_1_M_earth_1000_F_earth.csv,CO2,1_M,1000_F,2.4588611033374577e+22,2.0541103044341726e+22,0.7777777777777778,12031969.69918215
CO2_atmosphere_1_M_earth_1000_F_earth.csv,CO2,1_M,1000_F,2.4588611033374577e+22,2.07924529863654e+22,0.787878787878788,12083832.278538581
CO2_atmosphere_1_M_earth_1000_F_earth.csv,CO2,1_M,1000_F,2.4588611033374577e+22,2.1038602899342307e+22,0.797979797979798,12135253.460862195
CO2_atmosphere_1_M_earth_1000_F_earth.csv,CO2,1_M,1000_F,2.4588611033374577e+22,2.1279370326112916e+22,0.8080808080808082,12186242.519641157
CO2_atmosphere_1_M_earth_1000_F_earth.csv,CO2,1_M,1000_F,2.4588611033374577e+22,2.1514572809517685e+22,0.8181818181818182,12236808.420510225
CO2_atmosphere_1_M_earth_1000_F_earth.csv,CO2,1_M,1000_F,2.4588611033374577e+22,2.174402789239708e+22,0.8282828282828284,12286959.835130518
CO2_atmosphere_1_M_earth_1000_F_earth.csv,CO2,1_M,1000_F,2.4588611033374577e+22,2.1967553117591555e+22,0.8383838383838385,12336705.15428247
CO2_atmosphere_1_M_earth_1000_F_earth.csv,CO2,1_M,1000_F,2.4588611033374577e+22,2.2184966027941603e+22,0.8484848484848485,12386052.500225531
CO2_atmosphere_1_M_earth_1000_F_earth.csv,CO2,1_M,1000_F,2.4588611033374577e+22,2.239608416628766e+22,0.8585858585858587,12435009.73837386
CO2_atmosphere_1_M_earth_1000_F_earth.csv,CO2,1_M,1000_F,2.4588611033374577e+22,2.260072507547021e+22,0.8686868686868687,12483584.488333452
CO2_atmosphere_1_M_earth_1000_F_earth.csv,CO2,1_M,1000_F,2.4588611033374577e+22,2.27987062983297e+22,0.8787878787878789,12531784.134342607
CO2_atmosphere_1_M_earth_1000_F_earth.csv,CO2,1_M,1000_F,2.4588611033374577e+22,2.29898453777066e+22,0.888888888888889,12579615.835154464
CO2_atmosphere_1_M_earth_1000_F_earth.csv,CO2,1_M,1000_F,2.4588611033374577e+22,2.3173959856441384e+22,0.8989898989898991,12627086.533397403
CO2_atmosphere_1_M_earth_1000_F_earth.csv,CO2,1_M,1000_F,2.4588611033374577e+22,2.335086727737451e+22,0.9090909090909092,12674202.964446422
CO2_atmosphere_1_M_earth_1000_F_earth.csv,CO2,1_M,1000_F,2.4588611033374577e+22,2.3520385183346432e+22,0.9191919191919192,12720971.664836187
CO2_atmosphere_1_M_earth_1000_F_earth.csv,CO2,1_M,1000_F,2.4588611033374577e+22,2.3682331117197634e+22,0.9292929292929294,12767398.98024417
CO2_atmosphere_1_M_earth_1000_F_earth.csv,CO2,1_M,1000_F,2.4588611033374577e+22,2.3836522621768567e+22,0.9393939393939394,12813491.073070299
CO2_atmosphere_1_M_earth_1000_F_earth.csv,CO2,1_M,1000_F,2.4588611033374577e+22,2.3982777239899703e+22,0.9494949494949496,12859253.929637572
CO2_atmosphere_1_M_earth_1000_F_earth.csv,CO2,1_M,1000_F,2.4588611033374577e+22,2.41209125144315e+22,0.9595959595959597,12904693.367036445
CO2_atmosphere_1_M_earth_1000_F_earth.csv,CO2,1_M,1000_F,2.4588611033374577e+22,2.4250745988204416e+22,0.9696969696969697,12949815.039634168
CO2_atmosphere_1_M_earth_1000_F_earth.csv,CO2,1_M,1000_F,2.4588611033374577e+22,2.437209520405892e+22,0.9797979797979799,12994624.445268737
CO2_atmosphere_1_M_earth_1000_F_earth.csv,CO2,1_M,1000_F,2.4588611033374577e+22,2.4484777704835485e+22,0.98989898989899,13039126.931145886
CO2_atmosphere_10_M_earth_1_F_earth.csv,CO2,10_M,1_F,5.841231484959764e+26,0.0,0.0,0.0
CO2_atmosphere_10_M_earth_1_F_earth.csv,CO2,10_M,1_F,5.841231484959764e+26,2.4666481039838385e+24,0.010101010101010102,6093121.259820579
CO2_atmosphere_10_M_earth_1_F_earth.csv,CO2,10_M,1_F,5.841231484959764e+26,5.143515741796727e+24,0.020202020202020204,7676851.734809915
CO2_atmosphere_10_M_earth_1_F_earth.csv,CO2,10_M,1_F,5.841231484959764e+26,8.02626849006075e+24,0.030303030303030304,8787801.518807163
CO2_atmosphere_10_M_earth_1_F_earth.csv,CO2,10_M,1_F,5.841231484959764e+26,1.1110571925397987e+25,0.04040404040404041,9672227.097608987
CO2_atmosphere_10_M_earth_1_F_earth.csv,CO2,10_M,1_F,5.841231484959764e+26,1.4392091624430522e+25,0.05050505050505051,10419090.794477602
CO2_atmosphere_10_M_earth_1_F_earth.csv,CO2,10_M,1_F,5.841231484959764e+26,1.7866493163780432e+25,0.06060606060606061,11071936.115843283
CO2_atmosphere_10_M_earth_1_F_earth.csv,CO2,10_M,1_F,5.841231484959764e+26,2.1529442120069804e+25,0.07070707070707072,11655721.658324167
CO2_atmosphere_10_M_earth_1_F_earth.csv,CO2,10_M,1_F,5.841231484959764e+26,2.537660406992071e+25,0.08080808080808081,12186242.519641155
CO2_atmosphere_10_M_earth_1_F_earth.csv,CO2,10_M,1_F,5.841231484959764e+26,2.940364458995524e+25,0.09090909090909091,12674202.964446422
CO2_atmosphere_10_M_earth_1_F_earth.csv,CO2,10_M,1_F,5.841231484959764e+26,3.360622925679548e+25,0.10101010101010102,13127231.812728228
CO2_atmosphere_10_M_earth_1_F_earth.csv,CO2,10_M,1_F,5.841231484959764e+26,3.7980023647063493e+25,0.11111111111111112,13550980.37126559
CO2_atmosphere_10_M_earth_1_F_earth.csv,CO2,10_M,1_F,5.841231484959764e+26,4.252069333738138e+25,0.12121212121212122,13949765.375442233
CO2_atmosphere_10_M_earth_1_F_earth.csv,CO2,10_M,1_F,5.841231484959764e+26,4.722390390437121e+25,0.13131313131313133,14326967.374704927
CO2_atmosphere_10_M_earth_1_F_earth.csv,CO2,10_M,1_F,5.841231484959764e+26,5.208532092465508e+25,0.14141414141414144,14685289.069038197
CO2_atmosphere_10_M_earth_1_F_earth.csv,CO2,10_M,1_F,5.841231484959764e+26,5.7100609974855025e+25,0.15151515151515152,15026929.221329194
CO2_atmosphere_10_M_earth_1_F_earth.csv,CO2,10_M,1_F,5.841231484959764e+26,6.22654366315932e+25,0.16161616161616163,15353703.46961983
CO2_atmosphere_10_M_earth_1_F_earth.csv,CO2,10_M,1_F,5.841231484959764e+26,6.757546647149164e+25,0.17171717171717174,15667130.525024967
CO2_atmosphere_10_M_earth_1_F_earth.csv,CO2,10_M,1_F,5.841231484959764e+26,7.302636507117241e+25,0.18181818181818182,15968495.10554605
CO2_atmosphere_10_M_earth_1_F_earth.csv,CO2,10_M,1_F,5.841231484959764e+26,7.861379800725763e+25,0.19191919191919193,16258894.815567965
CO2_atmosphere_10_M_earth_1_F_earth.csv,CO2,10_M,1_F,5.841231484959764e+26,8.43334308563694e+25,0.20202020202020204,16539275.687705928
CO2_atmosphere_10_M_earth_1_F_earth.csv,CO2,10_M,1_F,5.841231484959764e+26,9.018092919512972e+25,0.21212121212121213,16810459.553340785
CO2_atmosphere_10_M_earth_1_F_earth.csv,CO2,10_M,1_F,5.841231484959764e+26,9.615195860016075e+25,0.22222222222222224,17073165.41646976
CO2_atmosphere_10_M_earth_1_F_earth.csv,CO2,10_M,1_F,5.841231484959764e+26,1.022421846480845e+26,0.23232323232323235,17328026.355035312
CO2_atmosphere_10_M_earth_1_F_earth.csv,CO2,10_M,1_F,5.841231484959764e+26,1.0844727291552316e+26,0.24242424242424243,17575603.037614327
CO2_atmosphere_10_M_earth_1_F_earth.csv,CO2,10_M,1_F,5.841231484959764e+26,1.147628889790987e+26,0.25252525252525254,17816394.644797295
CO2_atmosphere_10_M_earth_1_F_earth.csv,CO2,10_M,1_F,5.841231484959764e+26,1.2118469841543324e+26,0.26262626262626265,18050847.776547827
CO2_atmosphere_10_M_earth_1_F_earth.csv,CO2,10_M,1_F,5.841231484959764e+26,1.2770836680114887e+26,0.27272727272727276,18279363.779461734
CO2_atmosphere_10_M_earth_1_F_earth.csv,CO2,10_M,1_F,5.841231484959764e+26,1.3432955971286771e+26,0.2828282828282829,18502304.82187231
CO2_atmosphere_10_M_earth_1_F_earth.csv,CO2,10_M,1_F,5.841231484959764e+26,1.4104394272721173e+26,0.29292929292929293,18719998.967490908
CO2_atmosphere_10_M_earth_1_F_earth.csv,CO2,10_M,1_F,5.841231484959764e+26,1.4784718142080311e+26,0.30303030303030304,18932744.441233028
CO2_atmosphere_10_M_earth_1_F_earth.csv,CO2,10_M,1_F,5.841231484959764e+26,1.5473494137026394e+26,0.31313131313131315,19140813.238275032
CO2_atmosphere_10_M_earth_1_F_earth.csv,CO2,10_M,1_F,5.841231484959764e+26,1.6170288815221626e+26,0.32323232323232326,19344454.19521797
CO2_atmosphere_10_M_earth_1_F_earth.csv,CO2,10_M,1_F,5.841231484959764e+26,1.687466873432821e+26,0.33333333333333337,19543895.61770192
CO2_atmosphere_10_M_earth_1_F_earth.csv,CO2,10_M,1_F,5.841231484959764e+26,1.7586200452008362e+26,0.3434343434343435,19739347.539929472
CO2_atmosphere_10_M_earth_1_F_earth.csv,CO2,10_M,1_F,5.841231484959764e+26,1.8304450525924293e+26,0.3535353535353536,19931003.67689295
CO2_atmosphere_10_M_earth_1_F_earth.csv,CO2,10_M,1_F,5.841231484959764e+26,1.9028985513738194e+26,0.36363636363636365,20119043.11862072
CO2_atmosphere_10_M_earth_1_F_earth.csv,CO2,10_M,1_F,5.841231484959764e+26,1.9759371973112297e+26,0.37373737373737376,20303631.806702647
CO2_atmosphere_10_M_earth_1_F_earth.csv,CO2,10_M,1_F,5.841231484959764e+26,2.0495176461708797e+26,0.38383838383838387,20484923.8261607
CO2_atmosphere_10_M_earth_1_F_earth.csv,CO2,10_M,1_F,5.841231484959764e+26,2.1235965537189896e+26,0.393939393939394,20663062.53997644
CO2_atmosphere_10_M_earth_1_F_earth.csv,CO2,10_M,1_F,5.841231484959764e+26,2.1981305757217817e+26,0.4040404040404041,20838181.588955205
CO2_atmosphere_10_M_earth_1_F_earth.csv,CO2,10_M,1_F,5.841231484959764e+26,2.2730763679454756e+26,0.4141414141414142,21010405.775855858
CO2_atmosphere_10_M_earth_1_F_earth.csv,CO2,10_M,1_F,5.841231484959764e+26,2.3483905861562925e+26,0.42424242424242425,21179851.84966042
CO2_atmosphere_10_M_earth_1_F_earth.csv,CO2,10_M,1_F,5.841231484959764e+26,2.4240298861204536e+26,0.43434343434343436,21346629.203356527
CO2_atmosphere_10_M_earth_1_F_earth.csv,CO2,10_M,1_F,5.841231484959764e+26,2.499950923604179e+26,0.4444444444444445,21510840.49654742
CO2_atmosphere_10_M_earth_1_F_earth.csv,CO2,10_M,1_F,5.841231484959764e+26,2.576110354373691e+26,0.4545454545454546,21672582.21250187
CO2_atmosphere_10_M_earth_1_F_earth.csv,CO2,10_M,1_F,5.841231484959764e+26,2.6524648341952084e+26,0.4646464646464647,21831945.157842122
CO2_atmosphere_10_M_earth_1_F_earth.csv,CO2,10_M,1_F,5.841231484959764e+26,2.728971018834953e+26,0.4747474747474748,21989014.91188804
CO2_atmosphere_10_M_earth_1_F_earth.csv,CO2,10_M,1_F,5.841231484959764e+26,2.805585564059145e+26,0.48484848484848486,22143872.231686566
CO2_atmosphere_10_M_earth_1_F_earth.csv,CO2,10_M,1_F,5.841231484959764e+26,2.882265125634007e+26,0.494949494949495,22296593.4179238
CO2_atmosphere_10_M_earth_1_F_earth.csv,CO2,10_M,1_F,5.841231484959764e+26,2.9589663593257584e+26,0.5050505050505051,22447250.646214403
CO2_atmosphere_10_M_earth_1_F_earth.csv,CO2,10_M,1_F,5.841231484959764e+26,3.0356459209006198e+26,0.5151515151515152,22595912.26766734
CO2_atmosphere_10_M_earth_1_F_earth.csv,CO2,10_M,1_F,5.841231484959764e+26,3.112260466124813e+26,0.5252525252525253,22742643.082120672
CO2_atmosphere_10_M_earth_1_F_earth.csv,CO2,10_M,1_F,5.841231484959764e+26,3.188766650764557e+26,0.5353535353535354,22887504.587005585
CO2_atmosphere_10_M_earth_1_F_earth.csv,CO2,10_M,1_F,5.841231484959764e+26,3.265121130586075e+26,0.5454545454545455,23030555.204429746
CO2_atmosphere_10_M_earth_1_F_earth.csv,CO2,10_M,1_F,5.841231484959764e+26,3.3412805613555857e+26,0.5555555555555556,23171850.488752216
CO2_atmosphere_10_M_earth_1_F_earth.csv,CO2,10_M,1_F,5.841231484959764e+26,3.417201598839312e+26,0.5656565656565657,23311443.316648334
CO2_atmosphere_10_M_earth_1_F_earth.csv,CO2,10_M,1_F,5.841231484959764e+26,3.492840898803472e+26,0.5757575757575758,23449384.061426245
CO2_atmosphere_10_M_earth_1_F_earth.csv,CO2,10_M,1_F,5.841231484959764e+26,3.56815511701429e+26,0.5858585858585859,23585720.753152084
CO2_atmosphere_10_M_earth_1_F_earth.csv,CO2,10_M,1_F,5.841231484959764e+26,3.643100909237983e+26,0.595959595959596,23720499.225962676
CO2_atmosphere_10_M_earth_1_F_earth.csv,CO2,10_M,1_F,5.841231484959764e+26,3.717634931240775e+26,0.6060606060606061,23853763.253789637
CO2_atmosphere_10_M_earth_1_F_earth.csv,CO2,10_M,1_F,5.841231484959764e+26,3.791713838788886e+26,0.6161616161616162,23985554.675583668
CO2_atmosphere_10_M_earth_1_F_earth.csv,CO2,10_M,1_F,5.841231484959764e+26,3.8652942876485344e+26,0.6262626262626263,24115913.511009168
CO2_atmosphere_10_M_earth_1_F_earth.csv,CO2,10_M,1_F,5.841231484959764e+26,3.938332933585946e+26,0.6363636363636365,24244878.067475814
CO2_atmosphere_10_M_earth_1_F_earth.csv,CO2,10_M,1_F,5.841231484959764e+26,4.010786432367336e+26,0.6464646464646465,24372485.03928231
CO2_atmosphere_10_M_earth_1_F_earth.csv,CO2,10_M,1_F,5.841231484959764e+26,4.082611439758929e+26,0.6565656565656566,24498769.59956721
CO2_atmosphere_10_M_earth_1_F_earth.csv,CO2,10_M,1_F,5.841231484959764e+26,4.153764611526944e+26,0.6666666666666667,24623765.485690817
CO2_atmosphere_10_M_earth_1_F_earth.csv,CO2,10_M,1_F,5.841231484959764e+26,4.2242026034376025e+26,0.6767676767676768,24747505.07860945
CO2_atmosphere_10_M_earth_1_F_earth.csv,CO2,10_M,1_F,5.841231484959764e+26,4.293882071257126e+26,0.686868686868687,24870019.47674772
CO2_atmosphere_10_M_earth_1_F_earth.csv,CO2,10_M,1_F,5.841231484959764e+26,4.362759670751733e+26,0.696969696969697,24991338.564825125
CO2_atmosphere_10_M_earth_1_F_earth.csv,CO2,10_M,1_F,5.841231484959764e+26,4.430792057687647e+26,0.7070707070707072,25111491.07804954
CO2_atmosphere_10_M_earth_1_F_earth.csv,CO2,10_M,1_F,5.841231484959764e+26,4.497935887831088e+26,0.7171717171717172,25230504.662050784
CO2_atmosphere_10_M_earth_1_F_earth.csv,CO2,10_M,1_F,5.841231484959764e+26,4.564147816948275e+26,0.7272727272727273,25348405.928892843
CO2_atmosphere_10_M_earth_1_F_earth.csv,CO2,10_M,1_F,5.841231484959764e+26,4.6293845008054325e+26,0.7373737373737375,25465220.50947193
CO2_atmosphere_10_M_earth_1_F_earth.csv,CO2,10_M,1_F,5.841231484959764e+26,4.6936025951687776e+26,0.7474747474747475,25580973.102579743
CO2_atmosphere_10_M_earth_1_F_earth.csv,CO2,10_M,1_F,5.841231484959764e+26,4.756758755804535e+26,0.7575757575757577,25695687.52088611
CO2_atmosphere_10_M_earth_1_F_earth.csv,CO2,10_M,1_F,5.841231484959764e+26,4.818809638478921e+26,0.7676767676767677,25809386.73407289
CO2_atmosphere_10_M_earth_1_F_earth.csv,CO2,10_M,1_F,5.841231484959764e+26,4.8797118989581575e+26,0.7777777777777778,25922092.909330513
CO2_atmosphere_10_M_earth_1_F_earth.csv,CO2,10_M,1_F,5.841231484959764e+26,4.9394221930084675e+26,0.787878787878788,26033827.44941054
CO2_atmosphere_10_M_earth_1_F_earth.csv,CO2,10_M,1_F,5.841231484959764e+26,4.99789717639607e+26,0.797979797979798,26144611.028410986
CO2_atmosphere_10_M_earth_1_F_earth.csv,CO2,10_M,1_F,5.841231484959764e+26,5.055093504887189e+26,0.8080808080808082,26254463.625456456
CO2_atmosphere_10_M_earth_1_F_earth.csv,CO2,10_M,1_F,5.841231484959764e+26,5.110967834248041e+26,0.8181818181818182,26363404.55642149
CO2_atmosphere_10_M_earth_1_F_earth.csv,CO2,10_M,1_F,5.841231484959764e+26,5.1654768202448496e+26,0.8282828282828284,26471452.50383362
CO2_atmosphere_10_M_earth_1_F_earth.csv,CO2,10_M,1_F,5.841231484959764e+26,5.2185771186438316e+26,0.8383838383838385,26578625.545081295
CO2_atmosphere_10_M_earth_1_F_earth.csv,CO2,10_M,1_F,5.841231484959764e+26,5.2702253852112145e+26,0.8484848484848485,26684941.179042026
CO2_atmosphere_10_M_earth_1_F_earth.csv,CO2,10_M,1_F,5.841231484959764e+26,5.320378275713214e+26,0.8585858585858587,26790416.351236943
CO2_atmosphere_10_M_earth_1_F_earth.csv,CO2,10_M,1_F,5.841231484959764e+26,5.368992445916053e+26,0.8686868686868687,26895067.477609515
CO2_atmosphere_10_M_earth_1_F_earth.csv,CO2,10_M,1_F,5.841231484959764e+26,5.416024551585952e+26,0.8787878787878789,26998910.46701889
CO2_atmosphere_10_M_earth_1_F_earth.csv,CO2,10_M,1_F,5.841231484959764e+26,5.461431248489129e+26,0.888888888888889,27101960.74253118
CO2_atmosphere_10_M_earth_1_F_earth.csv,CO2,10_M,1_F,5.841231484959764e+26,5.5051691923918105e+26,0.8989898989898991,27204233.261585806
CO2_atmosphere_10_M_earth_1_F_earth.csv,CO2,10_M,1_F,5.841231484959764e+26,5.547195039060213e+26,0.9090909090909092,27305742.535108306
CO2_atmosphere_10_M_earth_1_F_earth.csv,CO2,10_M,1_F,5.841231484959764e+26,5.587465444260557e+26,0.9191919191919192,27406502.645635724
CO2_atmosphere_10_M_earth_1_F_earth.csv,CO2,10_M,1_F,5.841231484959764e+26,5.625937063759067e+26,0.9292929292929294,27506527.26451574
CO2_atmosphere_10_M_earth_1_F_earth.csv,CO2,10_M,1_F,5.841231484959764e+26,5.66256655332196e+26,0.9393939393939394,27605829.66823652
CO2_atmosphere_10_M_earth_1_F_earth.csv,CO2,10_M,1_F,5.841231484959764e+26,5.697310568715461e+26,0.9494949494949496,27704422.75394
CO2_atmosphere_10_M_earth_1_F_earth.csv,CO2,10_M,1_F,5.841231484959764e+26,5.7301257657057864e+26,0.9595959595959597,27802319.05416767
CO2_atmosphere_10_M_earth_1_F_earth.csv,CO2,10_M,1_F,5.841231484959764e+26,5.760968800059158e+26,0.9696969696969697,27899530.750884462
CO2_atmosphere_10_M_earth_1_F_earth.csv,CO2,10_M,1_F,5.841231484959764e+26,5.789796327541797e+26,0.9797979797979799,27996069.68882329
CO2_atmosphere_10_M_earth_1_F_earth.csv,CO2,10_M,1_F,5.841231484959764e+26,5.8165650039199254e+26,0.98989898989899,28091947.388189673
CO2_atmosphere_10_M_earth_1000_F_earth.csv,CO2,10_M,1000_F,3.2337080878710056e+26,0.0,0.0,0.0
CO2_atmosphere_10_M_earth_1000_F_earth.csv,CO2,10_M,1000_F,3.2337080878710056e+26,1.3655373775756402e+24,0.010101010101010102,6093121.259820579
CO2_atmosphere_10_M_earth_1000_F_earth.csv,CO2,10_M,1000_F,3.2337080878710056e+26,2.8474523732138106e+24,0.020202020202020204,7676851.734809915
CO2_atmosphere_10_M_earth_1000_F_earth.csv,CO2,10_M,1000_F,3.2337080878710056e+26,4.4433454483977593e+24,0.030303030303030304,8787801.518807163
CO2_atmosphere_10_M_earth_1000_F_earth.csv,CO2,10_M,1000_F,3.2337080878710056e+26,6.150817064610732e+24,0.04040404040404041,9672227.097608987
CO2_atmosphere_10_M_earth_1000_F_earth.csv,CO2,10_M,1000_F,3.2337080878710056e+26,7.967467683335977e+24,0.05050505050505051,10419090.794477602
CO2_atmosphere_10_M_earth_1000_F_earth.csv,CO2,10_M,1000_F,3.2337080878710056e+26,9.890897766056738e+24,0.06060606060606061,11071936.115843283
CO2_atmosphere_10_M_earth_1000_F_earth.csv,CO2,10_M,1000_F,3.2337080878710056e+26,1.1918707774256265e+25,0.07070707070707072,11655721.658324167
CO2_atmosphere_10_M_earth_1000_F_earth.csv,CO2,10_M,1000_F,3.2337080878710056e+26,1.4048498169417804e+25,0.08080808080808081,12186242.519641155
CO2_atmosphere_10_M_earth_1000_F_earth.csv,CO2,10_M,1000_F,3.2337080878710056e+26,1.62778694130246e+25,0.09090909090909091,12674202.964446422
CO2_atmosphere_10_M_earth_1000_F_earth.csv,CO2,10_M,1000_F,3.2337080878710056e+26,1.8604421966559904e+25,0.10101010101010102,13127231.812728228
CO2_atmosphere_10_M_earth_1000_F_earth.csv,CO2,10_M,1000_F,3.2337080878710056e+26,2.1025756291506954e+25,0.11111111111111112,13550980.37126559
CO2_atmosphere_10_M_earth_1000_F_earth.csv,CO2,10_M,1000_F,3.2337080878710056e+26,2.3539472849349008e+25,0.12121212121212122,13949765.375442233
CO2_atmosphere_10_M_earth_1000_F_earth.csv,CO2,10_M,1000_F,3.2337080878710056e+26,2.6143172101569306e+25,0.13131313131313133,14326967.374704927
CO2_atmosphere_10_M_earth_1000_F_earth.csv,CO2,10_M,1000_F,3.2337080878710056e+26,2.88344545096511e+25,0.14141414141414144,14685289.069038197
CO2_atmosphere_10_M_earth_1000_F_earth.csv,CO2,10_M,1000_F,3.2337080878710056e+26,3.1610920535077615e+25,0.15151515151515152,15026929.221329194
CO2_atmosphere_10_M_earth_1000_F_earth.csv,CO2,10_M,1000_F,3.2337080878710056e+26,3.4470170639332136e+25,0.16161616161616163,15353703.46961983
CO2_atmosphere_10_M_earth_1000_F_earth.csv,CO2,10_M,1000_F,3.2337080878710056e+26,3.7409805283897882e+25,0.17171717171717174,15667130.525024967
CO2_atmosphere_10_M_earth_1000_F_earth.csv,CO2,10_M,1000_F,3.2337080878710056e+26,4.0427424930258105e+25,0.18181818181818182,15968495.10554605
CO2_atmosphere_10_M_earth_1000_F_earth.csv,CO2,10_M,1000_F,3.2337080878710056e+26,4.352063003989606e+25,0.19191919191919193,16258894.815567965
CO2_atmosphere_10_M_earth_1000_F_earth.csv,CO2,10_M,1000_F,3.2337080878710056e+26,4.6687021074295e+25,0.20202020202020204,16539275.687705928
CO2_atmosphere_10_M_earth_1000_F_earth.csv,CO2,10_M,1000_F,3.2337080878710056e+26,4.992419849493813e+25,0.21212121212121213,16810459.553340785
CO2_atmosphere_10_M_earth_1000_F_earth.csv,CO2,10_M,1000_F,3.2337080878710056e+26,5.322976276330874e+25,0.22222222222222224,17073165.41646976
CO2_atmosphere_10_M_earth_1000_F_earth.csv,CO2,10_M,1000_F,3.2337080878710056e+26,5.660131434089007e+25,0.23232323232323235,17328026.355035312
CO2_atmosphere_10_M_earth_1000_F_earth.csv,CO2,10_M,1000_F,3.2337080878710056e+26,6.003645368916536e+25,0.24242424242424243,17575603.037614327
CO2_atmosphere_10_M_earth_1000_F_earth.csv,CO2,10_M,1000_F,3.2337080878710056e+26,6.353278126961785e+25,0.25252525252525254,17816394.644797295
CO2_atmosphere_10_M_earth_1000_F_earth.csv,CO2,10_M,1000_F,3.2337080878710056e+26,6.7087897543730785e+25,0.26262626262626265,18050847.776547827
CO2_atmosphere_10_M_earth_1000_F_earth.csv,CO2,10_M,1000_F,3.2337080878710056e+26,7.069940297298743e+25,0.27272727272727276,18279363.779461734
CO2_atmosphere_10_M_earth_1000_F_earth.csv,CO2,10_M,1000_F,3.2337080878710056e+26,7.436489801887104e+25,0.2828282828282829,18502304.82187231
CO2_atmosphere_10_M_earth_1000_F_earth.csv,CO2,10_M,1000_F,3.2337080878710056e+26,7.808198314286481e+25,0.29292929292929293,18719998.967490908
CO2_atmosphere_10_M_earth_1000_F_earth.csv,CO2,10_M,1000_F,3.2337080878710056e+26,8.184825880645204e+25,0.30303030303030304,18932744.441233028
CO2_atmosphere_10_M_earth_1000_F_earth.csv,CO2,10_M,1000_F,3.2337080878710056e+26,8.566132547111595e+25,0.31313131313131315,19140813.238275032
CO2_atmosphere_10_M_earth_1000_F_earth.csv,CO2,10_M,1000_F,3.2337080878710056e+26,8.951878359833982e+25,0.32323232323232326,19344454.19521797
CO2_atmosphere_10_M_earth_1000_F_earth.csv,CO2,10_M,1000_F,3.2337080878710056e+26,9.341823364960684e+25,0.33333333333333337,19543895.61770192
CO2_atmosphere_10_M_earth_1000_F_earth.csv,CO2,10_M,1000_F,3.2337080878710056e+26,9.73572760864003e+25,0.3434343434343435,19739347.539929472
CO2_atmosphere_10_M_earth_1000_F_earth.csv,CO2,10_M,1000_F,3.2337080878710056e+26,1.0133351137020344e+26,0.3535353535353536,19931003.67689295
CO2_atmosphere_10_M_earth_1000_F_earth.csv,CO2,10_M,1000_F,3.2337080878710056e+26,1.0534453996249948e+26,0.36363636363636365,20119043.11862072
CO2_atmosphere_10_M_earth_1000_F_earth.csv,CO2,10_M,1000_F,3.2337080878710056e+26,1.0938796232477172e+26,0.37373737373737376,20303631.806702647
CO2_atmosphere_10_M_earth_1000_F_earth.csv,CO2,10_M,1000_F,3.2337080878710056e+26,1.1346137891850338e+26,0.38383838383838387,20484923.8261607
CO2_atmosphere_10_M_earth_1000_F_earth.csv,CO2,10_M,1000_F,3.2337080878710056e+26,1.1756239020517766e+26,0.393939393939394,20663062.53997644
CO2_atmosphere_10_M_earth_1000_F_earth.csv,CO2,10_M,1000_F,3.2337080878710056e+26,1.2168859664627788e+26,0.4040404040404041,20838181.588955205
CO2_atmosphere_10_M_earth_1000_F_earth.csv,CO2,10_M,1000_F,3.2337080878710056e+26,1.2583759870328725e+26,0.4141414141414142,21010405.775855858
CO2_atmosphere_10_M_earth_1000_F_earth.csv,CO2,10_M,1000_F,3.2337080878710056e+26,1.30006996837689e+26,0.42424242424242425,21179851.84966042
CO2_atmosphere_10_M_earth_1000_F_earth.csv,CO2,10_M,1000_F,3.2337080878710056e+26,1.3419439151096643e+26,0.43434343434343436,21346629.203356527
CO2_atmosphere_10_M_earth_1000_F_earth.csv,CO2,10_M,1000_F,3.2337080878710056e+26,1.3839738318460272e+26,0.4444444444444445,21510840.49654742
CO2_atmosphere_10_M_earth_1000_F_earth.csv,CO2,10_M,1000_F,3.2337080878710056e+26,1.426135723200812e+26,0.4545454545454546,21672582.21250187
CO2_atmosphere_10_M_earth_1000_F_earth.csv,CO2,10_M,1000_F,3.2337080878710056e+26,1.4684055937888505e+26,0.4646464646464647,21831945.157842122
CO2_atmosphere_10_M_earth_1000_F_earth.csv,CO2,10_M,1000_F,3.2337080878710056e+26,1.5107594482249751e+26,0.4747474747474748,21989014.91188804
CO2_atmosphere_10_M_earth_1000_F_earth.csv,CO2,10_M,1000_F,3.2337080878710056e+26,1.5531732911240184e+26,0.48484848484848486,22143872.231686566
CO2_atmosphere_10_M_earth_1000_F_earth.csv,CO2,10_M,1000_F,3.2337080878710056e+26,1.595623127100814e+26,0.494949494949495,22296593.4179238
CO2_atmosphere_10_M_earth_1000_F_earth.csv,CO2,10_M,1000_F,3.2337080878710056e+26,1.6380849607701924e+26,0.5050505050505051,22447250.646214403
CO2_atmosphere_10_M_earth_1000_F_earth.csv,CO2,10_M,1000_F,3.2337080878710056e+26,1.6805347967469875e+26,0.5151515151515152,22595912.26766734
CO2_atmosphere_10_M_earth_1000_F_earth.csv,CO2,10_M,1000_F,3.2337080878710056e+26,1.722948639646031e+26,0.5252525252525253,22742643.082120672
CO2_atmosphere_10_M_earth_1000_F_earth.csv,CO2,10_M,1000_F,3.2337080878710056e+26,1.7653024940821556e+26,0.5353535353535354,22887504.587005585
CO2_atmosphere_10_M_earth_1000_F_earth.csv,CO2,10_M,1000_F,3.2337080878710056e+26,1.8075723646701946e+26,0.5454545454545455,23030555.204429746
CO2_atmosphere_10_M_earth_1000_F_earth.csv,CO2,10_M,1000_F,3.2337080878710056e+26,1.8497342560249786e+26,0.5555555555555556,23171850.488752216
CO2_atmosphere_10_M_earth_1000_F_earth.csv,CO2,10_M,1000_F,3.2337080878710056e+26,1.8917641727613425e+26,0.5656565656565657,23311443.316648334
CO2_atmosphere_10_M_earth_1000_F_earth.csv,CO2,10_M,1000_F,3.2337080878710056e+26,1.933638119494116e+26,0.5757575757575758,23449384.061426245
CO2_atmosphere_10_M_earth_1000_F_earth.csv,CO2,10_M,1000_F,3.2337080878710056e+26,1.9753321008381338e+26,0.5858585858585859,23585720.753152084
CO2_atmosphere_10_M_earth_1000_F_earth.csv,CO2,10_M,1000_F,3.2337080878710056e+26,2.016822121408227e+26,0.595959595959596,23720499.225962676
CO2_atmosphere_10_M_earth_1000_F_earth.csv,CO2,10_M,1000_F,3.2337080878710056e+26,2.0580841858192292e+26,0.6060606060606061,23853763.253789637
CO2_atmosphere_10_M_earth_1000_F_earth.csv,CO2,10_M,1000_F,3.2337080878710056e+26,2.0990942986859725e+26,0.6161616161616162,23985554.675583668
CO2_atmosphere_10_M_earth_1000_F_earth.csv,CO2,10_M,1000_F,3.2337080878710056e+26,2.1398284646232884e+26,0.6262626262626263,24115913.511009168
CO2_atmosphere_10_M_earth_1000_F_earth.csv,CO2,10_M,1000_F,3.2337080878710056e+26,2.1802626882460115e+26,0.6363636363636365,24244878.067475814
CO2_atmosphere_10_M_earth_1000_F_earth.csv,CO2,10_M,1000_F,3.2337080878710056e+26,2.2203729741689715e+26,0.6464646464646465,24372485.03928231
CO2_atmosphere_10_M_earth_1000_F_earth.csv,CO2,10_M,1000_F,3.2337080878710056e+26,2.2601353270070033e+26,0.6565656565656566,24498769.59956721
CO2_atmosphere_10_M_earth_1000_F_earth.csv,CO2,10_M,1000_F,3.2337080878710056e+26,2.299525751374938e+26,0.6666666666666667,24623765.485690817
CO2_atmosphere_10_M_earth_1000_F_earth.csv,CO2,10_M,1000_F,3.2337080878710056e+26,2.338520251887608e+26,0.6767676767676768,24747505.07860945
CO2_atmosphere_10_M_earth_1000_F_earth.csv,CO2,10_M,1000_F,3.2337080878710056e+26,2.3770948331598468e+26,0.686868686868687,24870019.47674772
CO2_atmosphere_10_M_earth_1000_F_earth.csv,CO2,10_M,1000_F,3.2337080878710056e+26,2.4152254998064857e+26,0.696969696969697,24991338.564825125
CO2_atmosphere_10_M_earth_1000_F_earth.csv,CO2,10_M,1000_F,3.2337080878710056e+26,2.452888256442358e+26,0.7070707070707072,25111491.07804954
CO2_atmosphere_10_M_earth_1000_F_earth.csv,CO2,10_M,1000_F,3.2337080878710056e+26,2.4900591076822958e+26,0.7171717171717172,25230504.662050784
CO2_atmosphere_10_M_earth_1000_F_earth.csv,CO2,10_M,1000_F,3.2337080878710056e+26,2.526714058141131e+26,0.7272727272727273,25348405.928892843
CO2_atmosphere_10_M_earth_1000_F_earth.csv,CO2,10_M,1000_F,3.2337080878710056e+26,2.562829112433698e+26,0.7373737373737375,25465220.50947193
CO2_atmosphere_10_M_earth_1000_F_earth.csv,CO2,10_M,1000_F,3.2337080878710056e+26,2.5983802751748276e+26,0.7474747474747475,25580973.102579743
CO2_atmosphere_10_M_earth_1000_F_earth.csv,CO2,10_M,1000_F,3.2337080878710056e+26,2.633343550979353e+26,0.7575757575757577,25695687.52088611
CO2_atmosphere_10_M_earth_1000_F_earth.csv,CO2,10_M,1000_F,3.2337080878710056e+26,2.6676949444621058e+26,0.7676767676767677,25809386.73407289
CO2_atmosphere_10_M_earth_1000_F_earth.csv,CO2,10_M,1000_F,3.2337080878710056e+26,2.7014104602379184e+26,0.7777777777777778,25922092.909330513
CO2_atmosphere_10_M_earth_1000_F_earth.csv,CO2,10_M,1000_F,3.2337080878710056e+26,2.7344661029216247e+26,0.787878787878788,26033827.44941054
CO2_atmosphere_10_M_earth_1000_F_earth.csv,CO2,10_M,1000_F,3.2337080878710056e+26,2.7668378771280556e+26,0.797979797979798,26144611.028410986
CO2_atmosphere_10_M_earth_1000_F_earth.csv,CO2,10_M,1000_F,3.2337080878710056e+26,2.7985017874720456e+26,0.8080808080808082,26254463.625456456
CO2_atmosphere_10_M_earth_1000_F_earth.csv,CO2,10_M,1000_F,3.2337080878710056e+26,2.8294338385684253e+26,0.8181818181818182,26363404.55642149
CO2_atmosphere_10_M_earth_1000_F_earth.csv,CO2,10_M,1000_F,3.2337080878710056e+26,2.8596100350320277e+26,0.8282828282828284,26471452.50383362
CO2_atmosphere_10_M_earth_1000_F_earth.csv,CO2,10_M,1000_F,3.2337080878710056e+26,2.8890063814776837e+26,0.8383838383838385,26578625.545081295
CO2_atmosphere_10_M_earth_1000_F_earth.csv,CO2,10_M,1000_F,3.2337080878710056e+26,2.91759888252023e+26,0.8484848484848485,26684941.179042026
CO2_atmosphere_10_M_earth_1000_F_earth.csv,CO2,10_M,1000_F,3.2337080878710056e+26,2.9453635427744946e+26,0.8585858585858587,26790416.351236943
CO2_atmosphere_10_M_earth_1000_F_earth.csv,CO2,10_M,1000_F,3.2337080878710056e+26,2.972276366855313e+26,0.8686868686868687,26895067.477609515
CO2_atmosphere_10_M_earth_1000_F_earth.csv,CO2,10_M,1000_F,3.2337080878710056e+26,2.998313359377516e+26,0.8787878787878789,26998910.46701889
CO2_atmosphere_10_M_earth_1000_F_earth.csv,CO2,10_M,1000_F,3.2337080878710056e+26,3.023450524955936e+26,0.888888888888889,27101960.74253118
CO2_atmosphere_10_M_earth_1000_F_earth.csv,CO2,10_M,1000_F,3.2337080878710056e+26,3.047663868205407e+26,0.8989898989898991,27204233.261585806
CO2_atmosphere_10_M_earth_1000_F_earth.csv,CO2,10_M,1000_F,3.2337080878710056e+26,3.0709293937407604e+26,0.9090909090909092,27305742.535108306
CO2_atmosphere_10_M_earth_1000_F_earth.csv,CO2,10_M,1000_F,3.2337080878710056e+26,3.0932231061768277e+26,0.9191919191919192,27406502.645635724
CO2_atmosphere_10_M_earth_1000_F_earth.csv,CO2,10_M,1000_F,3.2337080878710056e+26,3.114521010128444e+26,0.9292929292929294,27506527.26451574
CO2_atmosphere_10_M_earth_1000_F_earth.csv,CO2,10_M,1000_F,3.2337080878710056e+26,3.134799110210439e+26,0.9393939393939394,27605829.66823652
CO2_atmosphere_10_M_earth_1000_F_earth.csv,CO2,10_M,1000_F,3.2337080878710056e+26,3.154033411037647e+26,0.9494949494949496,27704422.75394
CO2_atmosphere_10_M_earth_1000_F_earth.csv,CO2,10_M,1000_F,3.2337080878710056e+26,3.1721999172248994e+26,0.9595959595959597,27802319.05416767
CO2_atmosphere_10_M_earth_1000_F_earth.csv,CO2,10_M,1000_F,3.2337080878710056e+26,3.1892746333870286e+26,0.9696969696969697,27899530.750884462
CO2_atmosphere_10_M_earth_1000_F_earth.csv,CO2,10_M,1000_F,3.2337080878710056e+26,3.205233564138868e+26,0.9797979797979799,27996069.68882329
CO2_atmosphere_10_M_earth_1000_F_earth.csv,CO2,10_M,1000_F,3.2337080878710056e+26,3.220052714095249e+26,0.98989898989899,28091947.388189673
