Filename,Element,Planet mass,Earth Flux,r_min [m],r_cap [m],r_gi [m],rho_0 [kg/m^3],Cap mass [kg],Effective scale height [m],Atmospheric mass [kg],Radius impactor [m],Planetesimal mass loss [kg]
H2_atmosphere_1_M_earth_1_F_earth.csv,H2,1_M,1_F,32048.977467243774,221771.83426492885,1973870.8004106556,24.40173397306975,9.016312081991636e+18,301049.9120059066,4.62168341290125e+21,32048.977467243774,0.0
H2_atmosphere_1_M_earth_1_F_earth.csv,H2,1_M,1_F,32048.977467243774,221771.83426492885,1973870.8004106556,24.40173397306975,9.016312081991636e+18,286733.66210493963,4.62168341290125e+21,33992.74305577572,1.7233165364689884e+16
H2_atmosphere_1_M_earth_1_F_earth.csv,H2,1_M,1_F,32048.977467243774,221771.83426492885,1973870.8004106556,24.40173397306975,9.016312081991636e+18,270042.7780632249,4.62168341290125e+21,35936.50864430766,3.548075717230344e+16
H2_atmosphere_1_M_earth_1_F_earth.csv,H2,1_M,1_F,32048.977467243774,221771.83426492885,1973870.8004106556,24.40173397306975,9.016312081991636e+18,250275.09208919533,4.62168341290125e+21,37880.274232839605,5.474277542284077e+16
H2_atmosphere_1_M_earth_1_F_earth.csv,H2,1_M,1_F,32048.977467243774,221771.83426492885,1973870.8004106556,24.40173397306975,9.016312081991636e+18,230113.05008098358,4.62168341290125e+21,39824.03982137155,7.501922011630187e+16
H2_atmosphere_1_M_earth_1_F_earth.csv,H2,1_M,1_F,32048.977467243774,221771.83426492885,1973870.8004106556,24.40173397306975,9.016312081991636e+18,212830.82312532506,4.62168341290125e+21,41767.80540990349,9.631009125268661e+16
H2_atmosphere_1_M_earth_1_F_earth.csv,H2,1_M,1_F,32048.977467243774,221771.83426492885,1973870.8004106556,24.40173397306975,9.016312081991636e+18,195667.57967663422,4.62168341290125e+21,43711.57099843543,1.1861538883199504e+17
H2_atmosphere_1_M_earth_1_F_earth.csv,H2,1_M,1_F,32048.977467243774,221771.83426492885,1973870.8004106556,24.40173397306975,9.016312081991636e+18,178684.58767993186,4.62168341290125e+21,45655.33658696738,1.4193511285422731e+17
H2_atmosphere_1_M_earth_1_F_earth.csv,H2,1_M,1_F,32048.977467243774,221771.83426492885,1973870.8004106556,24.40173397306975,9.016312081991636e+18,162092.5197523439,4.62168341290125e+21,47599.10217549933,1.6626926331938333e+17
H2_atmosphere_1_M_earth_1_F_earth.csv,H2,1_M,1_F,32048.977467243774,221771.83426492885,1973870.8004106556,24.40173397306975,9.016312081991636e+18,146091.4969040451,4.62168341290125e+21,49542.86776403127,1.9161784022746294e+17
H2_atmosphere_1_M_earth_1_F_earth.csv,H2,1_M,1_F,32048.977467243774,221771.83426492885,1973870.8004106556,24.40173397306975,9.016312081991636e+18,130854.56821102831,4.62168341290125e+21,51486.63335256321,2.1798084357846627e+17
H2_atmosphere_1_M_earth_1_F_earth.csv,H2,1_M,1_F,32048.977467243774,221771.83426492885,1973870.8004106556,24.40173397306975,9.016312081991636e+18,116518.61999611996,4.62168341290125e+21,53430.398941095154,2.4535827337239344e+17
H2_atmosphere_1_M_earth_1_F_earth.csv,H2,1_M,1_F,32048.977467243774,221771.83426492885,1973870.8004106556,24.40173397306975,9.016312081991636e+18,103182.69466749851,4.62168341290125e+21,55374.1645296271,2.7375012960924438e+17
H2_atmosphere_1_M_earth_1_F_earth.csv,H2,1_M,1_F,32048.977467243774,221771.83426492885,1973870.8004106556,24.40173397306975,9.016312081991636e+18,90910.79219338512,4.62168341290125e+21,57317.93011815904,3.031564122890189e+17
H2_atmosphere_1_M_earth_1_F_earth.csv,H2,1_M,1_F,32048.977467243774,221771.83426492885,1973870.8004106556,24.40173397306975,9.016312081991636e+18,79738.56702919444,4.62168341290125e+21,59261.69570669098,3.335771214117171e+17
H2_atmosphere_1_M_earth_1_F_earth.csv,H2,1_M,1_F,32048.977467243774,221771.83426492885,1973870.8004106556,24.40173397306975,9.016312081991636e+18,69878.07033198324,4.62168341290125e+21,61205.46129522293,3.650122569773392e+17
H2_atmosphere_1_M_earth_1_F_earth.csv,H2,1_M,1_F,32048.977467243774,221771.83426492885,1973870.8004106556,24.40173397306975,9.016312081991636e+18,62474.44122537007,4.62168341290125e+21,63149.226883754876,3.97461818985885e+17
H2_atmosphere_1_M_earth_1_F_earth.csv,H2,1_M,1_F,32048.977467243774,221771.83426492885,1973870.8004106556,24.40173397306975,9.016312081991636e+18,58562.080174006245,4.62168341290125e+21,65092.992472286816,4.309258074373544e+17
H2_atmosphere_1_M_earth_1_F_earth.csv,H2,1_M,1_F,32048.977467243774,221771.83426492885,1973870.8004106556,24.40173397306975,9.016312081991636e+18,57288.831336955205,4.62168341290125e+21,67036.75806081876,4.654042223317476e+17
H2_atmosphere_1_M_earth_1_F_earth.csv,H2,1_M,1_F,32048.977467243774,221771.83426492885,1973870.8004106556,24.40173397306975,9.016312081991636e+18,57290.06656654871,4.62168341290125e+21,68980.52364935071,5.008970636690646e+17
H2_atmosphere_1_M_earth_1_F_earth.csv,H2,1_M,1_F,32048.977467243774,221771.83426492885,1973870.8004106556,24.40173397306975,9.016312081991636e+18,58149.061212027016,4.62168341290125e+21,70924.28923788265,5.3740433144930515e+17
H2_atmosphere_1_M_earth_1_F_earth.csv,H2,1_M,1_F,32048.977467243774,221771.83426492885,1973870.8004106556,24.40173397306975,9.016312081991636e+18,59587.225792945865,4.62168341290125e+21,72868.05482641459,5.7492602567246944e+17
H2_atmosphere_1_M_earth_1_F_earth.csv,H2,1_M,1_F,32048.977467243774,221771.83426492885,1973870.8004106556,24.40173397306975,9.016312081991636e+18,61236.24005489956,4.62168341290125e+21,74811.82041494653,6.134621463385574e+17
H2_atmosphere_1_M_earth_1_F_earth.csv,H2,1_M,1_F,32048.977467243774,221771.83426492885,1973870.8004106556,24.40173397306975,9.016312081991636e+18,63418.24168390987,4.62168341290125e+21,76755.58600347849,6.530126934475695e+17
H2_atmosphere_1_M_earth_1_F_earth.csv,H2,1_M,1_F,32048.977467243774,221771.83426492885,1973870.8004106556,24.40173397306975,9.016312081991636e+18,66103.68580263603,4.62168341290125e+21,78699.35159201043,6.935776669995052e+17
H2_atmosphere_1_M_earth_1_F_earth.csv,H2,1_M,1_F,32048.977467243774,221771.83426492885,1973870.8004106556,24.40173397306975,9.016312081991636e+18,67489.85009782304,4.62168341290125e+21,80643.11718054237,7.351570669943644e+17
H2_atmosphere_1_M_earth_1_F_earth.csv,H2,1_M,1_F,32048.977467243774,221771.83426492885,1973870.8004106556,24.40173397306975,9.016312081991636e+18,67043.84843304672,4.62168341290125e+21,82586.8827690743,7.777508934321473e+17
H2_atmosphere_1_M_earth_1_F_earth.csv,H2,1_M,1_F,32048.977467243774,221771.83426492885,1973870.8004106556,24.40173397306975,9.016312081991636e+18,65883.0649145628,4.62168341290125e+21,84530.64835760626,8.213591463128543e+17
H2_atmosphere_1_M_earth_1_F_earth.csv,H2,1_M,1_F,32048.977467243774,221771.83426492885,1973870.8004106556,24.40173397306975,9.016312081991636e+18,64633.34462443022,4.62168341290125e+21,86474.4139461382,8.659818256364846e+17
H2_atmosphere_1_M_earth_1_F_earth.csv,H2,1_M,1_F,32048.977467243774,221771.83426492885,1973870.8004106556,24.40173397306975,9.016312081991636e+18,63632.81538110449,4.62168341290125e+21,88418.17953467014,9.116189314030387e+17
H2_atmosphere_1_M_earth_1_F_earth.csv,H2,1_M,1_F,32048.977467243774,221771.83426492885,1973870.8004106556,24.40173397306975,9.016312081991636e+18,62885.66410695851,4.62168341290125e+21,90361.94512320208,9.582704636125165e+17
H2_atmosphere_1_M_earth_1_F_earth.csv,H2,1_M,1_F,32048.977467243774,221771.83426492885,1973870.8004106556,24.40173397306975,9.016312081991636e+18,62247.82817379006,4.62168341290125e+21,92305.71071173403,1.0059364222649183e+18
H2_atmosphere_1_M_earth_1_F_earth.csv,H2,1_M,1_F,32048.977467243774,221771.83426492885,1973870.8004106556,24.40173397306975,9.016312081991636e+18,61579.574930028226,4.62168341290125e+21,94249.47630026597,1.0546168073602435e+18
H2_atmosphere_1_M_earth_1_F_earth.csv,H2,1_M,1_F,32048.977467243774,221771.83426492885,1973870.8004106556,24.40173397306975,9.016312081991636e+18,60788.27560955684,4.62168341290125e+21,96193.24188879791,1.1043116188984924e+18
H2_atmosphere_1_M_earth_1_F_earth.csv,H2,1_M,1_F,32048.977467243774,221771.83426492885,1973870.8004106556,24.40173397306975,9.016312081991636e+18,59885.46498501459,4.62168341290125e+21,98137.00747732985,1.1550208568796652e+18
H2_atmosphere_1_M_earth_1_F_earth.csv,H2,1_M,1_F,32048.977467243774,221771.83426492885,1973870.8004106556,24.40173397306975,9.016312081991636e+18,59029.953854664935,4.62168341290125e+21,100080.77306586181,1.206744521303762e+18
H2_atmosphere_1_M_earth_1_F_earth.csv,H2,1_M,1_F,32048.977467243774,221771.83426492885,1973870.8004106556,24.40173397306975,9.016312081991636e+18,58527.98297811581,4.62168341290125e+21,102024.53865439375,1.2594826121707822e+18
H2_atmosphere_1_M_earth_1_F_earth.csv,H2,1_M,1_F,32048.977467243774,221771.83426492885,1973870.8004106556,24.40173397306975,9.016312081991636e+18,58543.22805071272,4.62168341290125e+21,103968.30424292569,1.313235129480726e+18
H2_atmosphere_1_M_earth_1_F_earth.csv,H2,1_M,1_F,32048.977467243774,221771.83426492885,1973870.8004106556,24.40173397306975,9.016312081991636e+18,58797.67972834836,4.62168341290125e+21,105912.06983145764,1.3680020732335939e+18
H2_atmosphere_1_M_earth_1_F_earth.csv,H2,1_M,1_F,32048.977467243774,221771.83426492885,1973870.8004106556,24.40173397306975,9.016312081991636e+18,58854.3532206085,4.62168341290125e+21,107855.83541998958,1.4237834434293852e+18
H2_atmosphere_1_M_earth_1_F_earth.csv,H2,1_M,1_F,32048.977467243774,221771.83426492885,1973870.8004106556,24.40173397306975,9.016312081991636e+18,58583.01996189771,4.62168341290125e+21,109799.60100852152,1.4805792400681004e+18
H2_atmosphere_1_M_earth_1_F_earth.csv,H2,1_M,1_F,32048.977467243774,221771.83426492885,1973870.8004106556,24.40173397306975,9.016312081991636e+18,58129.71159019017,4.62168341290125e+21,111743.36659705346,1.5383894631497393e+18
H2_atmosphere_1_M_earth_1_F_earth.csv,H2,1_M,1_F,32048.977467243774,221771.83426492885,1973870.8004106556,24.40173397306975,9.016312081991636e+18,57668.44510306086,4.62168341290125e+21,113687.1321855854,1.5972141126743017e+18
H2_atmosphere_1_M_earth_1_F_earth.csv,H2,1_M,1_F,32048.977467243774,221771.83426492885,1973870.8004106556,24.40173397306975,9.016312081991636e+18,56958.85557873733,4.62168341290125e+21,115630.89777411736,1.6570531886417884e+18
H2_atmosphere_1_M_earth_1_F_earth.csv,H2,1_M,1_F,32048.977467243774,221771.83426492885,1973870.8004106556,24.40173397306975,9.016312081991636e+18,55665.77986946621,4.62168341290125e+21,117574.6633626493,1.7179066910521984e+18
H2_atmosphere_1_M_earth_1_F_earth.csv,H2,1_M,1_F,32048.977467243774,221771.83426492885,1973870.8004106556,24.40173397306975,9.016312081991636e+18,55178.495556135735,4.62168341290125e+21,119518.42895118124,1.779774619905532e+18
H2_atmosphere_1_M_earth_1_F_earth.csv,H2,1_M,1_F,32048.977467243774,221771.83426492885,1973870.8004106556,24.40173397306975,9.016312081991636e+18,55580.777864408374,4.62168341290125e+21,121462.1945397132,1.8426569752017897e+18
H2_atmosphere_1_M_earth_1_F_earth.csv,H2,1_M,1_F,32048.977467243774,221771.83426492885,1973870.8004106556,24.40173397306975,9.016312081991636e+18,55988.156919055866,4.62168341290125e+21,123405.96012824513,1.9065537569409708e+18
H2_atmosphere_1_M_earth_1_F_earth.csv,H2,1_M,1_F,32048.977467243774,221771.83426492885,1973870.8004106556,24.40173397306975,9.016312081991636e+18,56401.013542803215,4.62168341290125e+21,125349.72571677707,1.9714649651230758e+18
H2_atmosphere_1_M_earth_1_F_earth.csv,H2,1_M,1_F,32048.977467243774,221771.83426492885,1973870.8004106556,24.40173397306975,9.016312081991636e+18,56819.863094787936,4.62168341290125e+21,127293.49130530901,2.0373905997481042e+18
H2_atmosphere_1_M_earth_1_F_earth.csv,H2,1_M,1_F,32048.977467243774,221771.83426492885,1973870.8004106556,24.40173397306975,9.016312081991636e+18,57245.41281578263,4.62168341290125e+21,129237.25689384095,2.1043306608160566e+18
H2_atmosphere_10_M_earth_1_F_earth.csv,H2,10_M,1_F,1216093.000766033,5888730.018948142,47017137.791501924,23.654659586849853,2.4121930226665775e+23,10947146.89469635,5.967266408421263e+25,1216093.000766033,0.0
H2_atmosphere_10_M_earth_1_F_earth.csv,H2,10_M,1_F,1216093.000766033,5888730.018948142,47017137.791501924,23.654659586849853,2.4121930226665775e+23,10430843.738656843,5.967266408421263e+25,1261939.8924484514,5.7872515760167256e+20
H2_atmosphere_10_M_earth_1_F_earth.csv,H2,10_M,1_F,1216093.000766033,5888730.018948142,47017137.791501924,23.654659586849853,2.4121930226665775e+23,9910420.720329134,5.967266408421263e+25,1307786.7841308697,1.1788646795462132e+21
H2_atmosphere_10_M_earth_1_F_earth.csv,H2,10_M,1_F,1216093.000766033,5888730.018948142,47017137.791501924,23.654659586849853,2.4121930226665775e+23,9187783.893808197,5.967266408421263e+25,1353633.675813288,1.8004185658336228e+21
H2_atmosphere_10_M_earth_1_F_earth.csv,H2,10_M,1_F,1216093.000766033,5888730.018948142,47017137.791501924,23.654659586849853,2.4121930226665775e+23,8465846.325991606,5.967266408421263e+25,1399480.5674957063,2.4433868164639e+21
H2_atmosphere_10_M_earth_1_F_earth.csv,H2,10_M,1_F,1216093.000766033,5888730.018948142,47017137.791501924,23.654659586849853,2.4121930226665775e+23,7690046.051412981,5.967266408421263e+25,1445327.4591781246,3.107769431437048e+21
H2_atmosphere_10_M_earth_1_F_earth.csv,H2,10_M,1_F,1216093.000766033,5888730.018948142,47017137.791501924,23.654659586849853,2.4121930226665775e+23,6885743.550301382,5.967266408421263e+25,1491174.350860543,3.79356641075307e+21
H2_atmosphere_10_M_earth_1_F_earth.csv,H2,10_M,1_F,1216093.000766033,5888730.018948142,47017137.791501924,23.654659586849853,2.4121930226665775e+23,6081375.078099428,5.967266408421263e+25,1537021.2425429611,4.5007777544119507e+21
H2_atmosphere_10_M_earth_1_F_earth.csv,H2,10_M,1_F,1216093.000766033,5888730.018948142,47017137.791501924,23.654659586849853,2.4121930226665775e+23,5301696.016887444,5.967266408421263e+25,1582868.1342253797,5.229403462413709e+21
H2_atmosphere_10_M_earth_1_F_earth.csv,H2,10_M,1_F,1216093.000766033,5888730.018948142,47017137.791501924,23.654659586849853,2.4121930226665775e+23,4566341.995402071,5.967266408421263e+25,1628715.0259077977,5.979443534758328e+21
H2_atmosphere_10_M_earth_1_F_earth.csv,H2,10_M,1_F,1216093.000766033,5888730.018948142,47017137.791501924,23.654659586849853,2.4121930226665775e+23,3889236.4809829765,5.967266408421263e+25,1674561.9175902163,6.750897971445825e+21
H2_atmosphere_10_M_earth_1_F_earth.csv,H2,10_M,1_F,1216093.000766033,5888730.018948142,47017137.791501924,23.654659586849853,2.4121930226665775e+23,3279036.7887763986,5.967266408421263e+25,1720408.8092726346,7.543766772476186e+21
H2_atmosphere_10_M_earth_1_F_earth.csv,H2,10_M,1_F,1216093.000766033,5888730.018948142,47017137.791501924,23.654659586849853,2.4121930226665775e+23,2799584.082857009,5.967266408421263e+25,1766255.7009550529,8.358049937849418e+21
H2_atmosphere_10_M_earth_1_F_earth.csv,H2,10_M,1_F,1216093.000766033,5888730.018948142,47017137.791501924,23.654659586849853,2.4121930226665775e+23,2585750.661041915,5.967266408421263e+25,1812102.5926374712,9.193747467565516e+21
H2_atmosphere_10_M_earth_1_F_earth.csv,H2,10_M,1_F,1216093.000766033,5888730.018948142,47017137.791501924,23.654659586849853,2.4121930226665775e+23,2553182.4594651307,5.967266408421263e+25,1857949.4843198895,1.0050859361624484e+22
H2_atmosphere_10_M_earth_1_F_earth.csv,H2,10_M,1_F,1216093.000766033,5888730.018948142,47017137.791501924,23.654659586849853,2.4121930226665775e+23,2521528.332407223,5.967266408421263e+25,1903796.3760023077,1.092938562002632e+22
H2_atmosphere_10_M_earth_1_F_earth.csv,H2,10_M,1_F,1216093.000766033,5888730.018948142,47017137.791501924,23.654659586849853,2.4121930226665775e+23,2490930.208385272,5.967266408421263e+25,1949643.267684726,1.1829326242771026e+22
H2_atmosphere_10_M_earth_1_F_earth.csv,H2,10_M,1_F,1216093.000766033,5888730.018948142,47017137.791501924,23.654659586849853,2.4121930226665775e+23,2461526.1954588215,5.967266408421263e+25,1995490.1593671443,1.2750681229858603e+22
H2_atmosphere_10_M_earth_1_F_earth.csv,H2,10_M,1_F,1216093.000766033,5888730.018948142,47017137.791501924,23.654659586849853,2.4121930226665775e+23,2433415.2542469357,5.967266408421263e+25,2041337.0510495626,1.3693450581289046e+22
H2_atmosphere_10_M_earth_1_F_earth.csv,H2,10_M,1_F,1216093.000766033,5888730.018948142,47017137.791501924,23.654659586849853,2.4121930226665775e+23,2405576.1743344767,5.967266408421263e+25,2087183.942731981,1.4657634297062361e+22
H2_atmosphere_10_M_earth_1_F_earth.csv,H2,10_M,1_F,1216093.000766033,5888730.018948142,47017137.791501924,23.654659586849853,2.4121930226665775e+23,2377547.990322256,5.967266408421263e+25,2133030.834414399,1.5643232377178545e+22
H2_atmosphere_10_M_earth_1_F_earth.csv,H2,10_M,1_F,1216093.000766033,5888730.018948142,47017137.791501924,23.654659586849853,2.4121930226665775e+23,2351249.1014598226,5.967266408421263e+25,2178877.7260968178,1.66502448216376e+22
H2_atmosphere_10_M_earth_1_F_earth.csv,H2,10_M,1_F,1216093.000766033,5888730.018948142,47017137.791501924,23.654659586849853,2.4121930226665775e+23,2325800.9581232965,5.967266408421263e+25,2224724.617779236,1.7678671630439511e+22
H2_atmosphere_10_M_earth_1_F_earth.csv,H2,10_M,1_F,1216093.000766033,5888730.018948142,47017137.791501924,23.654659586849853,2.4121930226665775e+23,2300268.2607391872,5.967266408421263e+25,2270571.5094616544,1.8728512803584306e+22
H2_atmosphere_10_M_earth_1_F_earth.csv,H2,10_M,1_F,1216093.000766033,5888730.018948142,47017137.791501924,23.654659586849853,2.4121930226665775e+23,2275629.9445233787,5.967266408421263e+25,2316418.4011440724,1.979976834107196e+22
H2_atmosphere_10_M_earth_1_F_earth.csv,H2,10_M,1_F,1216093.000766033,5888730.018948142,47017137.791501924,23.654659586849853,2.4121930226665775e+23,2252081.5899477657,5.967266408421263e+25,2362265.292826491,2.089243824290249e+22
H2_atmosphere_10_M_earth_1_F_earth.csv,H2,10_M,1_F,1216093.000766033,5888730.018948142,47017137.791501924,23.654659586849853,2.4121930226665775e+23,2228834.8546531196,5.967266408421263e+25,2408112.1845089095,2.200652250907589e+22
H2_atmosphere_10_M_earth_1_F_earth.csv,H2,10_M,1_F,1216093.000766033,5888730.018948142,47017137.791501924,23.654659586849853,2.4121930226665775e+23,2206855.9158273577,5.967266408421263e+25,2453959.0761913275,2.3142021139592148e+22
H2_atmosphere_10_M_earth_1_F_earth.csv,H2,10_M,1_F,1216093.000766033,5888730.018948142,47017137.791501924,23.654659586849853,2.4121930226665775e+23,2185817.058934981,5.967266408421263e+25,2499805.9678737456,2.429893413445128e+22
H2_atmosphere_10_M_earth_1_F_earth.csv,H2,10_M,1_F,1216093.000766033,5888730.018948142,47017137.791501924,23.654659586849853,2.4121930226665775e+23,2166882.2898568,5.967266408421263e+25,2545652.859556164,2.547726149365329e+22
H2_atmosphere_10_M_earth_1_F_earth.csv,H2,10_M,1_F,1216093.000766033,5888730.018948142,47017137.791501924,23.654659586849853,2.4121930226665775e+23,2149393.1000538785,5.967266408421263e+25,2591499.7512385827,2.6677003217198165e+22
H2_atmosphere_10_M_earth_1_F_earth.csv,H2,10_M,1_F,1216093.000766033,5888730.018948142,47017137.791501924,23.654659586849853,2.4121930226665775e+23,2132909.044504431,5.967266408421263e+25,2637346.6429210007,2.7898159305085898e+22
H2_atmosphere_10_M_earth_1_F_earth.csv,H2,10_M,1_F,1216093.000766033,5888730.018948142,47017137.791501924,23.654659586849853,2.4121930226665775e+23,2114913.7757474724,5.967266408421263e+25,2683193.534603419,2.9140729757316504e+22
H2_atmosphere_10_M_earth_1_F_earth.csv,H2,10_M,1_F,1216093.000766033,5888730.018948142,47017137.791501924,23.654659586849853,2.4121930226665775e+23,2096597.0183104228,5.967266408421263e+25,2729040.4262858373,3.0404714573889987e+22
H2_atmosphere_10_M_earth_1_F_earth.csv,H2,10_M,1_F,1216093.000766033,5888730.018948142,47017137.791501924,23.654659586849853,2.4121930226665775e+23,2079588.3619977662,5.967266408421263e+25,2774887.317968256,3.1690113754806343e+22
H2_atmosphere_10_M_earth_1_F_earth.csv,H2,10_M,1_F,1216093.000766033,5888730.018948142,47017137.791501924,23.654659586849853,2.4121930226665775e+23,2065672.447561699,5.967266408421263e+25,2820734.209650674,3.2996927300065556e+22
H2_atmosphere_10_M_earth_1_F_earth.csv,H2,10_M,1_F,1216093.000766033,5888730.018948142,47017137.791501924,23.654659586849853,2.4121930226665775e+23,2057054.2197081114,5.967266408421263e+25,2866581.101333092,3.4325155209667626e+22
H2_atmosphere_10_M_earth_1_F_earth.csv,H2,10_M,1_F,1216093.000766033,5888730.018948142,47017137.791501924,23.654659586849853,2.4121930226665775e+23,2056518.935744988,5.967266408421263e+25,2912427.9930155105,3.567479748361259e+22
H2_atmosphere_10_M_earth_1_F_earth.csv,H2,10_M,1_F,1216093.000766033,5888730.018948142,47017137.791501924,23.654659586849853,2.4121930226665775e+23,2067053.4642957838,5.967266408421263e+25,2958274.884697929,3.704585412190042e+22
H2_atmosphere_10_M_earth_1_F_earth.csv,H2,10_M,1_F,1216093.000766033,5888730.018948142,47017137.791501924,23.654659586849853,2.4121930226665775e+23,2093390.4840976626,5.967266408421263e+25,3004121.776380347,3.843832512453111e+22
H2_atmosphere_10_M_earth_1_F_earth.csv,H2,10_M,1_F,1216093.000766033,5888730.018948142,47017137.791501924,23.654659586849853,2.4121930226665775e+23,2143173.1771342475,5.967266408421263e+25,3049968.668062765,3.985221049150466e+22
H2_atmosphere_10_M_earth_1_F_earth.csv,H2,10_M,1_F,1216093.000766033,5888730.018948142,47017137.791501924,23.654659586849853,2.4121930226665775e+23,2227157.912963182,5.967266408421263e+25,3095815.559745184,4.128751022282111e+22
H2_atmosphere_10_M_earth_1_F_earth.csv,H2,10_M,1_F,1216093.000766033,5888730.018948142,47017137.791501924,23.654659586849853,2.4121930226665775e+23,2361976.0213091816,5.967266408421263e+25,3141662.451427602,4.27442243184804e+22
H2_atmosphere_10_M_earth_1_F_earth.csv,H2,10_M,1_F,1216093.000766033,5888730.018948142,47017137.791501924,23.654659586849853,2.4121930226665775e+23,2574589.924503195,5.967266408421263e+25,3187509.3431100203,4.422235277848257e+22
H2_atmosphere_10_M_earth_1_F_earth.csv,H2,10_M,1_F,1216093.000766033,5888730.018948142,47017137.791501924,23.654659586849853,2.4121930226665775e+23,2909051.797762695,5.967266408421263e+25,3233356.234792439,4.5721895602827605e+22
H2_atmosphere_10_M_earth_1_F_earth.csv,H2,10_M,1_F,1216093.000766033,5888730.018948142,47017137.791501924,23.654659586849853,2.4121930226665775e+23,3418070.3433753005,5.967266408421263e+25,3279203.1264748573,4.724285279151552e+22
H2_atmosphere_10_M_earth_1_F_earth.csv,H2,10_M,1_F,1216093.000766033,5888730.018948142,47017137.791501924,23.654659586849853,2.4121930226665775e+23,4095822.1744361557,5.967266408421263e+25,3325050.0181572754,4.878522434454629e+22
H2_atmosphere_10_M_earth_1_F_earth.csv,H2,10_M,1_F,1216093.000766033,5888730.018948142,47017137.791501924,23.654659586849853,2.4121930226665775e+23,4724315.672263915,5.967266408421263e+25,3370896.9098396935,5.034901026191992e+22
H2_atmosphere_10_M_earth_1_F_earth.csv,H2,10_M,1_F,1216093.000766033,5888730.018948142,47017137.791501924,23.654659586849853,2.4121930226665775e+23,5028623.094472168,5.967266408421263e+25,3416743.8015221125,5.193421054363646e+22
H2_atmosphere_10_M_earth_1_F_earth.csv,H2,10_M,1_F,1216093.000766033,5888730.018948142,47017137.791501924,23.654659586849853,2.4121930226665775e+23,5086939.648718372,5.967266408421263e+25,3462590.6932045305,5.354082518969584e+22
H2_atmosphere_10_M_earth_1000_F_earth.csv,H2,10_M,1000_F,1146405.559852884,5794951.719616828,45689709.67788325,25.64314502208661,2.2021145599479033e+23,11236859.594267001,6.698161169294253e+25,1146405.559852884,0.0
H2_atmosphere_10_M_earth_1000_F_earth.csv,H2,10_M,1000_F,1146405.559852884,5794951.719616828,45689709.67788325,25.64314502208661,2.2021145599479033e+23,10642762.402194154,6.698161169294253e+25,1190993.4518629243,5.004684330487937e+20
H2_atmosphere_10_M_earth_1000_F_earth.csv,H2,10_M,1000_F,1146405.559852884,5794951.719616828,45689709.67788325,25.64314502208661,2.2021145599479033e+23,9843679.332542114,6.698161169294253e+25,1235581.3438729648,1.0200305957820499e+21
H2_atmosphere_10_M_earth_1000_F_earth.csv,H2,10_M,1000_F,1146405.559852884,5794951.719616828,45689709.67788325,25.64314502208661,2.2021145599479033e+23,9018703.232652267,6.698161169294253e+25,1280169.2358830052,1.5586864881997652e+21
H2_atmosphere_10_M_earth_1000_F_earth.csv,H2,10_M,1000_F,1146405.559852884,5794951.719616828,45689709.67788325,25.64314502208661,2.2021145599479033e+23,8127674.847919556,6.698161169294253e+25,1324757.1278930455,2.1164361103019412e+21
H2_atmosphere_10_M_earth_1000_F_earth.csv,H2,10_M,1000_F,1146405.559852884,5794951.719616828,45689709.67788325,25.64314502208661,2.2021145599479033e+23,7265550.259273347,6.698161169294253e+25,1369345.019903086,2.6932794620885776e+21
H2_atmosphere_10_M_earth_1000_F_earth.csv,H2,10_M,1000_F,1146405.559852884,5794951.719616828,45689709.67788325,25.64314502208661,2.2021145599479033e+23,6403304.869639001,6.698161169294253e+25,1413932.9119131262,3.289216543559675e+21
H2_atmosphere_10_M_earth_1000_F_earth.csv,H2,10_M,1000_F,1146405.559852884,5794951.719616828,45689709.67788325,25.64314502208661,2.2021145599479033e+23,5566292.63840126,6.698161169294253e+25,1458520.8039231668,3.9042473547152365e+21
H2_atmosphere_10_M_earth_1000_F_earth.csv,H2,10_M,1000_F,1146405.559852884,5794951.719616828,45689709.67788325,25.64314502208661,2.2021145599479033e+23,4778268.275566302,6.698161169294253e+25,1503108.6959332072,4.538371895555256e+21
H2_atmosphere_10_M_earth_1000_F_earth.csv,H2,10_M,1000_F,1146405.559852884,5794951.719616828,45689709.67788325,25.64314502208661,2.2021145599479033e+23,4056362.276162407,6.698161169294253e+25,1547696.5879432475,5.191590166079736e+21
H2_atmosphere_10_M_earth_1000_F_earth.csv,H2,10_M,1000_F,1146405.559852884,5794951.719616828,45689709.67788325,25.64314502208661,2.2021145599479033e+23,3410471.7294998677,6.698161169294253e+25,1592284.479953288,5.86390216628868e+21
H2_atmosphere_10_M_earth_1000_F_earth.csv,H2,10_M,1000_F,1146405.559852884,5794951.719616828,45689709.67788325,25.64314502208661,2.2021145599479033e+23,2843975.0205927687,6.698161169294253e+25,1636872.3719633284,6.555307896182082e+21
H2_atmosphere_10_M_earth_1000_F_earth.csv,H2,10_M,1000_F,1146405.559852884,5794951.719616828,45689709.67788325,25.64314502208661,2.2021145599479033e+23,2355666.489686188,6.698161169294253e+25,1681460.2639733688,7.265807355759945e+21
H2_atmosphere_10_M_earth_1000_F_earth.csv,H2,10_M,1000_F,1146405.559852884,5794951.719616828,45689709.67788325,25.64314502208661,2.2021145599479033e+23,2016106.5484830113,6.698161169294253e+25,1726048.1559834091,7.995400545022266e+21
H2_atmosphere_10_M_earth_1000_F_earth.csv,H2,10_M,1000_F,1146405.559852884,5794951.719616828,45689709.67788325,25.64314502208661,2.2021145599479033e+23,1969419.848308398,6.698161169294253e+25,1770636.0479934495,8.744087463969051e+21
H2_atmosphere_10_M_earth_1000_F_earth.csv,H2,10_M,1000_F,1146405.559852884,5794951.719616828,45689709.67788325,25.64314502208661,2.2021145599479033e+23,1941246.0218250589,6.698161169294253e+25,1815223.94000349,9.5118681126003e+21
H2_atmosphere_10_M_earth_1000_F_earth.csv,H2,10_M,1000_F,1146405.559852884,5794951.719616828,45689709.67788325,25.64314502208661,2.2021145599479033e+23,1913547.8059546123,6.698161169294253e+25,1859811.8320135304,1.0298742490916006e+22
H2_atmosphere_10_M_earth_1000_F_earth.csv,H2,10_M,1000_F,1146405.559852884,5794951.719616828,45689709.67788325,25.64314502208661,2.2021145599479033e+23,1887036.151142966,6.698161169294253e+25,1904399.7240235708,1.110471059891617e+22
H2_atmosphere_10_M_earth_1000_F_earth.csv,H2,10_M,1000_F,1146405.559852884,5794951.719616828,45689709.67788325,25.64314502208661,2.2021145599479033e+23,1861804.5448282037,6.698161169294253e+25,1948987.6160336114,1.1929772436600803e+22
H2_atmosphere_10_M_earth_1000_F_earth.csv,H2,10_M,1000_F,1146405.559852884,5794951.719616828,45689709.67788325,25.64314502208661,2.2021145599479033e+23,1837221.0887398752,6.698161169294253e+25,1993575.5080436517,1.2773928003969892e+22
H2_atmosphere_10_M_earth_1000_F_earth.csv,H2,10_M,1000_F,1146405.559852884,5794951.719616828,45689709.67788325,25.64314502208661,2.2021145599479033e+23,1812619.913728392,6.698161169294253e+25,2038163.400053692,1.3637177301023437e+22
H2_atmosphere_10_M_earth_1000_F_earth.csv,H2,10_M,1000_F,1146405.559852884,5794951.719616828,45689709.67788325,25.64314502208661,2.2021145599479033e+23,1789407.6912587956,6.698161169294253e+25,2082751.2920637324,1.4519520327761448e+22
H2_atmosphere_10_M_earth_1000_F_earth.csv,H2,10_M,1000_F,1146405.559852884,5794951.719616828,45689709.67788325,25.64314502208661,2.2021145599479033e+23,1766293.0883750618,6.698161169294253e+25,2127339.1840737727,1.5420957084183918e+22
H2_atmosphere_10_M_earth_1000_F_earth.csv,H2,10_M,1000_F,1146405.559852884,5794951.719616828,45689709.67788325,25.64314502208661,2.2021145599479033e+23,1744074.1561805187,6.698161169294253e+25,2171927.0760838133,1.6341487570290855e+22
H2_atmosphere_10_M_earth_1000_F_earth.csv,H2,10_M,1000_F,1146405.559852884,5794951.719616828,45689709.67788325,25.64314502208661,2.2021145599479033e+23,1722856.7487592313,6.698161169294253e+25,2216514.9680938534,1.728111178608224e+22
H2_atmosphere_10_M_earth_1000_F_earth.csv,H2,10_M,1000_F,1146405.559852884,5794951.719616828,45689709.67788325,25.64314502208661,2.2021145599479033e+23,1701971.1448533533,6.698161169294253e+25,2261102.860103894,1.8239829731558103e+22
H2_atmosphere_10_M_earth_1000_F_earth.csv,H2,10_M,1000_F,1146405.559852884,5794951.719616828,45689709.67788325,25.64314502208661,2.2021145599479033e+23,1682180.2254901985,6.698161169294253e+25,2305690.7521139346,1.921764140671842e+22
H2_atmosphere_10_M_earth_1000_F_earth.csv,H2,10_M,1000_F,1146405.559852884,5794951.719616828,45689709.67788325,25.64314502208661,2.2021145599479033e+23,1663956.3030934646,6.698161169294253e+25,2350278.644123975,2.02145468115632e+22
H2_atmosphere_10_M_earth_1000_F_earth.csv,H2,10_M,1000_F,1146405.559852884,5794951.719616828,45689709.67788325,25.64314502208661,2.2021145599479033e+23,1646035.3666639763,6.698161169294253e+25,2394866.5361340153,2.123054594609243e+22
H2_atmosphere_10_M_earth_1000_F_earth.csv,H2,10_M,1000_F,1146405.559852884,5794951.719616828,45689709.67788325,25.64314502208661,2.2021145599479033e+23,1628733.70821955,6.698161169294253e+25,2439454.4281440554,2.2265638810306117e+22
H2_atmosphere_10_M_earth_1000_F_earth.csv,H2,10_M,1000_F,1146405.559852884,5794951.719616828,45689709.67788325,25.64314502208661,2.2021145599479033e+23,1612700.8083319657,6.698161169294253e+25,2484042.320154096,2.331982540420428e+22
H2_atmosphere_10_M_earth_1000_F_earth.csv,H2,10_M,1000_F,1146405.559852884,5794951.719616828,45689709.67788325,25.64314502208661,2.2021145599479033e+23,1599406.691742529,6.698161169294253e+25,2528630.2121641366,2.4393105727786903e+22
H2_atmosphere_10_M_earth_1000_F_earth.csv,H2,10_M,1000_F,1146405.559852884,5794951.719616828,45689709.67788325,25.64314502208661,2.2021145599479033e+23,1596338.135406378,6.698161169294253e+25,2573218.104174177,2.5485479781053992e+22
H2_atmosphere_10_M_earth_1000_F_earth.csv,H2,10_M,1000_F,1146405.559852884,5794951.719616828,45689709.67788325,25.64314502208661,2.2021145599479033e+23,1620116.606316084,6.698161169294253e+25,2617805.9961842173,2.6596947564005524e+22
H2_atmosphere_10_M_earth_1000_F_earth.csv,H2,10_M,1000_F,1146405.559852884,5794951.719616828,45689709.67788325,25.64314502208661,2.2021145599479033e+23,1684936.8936558135,6.698161169294253e+25,2662393.8881942574,2.7727509076641514e+22
H2_atmosphere_10_M_earth_1000_F_earth.csv,H2,10_M,1000_F,1146405.559852884,5794951.719616828,45689709.67788325,25.64314502208661,2.2021145599479033e+23,1724168.2349400318,6.698161169294253e+25,2706981.780204298,2.8877164318961984e+22
H2_atmosphere_10_M_earth_1000_F_earth.csv,H2,10_M,1000_F,1146405.559852884,5794951.719616828,45689709.67788325,25.64314502208661,2.2021145599479033e+23,1717819.5413571096,6.698161169294253e+25,2751569.6722143386,3.0045913290966913e+22
H2_atmosphere_10_M_earth_1000_F_earth.csv,H2,10_M,1000_F,1146405.559852884,5794951.719616828,45689709.67788325,25.64314502208661,2.2021145599479033e+23,1701917.7434803233,6.698161169294253e+25,2796157.564224379,3.12337559926563e+22
H2_atmosphere_10_M_earth_1000_F_earth.csv,H2,10_M,1000_F,1146405.559852884,5794951.719616828,45689709.67788325,25.64314502208661,2.2021145599479033e+23,1691006.7010209851,6.698161169294253e+25,2840745.4562344197,3.2440692424030143e+22
H2_atmosphere_10_M_earth_1000_F_earth.csv,H2,10_M,1000_F,1146405.559852884,5794951.719616828,45689709.67788325,25.64314502208661,2.2021145599479033e+23,1687150.0170060128,6.698161169294253e+25,2885333.34824446,3.366672258508844e+22
H2_atmosphere_10_M_earth_1000_F_earth.csv,H2,10_M,1000_F,1146405.559852884,5794951.719616828,45689709.67788325,25.64314502208661,2.2021145599479033e+23,1714203.2886800035,6.698161169294253e+25,2929921.2402545,3.4911846475831204e+22
H2_atmosphere_10_M_earth_1000_F_earth.csv,H2,10_M,1000_F,1146405.559852884,5794951.719616828,45689709.67788325,25.64314502208661,2.2021145599479033e+23,1794411.0678327838,6.698161169294253e+25,2974509.1322645405,3.617606409625843e+22
H2_atmosphere_10_M_earth_1000_F_earth.csv,H2,10_M,1000_F,1146405.559852884,5794951.719616828,45689709.67788325,25.64314502208661,2.2021145599479033e+23,1943978.2984821326,6.698161169294253e+25,3019097.024274581,3.745937544637013e+22
H2_atmosphere_10_M_earth_1000_F_earth.csv,H2,10_M,1000_F,1146405.559852884,5794951.719616828,45689709.67788325,25.64314502208661,2.2021145599479033e+23,2203204.8765691957,6.698161169294253e+25,3063684.9162846217,3.876178052616628e+22
H2_atmosphere_10_M_earth_1000_F_earth.csv,H2,10_M,1000_F,1146405.559852884,5794951.719616828,45689709.67788325,25.64314502208661,2.2021145599479033e+23,2659054.6525834505,6.698161169294253e+25,3108272.808294662,4.008327933564688e+22
H2_atmosphere_10_M_earth_1000_F_earth.csv,H2,10_M,1000_F,1146405.559852884,5794951.719616828,45689709.67788325,25.64314502208661,2.2021145599479033e+23,3468831.988536603,6.698161169294253e+25,3152860.700304702,4.142387187481195e+22
H2_atmosphere_10_M_earth_1000_F_earth.csv,H2,10_M,1000_F,1146405.559852884,5794951.719616828,45689709.67788325,25.64314502208661,2.2021145599479033e+23,4671416.781247224,6.698161169294253e+25,3197448.5923147425,4.278355814366148e+22
H2_atmosphere_10_M_earth_1000_F_earth.csv,H2,10_M,1000_F,1146405.559852884,5794951.719616828,45689709.67788325,25.64314502208661,2.2021145599479033e+23,5610787.479644506,6.698161169294253e+25,3242036.484324783,4.416233814219549e+22
H2_atmosphere_10_M_earth_1000_F_earth.csv,H2,10_M,1000_F,1146405.559852884,5794951.719616828,45689709.67788325,25.64314502208661,2.2021145599479033e+23,6232906.21563654,6.698161169294253e+25,3286624.3763348237,4.556021187041394e+22
H2_atmosphere_10_M_earth_1000_F_earth.csv,H2,10_M,1000_F,1146405.559852884,5794951.719616828,45689709.67788325,25.64314502208661,2.2021145599479033e+23,6737982.476718586,6.698161169294253e+25,3331212.2683448642,4.697717932831686e+22
H2O_atmosphere_1_M_earth_1_F_earth.csv,H2O,1_M,1_F,138095.49963621589,691574.5330011836,2448882.6055889446,280.4387502665585,3.7779785751319865e+20,76822.27254360859,8.394684270954495e+23,138095.49963621589,0.0
H2O_atmosphere_1_M_earth_1_F_earth.csv,H2O,1_M,1_F,138095.49963621589,691574.5330011836,2448882.6055889446,280.4387502665585,3.7779785751319865e+20,115742.74599416269,8.394684270954495e+23,140408.59984237477,3.726440356373611e+17
H2O_atmosphere_1_M_earth_1_F_earth.csv,H2O,1_M,1_F,138095.49963621589,691574.5330011836,2448882.6055889446,280.4387502665585,3.7779785751319865e+20,156941.27879428767,8.394684270954495e+23,142721.70004853365,7.51478019625721e+17
H2O_atmosphere_1_M_earth_1_F_earth.csv,H2O,1_M,1_F,138095.49963621589,691574.5330011836,2448882.6055889446,280.4387502665585,3.7779785751319865e+20,198446.3990782742,8.394684270954495e+23,145034.80025469256,1.1365019519650789e+18
H2O_atmosphere_1_M_earth_1_F_earth.csv,H2O,1_M,1_F,138095.49963621589,691574.5330011836,2448882.6055889446,280.4387502665585,3.7779785751319865e+20,239863.53563711743,8.394684270954495e+23,147347.90046085144,1.5277158326554307e+18
H2O_atmosphere_1_M_earth_1_F_earth.csv,H2O,1_M,1_F,138095.49963621589,691574.5330011836,2448882.6055889446,280.4387502665585,3.7779785751319865e+20,281989.83511027164,8.394684270954495e+23,149661.00066701032,1.9251196616967793e+18
H2O_atmosphere_1_M_earth_1_F_earth.csv,H2O,1_M,1_F,138095.49963621589,691574.5330011836,2448882.6055889446,280.4387502665585,3.7779785751319865e+20,325549.4653536209,8.394684270954495e+23,151974.1008731692,2.3287134390891223e+18
H2O_atmosphere_1_M_earth_1_F_earth.csv,H2O,1_M,1_F,138095.49963621589,691574.5330011836,2448882.6055889446,280.4387502665585,3.7779785751319865e+20,369272.76672680565,8.394684270954495e+23,154287.2010793281,2.738497164832471e+18
H2O_atmosphere_1_M_earth_1_F_earth.csv,H2O,1_M,1_F,138095.49963621589,691574.5330011836,2448882.6055889446,280.4387502665585,3.7779785751319865e+20,408178.71813805297,8.394684270954495e+23,156600.301285487,3.154470838926811e+18
H2O_atmosphere_1_M_earth_1_F_earth.csv,H2O,1_M,1_F,138095.49963621589,691574.5330011836,2448882.6055889446,280.4387502665585,3.7779785751319865e+20,433558.59602703317,8.394684270954495e+23,158913.40149164587,3.5766344613721436e+18
H2O_atmosphere_1_M_earth_1_F_earth.csv,H2O,1_M,1_F,138095.49963621589,691574.5330011836,2448882.6055889446,280.4387502665585,3.7779785751319865e+20,436958.5341151834,8.394684270954495e+23,161226.50169780475,4.0049880321684756e+18
H2O_atmosphere_1_M_earth_1_F_earth.csv,H2O,1_M,1_F,138095.49963621589,691574.5330011836,2448882.6055889446,280.4387502665585,3.7779785751319865e+20,414424.4732861332,8.394684270954495e+23,163539.60190396366,4.4395315513158093e+18
H2O_atmosphere_1_M_earth_1_F_earth.csv,H2O,1_M,1_F,138095.49963621589,691574.5330011836,2448882.6055889446,280.4387502665585,3.7779785751319865e+20,367777.14202289755,8.394684270954495e+23,165852.70211012254,4.880265018814135e+18
H2O_atmosphere_1_M_earth_1_F_earth.csv,H2O,1_M,1_F,138095.49963621589,691574.5330011836,2448882.6055889446,280.4387502665585,3.7779785751319865e+20,305520.50097804616,8.394684270954495e+23,168165.80231628142,5.327188434663455e+18
H2O_atmosphere_1_M_earth_1_F_earth.csv,H2O,1_M,1_F,138095.49963621589,691574.5330011836,2448882.6055889446,280.4387502665585,3.7779785751319865e+20,256514.8312947246,8.394684270954495e+23,170478.9025224403,5.780301798863776e+18
H2O_atmosphere_1_M_earth_1_F_earth.csv,H2O,1_M,1_F,138095.49963621589,691574.5330011836,2448882.6055889446,280.4387502665585,3.7779785751319865e+20,234695.51789343802,8.394684270954495e+23,172792.00272859918,6.239605111415089e+18
H2O_atmosphere_1_M_earth_1_F_earth.csv,H2O,1_M,1_F,138095.49963621589,691574.5330011836,2448882.6055889446,280.4387502665585,3.7779785751319865e+20,223382.40848559485,8.394684270954495e+23,175105.1029347581,6.705098372317409e+18
H2O_atmosphere_1_M_earth_1_F_earth.csv,H2O,1_M,1_F,138095.49963621589,691574.5330011836,2448882.6055889446,280.4387502665585,3.7779785751319865e+20,216239.37627485057,8.394684270954495e+23,177418.20314091697,7.176781581570716e+18
H2O_atmosphere_1_M_earth_1_F_earth.csv,H2O,1_M,1_F,138095.49963621589,691574.5330011836,2448882.6055889446,280.4387502665585,3.7779785751319865e+20,202004.5412475129,8.394684270954495e+23,179731.30334707585,7.654654739175023e+18
H2O_atmosphere_1_M_earth_1_F_earth.csv,H2O,1_M,1_F,138095.49963621589,691574.5330011836,2448882.6055889446,280.4387502665585,3.7779785751319865e+20,176533.00924584334,8.394684270954495e+23,182044.40355323476,8.13871784513033e+18
H2O_atmosphere_1_M_earth_1_F_earth.csv,H2O,1_M,1_F,138095.49963621589,691574.5330011836,2448882.6055889446,280.4387502665585,3.7779785751319865e+20,152530.18256811216,8.394684270954495e+23,184357.50375939364,8.628970899436628e+18
H2O_atmosphere_1_M_earth_1_F_earth.csv,H2O,1_M,1_F,138095.49963621589,691574.5330011836,2448882.6055889446,280.4387502665585,3.7779785751319865e+20,133249.0071239893,8.394684270954495e+23,186670.60396555252,9.125413902093923e+18
H2O_atmosphere_1_M_earth_1_F_earth.csv,H2O,1_M,1_F,138095.49963621589,691574.5330011836,2448882.6055889446,280.4387502665585,3.7779785751319865e+20,117162.58366494432,8.394684270954495e+23,188983.7041717114,9.628046853102217e+18
H2O_atmosphere_1_M_earth_1_F_earth.csv,H2O,1_M,1_F,138095.49963621589,691574.5330011836,2448882.6055889446,280.4387502665585,3.7779785751319865e+20,108415.32172594896,8.394684270954495e+23,191296.80437787028,1.0136869752461502e+19
H2O_atmosphere_1_M_earth_1_F_earth.csv,H2O,1_M,1_F,138095.49963621589,691574.5330011836,2448882.6055889446,280.4387502665585,3.7779785751319865e+20,105967.60518630291,8.394684270954495e+23,193609.90458402917,1.065188260017179e+19
H2O_atmosphere_1_M_earth_1_F_earth.csv,H2O,1_M,1_F,138095.49963621589,691574.5330011836,2448882.6055889446,280.4387502665585,3.7779785751319865e+20,106257.66639395528,8.394684270954495e+23,195923.00479018808,1.1173085396233079e+19
H2O_atmosphere_1_M_earth_1_F_earth.csv,H2O,1_M,1_F,138095.49963621589,691574.5330011836,2448882.6055889446,280.4387502665585,3.7779785751319865e+20,107113.71991709703,8.394684270954495e+23,198236.10499634696,1.1700478140645358e+19
H2O_atmosphere_1_M_earth_1_F_earth.csv,H2O,1_M,1_F,138095.49963621589,691574.5330011836,2448882.6055889446,280.4387502665585,3.7779785751319865e+20,107322.80517587186,8.394684270954495e+23,200549.20520250584,1.223406083340863e+19
H2O_atmosphere_1_M_earth_1_F_earth.csv,H2O,1_M,1_F,138095.49963621589,691574.5330011836,2448882.6055889446,280.4387502665585,3.7779785751319865e+20,107473.94435720307,8.394684270954495e+23,202862.30540866475,1.277383347452291e+19
H2O_atmosphere_1_M_earth_1_F_earth.csv,H2O,1_M,1_F,138095.49963621589,691574.5330011836,2448882.6055889446,280.4387502665585,3.7779785751319865e+20,108085.23050319761,8.394684270954495e+23,205175.40561482363,1.3319796063988183e+19
H2O_atmosphere_1_M_earth_1_F_earth.csv,H2O,1_M,1_F,138095.49963621589,691574.5330011836,2448882.6055889446,280.4387502665585,3.7779785751319865e+20,109051.95412959826,8.394684270954495e+23,207488.5058209825,1.3871948601804448e+19
H2O_atmosphere_1_M_earth_1_F_earth.csv,H2O,1_M,1_F,138095.49963621589,691574.5330011836,2448882.6055889446,280.4387502665585,3.7779785751319865e+20,110080.53893374886,8.394684270954495e+23,209801.6060271414,1.4430291087971709e+19
H2O_atmosphere_1_M_earth_1_F_earth.csv,H2O,1_M,1_F,138095.49963621589,691574.5330011836,2448882.6055889446,280.4387502665585,3.7779785751319865e+20,111288.6172076131,8.394684270954495e+23,212114.70623330027,1.4994823522489965e+19
H2O_atmosphere_1_M_earth_1_F_earth.csv,H2O,1_M,1_F,138095.49963621589,691574.5330011836,2448882.6055889446,280.4387502665585,3.7779785751319865e+20,112918.26052839882,8.394684270954495e+23,214427.80643945915,1.5565545905359223e+19
H2O_atmosphere_1_M_earth_1_F_earth.csv,H2O,1_M,1_F,138095.49963621589,691574.5330011836,2448882.6055889446,280.4387502665585,3.7779785751319865e+20,114557.48180573834,8.394684270954495e+23,216740.90664561806,1.6142458236579484e+19
H2O_atmosphere_1_M_earth_1_F_earth.csv,H2O,1_M,1_F,138095.49963621589,691574.5330011836,2448882.6055889446,280.4387502665585,3.7779785751319865e+20,115817.60794159131,8.394684270954495e+23,219054.00685177694,1.672556051615073e+19
H2O_atmosphere_1_M_earth_1_F_earth.csv,H2O,1_M,1_F,138095.49963621589,691574.5330011836,2448882.6055889446,280.4387502665585,3.7779785751319865e+20,116612.39199354805,8.394684270954495e+23,221367.10705793585,1.7314852744072985e+19
H2O_atmosphere_1_M_earth_1_F_earth.csv,H2O,1_M,1_F,138095.49963621589,691574.5330011836,2448882.6055889446,280.4387502665585,3.7779785751319865e+20,117131.08749275711,8.394684270954495e+23,223680.20726409473,1.7910334920346225e+19
H2O_atmosphere_1_M_earth_1_F_earth.csv,H2O,1_M,1_F,138095.49963621589,691574.5330011836,2448882.6055889446,280.4387502665585,3.7779785751319865e+20,117964.63206701349,8.394684270954495e+23,225993.3074702536,1.8512007044970467e+19
H2O_atmosphere_1_M_earth_1_F_earth.csv,H2O,1_M,1_F,138095.49963621589,691574.5330011836,2448882.6055889446,280.4387502665585,3.7779785751319865e+20,119589.05383521358,8.394684270954495e+23,228306.4076764125,1.9119869117945704e+19
H2O_atmosphere_1_M_earth_1_F_earth.csv,H2O,1_M,1_F,138095.49963621589,691574.5330011836,2448882.6055889446,280.4387502665585,3.7779785751319865e+20,121997.40139016353,8.394684270954495e+23,230619.50788257137,1.9733921139271934e+19
H2O_atmosphere_1_M_earth_1_F_earth.csv,H2O,1_M,1_F,138095.49963621589,691574.5330011836,2448882.6055889446,280.4387502665585,3.7779785751319865e+20,123882.93271441227,8.394684270954495e+23,232932.60808873025,2.035416310894916e+19
H2O_atmosphere_1_M_earth_1_F_earth.csv,H2O,1_M,1_F,138095.49963621589,691574.5330011836,2448882.6055889446,280.4387502665585,3.7779785751319865e+20,123986.99034653393,8.394684270954495e+23,235245.70829488916,2.09805950269774e+19
H2O_atmosphere_1_M_earth_1_F_earth.csv,H2O,1_M,1_F,138095.49963621589,691574.5330011836,2448882.6055889446,280.4387502665585,3.7779785751319865e+20,124812.12360709209,8.394684270954495e+23,237558.80850104804,2.161321689335662e+19
H2O_atmosphere_1_M_earth_1_F_earth.csv,H2O,1_M,1_F,138095.49963621589,691574.5330011836,2448882.6055889446,280.4387502665585,3.7779785751319865e+20,128275.27802117645,8.394684270954495e+23,239871.90870720695,2.225202870808685e+19
H2O_atmosphere_1_M_earth_1_F_earth.csv,H2O,1_M,1_F,138095.49963621589,691574.5330011836,2448882.6055889446,280.4387502665585,3.7779785751319865e+20,133180.63280227018,8.394684270954495e+23,242185.00891336583,2.2897030471168066e+19
H2O_atmosphere_1_M_earth_1_F_earth.csv,H2O,1_M,1_F,138095.49963621589,691574.5330011836,2448882.6055889446,280.4387502665585,3.7779785751319865e+20,140864.28279801583,8.394684270954495e+23,244498.1091195247,2.3548222182600274e+19
H2O_atmosphere_1_M_earth_1_F_earth.csv,H2O,1_M,1_F,138095.49963621589,691574.5330011836,2448882.6055889446,280.4387502665585,3.7779785751319865e+20,154165.28439239954,8.394684270954495e+23,246811.2093256836,2.420560384238348e+19
H2O_atmosphere_1_M_earth_1_F_earth.csv,H2O,1_M,1_F,138095.49963621589,691574.5330011836,2448882.6055889446,280.4387502665585,3.7779785751319865e+20,180337.30837045747,8.394684270954495e+23,249124.30953184247,2.486917545051769e+19
H2O_atmosphere_1_M_earth_1_F_earth.csv,H2O,1_M,1_F,138095.49963621589,691574.5330011836,2448882.6055889446,280.4387502665585,3.7779785751319865e+20,244727.57515989357,8.394684270954495e+23,251437.40973800136,2.55389370070029e+19
H2O_atmosphere_1_M_earth_1000_F_earth.csv,H2O,1_M,1000_F,18107.861339794323,173755.91785156645,1587355.7029120496,31.2920466447216,3.127147387842836e+18,76226.93191920883,1.2797595773563293e+21,18107.861339794323,0.0
H2O_atmosphere_1_M_earth_1000_F_earth.csv,H2O,1_M,1000_F,18107.861339794323,173755.91785156645,1587355.7029120496,31.2920466447216,3.127147387842836e+18,77453.58591913148,1.2797595773563293e+21,19678.680000026812,4502139663609952.0
H2O_atmosphere_1_M_earth_1000_F_earth.csv,H2O,1_M,1000_F,18107.861339794323,173755.91785156645,1587355.7029120496,31.2920466447216,3.127147387842836e+18,78717.48892123658,1.2797595773563293e+21,21249.498660259298,9378594876821074.0
H2O_atmosphere_1_M_earth_1000_F_earth.csv,H2O,1_M,1000_F,18107.861339794323,173755.91785156645,1587355.7029120496,31.2920466447216,3.127147387842836e+18,79978.00966805393,1.2797595773563293e+21,22820.317320491788,1.4629365639633378e+16
H2O_atmosphere_1_M_earth_1000_F_earth.csv,H2O,1_M,1000_F,18107.861339794323,173755.91785156645,1587355.7029120496,31.2920466447216,3.127147387842836e+18,81161.59844834784,1.2797595773563293e+21,24391.135980724273,2.0254451952046844e+16
H2O_atmosphere_1_M_earth_1000_F_earth.csv,H2O,1_M,1000_F,18107.861339794323,173755.91785156645,1587355.7029120496,31.2920466447216,3.127147387842836e+18,82149.22483634208,1.2797595773563293e+21,25961.954640956763,2.6253853814061504e+16
H2O_atmosphere_1_M_earth_1000_F_earth.csv,H2O,1_M,1000_F,18107.861339794323,173755.91785156645,1587355.7029120496,31.2920466447216,3.127147387842836e+18,82804.38458980554,1.2797595773563293e+21,27532.77330118925,3.262757122567731e+16
H2O_atmosphere_1_M_earth_1000_F_earth.csv,H2O,1_M,1000_F,18107.861339794323,173755.91785156645,1587355.7029120496,31.2920466447216,3.127147387842836e+18,83038.88271402683,1.2797595773563293e+21,29103.59196142174,3.937560418689431e+16
H2O_atmosphere_1_M_earth_1000_F_earth.csv,H2O,1_M,1000_F,18107.861339794323,173755.91785156645,1587355.7029120496,31.2920466447216,3.127147387842836e+18,82833.95207735585,1.2797595773563293e+21,30674.410621654228,4.649795269771248e+16
H2O_atmosphere_1_M_earth_1000_F_earth.csv,H2O,1_M,1000_F,18107.861339794323,173755.91785156645,1587355.7029120496,31.2920466447216,3.127147387842836e+18,82198.69849568434,1.2797595773563293e+21,32245.229281886714,5.399461675813182e+16
H2O_atmosphere_1_M_earth_1000_F_earth.csv,H2O,1_M,1000_F,18107.861339794323,173755.91785156645,1587355.7029120496,31.2920466447216,3.127147387842836e+18,81160.48055839658,1.2797595773563293e+21,33816.0479421192,6.186559636815234e+16
H2O_atmosphere_1_M_earth_1000_F_earth.csv,H2O,1_M,1000_F,18107.861339794323,173755.91785156645,1587355.7029120496,31.2920466447216,3.127147387842836e+18,79761.85065648981,1.2797595773563293e+21,35386.866602351685,7.011089152777403e+16
H2O_atmosphere_1_M_earth_1000_F_earth.csv,H2O,1_M,1000_F,18107.861339794323,173755.91785156645,1587355.7029120496,31.2920466447216,3.127147387842836e+18,77988.85946123321,1.2797595773563293e+21,36957.68526258418,7.873050223699694e+16
H2O_atmosphere_1_M_earth_1000_F_earth.csv,H2O,1_M,1000_F,18107.861339794323,173755.91785156645,1587355.7029120496,31.2920466447216,3.127147387842836e+18,75787.11878314306,1.2797595773563293e+21,38528.503922816664,8.772442849582096e+16
H2O_atmosphere_1_M_earth_1000_F_earth.csv,H2O,1_M,1000_F,18107.861339794323,173755.91785156645,1587355.7029120496,31.2920466447216,3.127147387842836e+18,73168.29055253412,1.2797595773563293e+21,40099.32258304916,9.70926703042462e+16
H2O_atmosphere_1_M_earth_1000_F_earth.csv,H2O,1_M,1000_F,18107.861339794323,173755.91785156645,1587355.7029120496,31.2920466447216,3.127147387842836e+18,70129.9657588196,1.2797595773563293e+21,41670.14124328164,1.0683522766227259e+17
H2O_atmosphere_1_M_earth_1000_F_earth.csv,H2O,1_M,1000_F,18107.861339794323,173755.91785156645,1587355.7029120496,31.2920466447216,3.127147387842836e+18,66538.18932686232,1.2797595773563293e+21,43240.95990351413,1.1695210056990016e+17
H2O_atmosphere_1_M_earth_1000_F_earth.csv,H2O,1_M,1000_F,18107.861339794323,173755.91785156645,1587355.7029120496,31.2920466447216,3.127147387842836e+18,62369.45822478815,1.2797595773563293e+21,44811.778563746615,1.2744328902712886e+17
H2O_atmosphere_1_M_earth_1000_F_earth.csv,H2O,1_M,1000_F,18107.861339794323,173755.91785156645,1587355.7029120496,31.2920466447216,3.127147387842836e+18,57936.88243525711,1.2797595773563293e+21,46382.5972239791,1.3830879303395878e+17
H2O_atmosphere_1_M_earth_1000_F_earth.csv,H2O,1_M,1000_F,18107.861339794323,173755.91785156645,1587355.7029120496,31.2920466447216,3.127147387842836e+18,53669.36589315331,1.2797595773563293e+21,47953.415884211594,1.4954861259038992e+17
H2O_atmosphere_1_M_earth_1000_F_earth.csv,H2O,1_M,1000_F,18107.861339794323,173755.91785156645,1587355.7029120496,31.2920466447216,3.127147387842836e+18,49881.57909017714,1.2797595773563293e+21,49524.23454444408,1.6116274769642214e+17
H2O_atmosphere_1_M_earth_1000_F_earth.csv,H2O,1_M,1000_F,18107.861339794323,173755.91785156645,1587355.7029120496,31.2920466447216,3.127147387842836e+18,46880.96340624317,1.2797595773563293e+21,51095.05320467657,1.731511983520556e+17
H2O_atmosphere_1_M_earth_1000_F_earth.csv,H2O,1_M,1000_F,18107.861339794323,173755.91785156645,1587355.7029120496,31.2920466447216,3.127147387842836e+18,44597.52831428133,1.2797595773563293e+21,52665.87186490906,1.8551396455729024e+17
H2O_atmosphere_1_M_earth_1000_F_earth.csv,H2O,1_M,1000_F,18107.861339794323,173755.91785156645,1587355.7029120496,31.2920466447216,3.127147387842836e+18,42539.25351857587,1.2797595773563293e+21,54236.690525141545,1.9825104631212598e+17
H2O_atmosphere_1_M_earth_1000_F_earth.csv,H2O,1_M,1000_F,18107.861339794323,173755.91785156645,1587355.7029120496,31.2920466447216,3.127147387842836e+18,40406.50640704451,1.2797595773563293e+21,55807.50918537403,2.1136244361656294e+17
H2O_atmosphere_1_M_earth_1000_F_earth.csv,H2O,1_M,1000_F,18107.861339794323,173755.91785156645,1587355.7029120496,31.2920466447216,3.127147387842836e+18,38304.84435253002,1.2797595773563293e+21,57378.327845606516,2.2484815647060112e+17
H2O_atmosphere_1_M_earth_1000_F_earth.csv,H2O,1_M,1000_F,18107.861339794323,173755.91785156645,1587355.7029120496,31.2920466447216,3.127147387842836e+18,36344.88266425614,1.2797595773563293e+21,58949.146505839,2.3870818487424042e+17
H2O_atmosphere_1_M_earth_1000_F_earth.csv,H2O,1_M,1000_F,18107.861339794323,173755.91785156645,1587355.7029120496,31.2920466447216,3.127147387842836e+18,34486.01750272547,1.2797595773563293e+21,60519.9651660715,2.5294252882748102e+17
H2O_atmosphere_1_M_earth_1000_F_earth.csv,H2O,1_M,1000_F,18107.861339794323,173755.91785156645,1587355.7029120496,31.2920466447216,3.127147387842836e+18,32747.936915484603,1.2797595773563293e+21,62090.78382630399,2.6755118833032266e+17
H2O_atmosphere_1_M_earth_1000_F_earth.csv,H2O,1_M,1000_F,18107.861339794323,173755.91785156645,1587355.7029120496,31.2920466447216,3.127147387842836e+18,31227.18560961843,1.2797595773563293e+21,63661.602486536474,2.825341633827654e+17
H2O_atmosphere_1_M_earth_1000_F_earth.csv,H2O,1_M,1000_F,18107.861339794323,173755.91785156645,1587355.7029120496,31.2920466447216,3.127147387842836e+18,30006.500648401754,1.2797595773563293e+21,65232.42114676896,2.978914539848095e+17
H2O_atmosphere_1_M_earth_1000_F_earth.csv,H2O,1_M,1000_F,18107.861339794323,173755.91785156645,1587355.7029120496,31.2920466447216,3.127147387842836e+18,29097.794554998487,1.2797595773563293e+21,66803.23980700145,3.136230601364546e+17
H2O_atmosphere_1_M_earth_1000_F_earth.csv,H2O,1_M,1000_F,18107.861339794323,173755.91785156645,1587355.7029120496,31.2920466447216,3.127147387842836e+18,28414.10176604717,1.2797595773563293e+21,68374.05846723393,3.297289818377009e+17
H2O_atmosphere_1_M_earth_1000_F_earth.csv,H2O,1_M,1000_F,18107.861339794323,173755.91785156645,1587355.7029120496,31.2920466447216,3.127147387842836e+18,27858.301276587004,1.2797595773563293e+21,69944.87712746642,3.462092190885485e+17
H2O_atmosphere_1_M_earth_1000_F_earth.csv,H2O,1_M,1000_F,18107.861339794323,173755.91785156645,1587355.7029120496,31.2920466447216,3.127147387842836e+18,27436.25534388757,1.2797595773563293e+21,71515.69578769892,3.6306377188899725e+17
H2O_atmosphere_1_M_earth_1000_F_earth.csv,H2O,1_M,1000_F,18107.861339794323,173755.91785156645,1587355.7029120496,31.2920466447216,3.127147387842836e+18,27239.352847829265,1.2797595773563293e+21,73086.5144479314,3.802926402390471e+17
H2O_atmosphere_1_M_earth_1000_F_earth.csv,H2O,1_M,1000_F,18107.861339794323,173755.91785156645,1587355.7029120496,31.2920466447216,3.127147387842836e+18,27339.330133608473,1.2797595773563293e+21,74657.33310816389,3.978958241386982e+17
H2O_atmosphere_1_M_earth_1000_F_earth.csv,H2O,1_M,1000_F,18107.861339794323,173755.91785156645,1587355.7029120496,31.2920466447216,3.127147387842836e+18,27734.737081196705,1.2797595773563293e+21,76228.15176839638,4.158733235879504e+17
H2O_atmosphere_1_M_earth_1000_F_earth.csv,H2O,1_M,1000_F,18107.861339794323,173755.91785156645,1587355.7029120496,31.2920466447216,3.127147387842836e+18,28384.95315135898,1.2797595773563293e+21,77798.97042862886,4.342251385868038e+17
H2O_atmosphere_1_M_earth_1000_F_earth.csv,H2O,1_M,1000_F,18107.861339794323,173755.91785156645,1587355.7029120496,31.2920466447216,3.127147387842836e+18,29257.68528584229,1.2797595773563293e+21,79369.78908886135,4.529512691352584e+17
H2O_atmosphere_1_M_earth_1000_F_earth.csv,H2O,1_M,1000_F,18107.861339794323,173755.91785156645,1587355.7029120496,31.2920466447216,3.127147387842836e+18,30280.22796022614,1.2797595773563293e+21,80940.60774909383,4.7205171523331405e+17
H2O_atmosphere_1_M_earth_1000_F_earth.csv,H2O,1_M,1000_F,18107.861339794323,173755.91785156645,1587355.7029120496,31.2920466447216,3.127147387842836e+18,31235.5838629445,1.2797595773563293e+21,82511.42640932633,4.9152647688097126e+17
H2O_atmosphere_1_M_earth_1000_F_earth.csv,H2O,1_M,1000_F,18107.861339794323,173755.91785156645,1587355.7029120496,31.2920466447216,3.127147387842836e+18,31982.70612578613,1.2797595773563293e+21,84082.24506955882,5.113755540782292e+17
H2O_atmosphere_1_M_earth_1000_F_earth.csv,H2O,1_M,1000_F,18107.861339794323,173755.91785156645,1587355.7029120496,31.2920466447216,3.127147387842836e+18,32749.6600868219,1.2797595773563293e+21,85653.0637297913,5.315989468250886e+17
H2O_atmosphere_1_M_earth_1000_F_earth.csv,H2O,1_M,1000_F,18107.861339794323,173755.91785156645,1587355.7029120496,31.2920466447216,3.127147387842836e+18,33625.46814898123,1.2797595773563293e+21,87223.88239002379,5.521966551215488e+17
H2O_atmosphere_1_M_earth_1000_F_earth.csv,H2O,1_M,1000_F,18107.861339794323,173755.91785156645,1587355.7029120496,31.2920466447216,3.127147387842836e+18,34410.40849769331,1.2797595773563293e+21,88794.70105025628,5.7316867896761056e+17
H2O_atmosphere_1_M_earth_1000_F_earth.csv,H2O,1_M,1000_F,18107.861339794323,173755.91785156645,1587355.7029120496,31.2920466447216,3.127147387842836e+18,35102.912725460315,1.2797595773563293e+21,90365.51971048876,5.945150183632733e+17
H2O_atmosphere_1_M_earth_1000_F_earth.csv,H2O,1_M,1000_F,18107.861339794323,173755.91785156645,1587355.7029120496,31.2920466447216,3.127147387842836e+18,35702.91275536034,1.2797595773563293e+21,91936.33837072126,6.162356733085375e+17
H2O_atmosphere_1_M_earth_1000_F_earth.csv,H2O,1_M,1000_F,18107.861339794323,173755.91785156645,1587355.7029120496,31.2920466447216,3.127147387842836e+18,36210.98401934213,1.2797595773563293e+21,93507.15703095375,6.383306438034026e+17
H2O_atmosphere_1_M_earth_1000_F_earth.csv,H2O,1_M,1000_F,18107.861339794323,173755.91785156645,1587355.7029120496,31.2920466447216,3.127147387842836e+18,36626.49963813236,1.2797595773563293e+21,95077.97569118624,6.607999298478689e+17
H2O_atmosphere_1_M_earth_1000_F_earth.csv,H2O,1_M,1000_F,18107.861339794323,173755.91785156645,1587355.7029120496,31.2920466447216,3.127147387842836e+18,36945.1311215926,1.2797595773563293e+21,96648.79435141872,6.836435314419363e+17
H2O_atmosphere_10_M_earth_1_F_earth.csv,H2O,10_M,1_F,553725.8331358721,6014219.609892589,27439093.483186737,284.36657403724945,1.1456588933172097e+23,2706192.5934269414,1.5379066945500252e+26,553725.8331358721,0.0
H2O_atmosphere_10_M_earth_1_F_earth.csv,H2O,10_M,1_F,553725.8331358721,6014219.609892589,27439093.483186737,284.36657403724945,1.1456588933172097e+23,2456704.1057152324,1.5379066945500252e+26,580638.113065853,7.080864777654112e+19
H2O_atmosphere_10_M_earth_1_F_earth.csv,H2O,10_M,1_F,553725.8331358721,6014219.609892589,27439093.483186737,284.36657403724945,1.1456588933172097e+23,2226283.5280786343,1.5379066945500252e+26,607550.3929958339,1.4497710288265477e+20
H2O_atmosphere_10_M_earth_1_F_earth.csv,H2O,10_M,1_F,553725.8331358721,6014219.609892589,27439093.483186737,284.36657403724945,1.1456588933172097e+23,2000864.6334058738,1.5379066945500252e+26,634462.6729258146,2.225053653183406e+20
H2O_atmosphere_10_M_earth_1_F_earth.csv,H2O,10_M,1_F,553725.8331358721,6014219.609892589,27439093.483186737,284.36657403724945,1.1456588933172097e+23,1784178.4254776319,1.5379066945500252e+26,661374.9528557955,3.033934350835992e+20
H2O_atmosphere_10_M_earth_1_F_earth.csv,H2O,10_M,1_F,553725.8331358721,6014219.609892589,27439093.483186737,284.36657403724945,1.1456588933172097e+23,1581951.673095777,1.5379066945500252e+26,688287.2327857764,3.8764131217843054e+20
H2O_atmosphere_10_M_earth_1_F_earth.csv,H2O,10_M,1_F,553725.8331358721,6014219.609892589,27439093.483186737,284.36657403724945,1.1456588933172097e+23,1392919.435388365,1.5379066945500252e+26,715199.5127157572,4.7524899660283406e+20
H2O_atmosphere_10_M_earth_1_F_earth.csv,H2O,10_M,1_F,553725.8331358721,6014219.609892589,27439093.483186737,284.36657403724945,1.1456588933172097e+23,1215613.866467086,1.5379066945500252e+26,742111.792645738,5.6621648835681006e+20
H2O_atmosphere_10_M_earth_1_F_earth.csv,H2O,10_M,1_F,553725.8331358721,6014219.609892589,27439093.483186737,284.36657403724945,1.1456588933172097e+23,1052180.7698904916,1.5379066945500252e+26,769024.0725757189,6.605437874403588e+20
H2O_atmosphere_10_M_earth_1_F_earth.csv,H2O,10_M,1_F,553725.8331358721,6014219.609892589,27439093.483186737,284.36657403724945,1.1456588933172097e+23,902575.1594887084,1.5379066945500252e+26,795936.3525056997,7.582308938534802e+20
H2O_atmosphere_10_M_earth_1_F_earth.csv,H2O,10_M,1_F,553725.8331358721,6014219.609892589,27439093.483186737,284.36657403724945,1.1456588933172097e+23,793149.8025301516,1.5379066945500252e+26,822848.6324356806,8.592778075961742e+20
H2O_atmosphere_10_M_earth_1_F_earth.csv,H2O,10_M,1_F,553725.8331358721,6014219.609892589,27439093.483186737,284.36657403724945,1.1456588933172097e+23,747797.6240940874,1.5379066945500252e+26,849760.9123656615,9.636845286684404e+20
H2O_atmosphere_10_M_earth_1_F_earth.csv,H2O,10_M,1_F,553725.8331358721,6014219.609892589,27439093.483186737,284.36657403724945,1.1456588933172097e+23,716865.6959735532,1.5379066945500252e+26,876673.1922956423,1.0714510570702792e+21
H2O_atmosphere_10_M_earth_1_F_earth.csv,H2O,10_M,1_F,553725.8331358721,6014219.609892589,27439093.483186737,284.36657403724945,1.1456588933172097e+23,688930.933865622,1.5379066945500252e+26,903585.4722256231,1.1825773928016904e+21
H2O_atmosphere_10_M_earth_1_F_earth.csv,H2O,10_M,1_F,553725.8331358721,6014219.609892589,27439093.483186737,284.36657403724945,1.1456588933172097e+23,663679.1377857698,1.5379066945500252e+26,930497.752155604,1.2970635358626744e+21
H2O_atmosphere_10_M_earth_1_F_earth.csv,H2O,10_M,1_F,553725.8331358721,6014219.609892589,27439093.483186737,284.36657403724945,1.1456588933172097e+23,640576.5470815428,1.5379066945500252e+26,957410.0320855847,1.4149094862532305e+21
H2O_atmosphere_10_M_earth_1_F_earth.csv,H2O,10_M,1_F,553725.8331358721,6014219.609892589,27439093.483186737,284.36657403724945,1.1456588933172097e+23,619393.7627795705,1.5379066945500252e+26,984322.3120155656,1.5361152439733597e+21
H2O_atmosphere_10_M_earth_1_F_earth.csv,H2O,10_M,1_F,553725.8331358721,6014219.609892589,27439093.483186737,284.36657403724945,1.1456588933172097e+23,600126.2773013486,1.5379066945500252e+26,1011234.5919455464,1.660680809023061e+21
H2O_atmosphere_10_M_earth_1_F_earth.csv,H2O,10_M,1_F,553725.8331358721,6014219.609892589,27439093.483186737,284.36657403724945,1.1456588933172097e+23,582162.4319552614,1.5379066945500252e+26,1038146.8718755273,1.788606181402335e+21
H2O_atmosphere_10_M_earth_1_F_earth.csv,H2O,10_M,1_F,553725.8331358721,6014219.609892589,27439093.483186737,284.36657403724945,1.1456588933172097e+23,565291.6571928809,1.5379066945500252e+26,1065059.1518055082,1.9198913611111816e+21
H2O_atmosphere_10_M_earth_1_F_earth.csv,H2O,10_M,1_F,553725.8331358721,6014219.609892589,27439093.483186737,284.36657403724945,1.1456588933172097e+23,549569.1447215857,1.5379066945500252e+26,1091971.431735489,2.0545363481496013e+21
H2O_atmosphere_10_M_earth_1_F_earth.csv,H2O,10_M,1_F,553725.8331358721,6014219.609892589,27439093.483186737,284.36657403724945,1.1456588933172097e+23,535319.3122314707,1.5379066945500252e+26,1118883.7116654697,2.1925411425175916e+21
H2O_atmosphere_10_M_earth_1_F_earth.csv,H2O,10_M,1_F,553725.8331358721,6014219.609892589,27439093.483186737,284.36657403724945,1.1456588933172097e+23,523309.67704903585,1.5379066945500252e+26,1145795.9915954508,2.3339057442151567e+21
H2O_atmosphere_10_M_earth_1_F_earth.csv,H2O,10_M,1_F,553725.8331358721,6014219.609892589,27439093.483186737,284.36657403724945,1.1456588933172097e+23,511820.2230849752,1.5379066945500252e+26,1172708.2715254314,2.478630153242293e+21
H2O_atmosphere_10_M_earth_1_F_earth.csv,H2O,10_M,1_F,553725.8331358721,6014219.609892589,27439093.483186737,284.36657403724945,1.1456588933172097e+23,500947.5651492071,1.5379066945500252e+26,1199620.5514554125,2.626714369599003e+21
H2O_atmosphere_10_M_earth_1_F_earth.csv,H2O,10_M,1_F,553725.8331358721,6014219.609892589,27439093.483186737,284.36657403724945,1.1456588933172097e+23,490571.91301550064,1.5379066945500252e+26,1226532.8313853932,2.7781583932852834e+21
H2O_atmosphere_10_M_earth_1_F_earth.csv,H2O,10_M,1_F,553725.8331358721,6014219.609892589,27439093.483186737,284.36657403724945,1.1456588933172097e+23,480710.4120606688,1.5379066945500252e+26,1253445.111315374,2.932962224301138e+21
H2O_atmosphere_10_M_earth_1_F_earth.csv,H2O,10_M,1_F,553725.8331358721,6014219.609892589,27439093.483186737,284.36657403724945,1.1456588933172097e+23,471390.7218812938,1.5379066945500252e+26,1280357.391245355,3.091125862646565e+21
H2O_atmosphere_10_M_earth_1_F_earth.csv,H2O,10_M,1_F,553725.8331358721,6014219.609892589,27439093.483186737,284.36657403724945,1.1456588933172097e+23,462632.59185427753,1.5379066945500252e+26,1307269.6711753358,3.252649308321565e+21
H2O_atmosphere_10_M_earth_1_F_earth.csv,H2O,10_M,1_F,553725.8331358721,6014219.609892589,27439093.483186737,284.36657403724945,1.1456588933172097e+23,454490.8829300371,1.5379066945500252e+26,1334181.9511053166,3.4175325613261366e+21
H2O_atmosphere_10_M_earth_1_F_earth.csv,H2O,10_M,1_F,553725.8331358721,6014219.609892589,27439093.483186737,284.36657403724945,1.1456588933172097e+23,446821.77636145515,1.5379066945500252e+26,1361094.2310352973,3.58577562166028e+21
H2O_atmosphere_10_M_earth_1_F_earth.csv,H2O,10_M,1_F,553725.8331358721,6014219.609892589,27439093.483186737,284.36657403724945,1.1456588933172097e+23,439364.45367296296,1.5379066945500252e+26,1388006.5109652784,3.7573784893239984e+21
H2O_atmosphere_10_M_earth_1_F_earth.csv,H2O,10_M,1_F,553725.8331358721,6014219.609892589,27439093.483186737,284.36657403724945,1.1456588933172097e+23,432056.74031651806,1.5379066945500252e+26,1414918.790895259,3.932341164317287e+21
H2O_atmosphere_10_M_earth_1_F_earth.csv,H2O,10_M,1_F,553725.8331358721,6014219.609892589,27439093.483186737,284.36657403724945,1.1456588933172097e+23,424820.0684472056,1.5379066945500252e+26,1441831.07082524,4.1106636466401496e+21
H2O_atmosphere_10_M_earth_1_F_earth.csv,H2O,10_M,1_F,553725.8331358721,6014219.609892589,27439093.483186737,284.36657403724945,1.1456588933172097e+23,417920.1303339744,1.5379066945500252e+26,1468743.3507552207,4.292345936292584e+21
H2O_atmosphere_10_M_earth_1_F_earth.csv,H2O,10_M,1_F,553725.8331358721,6014219.609892589,27439093.483186737,284.36657403724945,1.1456588933172097e+23,411323.3745274066,1.5379066945500252e+26,1495655.6306852016,4.47738803327459e+21
H2O_atmosphere_10_M_earth_1_F_earth.csv,H2O,10_M,1_F,553725.8331358721,6014219.609892589,27439093.483186737,284.36657403724945,1.1456588933172097e+23,404907.4368123474,1.5379066945500252e+26,1522567.9106151825,4.66578993758617e+21
H2O_atmosphere_10_M_earth_1_F_earth.csv,H2O,10_M,1_F,553725.8331358721,6014219.609892589,27439093.483186737,284.36657403724945,1.1456588933172097e+23,398809.92871272255,1.5379066945500252e+26,1549480.1905451634,4.857551649227322e+21
H2O_atmosphere_10_M_earth_1_F_earth.csv,H2O,10_M,1_F,553725.8331358721,6014219.609892589,27439093.483186737,284.36657403724945,1.1456588933172097e+23,393161.1406217665,1.5379066945500252e+26,1576392.4704751442,5.052673168198048e+21
H2O_atmosphere_10_M_earth_1_F_earth.csv,H2O,10_M,1_F,553725.8331358721,6014219.609892589,27439093.483186737,284.36657403724945,1.1456588933172097e+23,387822.97563955415,1.5379066945500252e+26,1603304.750405125,5.251154494498343e+21
H2O_atmosphere_10_M_earth_1_F_earth.csv,H2O,10_M,1_F,553725.8331358721,6014219.609892589,27439093.483186737,284.36657403724945,1.1456588933172097e+23,382794.85903163033,1.5379066945500252e+26,1630217.030335106,5.452995628128214e+21
H2O_atmosphere_10_M_earth_1_F_earth.csv,H2O,10_M,1_F,553725.8331358721,6014219.609892589,27439093.483186737,284.36657403724945,1.1456588933172097e+23,378286.6191864303,1.5379066945500252e+26,1657129.3102650868,5.658196569087657e+21
H2O_atmosphere_10_M_earth_1_F_earth.csv,H2O,10_M,1_F,553725.8331358721,6014219.609892589,27439093.483186737,284.36657403724945,1.1456588933172097e+23,374308.2956255172,1.5379066945500252e+26,1684041.5901950675,5.866757317376669e+21
H2O_atmosphere_10_M_earth_1_F_earth.csv,H2O,10_M,1_F,553725.8331358721,6014219.609892589,27439093.483186737,284.36657403724945,1.1456588933172097e+23,370937.7560644874,1.5379066945500252e+26,1710953.8701250483,6.078677872995257e+21
H2O_atmosphere_10_M_earth_1_F_earth.csv,H2O,10_M,1_F,553725.8331358721,6014219.609892589,27439093.483186737,284.36657403724945,1.1456588933172097e+23,368017.5162022595,1.5379066945500252e+26,1737866.1500550292,6.293958235943417e+21
H2O_atmosphere_10_M_earth_1_F_earth.csv,H2O,10_M,1_F,553725.8331358721,6014219.609892589,27439093.483186737,284.36657403724945,1.1456588933172097e+23,365822.9566007473,1.5379066945500252e+26,1764778.42998501,6.51259840622115e+21
H2O_atmosphere_10_M_earth_1_F_earth.csv,H2O,10_M,1_F,553725.8331358721,6014219.609892589,27439093.483186737,284.36657403724945,1.1456588933172097e+23,364576.27564325323,1.5379066945500252e+26,1791690.709914991,6.734598383828454e+21
H2O_atmosphere_10_M_earth_1_F_earth.csv,H2O,10_M,1_F,553725.8331358721,6014219.609892589,27439093.483186737,284.36657403724945,1.1456588933172097e+23,364298.2698860347,1.5379066945500252e+26,1818602.9898449718,6.959958168765334e+21
H2O_atmosphere_10_M_earth_1_F_earth.csv,H2O,10_M,1_F,553725.8331358721,6014219.609892589,27439093.483186737,284.36657403724945,1.1456588933172097e+23,365985.3737817399,1.5379066945500252e+26,1845515.2697749527,7.188677761031784e+21
H2O_atmosphere_10_M_earth_1_F_earth.csv,H2O,10_M,1_F,553725.8331358721,6014219.609892589,27439093.483186737,284.36657403724945,1.1456588933172097e+23,369464.01024837024,1.5379066945500252e+26,1872427.5497049335,7.420757160627805e+21
H2O_atmosphere_10_M_earth_1000_F_earth.csv,H2O,10_M,1000_F,532051.0690185683,4070755.4565970786,34658648.880267344,30.823171954716564,5.043189975946159e+22,2727755.8021882907,1.6630357074437874e+25,532051.0690185683,0.0
H2O_atmosphere_10_M_earth_1000_F_earth.csv,H2O,10_M,1000_F,532051.0690185683,4070755.4565970786,34658648.880267344,30.823171954716564,5.043189975946159e+22,2509458.5793562215,1.6630357074437874e+25,566211.8275883868,8.361337373259956e+19
H2O_atmosphere_10_M_earth_1000_F_earth.csv,H2O,10_M,1000_F,532051.0690185683,4070755.4565970786,34658648.880267344,30.823171954716564,5.043189975946159e+22,2319810.2431050427,1.6630357074437874e+25,600372.5861582055,1.724282275153981e+20
H2O_atmosphere_10_M_earth_1000_F_earth.csv,H2O,10_M,1000_F,532051.0690185683,4070755.4565970786,34658648.880267344,30.823171954716564,5.043189975946159e+22,2143756.6225729915,1.6630357074437874e+25,634533.3447280241,2.664445613483953e+20
H2O_atmosphere_10_M_earth_1000_F_earth.csv,H2O,10_M,1000_F,532051.0690185683,4070755.4565970786,34658648.880267344,30.823171954716564,5.043189975946159e+22,1977959.585830913,1.6630357074437874e+25,668694.1032978427,3.6566237523159155e+20
H2O_atmosphere_10_M_earth_1000_F_earth.csv,H2O,10_M,1000_F,532051.0690185683,4070755.4565970786,34658648.880267344,30.823171954716564,5.043189975946159e+22,1819047.07439458,1.6630357074437874e+25,702854.8618676612,4.7008166916498634e+20
H2O_atmosphere_10_M_earth_1000_F_earth.csv,H2O,10_M,1000_F,532051.0690185683,4070755.4565970786,34658648.880267344,30.823171954716564,5.043189975946159e+22,1666094.7566580286,1.6630357074437874e+25,737015.6204374798,5.797024431485802e+20
H2O_atmosphere_10_M_earth_1000_F_earth.csv,H2O,10_M,1000_F,532051.0690185683,4070755.4565970786,34658648.880267344,30.823171954716564,5.043189975946159e+22,1519274.3304320716,1.6630357074437874e+25,771176.3790072985,6.945246971823732e+20
H2O_atmosphere_10_M_earth_1000_F_earth.csv,H2O,10_M,1000_F,532051.0690185683,4070755.4565970786,34658648.880267344,30.823171954716564,5.043189975946159e+22,1379434.3632925025,1.6630357074437874e+25,805337.1375771171,8.145484312663647e+20
H2O_atmosphere_10_M_earth_1000_F_earth.csv,H2O,10_M,1000_F,532051.0690185683,4070755.4565970786,34658648.880267344,30.823171954716564,5.043189975946159e+22,1248172.034946694,1.6630357074437874e+25,839497.8961469356,9.397736454005547e+20
H2O_atmosphere_10_M_earth_1000_F_earth.csv,H2O,10_M,1000_F,532051.0690185683,4070755.4565970786,34658648.880267344,30.823171954716564,5.043189975946159e+22,1127030.6803525337,1.6630357074437874e+25,873658.6547167543,1.0702003395849444e+21
H2O_atmosphere_10_M_earth_1000_F_earth.csv,H2O,10_M,1000_F,532051.0690185683,4070755.4565970786,34658648.880267344,30.823171954716564,5.043189975946159e+22,1011289.0814169003,1.6630357074437874e+25,907819.4132865729,1.2058285138195325e+21
H2O_atmosphere_10_M_earth_1000_F_earth.csv,H2O,10_M,1000_F,532051.0690185683,4070755.4565970786,34658648.880267344,30.823171954716564,5.043189975946159e+22,902408.1292993884,1.6630357074437874e+25,941980.1718563915,1.3466581681043195e+21
H2O_atmosphere_10_M_earth_1000_F_earth.csv,H2O,10_M,1000_F,532051.0690185683,4070755.4565970786,34658648.880267344,30.823171954716564,5.043189975946159e+22,801228.4588043382,1.6630357074437874e+25,976140.93042621,1.4926893024393054e+21
H2O_atmosphere_10_M_earth_1000_F_earth.csv,H2O,10_M,1000_F,532051.0690185683,4070755.4565970786,34658648.880267344,30.823171954716564,5.043189975946159e+22,707880.8919614983,1.6630357074437874e+25,1010301.6889960286,1.64392191682449e+21
H2O_atmosphere_10_M_earth_1000_F_earth.csv,H2O,10_M,1000_F,532051.0690185683,4070755.4565970786,34658648.880267344,30.823171954716564,5.043189975946159e+22,623999.1743876308,1.6630357074437874e+25,1044462.4475658473,1.8003560112598742e+21
H2O_atmosphere_10_M_earth_1000_F_earth.csv,H2O,10_M,1000_F,532051.0690185683,4070755.4565970786,34658648.880267344,30.823171954716564,5.043189975946159e+22,545731.2093108858,1.6630357074437874e+25,1078623.206135666,1.9619915857454566e+21
H2O_atmosphere_10_M_earth_1000_F_earth.csv,H2O,10_M,1000_F,532051.0690185683,4070755.4565970786,34658648.880267344,30.823171954716564,5.043189975946159e+22,474801.1521925508,1.6630357074437874e+25,1112783.9647054845,2.1288286402812377e+21
H2O_atmosphere_10_M_earth_1000_F_earth.csv,H2O,10_M,1000_F,532051.0690185683,4070755.4565970786,34658648.880267344,30.823171954716564,5.043189975946159e+22,410918.30124787,1.6630357074437874e+25,1146944.723275303,2.300867174867217e+21
H2O_atmosphere_10_M_earth_1000_F_earth.csv,H2O,10_M,1000_F,532051.0690185683,4070755.4565970786,34658648.880267344,30.823171954716564,5.043189975946159e+22,353743.60266192013,1.6630357074437874e+25,1181105.4818451218,2.4781071895033975e+21
H2O_atmosphere_10_M_earth_1000_F_earth.csv,H2O,10_M,1000_F,532051.0690185683,4070755.4565970786,34658648.880267344,30.823171954716564,5.043189975946159e+22,311048.0844064148,1.6630357074437874e+25,1215266.2404149403,2.660548684189775e+21
H2O_atmosphere_10_M_earth_1000_F_earth.csv,H2O,10_M,1000_F,532051.0690185683,4070755.4565970786,34658648.880267344,30.823171954716564,5.043189975946159e+22,303308.5382325501,1.6630357074437874e+25,1249426.9989847587,2.8481916589263505e+21
H2O_atmosphere_10_M_earth_1000_F_earth.csv,H2O,10_M,1000_F,532051.0690185683,4070755.4565970786,34658648.880267344,30.823171954716564,5.043189975946159e+22,296922.47294661496,1.6630357074437874e+25,1283587.7575545777,3.0410361137131285e+21
H2O_atmosphere_10_M_earth_1000_F_earth.csv,H2O,10_M,1000_F,532051.0690185683,4070755.4565970786,34658648.880267344,30.823171954716564,5.043189975946159e+22,290953.39697809855,1.6630357074437874e+25,1317748.5161243961,3.239082048550102e+21
H2O_atmosphere_10_M_earth_1000_F_earth.csv,H2O,10_M,1000_F,532051.0690185683,4070755.4565970786,34658648.880267344,30.823171954716564,5.043189975946159e+22,285900.61718677805,1.6630357074437874e+25,1351909.2746942146,3.442329463437275e+21
H2O_atmosphere_10_M_earth_1000_F_earth.csv,H2O,10_M,1000_F,532051.0690185683,4070755.4565970786,34658648.880267344,30.823171954716564,5.043189975946159e+22,396559.1704761311,1.6630357074437874e+25,1386070.0332640333,3.650778358374647e+21
H2O_atmosphere_10_M_earth_1000_F_earth.csv,H2O,10_M,1000_F,532051.0690185683,4070755.4565970786,34658648.880267344,30.823171954716564,5.043189975946159e+22,411203.48740693694,1.6630357074437874e+25,1420230.791833852,3.864428733362219e+21
H2O_atmosphere_10_M_earth_1000_F_earth.csv,H2O,10_M,1000_F,532051.0690185683,4070755.4565970786,34658648.880267344,30.823171954716564,5.043189975946159e+22,405752.006017357,1.6630357074437874e+25,1454391.5504036704,4.083280588399988e+21
H2O_atmosphere_10_M_earth_1000_F_earth.csv,H2O,10_M,1000_F,532051.0690185683,4070755.4565970786,34658648.880267344,30.823171954716564,5.043189975946159e+22,400702.5111248847,1.6630357074437874e+25,1488552.308973489,4.307333923487957e+21
H2O_atmosphere_10_M_earth_1000_F_earth.csv,H2O,10_M,1000_F,532051.0690185683,4070755.4565970786,34658648.880267344,30.823171954716564,5.043189975946159e+22,397422.56894111075,1.6630357074437874e+25,1522713.0675433078,4.5365887386261263e+21
H2O_atmosphere_10_M_earth_1000_F_earth.csv,H2O,10_M,1000_F,532051.0690185683,4070755.4565970786,34658648.880267344,30.823171954716564,5.043189975946159e+22,397337.5927432103,1.6630357074437874e+25,1556873.8261131262,4.771045033814491e+21
H2O_atmosphere_10_M_earth_1000_F_earth.csv,H2O,10_M,1000_F,532051.0690185683,4070755.4565970786,34658648.880267344,30.823171954716564,5.043189975946159e+22,404972.6181246213,1.6630357074437874e+25,1591034.5846829447,5.010702809053055e+21
H2O_atmosphere_10_M_earth_1000_F_earth.csv,H2O,10_M,1000_F,532051.0690185683,4070755.4565970786,34658648.880267344,30.823171954716564,5.043189975946159e+22,442715.7844326921,1.6630357074437874e+25,1625195.3432527636,5.255562064341822e+21
H2O_atmosphere_10_M_earth_1000_F_earth.csv,H2O,10_M,1000_F,532051.0690185683,4070755.4565970786,34658648.880267344,30.823171954716564,5.043189975946159e+22,551095.7417235638,1.6630357074437874e+25,1659356.101822582,5.505622799680784e+21
H2O_atmosphere_10_M_earth_1000_F_earth.csv,H2O,10_M,1000_F,532051.0690185683,4070755.4565970786,34658648.880267344,30.823171954716564,5.043189975946159e+22,642753.9047327003,1.6630357074437874e+25,1693516.8603924005,5.760885015069946e+21
H2O_atmosphere_10_M_earth_1000_F_earth.csv,H2O,10_M,1000_F,532051.0690185683,4070755.4565970786,34658648.880267344,30.823171954716564,5.043189975946159e+22,665494.1764648554,1.6630357074437874e+25,1727677.6189622195,6.021348710509308e+21
H2O_atmosphere_10_M_earth_1000_F_earth.csv,H2O,10_M,1000_F,532051.0690185683,4070755.4565970786,34658648.880267344,30.823171954716564,5.043189975946159e+22,664453.7277951441,1.6630357074437874e+25,1761838.377532038,6.287013885998867e+21
H2O_atmosphere_10_M_earth_1000_F_earth.csv,H2O,10_M,1000_F,532051.0690185683,4070755.4565970786,34658648.880267344,30.823171954716564,5.043189975946159e+22,657257.2612826074,1.6630357074437874e+25,1795999.1361018564,6.557880541538624e+21
H2O_atmosphere_10_M_earth_1000_F_earth.csv,H2O,10_M,1000_F,532051.0690185683,4070755.4565970786,34658648.880267344,30.823171954716564,5.043189975946159e+22,652453.0222614555,1.6630357074437874e+25,1830159.8946716753,6.833948677128584e+21
H2O_atmosphere_10_M_earth_1000_F_earth.csv,H2O,10_M,1000_F,532051.0690185683,4070755.4565970786,34658648.880267344,30.823171954716564,5.043189975946159e+22,664072.4156379049,1.6630357074437874e+25,1864320.6532414937,7.115218292768739e+21
H2O_atmosphere_10_M_earth_1000_F_earth.csv,H2O,10_M,1000_F,532051.0690185683,4070755.4565970786,34658648.880267344,30.823171954716564,5.043189975946159e+22,707949.6962177375,1.6630357074437874e+25,1898481.4118113122,7.401689388459094e+21
H2O_atmosphere_10_M_earth_1000_F_earth.csv,H2O,10_M,1000_F,532051.0690185683,4070755.4565970786,34658648.880267344,30.823171954716564,5.043189975946159e+22,792463.9309371571,1.6630357074437874e+25,1932642.170381131,7.69336196419965e+21
H2O_atmosphere_10_M_earth_1000_F_earth.csv,H2O,10_M,1000_F,532051.0690185683,4070755.4565970786,34658648.880267344,30.823171954716564,5.043189975946159e+22,929636.3982779293,1.6630357074437874e+25,1966802.9289509496,7.990236019990403e+21
H2O_atmosphere_10_M_earth_1000_F_earth.csv,H2O,10_M,1000_F,532051.0690185683,4070755.4565970786,34658648.880267344,30.823171954716564,5.043189975946159e+22,1207781.2051078652,1.6630357074437874e+25,2000963.687520768,8.292311555831352e+21
H2O_atmosphere_10_M_earth_1000_F_earth.csv,H2O,10_M,1000_F,532051.0690185683,4070755.4565970786,34658648.880267344,30.823171954716564,5.043189975946159e+22,2053623.410459462,1.6630357074437874e+25,2035124.446090587,8.599588571722505e+21
H2O_atmosphere_10_M_earth_1000_F_earth.csv,H2O,10_M,1000_F,532051.0690185683,4070755.4565970786,34658648.880267344,30.823171954716564,5.043189975946159e+22,6287747.577176008,1.6630357074437874e+25,2069285.2046604054,8.912067067663853e+21
H2O_atmosphere_10_M_earth_1000_F_earth.csv,H2O,10_M,1000_F,532051.0690185683,4070755.4565970786,34658648.880267344,30.823171954716564,5.043189975946159e+22,6309509.933544903,1.6630357074437874e+25,2103445.963230224,9.229747043655401e+21
H2O_atmosphere_10_M_earth_1000_F_earth.csv,H2O,10_M,1000_F,532051.0690185683,4070755.4565970786,34658648.880267344,30.823171954716564,5.043189975946159e+22,6508957.458401179,1.6630357074437874e+25,2137606.7218000423,9.552628499697147e+21
H2O_atmosphere_10_M_earth_1000_F_earth.csv,H2O,10_M,1000_F,532051.0690185683,4070755.4565970786,34658648.880267344,30.823171954716564,5.043189975946159e+22,6805187.010110795,1.6630357074437874e+25,2171767.4803698612,9.880711435789095e+21
H2O_atmosphere_10_M_earth_1000_F_earth.csv,H2O,10_M,1000_F,532051.0690185683,4070755.4565970786,34658648.880267344,30.823171954716564,5.043189975946159e+22,7004694.481607649,1.6630357074437874e+25,2205928.2389396797,1.021399585193124e+22
N2_atmosphere_1_M_earth_1_F_earth.csv,N2,1_M,1_F,14579.025243885015,251095.59220876338,1074017.2564524391,547.2169861694185,5.257855505737287e+18,60016.08551399583,1.795768895001155e+22,14579.025243885015,0.0
N2_atmosphere_1_M_earth_1_F_earth.csv,N2,1_M,1_F,14579.025243885015,251095.59220876338,1074017.2564524391,547.2169861694185,5.257855505737287e+18,56645.61293373725,1.795768895001155e+22,15639.523973823507,1957045217598486.0
N2_atmosphere_1_M_earth_1_F_earth.csv,N2,1_M,1_F,14579.025243885015,251095.59220876338,1074017.2564524391,547.2169861694185,5.257855505737287e+18,53645.52497756029,1.795768895001155e+22,16700.022703762,4051452685961752.5
N2_atmosphere_1_M_earth_1_F_earth.csv,N2,1_M,1_F,14579.025243885015,251095.59220876338,1074017.2564524391,547.2169861694185,5.257855505737287e+18,50641.79821061366,1.795768895001155e+22,17760.52143370049,6283222405089803.0
N2_atmosphere_1_M_earth_1_F_earth.csv,N2,1_M,1_F,14579.025243885015,251095.59220876338,1074017.2564524391,547.2169861694185,5.257855505737287e+18,47619.43682826548,1.795768895001155e+22,18821.020163638983,8652354374982635.0
N2_atmosphere_1_M_earth_1_F_earth.csv,N2,1_M,1_F,14579.025243885015,251095.59220876338,1074017.2564524391,547.2169861694185,5.257855505737287e+18,44580.01616841826,1.795768895001155e+22,19881.51889357748,1.115884859564026e+16
N2_atmosphere_1_M_earth_1_F_earth.csv,N2,1_M,1_F,14579.025243885015,251095.59220876338,1074017.2564524391,547.2169861694185,5.257855505737287e+18,41502.20524614603,1.795768895001155e+22,20942.01762351597,1.3802705067062654e+16
N2_atmosphere_1_M_earth_1_F_earth.csv,N2,1_M,1_F,14579.025243885015,251095.59220876338,1074017.2564524391,547.2169861694185,5.257855505737287e+18,38238.77170984223,1.795768895001155e+22,22002.516353454463,1.658392378924983e+16
N2_atmosphere_1_M_earth_1_F_earth.csv,N2,1_M,1_F,14579.025243885015,251095.59220876338,1074017.2564524391,547.2169861694185,5.257855505737287e+18,34454.67038880811,1.795768895001155e+22,23063.015083392955,1.9502504762201796e+16
N2_atmosphere_1_M_earth_1_F_earth.csv,N2,1_M,1_F,14579.025243885015,251095.59220876338,1074017.2564524391,547.2169861694185,5.257855505737287e+18,30114.25996315541,1.795768895001155e+22,24123.513813331447,2.2558447985918536e+16
N2_atmosphere_1_M_earth_1_F_earth.csv,N2,1_M,1_F,14579.025243885015,251095.59220876338,1074017.2564524391,547.2169861694185,5.257855505737287e+18,25809.225221102493,1.795768895001155e+22,25184.01254326994,2.575175346040006e+16
N2_atmosphere_1_M_earth_1_F_earth.csv,N2,1_M,1_F,14579.025243885015,251095.59220876338,1074017.2564524391,547.2169861694185,5.257855505737287e+18,22006.873589398016,1.795768895001155e+22,26244.51127320843,2.9082421185646364e+16
N2_atmosphere_1_M_earth_1_F_earth.csv,N2,1_M,1_F,14579.025243885015,251095.59220876338,1074017.2564524391,547.2169861694185,5.257855505737287e+18,18679.447511507202,1.795768895001155e+22,27305.010003146926,3.2550451161657468e+16
N2_atmosphere_1_M_earth_1_F_earth.csv,N2,1_M,1_F,14579.025243885015,251095.59220876338,1074017.2564524391,547.2169861694185,5.257855505737287e+18,15797.397414194284,1.795768895001155e+22,28365.508733085415,3.615584338843333e+16
N2_atmosphere_1_M_earth_1_F_earth.csv,N2,1_M,1_F,14579.025243885015,251095.59220876338,1074017.2564524391,547.2169861694185,5.257855505737287e+18,13325.693315858303,1.795768895001155e+22,29426.00746302391,3.9898597865974e+16
N2_atmosphere_1_M_earth_1_F_earth.csv,N2,1_M,1_F,14579.025243885015,251095.59220876338,1074017.2564524391,547.2169861694185,5.257855505737287e+18,11222.470950767281,1.795768895001155e+22,30486.506192962403,4.377871459427943e+16
N2_atmosphere_1_M_earth_1_F_earth.csv,N2,1_M,1_F,14579.025243885015,251095.59220876338,1074017.2564524391,547.2169861694185,5.257855505737287e+18,9467.442144862356,1.795768895001155e+22,31547.004922900895,4.779619357334965e+16
N2_atmosphere_1_M_earth_1_F_earth.csv,N2,1_M,1_F,14579.025243885015,251095.59220876338,1074017.2564524391,547.2169861694185,5.257855505737287e+18,8204.698120775463,1.795768895001155e+22,32607.503652839387,5.195103480318465e+16
N2_atmosphere_1_M_earth_1_F_earth.csv,N2,1_M,1_F,14579.025243885015,251095.59220876338,1074017.2564524391,547.2169861694185,5.257855505737287e+18,7453.473987708761,1.795768895001155e+22,33668.00238277788,5.6243238283784424e+16
N2_atmosphere_1_M_earth_1_F_earth.csv,N2,1_M,1_F,14579.025243885015,251095.59220876338,1074017.2564524391,547.2169861694185,5.257855505737287e+18,6866.461202044489,1.795768895001155e+22,34728.501112716374,6.0672804015149016e+16
N2_atmosphere_1_M_earth_1_F_earth.csv,N2,1_M,1_F,14579.025243885015,251095.59220876338,1074017.2564524391,547.2169861694185,5.257855505737287e+18,6285.361576872781,1.795768895001155e+22,35788.99984265486,6.5239731997278344e+16
N2_atmosphere_1_M_earth_1_F_earth.csv,N2,1_M,1_F,14579.025243885015,251095.59220876338,1074017.2564524391,547.2169861694185,5.257855505737287e+18,6275.788746993249,1.795768895001155e+22,36849.49857259336,6.994402223017249e+16
N2_atmosphere_1_M_earth_1_F_earth.csv,N2,1_M,1_F,14579.025243885015,251095.59220876338,1074017.2564524391,547.2169861694185,5.257855505737287e+18,6283.148198441462,1.795768895001155e+22,37909.99730253185,7.47856747138314e+16
N2_atmosphere_1_M_earth_1_F_earth.csv,N2,1_M,1_F,14579.025243885015,251095.59220876338,1074017.2564524391,547.2169861694185,5.257855505737287e+18,6290.520877885544,1.795768895001155e+22,38970.49603247034,7.976468944825509e+16
N2_atmosphere_1_M_earth_1_F_earth.csv,N2,1_M,1_F,14579.025243885015,251095.59220876338,1074017.2564524391,547.2169861694185,5.257855505737287e+18,6297.907039449844,1.795768895001155e+22,40030.99476240884,8.488106643344358e+16
N2_atmosphere_1_M_earth_1_F_earth.csv,N2,1_M,1_F,14579.025243885015,251095.59220876338,1074017.2564524391,547.2169861694185,5.257855505737287e+18,6305.306897662445,1.795768895001155e+22,41091.49349234733,9.013480566939685e+16
N2_atmosphere_1_M_earth_1_F_earth.csv,N2,1_M,1_F,14579.025243885015,251095.59220876338,1074017.2564524391,547.2169861694185,5.257855505737287e+18,6312.720598341177,1.795768895001155e+22,42151.992222285815,9.552590715611486e+16
N2_atmosphere_1_M_earth_1_F_earth.csv,N2,1_M,1_F,14579.025243885015,251095.59220876338,1074017.2564524391,547.2169861694185,5.257855505737287e+18,6320.14826877139,1.795768895001155e+22,43212.49095222431,1.010543708935977e+17
N2_atmosphere_1_M_earth_1_F_earth.csv,N2,1_M,1_F,14579.025243885015,251095.59220876338,1074017.2564524391,547.2169861694185,5.257855505737287e+18,6327.590103078575,1.795768895001155e+22,44272.989682162806,1.0672019688184531e+17
N2_atmosphere_1_M_earth_1_F_earth.csv,N2,1_M,1_F,14579.025243885015,251095.59220876338,1074017.2564524391,547.2169861694185,5.257855505737287e+18,6335.046493204585,1.795768895001155e+22,45333.4884121013,1.125233851208577e+17
N2_atmosphere_1_M_earth_1_F_earth.csv,N2,1_M,1_F,14579.025243885015,251095.59220876338,1074017.2564524391,547.2169861694185,5.257855505737287e+18,6342.518011988404,1.795768895001155e+22,46393.98714203979,1.1846393561063485e+17
N2_atmosphere_1_M_earth_1_F_earth.csv,N2,1_M,1_F,14579.025243885015,251095.59220876338,1074017.2564524391,547.2169861694185,5.257855505737287e+18,6350.005417707253,1.795768895001155e+22,47454.48587197828,1.245418483511768e+17
N2_atmosphere_1_M_earth_1_F_earth.csv,N2,1_M,1_F,14579.025243885015,251095.59220876338,1074017.2564524391,547.2169861694185,5.257855505737287e+18,6357.50947887437,1.795768895001155e+22,48514.984601916774,1.3075712334248354e+17
N2_atmosphere_1_M_earth_1_F_earth.csv,N2,1_M,1_F,14579.025243885015,251095.59220876338,1074017.2564524391,547.2169861694185,5.257855505737287e+18,6365.030883863759,1.795768895001155e+22,49575.48333185527,1.371097605845551e+17
N2_atmosphere_1_M_earth_1_F_earth.csv,N2,1_M,1_F,14579.025243885015,251095.59220876338,1074017.2564524391,547.2169861694185,5.257855505737287e+18,6372.569955154617,1.795768895001155e+22,50635.98206179376,1.4359976007739134e+17
N2_atmosphere_1_M_earth_1_F_earth.csv,N2,1_M,1_F,14579.025243885015,251095.59220876338,1074017.2564524391,547.2169861694185,5.257855505737287e+18,6380.126337489885,1.795768895001155e+22,51696.480791732254,1.5022712182099245e+17
N2_atmosphere_1_M_earth_1_F_earth.csv,N2,1_M,1_F,14579.025243885015,251095.59220876338,1074017.2564524391,547.2169861694185,5.257855505737287e+18,6387.698674382752,1.795768895001155e+22,52756.97952167074,1.5699184581535827e+17
N2_atmosphere_1_M_earth_1_F_earth.csv,N2,1_M,1_F,14579.025243885015,251095.59220876338,1074017.2564524391,547.2169861694185,5.257855505737287e+18,6395.285254032294,1.795768895001155e+22,53817.47825160924,1.6389393206048896e+17
N2_atmosphere_1_M_earth_1_F_earth.csv,N2,1_M,1_F,14579.025243885015,251095.59220876338,1074017.2564524391,547.2169861694185,5.257855505737287e+18,6402.88442771343,1.795768895001155e+22,54877.97698154773,1.7093338055638435e+17
N2_atmosphere_1_M_earth_1_F_earth.csv,N2,1_M,1_F,14579.025243885015,251095.59220876338,1074017.2564524391,547.2169861694185,5.257855505737287e+18,6410.49528296791,1.795768895001155e+22,55938.47571148622,1.7811019130304458e+17
N2_atmosphere_1_M_earth_1_F_earth.csv,N2,1_M,1_F,14579.025243885015,251095.59220876338,1074017.2564524391,547.2169861694185,5.257855505737287e+18,6418.117823729393,1.795768895001155e+22,56998.97444142471,1.8542436430046957e+17
N2_atmosphere_1_M_earth_1_F_earth.csv,N2,1_M,1_F,14579.025243885015,251095.59220876338,1074017.2564524391,547.2169861694185,5.257855505737287e+18,6425.75287714947,1.795768895001155e+22,58059.473171363206,1.9287589954865936e+17
N2_atmosphere_1_M_earth_1_F_earth.csv,N2,1_M,1_F,14579.025243885015,251095.59220876338,1074017.2564524391,547.2169861694185,5.257855505737287e+18,6433.401918366817,1.795768895001155e+22,59119.9719013017,2.0046479704761392e+17
N2_atmosphere_1_M_earth_1_F_earth.csv,N2,1_M,1_F,14579.025243885015,251095.59220876338,1074017.2564524391,547.2169861694185,5.257855505737287e+18,6441.067021904663,1.795768895001155e+22,60180.47063124019,2.0819105679733325e+17
N2_atmosphere_1_M_earth_1_F_earth.csv,N2,1_M,1_F,14579.025243885015,251095.59220876338,1074017.2564524391,547.2169861694185,5.257855505737287e+18,6448.750949737697,1.795768895001155e+22,61240.969361178686,2.1605467879781738e+17
N2_atmosphere_1_M_earth_1_F_earth.csv,N2,1_M,1_F,14579.025243885015,251095.59220876338,1074017.2564524391,547.2169861694185,5.257855505737287e+18,6456.457345237075,1.795768895001155e+22,62301.468091117174,2.2405566304906624e+17
N2_atmosphere_1_M_earth_1_F_earth.csv,N2,1_M,1_F,14579.025243885015,251095.59220876338,1074017.2564524391,547.2169861694185,5.257855505737287e+18,6464.191158375323,1.795768895001155e+22,63361.96682105567,2.3219400955107997e+17
N2_atmosphere_1_M_earth_1_F_earth.csv,N2,1_M,1_F,14579.025243885015,251095.59220876338,1074017.2564524391,547.2169861694185,5.257855505737287e+18,6471.959236068288,1.795768895001155e+22,64422.46555099416,2.4046971830385843e+17
N2_atmosphere_1_M_earth_1_F_earth.csv,N2,1_M,1_F,14579.025243885015,251095.59220876338,1074017.2564524391,547.2169861694185,5.257855505737287e+18,6479.771405025402,1.795768895001155e+22,65482.964280932654,2.488827893074017e+17
N2_atmosphere_1_M_earth_1_F_earth.csv,N2,1_M,1_F,14579.025243885015,251095.59220876338,1074017.2564524391,547.2169861694185,5.257855505737287e+18,6487.641897416426,1.795768895001155e+22,66543.46301087114,2.5743322256170966e+17
N2_atmosphere_1_M_earth_1_F_earth.csv,N2,1_M,1_F,14579.025243885015,251095.59220876338,1074017.2564524391,547.2169861694185,5.257855505737287e+18,6495.591481943638,1.795768895001155e+22,67603.96174080964,2.6612101806678253e+17
N2_atmosphere_1_M_earth_1000_F_earth.csv,N2,1_M,1000_F,33026.80795034518,374743.8539431502,1418533.8865205906,520.1370728082571,2.6530022571752505e+19,58009.962537054125,1.6126932015888724e+22,33026.80795034518,0.0
N2_atmosphere_1_M_earth_1000_F_earth.csv,N2,1_M,1000_F,33026.80795034518,374743.8539431502,1418533.8865205906,520.1370728082571,2.6530022571752505e+19,58638.96240493015,1.6126932015888724e+22,34413.70192288797,1.2939554260881798e+16
N2_atmosphere_1_M_earth_1000_F_earth.csv,N2,1_M,1000_F,33026.80795034518,374743.8539431502,1418533.8865205906,520.1370728082571,2.6530022571752505e+19,59231.484702493406,1.6126932015888724e+22,35800.59589543076,2.641130467050379e+16
N2_atmosphere_1_M_earth_1000_F_earth.csv,N2,1_M,1000_F,33026.80795034518,374743.8539431502,1418533.8865205906,520.1370728082571,2.6530022571752505e+19,59724.884326231455,1.6126932015888724e+22,37187.48986797355,4.041525122886615e+16
N2_atmosphere_1_M_earth_1000_F_earth.csv,N2,1_M,1000_F,33026.80795034518,374743.8539431502,1418533.8865205906,520.1370728082571,2.6530022571752505e+19,60019.6315278626,1.6126932015888724e+22,38574.38384051633,5.4951393935968696e+16
N2_atmosphere_1_M_earth_1000_F_earth.csv,N2,1_M,1000_F,33026.80795034518,374743.8539431502,1418533.8865205906,520.1370728082571,2.6530022571752505e+19,59977.27305860282,1.6126932015888724e+22,39961.277813059125,7.001973279181157e+16
N2_atmosphere_1_M_earth_1000_F_earth.csv,N2,1_M,1000_F,33026.80795034518,374743.8539431502,1418533.8865205906,520.1370728082571,2.6530022571752505e+19,59417.017215555614,1.6126932015888724e+22,41348.17178560191,8.562026779639464e+16
N2_atmosphere_1_M_earth_1000_F_earth.csv,N2,1_M,1000_F,33026.80795034518,374743.8539431502,1418533.8865205906,520.1370728082571,2.6530022571752505e+19,58151.98071510755,1.6126932015888724e+22,42735.0657581447,1.0175299894971805e+17
N2_atmosphere_1_M_earth_1000_F_earth.csv,N2,1_M,1000_F,33026.80795034518,374743.8539431502,1418533.8865205906,520.1370728082571,2.6530022571752505e+19,56115.30494791527,1.6126932015888724e+22,44121.959730687486,1.1841792625178165e+17
N2_atmosphere_1_M_earth_1000_F_earth.csv,N2,1_M,1000_F,33026.80795034518,374743.8539431502,1418533.8865205906,520.1370728082571,2.6530022571752505e+19,53432.90410766597,1.6126932015888724e+22,45508.85370323028,1.356150497025856e+17
N2_atmosphere_1_M_earth_1000_F_earth.csv,N2,1_M,1000_F,33026.80795034518,374743.8539431502,1418533.8865205906,520.1370728082571,2.6530022571752505e+19,50361.95415543351,1.6126932015888724e+22,46895.74767577306,1.5334436930212973e+17
N2_atmosphere_1_M_earth_1000_F_earth.csv,N2,1_M,1000_F,33026.80795034518,374743.8539431502,1418533.8865205906,520.1370728082571,2.6530022571752505e+19,47195.71624044459,1.6126932015888724e+22,48282.641648315854,1.7160588505041424e+17
N2_atmosphere_1_M_earth_1000_F_earth.csv,N2,1_M,1000_F,33026.80795034518,374743.8539431502,1418533.8865205906,520.1370728082571,2.6530022571752505e+19,44116.944144613335,1.6126932015888724e+22,49669.535620858645,1.903995969474389e+17
N2_atmosphere_1_M_earth_1000_F_earth.csv,N2,1_M,1000_F,33026.80795034518,374743.8539431502,1418533.8865205906,520.1370728082571,2.6530022571752505e+19,41061.95575708793,1.6126932015888724e+22,51056.42959340143,2.097255049932039e+17
N2_atmosphere_1_M_earth_1000_F_earth.csv,N2,1_M,1000_F,33026.80795034518,374743.8539431502,1418533.8865205906,520.1370728082571,2.6530022571752505e+19,37880.941163108524,1.6126932015888724e+22,52443.323565944214,2.2958360918770902e+17
N2_atmosphere_1_M_earth_1000_F_earth.csv,N2,1_M,1000_F,33026.80795034518,374743.8539431502,1418533.8865205906,520.1370728082571,2.6530022571752505e+19,34778.29489378233,1.6126932015888724e+22,53830.217538487006,2.499739095309546e+17
N2_atmosphere_1_M_earth_1000_F_earth.csv,N2,1_M,1000_F,33026.80795034518,374743.8539431502,1418533.8865205906,520.1370728082571,2.6530022571752505e+19,32239.02589954283,1.6126932015888724e+22,55217.1115110298,2.708964060229404e+17
N2_atmosphere_1_M_earth_1000_F_earth.csv,N2,1_M,1000_F,33026.80795034518,374743.8539431502,1418533.8865205906,520.1370728082571,2.6530022571752505e+19,30454.08659183744,1.6126932015888724e+22,56604.00548357258,2.923510986636664e+17
N2_atmosphere_1_M_earth_1000_F_earth.csv,N2,1_M,1000_F,33026.80795034518,374743.8539431502,1418533.8865205906,520.1370728082571,2.6530022571752505e+19,29311.728543444653,1.6126932015888724e+22,57990.89945611537,3.143379874531326e+17
N2_atmosphere_1_M_earth_1000_F_earth.csv,N2,1_M,1000_F,33026.80795034518,374743.8539431502,1418533.8865205906,520.1370728082571,2.6530022571752505e+19,28666.261536920792,1.6126932015888724e+22,59377.79342865816,3.3685707239133926e+17
N2_atmosphere_1_M_earth_1000_F_earth.csv,N2,1_M,1000_F,33026.80795034518,374743.8539431502,1418533.8865205906,520.1370728082571,2.6530022571752505e+19,28463.815561620766,1.6126932015888724e+22,60764.68740120095,3.5990835347828614e+17
N2_atmosphere_1_M_earth_1000_F_earth.csv,N2,1_M,1000_F,33026.80795034518,374743.8539431502,1418533.8865205906,520.1370728082571,2.6530022571752505e+19,28538.191324000436,1.6126932015888724e+22,62151.581373743735,3.834918307139732e+17
N2_atmosphere_1_M_earth_1000_F_earth.csv,N2,1_M,1000_F,33026.80795034518,374743.8539431502,1418533.8865205906,520.1370728082571,2.6530022571752505e+19,28636.786413164184,1.6126932015888724e+22,63538.47534628652,4.076075040984005e+17
N2_atmosphere_1_M_earth_1000_F_earth.csv,N2,1_M,1000_F,33026.80795034518,374743.8539431502,1418533.8865205906,520.1370728082571,2.6530022571752505e+19,28675.356508712597,1.6126932015888724e+22,64925.36931882931,4.322553736315682e+17
N2_atmosphere_1_M_earth_1000_F_earth.csv,N2,1_M,1000_F,33026.80795034518,374743.8539431502,1418533.8865205906,520.1370728082571,2.6530022571752505e+19,28651.263533210116,1.6126932015888724e+22,66312.2632913721,4.5743543931347616e+17
N2_atmosphere_1_M_earth_1000_F_earth.csv,N2,1_M,1000_F,33026.80795034518,374743.8539431502,1418533.8865205906,520.1370728082571,2.6530022571752505e+19,28537.22035622707,1.6126932015888724e+22,67699.15726391488,4.831477011441241e+17
N2_atmosphere_1_M_earth_1000_F_earth.csv,N2,1_M,1000_F,33026.80795034518,374743.8539431502,1418533.8865205906,520.1370728082571,2.6530022571752505e+19,28355.23020687729,1.6126932015888724e+22,69086.05123645769,5.093921591235128e+17
N2_atmosphere_1_M_earth_1000_F_earth.csv,N2,1_M,1000_F,33026.80795034518,374743.8539431502,1418533.8865205906,520.1370728082571,2.6530022571752505e+19,28168.842959079855,1.6126932015888724e+22,70472.94520900046,5.361688132516412e+17
N2_atmosphere_1_M_earth_1000_F_earth.csv,N2,1_M,1000_F,33026.80795034518,374743.8539431502,1418533.8865205906,520.1370728082571,2.6530022571752505e+19,27995.178153969144,1.6126932015888724e+22,71859.83918154326,5.634776635285104e+17
N2_atmosphere_1_M_earth_1000_F_earth.csv,N2,1_M,1000_F,33026.80795034518,374743.8539431502,1418533.8865205906,520.1370728082571,2.6530022571752505e+19,27819.65646179655,1.6126932015888724e+22,73246.73315408605,5.913187099541197e+17
N2_atmosphere_1_M_earth_1000_F_earth.csv,N2,1_M,1000_F,33026.80795034518,374743.8539431502,1418533.8865205906,520.1370728082571,2.6530022571752505e+19,27663.219339049723,1.6126932015888724e+22,74633.62712662882,6.196919525284689e+17
N2_atmosphere_1_M_earth_1000_F_earth.csv,N2,1_M,1000_F,33026.80795034518,374743.8539431502,1418533.8865205906,520.1370728082571,2.6530022571752505e+19,27561.198950105114,1.6126932015888724e+22,76020.52109917162,6.485973912515588e+17
N2_atmosphere_1_M_earth_1000_F_earth.csv,N2,1_M,1000_F,33026.80795034518,374743.8539431502,1418533.8865205906,520.1370728082571,2.6530022571752505e+19,27517.50050670186,1.6126932015888724e+22,77407.41507171441,6.780350261233888e+17
N2_atmosphere_1_M_earth_1000_F_earth.csv,N2,1_M,1000_F,33026.80795034518,374743.8539431502,1418533.8865205906,520.1370728082571,2.6530022571752505e+19,27511.94872977901,1.6126932015888724e+22,78794.3090442572,7.080048571439593e+17
N2_atmosphere_1_M_earth_1000_F_earth.csv,N2,1_M,1000_F,33026.80795034518,374743.8539431502,1418533.8865205906,520.1370728082571,2.6530022571752505e+19,27521.8354783963,1.6126932015888724e+22,80181.20301679999,7.385068843132699e+17
N2_atmosphere_1_M_earth_1000_F_earth.csv,N2,1_M,1000_F,33026.80795034518,374743.8539431502,1418533.8865205906,520.1370728082571,2.6530022571752505e+19,27529.49509677651,1.6126932015888724e+22,81568.09698934277,7.695411076313206e+17
N2_atmosphere_1_M_earth_1000_F_earth.csv,N2,1_M,1000_F,33026.80795034518,374743.8539431502,1418533.8865205906,520.1370728082571,2.6530022571752505e+19,27526.21257298198,1.6126932015888724e+22,82954.99096188556,8.011075270981116e+17
N2_atmosphere_1_M_earth_1000_F_earth.csv,N2,1_M,1000_F,33026.80795034518,374743.8539431502,1418533.8865205906,520.1370728082571,2.6530022571752505e+19,27516.895942822593,1.6126932015888724e+22,84341.88493442835,8.33206142713643e+17
N2_atmosphere_1_M_earth_1000_F_earth.csv,N2,1_M,1000_F,33026.80795034518,374743.8539431502,1418533.8865205906,520.1370728082571,2.6530022571752505e+19,27519.45861129027,1.6126932015888724e+22,85728.77890697113,8.658369544779144e+17
N2_atmosphere_1_M_earth_1000_F_earth.csv,N2,1_M,1000_F,33026.80795034518,374743.8539431502,1418533.8865205906,520.1370728082571,2.6530022571752505e+19,27553.706316467236,1.6126932015888724e+22,87115.67287951394,8.989999623909267e+17
N2_atmosphere_1_M_earth_1000_F_earth.csv,N2,1_M,1000_F,33026.80795034518,374743.8539431502,1418533.8865205906,520.1370728082571,2.6530022571752505e+19,27627.69272545254,1.6126932015888724e+22,88502.56685205671,9.326951664526787e+17
N2_atmosphere_1_M_earth_1000_F_earth.csv,N2,1_M,1000_F,33026.80795034518,374743.8539431502,1418533.8865205906,520.1370728082571,2.6530022571752505e+19,27735.13308580546,1.6126932015888724e+22,89889.4608245995,9.66922566663171e+17
N2_atmosphere_1_M_earth_1000_F_earth.csv,N2,1_M,1000_F,33026.80795034518,374743.8539431502,1418533.8865205906,520.1370728082571,2.6530022571752505e+19,27864.005286781405,1.6126932015888724e+22,91276.3547971423,1.0016821630224041e+18
N2_atmosphere_1_M_earth_1000_F_earth.csv,N2,1_M,1000_F,33026.80795034518,374743.8539431502,1418533.8865205906,520.1370728082571,2.6530022571752505e+19,28005.028572086154,1.6126932015888724e+22,92663.24876968507,1.0369739555303767e+18
N2_atmosphere_1_M_earth_1000_F_earth.csv,N2,1_M,1000_F,33026.80795034518,374743.8539431502,1418533.8865205906,520.1370728082571,2.6530022571752505e+19,28153.072115692616,1.6126932015888724e+22,94050.14274222786,1.0727979441870899e+18
N2_atmosphere_1_M_earth_1000_F_earth.csv,N2,1_M,1000_F,33026.80795034518,374743.8539431502,1418533.8865205906,520.1370728082571,2.6530022571752505e+19,28306.32792725461,1.6126932015888724e+22,95437.03671477066,1.1091541289925435e+18
N2_atmosphere_1_M_earth_1000_F_earth.csv,N2,1_M,1000_F,33026.80795034518,374743.8539431502,1418533.8865205906,520.1370728082571,2.6530022571752505e+19,28464.09346524267,1.6126932015888724e+22,96823.93068731343,1.146042509946737e+18
N2_atmosphere_1_M_earth_1000_F_earth.csv,N2,1_M,1000_F,33026.80795034518,374743.8539431502,1418533.8865205906,520.1370728082571,2.6530022571752505e+19,28624.41507395346,1.6126932015888724e+22,98210.82465985624,1.1834630870496714e+18
N2_atmosphere_1_M_earth_1000_F_earth.csv,N2,1_M,1000_F,33026.80795034518,374743.8539431502,1418533.8865205906,520.1370728082571,2.6530022571752505e+19,28784.403600886195,1.6126932015888724e+22,99597.71863239902,1.2214158603013455e+18
N2_atmosphere_1_M_earth_1000_F_earth.csv,N2,1_M,1000_F,33026.80795034518,374743.8539431502,1418533.8865205906,520.1370728082571,2.6530022571752505e+19,28941.010080942047,1.6126932015888724e+22,100984.61260494182,1.2599008297017603e+18
N2_atmosphere_1_M_earth_1000_F_earth.csv,N2,1_M,1000_F,33026.80795034518,374743.8539431502,1418533.8865205906,520.1370728082571,2.6530022571752505e+19,29091.56289644619,1.6126932015888724e+22,102371.5065774846,1.298917995250915e+18
N2_atmosphere_10_M_earth_1_F_earth.csv,N2,10_M,1_F,340328.72146383877,5242203.772124128,21737815.237122018,537.1242897078484,5.3496870874683604e+22,1999590.3395013658,2.2185512124663482e+26,340328.72146383877,0.0
N2_atmosphere_10_M_earth_1_F_earth.csv,N2,10_M,1_F,340328.72146383877,5242203.772124128,21737815.237122018,537.1242897078484,5.3496870874683604e+22,1570475.4423819003,2.2185512124663482e+26,361747.626884918,2.143723788842733e+19
N2_atmosphere_10_M_earth_1_F_earth.csv,N2,10_M,1_F,340328.72146383877,5242203.772124128,21737815.237122018,537.1242897078484,5.3496870874683604e+22,1249938.8881435492,2.2185512124663482e+26,383166.5323059973,4.418248785246815e+19
N2_atmosphere_10_M_earth_1_F_earth.csv,N2,10_M,1_F,340328.72146383877,5242203.772124128,21737815.237122018,537.1242897078484,5.3496870874683604e+22,1002734.4390447092,2.2185512124663482e+26,404585.4377270765,6.823574989212249e+19
N2_atmosphere_10_M_earth_1_F_earth.csv,N2,10_M,1_F,340328.72146383877,5242203.772124128,21737815.237122018,537.1242897078484,5.3496870874683604e+22,809238.6562827204,2.2185512124663482e+26,426004.3431481558,9.359702400739035e+19
N2_atmosphere_10_M_earth_1_F_earth.csv,N2,10_M,1_F,340328.72146383877,5242203.772124128,21737815.237122018,537.1242897078484,5.3496870874683604e+22,653786.115453379,2.2185512124663482e+26,447423.24856923503,1.2026631019827162e+20
N2_atmosphere_10_M_earth_1_F_earth.csv,N2,10_M,1_F,340328.72146383877,5242203.772124128,21737815.237122018,537.1242897078484,5.3496870874683604e+22,527412.9785863629,2.2185512124663482e+26,468842.15399031434,1.4824360846476653e+20
N2_atmosphere_10_M_earth_1_F_earth.csv,N2,10_M,1_F,340328.72146383877,5242203.772124128,21737815.237122018,537.1242897078484,5.3496870874683604e+22,424706.02043376263,2.2185512124663482e+26,490261.0594113936,1.7752891880687488e+20
N2_atmosphere_10_M_earth_1_F_earth.csv,N2,10_M,1_F,340328.72146383877,5242203.772124128,21737815.237122018,537.1242897078484,5.3496870874683604e+22,356550.38722753106,2.2185512124663482e+26,511679.96483247285,2.0812224122459672e+20
N2_atmosphere_10_M_earth_1_F_earth.csv,N2,10_M,1_F,340328.72146383877,5242203.772124128,21737815.237122018,537.1242897078484,5.3496870874683604e+22,330081.3767364199,2.2185512124663482e+26,533098.8702535521,2.4002357571793197e+20
N2_atmosphere_10_M_earth_1_F_earth.csv,N2,10_M,1_F,340328.72146383877,5242203.772124128,21737815.237122018,537.1242897078484,5.3496870874683604e+22,321977.5511890446,2.2185512124663482e+26,554517.7756746314,2.7323292228688085e+20
N2_atmosphere_10_M_earth_1_F_earth.csv,N2,10_M,1_F,340328.72146383877,5242203.772124128,21737815.237122018,537.1242897078484,5.3496870874683604e+22,314549.4204725935,2.2185512124663482e+26,575936.6810957106,3.077502809314432e+20
N2_atmosphere_10_M_earth_1_F_earth.csv,N2,10_M,1_F,340328.72146383877,5242203.772124128,21737815.237122018,537.1242897078484,5.3496870874683604e+22,307473.3296733112,2.2185512124663482e+26,597355.5865167899,3.43575651651619e+20
N2_atmosphere_10_M_earth_1_F_earth.csv,N2,10_M,1_F,340328.72146383877,5242203.772124128,21737815.237122018,537.1242897078484,5.3496870874683604e+22,300704.4858268132,2.2185512124663482e+26,618774.4919378691,3.8070903444740833e+20
N2_atmosphere_10_M_earth_1_F_earth.csv,N2,10_M,1_F,340328.72146383877,5242203.772124128,21737815.237122018,537.1242897078484,5.3496870874683604e+22,294307.66095175996,2.2185512124663482e+26,640193.3973589484,4.1915042931881116e+20
N2_atmosphere_10_M_earth_1_F_earth.csv,N2,10_M,1_F,340328.72146383877,5242203.772124128,21737815.237122018,537.1242897078484,5.3496870874683604e+22,288199.0877848366,2.2185512124663482e+26,661612.3027800276,4.588998362658275e+20
N2_atmosphere_10_M_earth_1_F_earth.csv,N2,10_M,1_F,340328.72146383877,5242203.772124128,21737815.237122018,537.1242897078484,5.3496870874683604e+22,282368.45964491816,2.2185512124663482e+26,683031.2082011069,4.999572552884573e+20
N2_atmosphere_10_M_earth_1_F_earth.csv,N2,10_M,1_F,340328.72146383877,5242203.772124128,21737815.237122018,537.1242897078484,5.3496870874683604e+22,276730.20106280455,2.2185512124663482e+26,704450.1136221861,5.423226863867006e+20
N2_atmosphere_10_M_earth_1_F_earth.csv,N2,10_M,1_F,340328.72146383877,5242203.772124128,21737815.237122018,537.1242897078484,5.3496870874683604e+22,271387.2487979503,2.2185512124663482e+26,725869.0190432654,5.859961295605574e+20
N2_atmosphere_10_M_earth_1_F_earth.csv,N2,10_M,1_F,340328.72146383877,5242203.772124128,21737815.237122018,537.1242897078484,5.3496870874683604e+22,266209.59677022626,2.2185512124663482e+26,747287.9244643446,6.309775848100276e+20
N2_atmosphere_10_M_earth_1_F_earth.csv,N2,10_M,1_F,340328.72146383877,5242203.772124128,21737815.237122018,537.1242897078484,5.3496870874683604e+22,261138.84364769704,2.2185512124663482e+26,768706.8298854239,6.772670521351115e+20
N2_atmosphere_10_M_earth_1_F_earth.csv,N2,10_M,1_F,340328.72146383877,5242203.772124128,21737815.237122018,537.1242897078484,5.3496870874683604e+22,256271.08522904234,2.2185512124663482e+26,790125.7353065031,7.248645315358088e+20
N2_atmosphere_10_M_earth_1_F_earth.csv,N2,10_M,1_F,340328.72146383877,5242203.772124128,21737815.237122018,537.1242897078484,5.3496870874683604e+22,251609.79893995816,2.2185512124663482e+26,811544.6407275824,7.737700230121196e+20
N2_atmosphere_10_M_earth_1_F_earth.csv,N2,10_M,1_F,340328.72146383877,5242203.772124128,21737815.237122018,537.1242897078484,5.3496870874683604e+22,247158.87755537682,2.2185512124663482e+26,832963.5461486616,8.239835265640438e+20
N2_atmosphere_10_M_earth_1_F_earth.csv,N2,10_M,1_F,340328.72146383877,5242203.772124128,21737815.237122018,537.1242897078484,5.3496870874683604e+22,242813.36436832647,2.2185512124663482e+26,854382.4515697409,8.755050421915818e+20
N2_atmosphere_10_M_earth_1_F_earth.csv,N2,10_M,1_F,340328.72146383877,5242203.772124128,21737815.237122018,537.1242897078484,5.3496870874683604e+22,238677.33750784598,2.2185512124663482e+26,875801.3569908203,9.283345698947335e+20
N2_atmosphere_10_M_earth_1_F_earth.csv,N2,10_M,1_F,340328.72146383877,5242203.772124128,21737815.237122018,537.1242897078484,5.3496870874683604e+22,234672.8907013455,2.2185512124663482e+26,897220.2624118994,9.824721096734979e+20
N2_atmosphere_10_M_earth_1_F_earth.csv,N2,10_M,1_F,340328.72146383877,5242203.772124128,21737815.237122018,537.1242897078484,5.3496870874683604e+22,230907.03560085993,2.2185512124663482e+26,918639.1678329788,1.0379176615278766e+21
N2_atmosphere_10_M_earth_1_F_earth.csv,N2,10_M,1_F,340328.72146383877,5242203.772124128,21737815.237122018,537.1242897078484,5.3496870874683604e+22,227328.52710661275,2.2185512124663482e+26,940058.0732540579,1.094671225457868e+21
N2_atmosphere_10_M_earth_1_F_earth.csv,N2,10_M,1_F,340328.72146383877,5242203.772124128,21737815.237122018,537.1242897078484,5.3496870874683604e+22,223927.27886292484,2.2185512124663482e+26,961476.9786751373,1.1527328014634738e+21
N2_atmosphere_10_M_earth_1_F_earth.csv,N2,10_M,1_F,340328.72146383877,5242203.772124128,21737815.237122018,537.1242897078484,5.3496870874683604e+22,220794.44016045122,2.2185512124663482e+26,982895.8840962164,1.212102389544692e+21
N2_atmosphere_10_M_earth_1_F_earth.csv,N2,10_M,1_F,340328.72146383877,5242203.772124128,21737815.237122018,537.1242897078484,5.3496870874683604e+22,217828.01705324353,2.2185512124663482e+26,1004314.7895172958,1.2727799897015247e+21
N2_atmosphere_10_M_earth_1_F_earth.csv,N2,10_M,1_F,340328.72146383877,5242203.772124128,21737815.237122018,537.1242897078484,5.3496870874683604e+22,215078.71137305774,2.2185512124663482e+26,1025733.6949383749,1.33476560193397e+21
N2_atmosphere_10_M_earth_1_F_earth.csv,N2,10_M,1_F,340328.72146383877,5242203.772124128,21737815.237122018,537.1242897078484,5.3496870874683604e+22,212282.21526733914,2.2185512124663482e+26,1047152.6003594543,1.3980592262420297e+21
N2_atmosphere_10_M_earth_1_F_earth.csv,N2,10_M,1_F,340328.72146383877,5242203.772124128,21737815.237122018,537.1242897078484,5.3496870874683604e+22,209506.97594142845,2.2185512124663482e+26,1068571.5057805334,1.4626608626257025e+21
N2_atmosphere_10_M_earth_1_F_earth.csv,N2,10_M,1_F,340328.72146383877,5242203.772124128,21737815.237122018,537.1242897078484,5.3496870874683604e+22,206745.61882889885,2.2185512124663482e+26,1089990.4112016128,1.5285705110849892e+21
N2_atmosphere_10_M_earth_1_F_earth.csv,N2,10_M,1_F,340328.72146383877,5242203.772124128,21737815.237122018,537.1242897078484,5.3496870874683604e+22,204081.13597120543,2.2185512124663482e+26,1111409.316622692,1.5957881716198883e+21
N2_atmosphere_10_M_earth_1_F_earth.csv,N2,10_M,1_F,340328.72146383877,5242203.772124128,21737815.237122018,537.1242897078484,5.3496870874683604e+22,201526.71584088844,2.2185512124663482e+26,1132828.2220437713,1.664313844230402e+21
N2_atmosphere_10_M_earth_1_F_earth.csv,N2,10_M,1_F,340328.72146383877,5242203.772124128,21737815.237122018,537.1242897078484,5.3496870874683604e+22,198997.9909059571,2.2185512124663482e+26,1154247.1274648504,1.7341475289165285e+21
N2_atmosphere_10_M_earth_1_F_earth.csv,N2,10_M,1_F,340328.72146383877,5242203.772124128,21737815.237122018,537.1242897078484,5.3496870874683604e+22,196638.0777148536,2.2185512124663482e+26,1175666.0328859298,1.8052892256782692e+21
N2_atmosphere_10_M_earth_1_F_earth.csv,N2,10_M,1_F,340328.72146383877,5242203.772124128,21737815.237122018,537.1242897078484,5.3496870874683604e+22,194513.93654045078,2.2185512124663482e+26,1197084.938307009,1.8777389345156227e+21
N2_atmosphere_10_M_earth_1_F_earth.csv,N2,10_M,1_F,340328.72146383877,5242203.772124128,21737815.237122018,537.1242897078484,5.3496870874683604e+22,192579.53962105387,2.2185512124663482e+26,1218503.8437280883,1.9514966554285905e+21
N2_atmosphere_10_M_earth_1_F_earth.csv,N2,10_M,1_F,340328.72146383877,5242203.772124128,21737815.237122018,537.1242897078484,5.3496870874683604e+22,190978.94119335042,2.2185512124663482e+26,1239922.7491491674,2.0265623884171706e+21
N2_atmosphere_10_M_earth_1_F_earth.csv,N2,10_M,1_F,340328.72146383877,5242203.772124128,21737815.237122018,537.1242897078484,5.3496870874683604e+22,189773.7167349185,2.2185512124663482e+26,1261341.6545702468,2.1029361334813658e+21
N2_atmosphere_10_M_earth_1_F_earth.csv,N2,10_M,1_F,340328.72146383877,5242203.772124128,21737815.237122018,537.1242897078484,5.3496870874683604e+22,189025.10169686333,2.2185512124663482e+26,1282760.559991326,2.180617890621173e+21
N2_atmosphere_10_M_earth_1_F_earth.csv,N2,10_M,1_F,340328.72146383877,5242203.772124128,21737815.237122018,537.1242897078484,5.3496870874683604e+22,189022.2586927091,2.2185512124663482e+26,1304179.4654124053,2.2596076598365945e+21
N2_atmosphere_10_M_earth_1_F_earth.csv,N2,10_M,1_F,340328.72146383877,5242203.772124128,21737815.237122018,537.1242897078484,5.3496870874683604e+22,190290.99285240474,2.2185512124663482e+26,1325598.3708334845,2.3399054411276288e+21
N2_atmosphere_10_M_earth_1_F_earth.csv,N2,10_M,1_F,340328.72146383877,5242203.772124128,21737815.237122018,537.1242897078484,5.3496870874683604e+22,193265.38217792922,2.2185512124663482e+26,1347017.2762545638,2.4215112344942774e+21
N2_atmosphere_10_M_earth_1_F_earth.csv,N2,10_M,1_F,340328.72146383877,5242203.772124128,21737815.237122018,537.1242897078484,5.3496870874683604e+22,199588.79321437402,2.2185512124663482e+26,1368436.1816756432,2.50442503993654e+21
N2_atmosphere_10_M_earth_1_F_earth.csv,N2,10_M,1_F,340328.72146383877,5242203.772124128,21737815.237122018,537.1242897078484,5.3496870874683604e+22,211728.38483476648,2.2185512124663482e+26,1389855.0870967223,2.588646857454415e+21
N2_atmosphere_10_M_earth_1000_F_earth.csv,N2,10_M,1000_F,331348.92135866696,5144950.839210372,21621989.15811525,520.1371815505709,5.017068153200679e+22,2047629.397585212,2.1936755731333893e+26,331348.92135866696,0.0
N2_atmosphere_10_M_earth_1000_F_earth.csv,N2,10_M,1000_F,331348.92135866696,5144950.839210372,21621989.15811525,520.1371815505709,5.017068153200679e+22,1627560.016980639,2.1936755731333893e+26,352660.8735476125,2.0232974047210926e+19
N2_atmosphere_10_M_earth_1000_F_earth.csv,N2,10_M,1000_F,331348.92135866696,5144950.839210372,21621989.15811525,520.1371815505709,5.017068153200679e+22,1309246.7947448937,2.1936755731333893e+26,373972.825736558,4.172676096214811e+19
N2_atmosphere_10_M_earth_1000_F_earth.csv,N2,10_M,1000_F,331348.92135866696,5144950.839210372,21621989.15811525,520.1371815505709,5.017068153200679e+22,1060102.9297588204,2.1936755731333893e+26,395284.77792550356,6.448136074481166e+19
N2_atmosphere_10_M_earth_1000_F_earth.csv,N2,10_M,1000_F,331348.92135866696,5144950.839210372,21621989.15811525,520.1371815505709,5.017068153200679e+22,862514.3000499428,2.1936755731333893e+26,416596.73011444905,8.849677339520143e+19
N2_atmosphere_10_M_earth_1000_F_earth.csv,N2,10_M,1000_F,331348.92135866696,5144950.839210372,21621989.15811525,520.1371815505709,5.017068153200679e+22,701665.4667726596,2.1936755731333893e+26,437908.6823033946,1.137729989133176e+20
N2_atmosphere_10_M_earth_1000_F_earth.csv,N2,10_M,1000_F,331348.92135866696,5144950.839210372,21621989.15811525,520.1371815505709,5.017068153200679e+22,568987.6948027201,2.1936755731333893e+26,459220.63449234015,1.4031003729916007e+20
N2_atmosphere_10_M_earth_1000_F_earth.csv,N2,10_M,1000_F,331348.92135866696,5144950.839210372,21621989.15811525,520.1371815505709,5.017068153200679e+22,459584.6042272191,2.1936755731333893e+26,480532.58668128564,1.681078885527288e+20
N2_atmosphere_10_M_earth_1000_F_earth.csv,N2,10_M,1000_F,331348.92135866696,5144950.839210372,21621989.15811525,520.1371815505709,5.017068153200679e+22,370124.1288495452,2.1936755731333893e+26,501844.5388702312,1.9716655267402387e+20
N2_atmosphere_10_M_earth_1000_F_earth.csv,N2,10_M,1000_F,331348.92135866696,5144950.839210372,21621989.15811525,520.1371815505709,5.017068153200679e+22,312874.2502967607,2.1936755731333893e+26,523156.49105917674,2.2748602966304526e+20
N2_atmosphere_10_M_earth_1000_F_earth.csv,N2,10_M,1000_F,331348.92135866696,5144950.839210372,21621989.15811525,520.1371815505709,5.017068153200679e+22,294657.2879712365,2.1936755731333893e+26,544468.4432481222,2.590663195197929e+20
N2_atmosphere_10_M_earth_1000_F_earth.csv,N2,10_M,1000_F,331348.92135866696,5144950.839210372,21621989.15811525,520.1371815505709,5.017068153200679e+22,288035.83599640464,2.1936755731333893e+26,565780.3954370678,2.9190742224426693e+20
N2_atmosphere_10_M_earth_1000_F_earth.csv,N2,10_M,1000_F,331348.92135866696,5144950.839210372,21621989.15811525,520.1371815505709,5.017068153200679e+22,281682.0124475334,2.1936755731333893e+26,587092.3476260133,3.260093378364672e+20
N2_atmosphere_10_M_earth_1000_F_earth.csv,N2,10_M,1000_F,331348.92135866696,5144950.839210372,21621989.15811525,520.1371815505709,5.017068153200679e+22,275627.2264048938,2.1936755731333893e+26,608404.2998149588,3.613720662963936e+20
N2_atmosphere_10_M_earth_1000_F_earth.csv,N2,10_M,1000_F,331348.92135866696,5144950.839210372,21621989.15811525,520.1371815505709,5.017068153200679e+22,269909.1534136741,2.1936755731333893e+26,629716.2520039044,3.979956076240468e+20
N2_atmosphere_10_M_earth_1000_F_earth.csv,N2,10_M,1000_F,331348.92135866696,5144950.839210372,21621989.15811525,520.1371815505709,5.017068153200679e+22,264382.1409817727,2.1936755731333893e+26,651028.2041928498,4.3587996181942573e+20
N2_atmosphere_10_M_earth_1000_F_earth.csv,N2,10_M,1000_F,331348.92135866696,5144950.839210372,21621989.15811525,520.1371815505709,5.017068153200679e+22,259137.88224860874,2.1936755731333893e+26,672340.1563817954,4.7502512888253134e+20
N2_atmosphere_10_M_earth_1000_F_earth.csv,N2,10_M,1000_F,331348.92135866696,5144950.839210372,21621989.15811525,520.1371815505709,5.017068153200679e+22,254161.98611577295,2.1936755731333893e+26,693652.108570741,5.154311088133634e+20
N2_atmosphere_10_M_earth_1000_F_earth.csv,N2,10_M,1000_F,331348.92135866696,5144950.839210372,21621989.15811525,520.1371815505709,5.017068153200679e+22,249268.5011244698,2.1936755731333893e+26,714964.0607596864,5.5709790161192124e+20
N2_atmosphere_10_M_earth_1000_F_earth.csv,N2,10_M,1000_F,331348.92135866696,5144950.839210372,21621989.15811525,520.1371815505709,5.017068153200679e+22,244645.5082939341,2.1936755731333893e+26,736276.012948632,6.000255072782057e+20
N2_atmosphere_10_M_earth_1000_F_earth.csv,N2,10_M,1000_F,331348.92135866696,5144950.839210372,21621989.15811525,520.1371815505709,5.017068153200679e+22,240020.71885969618,2.1936755731333893e+26,757587.9651375775,6.442139258122164e+20
N2_atmosphere_10_M_earth_1000_F_earth.csv,N2,10_M,1000_F,331348.92135866696,5144950.839210372,21621989.15811525,520.1371815505709,5.017068153200679e+22,235705.12908496795,2.1936755731333893e+26,778899.917326523,6.896631572139534e+20
N2_atmosphere_10_M_earth_1000_F_earth.csv,N2,10_M,1000_F,331348.92135866696,5144950.839210372,21621989.15811525,520.1371815505709,5.017068153200679e+22,231480.68599391688,2.1936755731333893e+26,800211.8695154686,7.36373201483417e+20
N2_atmosphere_10_M_earth_1000_F_earth.csv,N2,10_M,1000_F,331348.92135866696,5144950.839210372,21621989.15811525,520.1371815505709,5.017068153200679e+22,227445.48701762845,2.1936755731333893e+26,821523.8217044141,7.843440586206064e+20
N2_atmosphere_10_M_earth_1000_F_earth.csv,N2,10_M,1000_F,331348.92135866696,5144950.839210372,21621989.15811525,520.1371815505709,5.017068153200679e+22,223505.50022510206,2.1936755731333893e+26,842835.7738933596,8.335757286255224e+20
N2_atmosphere_10_M_earth_1000_F_earth.csv,N2,10_M,1000_F,331348.92135866696,5144950.839210372,21621989.15811525,520.1371815505709,5.017068153200679e+22,219755.23536531732,2.1936755731333893e+26,864147.7260823052,8.840682114981647e+20
N2_atmosphere_10_M_earth_1000_F_earth.csv,N2,10_M,1000_F,331348.92135866696,5144950.839210372,21621989.15811525,520.1371815505709,5.017068153200679e+22,216112.6998131121,2.1936755731333893e+26,885459.6782712507,9.358215072385333e+20
N2_atmosphere_10_M_earth_1000_F_earth.csv,N2,10_M,1000_F,331348.92135866696,5144950.839210372,21621989.15811525,520.1371815505709,5.017068153200679e+22,212572.39652584668,2.1936755731333893e+26,906771.6304601962,9.888356158466282e+20
N2_atmosphere_10_M_earth_1000_F_earth.csv,N2,10_M,1000_F,331348.92135866696,5144950.839210372,21621989.15811525,520.1371815505709,5.017068153200679e+22,209237.66357782247,2.1936755731333893e+26,928083.5826491418,1.0431105373224495e+21
N2_atmosphere_10_M_earth_1000_F_earth.csv,N2,10_M,1000_F,331348.92135866696,5144950.839210372,21621989.15811525,520.1371815505709,5.017068153200679e+22,206049.59557381054,2.1936755731333893e+26,949395.5348380873,1.0986462716659968e+21
N2_atmosphere_10_M_earth_1000_F_earth.csv,N2,10_M,1000_F,331348.92135866696,5144950.839210372,21621989.15811525,520.1371815505709,5.017068153200679e+22,202905.5215072536,2.1936755731333893e+26,970707.4870270328,1.1554428188772707e+21
N2_atmosphere_10_M_earth_1000_F_earth.csv,N2,10_M,1000_F,331348.92135866696,5144950.839210372,21621989.15811525,520.1371815505709,5.017068153200679e+22,199951.46076064731,2.1936755731333893e+26,992019.4392159784,1.213500178956271e+21
N2_atmosphere_10_M_earth_1000_F_earth.csv,N2,10_M,1000_F,331348.92135866696,5144950.839210372,21621989.15811525,520.1371815505709,5.017068153200679e+22,197187.17237791824,2.1936755731333893e+26,1013331.3914049239,1.272818351902997e+21
N2_atmosphere_10_M_earth_1000_F_earth.csv,N2,10_M,1000_F,331348.92135866696,5144950.839210372,21621989.15811525,520.1371815505709,5.017068153200679e+22,194601.4548445498,2.1936755731333893e+26,1034643.3435938694,1.3333973377174497e+21
N2_atmosphere_10_M_earth_1000_F_earth.csv,N2,10_M,1000_F,331348.92135866696,5144950.839210372,21621989.15811525,520.1371815505709,5.017068153200679e+22,192156.43129544615,2.1936755731333893e+26,1055955.295782815,1.395237136399629e+21
N2_atmosphere_10_M_earth_1000_F_earth.csv,N2,10_M,1000_F,331348.92135866696,5144950.839210372,21621989.15811525,520.1371815505709,5.017068153200679e+22,189996.25313181727,2.1936755731333893e+26,1077267.2479717606,1.4583377479495348e+21
N2_atmosphere_10_M_earth_1000_F_earth.csv,N2,10_M,1000_F,331348.92135866696,5144950.839210372,21621989.15811525,520.1371815505709,5.017068153200679e+22,188154.92655065664,2.1936755731333893e+26,1098579.200160706,1.5226991723671658e+21
N2_atmosphere_10_M_earth_1000_F_earth.csv,N2,10_M,1000_F,331348.92135866696,5144950.839210372,21621989.15811525,520.1371815505709,5.017068153200679e+22,186690.50834731228,2.1936755731333893e+26,1119891.1523496516,1.5883214096525243e+21
N2_atmosphere_10_M_earth_1000_F_earth.csv,N2,10_M,1000_F,331348.92135866696,5144950.839210372,21621989.15811525,520.1371815505709,5.017068153200679e+22,185696.0323214237,2.1936755731333893e+26,1141203.1045385972,1.6552044598056085e+21
N2_atmosphere_10_M_earth_1000_F_earth.csv,N2,10_M,1000_F,331348.92135866696,5144950.839210372,21621989.15811525,520.1371815505709,5.017068153200679e+22,185258.4090199741,2.1936755731333893e+26,1162515.0567275425,1.7233483228264187e+21
N2_atmosphere_10_M_earth_1000_F_earth.csv,N2,10_M,1000_F,331348.92135866696,5144950.839210372,21621989.15811525,520.1371815505709,5.017068153200679e+22,185329.50872915683,2.1936755731333893e+26,1183827.008916488,1.7927529987149553e+21
N2_atmosphere_10_M_earth_1000_F_earth.csv,N2,10_M,1000_F,331348.92135866696,5144950.839210372,21621989.15811525,520.1371815505709,5.017068153200679e+22,185617.78593364116,2.1936755731333893e+26,1205138.9611054338,1.8634184874712194e+21
N2_atmosphere_10_M_earth_1000_F_earth.csv,N2,10_M,1000_F,331348.92135866696,5144950.839210372,21621989.15811525,520.1371815505709,5.017068153200679e+22,185905.77776843062,2.1936755731333893e+26,1226450.9132943791,1.935344789095208e+21
N2_atmosphere_10_M_earth_1000_F_earth.csv,N2,10_M,1000_F,331348.92135866696,5144950.839210372,21621989.15811525,520.1371815505709,5.017068153200679e+22,185960.74477151755,2.1936755731333893e+26,1247762.8654833245,2.0085319035869237e+21
N2_atmosphere_10_M_earth_1000_F_earth.csv,N2,10_M,1000_F,331348.92135866696,5144950.839210372,21621989.15811525,520.1371815505709,5.017068153200679e+22,185765.00821841726,2.1936755731333893e+26,1269074.8176722704,2.0829798309463665e+21
N2_atmosphere_10_M_earth_1000_F_earth.csv,N2,10_M,1000_F,331348.92135866696,5144950.839210372,21621989.15811525,520.1371815505709,5.017068153200679e+22,185290.37723245317,2.1936755731333893e+26,1290386.7698612157,2.1586885711735347e+21
N2_atmosphere_10_M_earth_1000_F_earth.csv,N2,10_M,1000_F,331348.92135866696,5144950.839210372,21621989.15811525,520.1371815505709,5.017068153200679e+22,184736.8357576499,2.1936755731333893e+26,1311698.722050161,2.2356581242684289e+21
N2_atmosphere_10_M_earth_1000_F_earth.csv,N2,10_M,1000_F,331348.92135866696,5144950.839210372,21621989.15811525,520.1371815505709,5.017068153200679e+22,184207.14394992203,2.1936755731333893e+26,1333010.674239107,2.3138884902310513e+21
N2_atmosphere_10_M_earth_1000_F_earth.csv,N2,10_M,1000_F,331348.92135866696,5144950.839210372,21621989.15811525,520.1371815505709,5.017068153200679e+22,183669.65155071163,2.1936755731333893e+26,1354322.6264280523,2.3933796690613974e+21
N2_atmosphere_10_M_earth_1000_F_earth.csv,N2,10_M,1000_F,331348.92135866696,5144950.839210372,21621989.15811525,520.1371815505709,5.017068153200679e+22,183645.39579236423,2.1936755731333893e+26,1375634.5786169977,2.474131660759471e+21
CO2_atmosphere_1_M_earth_1_F_earth.csv,CO2,1_M,1_F,14831.164489402363,325353.5191442515,914353.7576572452,2457.364048179597,8.980246327676145e+18,33558.465734721154,4.459186361565423e+22,14831.164489402363,0.0
CO2_atmosphere_1_M_earth_1_F_earth.csv,CO2,1_M,1_F,14831.164489402363,325353.5191442515,914353.7576572452,2457.364048179597,8.980246327676145e+18,31384.066405846155,4.459186361565423e+22,15731.58750558639,1709633054151415.2
CO2_atmosphere_1_M_earth_1_F_earth.csv,CO2,1_M,1_F,14831.164489402363,325353.5191442515,914353.7576572452,2457.364048179597,8.980246327676145e+18,29348.05701322529,4.459186361565423e+22,16632.01052177042,3520002648745222.0
CO2_atmosphere_1_M_earth_1_F_earth.csv,CO2,1_M,1_F,14831.164489402363,325353.5191442515,914353.7576572452,2457.364048179597,8.980246327676145e+18,27326.281478890814,4.459186361565423e+22,17532.433537954443,5431108783781405.0
CO2_atmosphere_1_M_earth_1_F_earth.csv,CO2,1_M,1_F,14831.164489402363,325353.5191442515,914353.7576572452,2457.364048179597,8.980246327676145e+18,25401.27731204951,4.459186361565423e+22,18432.85655413847,7442951459259982.0
CO2_atmosphere_1_M_earth_1_F_earth.csv,CO2,1_M,1_F,14831.164489402363,325353.5191442515,914353.7576572452,2457.364048179597,8.980246327676145e+18,23687.15121264719,4.459186361565423e+22,19333.2795703225,9555530675180952.0
CO2_atmosphere_1_M_earth_1_F_earth.csv,CO2,1_M,1_F,14831.164489402363,325353.5191442515,914353.7576572452,2457.364048179597,8.980246327676145e+18,22303.614109401926,4.459186361565423e+22,20233.702586506522,1.1768846431544298e+16
CO2_atmosphere_1_M_earth_1_F_earth.csv,CO2,1_M,1_F,14831.164489402363,325353.5191442515,914353.7576572452,2457.364048179597,8.980246327676145e+18,21272.585170749833,4.459186361565423e+22,21134.12560269055,1.4082898728350042e+16
CO2_atmosphere_1_M_earth_1_F_earth.csv,CO2,1_M,1_F,14831.164489402363,325353.5191442515,914353.7576572452,2457.364048179597,8.980246327676145e+18,20462.514091400328,4.459186361565423e+22,22034.548618874578,1.6497687565598172e+16
CO2_atmosphere_1_M_earth_1_F_earth.csv,CO2,1_M,1_F,14831.164489402363,325353.5191442515,914353.7576572452,2457.364048179597,8.980246327676145e+18,19574.16704606084,4.459186361565423e+22,22934.971635058606,1.9013212943288692e+16
CO2_atmosphere_1_M_earth_1_F_earth.csv,CO2,1_M,1_F,14831.164489402363,325353.5191442515,914353.7576572452,2457.364048179597,8.980246327676145e+18,18359.540440090754,4.459186361565423e+22,23835.394651242634,2.162947486142159e+16
CO2_atmosphere_1_M_earth_1_F_earth.csv,CO2,1_M,1_F,14831.164489402363,325353.5191442515,914353.7576572452,2457.364048179597,8.980246327676145e+18,16773.221102507872,4.459186361565423e+22,24735.817667426658,2.4346473319996884e+16
CO2_atmosphere_1_M_earth_1_F_earth.csv,CO2,1_M,1_F,14831.164489402363,325353.5191442515,914353.7576572452,2457.364048179597,8.980246327676145e+18,14947.82217836008,4.459186361565423e+22,25636.240683610686,2.716420831901456e+16
CO2_atmosphere_1_M_earth_1_F_earth.csv,CO2,1_M,1_F,14831.164489402363,325353.5191442515,914353.7576572452,2457.364048179597,8.980246327676145e+18,13256.5469859209,4.459186361565423e+22,26536.663699794713,3.0082679858474636e+16
CO2_atmosphere_1_M_earth_1_F_earth.csv,CO2,1_M,1_F,14831.164489402363,325353.5191442515,914353.7576572452,2457.364048179597,8.980246327676145e+18,11704.721611069273,4.459186361565423e+22,27437.086715978738,3.3101887938377084e+16
CO2_atmosphere_1_M_earth_1_F_earth.csv,CO2,1_M,1_F,14831.164489402363,325353.5191442515,914353.7576572452,2457.364048179597,8.980246327676145e+18,10289.66500393763,4.459186361565423e+22,28337.509732162765,3.622183255872193e+16
CO2_atmosphere_1_M_earth_1_F_earth.csv,CO2,1_M,1_F,14831.164489402363,325353.5191442515,914353.7576572452,2457.364048179597,8.980246327676145e+18,9002.992829733954,4.459186361565423e+22,29237.932748346793,3.944251371950916e+16
CO2_atmosphere_1_M_earth_1_F_earth.csv,CO2,1_M,1_F,14831.164489402363,325353.5191442515,914353.7576572452,2457.364048179597,8.980246327676145e+18,7836.814284774024,4.459186361565423e+22,30138.35576453082,4.276393142073878e+16
CO2_atmosphere_1_M_earth_1_F_earth.csv,CO2,1_M,1_F,14831.164489402363,325353.5191442515,914353.7576572452,2457.364048179597,8.980246327676145e+18,6789.106001303693,4.459186361565423e+22,31038.77878071485,4.618608566241079e+16
CO2_atmosphere_1_M_earth_1_F_earth.csv,CO2,1_M,1_F,14831.164489402363,325353.5191442515,914353.7576572452,2457.364048179597,8.980246327676145e+18,5863.78706313602,4.459186361565423e+22,31939.201796898873,4.9708976444525176e+16
CO2_atmosphere_1_M_earth_1_F_earth.csv,CO2,1_M,1_F,14831.164489402363,325353.5191442515,914353.7576572452,2457.364048179597,8.980246327676145e+18,5037.707903365226,4.459186361565423e+22,32839.624813082904,5.3332603767081976e+16
CO2_atmosphere_1_M_earth_1_F_earth.csv,CO2,1_M,1_F,14831.164489402363,325353.5191442515,914353.7576572452,2457.364048179597,8.980246327676145e+18,4327.044873386567,4.459186361565423e+22,33740.04782926693,5.705696763008113e+16
CO2_atmosphere_1_M_earth_1_F_earth.csv,CO2,1_M,1_F,14831.164489402363,325353.5191442515,914353.7576572452,2457.364048179597,8.980246327676145e+18,3790.3461022368974,4.459186361565423e+22,34640.47084545095,6.088206803352268e+16
CO2_atmosphere_1_M_earth_1_F_earth.csv,CO2,1_M,1_F,14831.164489402363,325353.5191442515,914353.7576572452,2457.364048179597,8.980246327676145e+18,3754.6928482639155,4.459186361565423e+22,35540.89386163498,6.4807904977406616e+16
CO2_atmosphere_1_M_earth_1_F_earth.csv,CO2,1_M,1_F,14831.164489402363,325353.5191442515,914353.7576572452,2457.364048179597,8.980246327676145e+18,3761.164085101575,4.459186361565423e+22,36441.31687781901,6.883447846173298e+16
CO2_atmosphere_1_M_earth_1_F_earth.csv,CO2,1_M,1_F,14831.164489402363,325353.5191442515,914353.7576572452,2457.364048179597,8.980246327676145e+18,3768.605225726938,4.459186361565423e+22,37341.73989400304,7.296178848650171e+16
CO2_atmosphere_1_M_earth_1_F_earth.csv,CO2,1_M,1_F,14831.164489402363,325353.5191442515,914353.7576572452,2457.364048179597,8.980246327676145e+18,3776.6681932027427,4.459186361565423e+22,38242.162910187064,7.718983505171282e+16
CO2_atmosphere_1_M_earth_1_F_earth.csv,CO2,1_M,1_F,14831.164489402363,325353.5191442515,914353.7576572452,2457.364048179597,8.980246327676145e+18,3784.9630603288456,4.459186361565423e+22,39142.58592637109,8.151861815736629e+16
CO2_atmosphere_1_M_earth_1_F_earth.csv,CO2,1_M,1_F,14831.164489402363,325353.5191442515,914353.7576572452,2457.364048179597,8.980246327676145e+18,3793.146570201417,4.459186361565423e+22,40043.00894255511,8.594813780346218e+16
CO2_atmosphere_1_M_earth_1_F_earth.csv,CO2,1_M,1_F,14831.164489402363,325353.5191442515,914353.7576572452,2457.364048179597,8.980246327676145e+18,3800.967815338761,4.459186361565423e+22,40943.431958739144,9.047839399000046e+16
CO2_atmosphere_1_M_earth_1_F_earth.csv,CO2,1_M,1_F,14831.164489402363,325353.5191442515,914353.7576572452,2457.364048179597,8.980246327676145e+18,3808.27660948907,4.459186361565423e+22,41843.85497492317,9.51093867169811e+16
CO2_atmosphere_1_M_earth_1_F_earth.csv,CO2,1_M,1_F,14831.164489402363,325353.5191442515,914353.7576572452,2457.364048179597,8.980246327676145e+18,3815.0089186818436,4.459186361565423e+22,42744.2779911072,9.984111598440416e+16
CO2_atmosphere_1_M_earth_1_F_earth.csv,CO2,1_M,1_F,14831.164489402363,325353.5191442515,914353.7576572452,2457.364048179597,8.980246327676145e+18,3821.163524822685,4.459186361565423e+22,43644.70100729122,1.046735817922696e+17
CO2_atmosphere_1_M_earth_1_F_earth.csv,CO2,1_M,1_F,14831.164489402363,325353.5191442515,914353.7576572452,2457.364048179597,8.980246327676145e+18,3826.778912182412,4.459186361565423e+22,44545.12402347525,1.0960678414057739e+17
CO2_atmosphere_1_M_earth_1_F_earth.csv,CO2,1_M,1_F,14831.164489402363,325353.5191442515,914353.7576572452,2457.364048179597,8.980246327676145e+18,3831.914541790249,4.459186361565423e+22,45445.54703965928,1.1464072302932763e+17
CO2_atmosphere_1_M_earth_1_F_earth.csv,CO2,1_M,1_F,14831.164489402363,325353.5191442515,914353.7576572452,2457.364048179597,8.980246327676145e+18,3836.6359208482145,4.459186361565423e+22,46345.9700558433,1.1977539845852024e+17
CO2_atmosphere_1_M_earth_1_F_earth.csv,CO2,1_M,1_F,14831.164489402363,325353.5191442515,914353.7576572452,2457.364048179597,8.980246327676145e+18,3840.9985924353887,4.459186361565423e+22,47246.393072027335,1.2501081042815522e+17
CO2_atmosphere_1_M_earth_1_F_earth.csv,CO2,1_M,1_F,14831.164489402363,325353.5191442515,914353.7576572452,2457.364048179597,8.980246327676145e+18,3845.0667821798675,4.459186361565423e+22,48146.81608821136,1.303469589382326e+17
CO2_atmosphere_1_M_earth_1_F_earth.csv,CO2,1_M,1_F,14831.164489402363,325353.5191442515,914353.7576572452,2457.364048179597,8.980246327676145e+18,3848.8954283523935,4.459186361565423e+22,49047.23910439538,1.3578384398875234e+17
CO2_atmosphere_1_M_earth_1_F_earth.csv,CO2,1_M,1_F,14831.164489402363,325353.5191442515,914353.7576572452,2457.364048179597,8.980246327676145e+18,3852.5309108377487,4.459186361565423e+22,49947.662120579414,1.4132146557971451e+17
CO2_atmosphere_1_M_earth_1_F_earth.csv,CO2,1_M,1_F,14831.164489402363,325353.5191442515,914353.7576572452,2457.364048179597,8.980246327676145e+18,3856.012466533472,4.459186361565423e+22,50848.08513676344,1.4695982371111907e+17
CO2_atmosphere_1_M_earth_1_F_earth.csv,CO2,1_M,1_F,14831.164489402363,325353.5191442515,914353.7576572452,2457.364048179597,8.980246327676145e+18,3859.373047091651,4.459186361565423e+22,51748.50815294746,1.5269891838296595e+17
CO2_atmosphere_1_M_earth_1_F_earth.csv,CO2,1_M,1_F,14831.164489402363,325353.5191442515,914353.7576572452,2457.364048179597,8.980246327676145e+18,3862.6400364946094,4.459186361565423e+22,52648.931169131494,1.585387495952553e+17
CO2_atmosphere_1_M_earth_1_F_earth.csv,CO2,1_M,1_F,14831.164489402363,325353.5191442515,914353.7576572452,2457.364048179597,8.980246327676145e+18,3865.836205845125,4.459186361565423e+22,53549.35418531552,1.6447931734798698e+17
CO2_atmosphere_1_M_earth_1_F_earth.csv,CO2,1_M,1_F,14831.164489402363,325353.5191442515,914353.7576572452,2457.364048179597,8.980246327676145e+18,3868.980714871654,4.459186361565423e+22,54449.77720149954,1.7052062164116106e+17
CO2_atmosphere_1_M_earth_1_F_earth.csv,CO2,1_M,1_F,14831.164489402363,325353.5191442515,914353.7576572452,2457.364048179597,8.980246327676145e+18,3872.0901759837407,4.459186361565423e+22,55350.200217683574,1.766626624747776e+17
CO2_atmosphere_1_M_earth_1_F_earth.csv,CO2,1_M,1_F,14831.164489402363,325353.5191442515,914353.7576572452,2457.364048179597,8.980246327676145e+18,3875.1796962264048,4.459186361565423e+22,56250.6232338676,1.8290543984883638e+17
CO2_atmosphere_1_M_earth_1_F_earth.csv,CO2,1_M,1_F,14831.164489402363,325353.5191442515,914353.7576572452,2457.364048179597,8.980246327676145e+18,3878.2640776172234,4.459186361565423e+22,57151.04625005163,1.8924895376333766e+17
CO2_atmosphere_1_M_earth_1_F_earth.csv,CO2,1_M,1_F,14831.164489402363,325353.5191442515,914353.7576572452,2457.364048179597,8.980246327676145e+18,3881.359270460181,4.459186361565423e+22,58051.469266235654,1.9569320421828128e+17
CO2_atmosphere_1_M_earth_1_F_earth.csv,CO2,1_M,1_F,14831.164489402363,325353.5191442515,914353.7576572452,2457.364048179597,8.980246327676145e+18,3884.4843163195956,4.459186361565423e+22,58951.89228241968,2.022381912136673e+17
CO2_atmosphere_1_M_earth_1_F_earth.csv,CO2,1_M,1_F,14831.164489402363,325353.5191442515,914353.7576572452,2457.364048179597,8.980246327676145e+18,3887.6638725130556,4.459186361565423e+22,59852.31529860371,2.0888391474949574e+17
CO2_atmosphere_1_M_earth_1000_F_earth.csv,CO2,1_M,1000_F,32738.03115066983,417625.0022674572,1312437.012996761,1021.9354781661114,3.2660852802487316e+19,45365.972290742626,2.4588611033374577e+22,32738.03115066983,0.0
CO2_atmosphere_1_M_earth_1000_F_earth.csv,CO2,1_M,1000_F,32738.03115066983,417625.0022674572,1312437.012996761,1021.9354781661114,3.2660852802487316e+19,45776.59280527793,2.4588611033374577e+22,34019.01111247773,1.1726828928199436e+16
CO2_atmosphere_1_M_earth_1000_F_earth.csv,CO2,1_M,1000_F,32738.03115066983,417625.0022674572,1312437.012996761,1021.9354781661114,3.2660852802487316e+19,46192.332838828945,2.4588611033374577e+22,35299.99107428563,2.3903702746445256e+16
CO2_atmosphere_1_M_earth_1000_F_earth.csv,CO2,1_M,1000_F,32738.03115066983,417625.0022674572,1312437.012996761,1021.9354781661114,3.2660852802487316e+19,46609.72327027138,2.4588611033374577e+22,36580.97103609353,3.6530621454737576e+16
CO2_atmosphere_1_M_earth_1000_F_earth.csv,CO2,1_M,1000_F,32738.03115066983,417625.0022674572,1312437.012996761,1021.9354781661114,3.2660852802487316e+19,47019.673607373355,2.4588611033374577e+22,37861.950997901426,4.960758505307635e+16
CO2_atmosphere_1_M_earth_1000_F_earth.csv,CO2,1_M,1000_F,32738.03115066983,417625.0022674572,1312437.012996761,1021.9354781661114,3.2660852802487316e+19,47400.182675556585,2.4588611033374577e+22,39142.93095970932,6.313459354146159e+16
CO2_atmosphere_1_M_earth_1000_F_earth.csv,CO2,1_M,1000_F,32738.03115066983,417625.0022674572,1312437.012996761,1021.9354781661114,3.2660852802487316e+19,47709.028048443455,2.4588611033374577e+22,40423.91092151722,7.71116469198933e+16
CO2_atmosphere_1_M_earth_1000_F_earth.csv,CO2,1_M,1000_F,32738.03115066983,417625.0022674572,1312437.012996761,1021.9354781661114,3.2660852802487316e+19,47883.37170620503,2.4588611033374577e+22,41704.89088332512,9.153874518837142e+16
CO2_atmosphere_1_M_earth_1000_F_earth.csv,CO2,1_M,1000_F,32738.03115066983,417625.0022674572,1312437.012996761,1021.9354781661114,3.2660852802487316e+19,47843.20586316238,2.4588611033374577e+22,42985.870845133024,1.0641588834689616e+17
CO2_atmosphere_1_M_earth_1000_F_earth.csv,CO2,1_M,1000_F,32738.03115066983,417625.0022674572,1312437.012996761,1021.9354781661114,3.2660852802487316e+19,47511.1112907861,2.4588611033374577e+22,44266.85080694092,1.2174307639546723e+17
CO2_atmosphere_1_M_earth_1000_F_earth.csv,CO2,1_M,1000_F,32738.03115066983,417625.0022674572,1312437.012996761,1021.9354781661114,3.2660852802487316e+19,46860.835274549725,2.4588611033374577e+22,45547.83076874882,1.3752030933408477e+17
CO2_atmosphere_1_M_earth_1000_F_earth.csv,CO2,1_M,1000_F,32738.03115066983,417625.0022674572,1312437.012996761,1021.9354781661114,3.2660852802487316e+19,45925.330575073356,2.4588611033374577e+22,46828.81073055672,1.5374758716274877e+17
CO2_atmosphere_1_M_earth_1000_F_earth.csv,CO2,1_M,1000_F,32738.03115066983,417625.0022674572,1312437.012996761,1021.9354781661114,3.2660852802487316e+19,44718.33484096084,2.4588611033374577e+22,48109.79069236462,1.704249098814594e+17
CO2_atmosphere_1_M_earth_1000_F_earth.csv,CO2,1_M,1000_F,32738.03115066983,417625.0022674572,1312437.012996761,1021.9354781661114,3.2660852802487316e+19,43194.17231838188,2.4588611033374577e+22,49390.77065417252,1.8755227749021632e+17
CO2_atmosphere_1_M_earth_1000_F_earth.csv,CO2,1_M,1000_F,32738.03115066983,417625.0022674572,1312437.012996761,1021.9354781661114,3.2660852802487316e+19,41285.23260386987,2.4588611033374577e+22,50671.75061598042,2.051296899890197e+17
CO2_atmosphere_1_M_earth_1000_F_earth.csv,CO2,1_M,1000_F,32738.03115066983,417625.0022674572,1312437.012996761,1021.9354781661114,3.2660852802487316e+19,38937.100788647156,2.4588611033374577e+22,51952.730577788316,2.231571473778695e+17
CO2_atmosphere_1_M_earth_1000_F_earth.csv,CO2,1_M,1000_F,32738.03115066983,417625.0022674572,1312437.012996761,1021.9354781661114,3.2660852802487316e+19,36287.63958426798,2.4588611033374577e+22,53233.71053959621,2.4163464965676586e+17
CO2_atmosphere_1_M_earth_1000_F_earth.csv,CO2,1_M,1000_F,32738.03115066983,417625.0022674572,1312437.012996761,1021.9354781661114,3.2660852802487316e+19,33660.38043826472,2.4588611033374577e+22,54514.69050140411,2.605621968257086e+17
CO2_atmosphere_1_M_earth_1000_F_earth.csv,CO2,1_M,1000_F,32738.03115066983,417625.0022674572,1312437.012996761,1021.9354781661114,3.2660852802487316e+19,31383.05923145369,2.4588611033374577e+22,55795.67046321201,2.799397888846979e+17
CO2_atmosphere_1_M_earth_1000_F_earth.csv,CO2,1_M,1000_F,32738.03115066983,417625.0022674572,1312437.012996761,1021.9354781661114,3.2660852802487316e+19,29623.114508611085,2.4588611033374577e+22,57076.65042501991,2.997674258337336e+17
CO2_atmosphere_1_M_earth_1000_F_earth.csv,CO2,1_M,1000_F,32738.03115066983,417625.0022674572,1312437.012996761,1021.9354781661114,3.2660852802487316e+19,28134.735962681756,2.4588611033374577e+22,58357.630386827805,3.2004510767281574e+17
CO2_atmosphere_1_M_earth_1000_F_earth.csv,CO2,1_M,1000_F,32738.03115066983,417625.0022674572,1312437.012996761,1021.9354781661114,3.2660852802487316e+19,26657.39171749456,2.4588611033374577e+22,59638.61034863571,3.407728344019445e+17
CO2_atmosphere_1_M_earth_1000_F_earth.csv,CO2,1_M,1000_F,32738.03115066983,417625.0022674572,1312437.012996761,1021.9354781661114,3.2660852802487316e+19,25201.291208465576,2.4588611033374577e+22,60919.59031044361,3.6195060602111955e+17
CO2_atmosphere_1_M_earth_1000_F_earth.csv,CO2,1_M,1000_F,32738.03115066983,417625.0022674572,1312437.012996761,1021.9354781661114,3.2660852802487316e+19,23844.36759806498,2.4588611033374577e+22,62200.570272251505,3.8357842253034106e+17
CO2_atmosphere_1_M_earth_1000_F_earth.csv,CO2,1_M,1000_F,32738.03115066983,417625.0022674572,1312437.012996761,1021.9354781661114,3.2660852802487316e+19,22568.2833390317,2.4588611033374577e+22,63481.55023405941,4.056562839296092e+17
CO2_atmosphere_1_M_earth_1000_F_earth.csv,CO2,1_M,1000_F,32738.03115066983,417625.0022674572,1312437.012996761,1021.9354781661114,3.2660852802487316e+19,21371.261257495156,2.4588611033374577e+22,64762.53019586731,4.281841902189237e+17
CO2_atmosphere_1_M_earth_1000_F_earth.csv,CO2,1_M,1000_F,32738.03115066983,417625.0022674572,1312437.012996761,1021.9354781661114,3.2660852802487316e+19,20355.693920395053,2.4588611033374577e+22,66043.5101576752,4.511621413982847e+17
CO2_atmosphere_1_M_earth_1000_F_earth.csv,CO2,1_M,1000_F,32738.03115066983,417625.0022674572,1312437.012996761,1021.9354781661114,3.2660852802487316e+19,19579.310945006688,2.4588611033374577e+22,67324.4901194831,4.7459013746769197e+17
CO2_atmosphere_1_M_earth_1000_F_earth.csv,CO2,1_M,1000_F,32738.03115066983,417625.0022674572,1312437.012996761,1021.9354781661114,3.2660852802487316e+19,19005.231961249126,2.4588611033374577e+22,68605.470081291,4.984681784271458e+17
CO2_atmosphere_1_M_earth_1000_F_earth.csv,CO2,1_M,1000_F,32738.03115066983,417625.0022674572,1312437.012996761,1021.9354781661114,3.2660852802487316e+19,18577.97753812013,2.4588611033374577e+22,69886.4500430989,5.227962642766462e+17
CO2_atmosphere_1_M_earth_1000_F_earth.csv,CO2,1_M,1000_F,32738.03115066983,417625.0022674572,1312437.012996761,1021.9354781661114,3.2660852802487316e+19,18223.1762672504,2.4588611033374577e+22,71167.4300049068,5.4757439501619296e+17
CO2_atmosphere_1_M_earth_1000_F_earth.csv,CO2,1_M,1000_F,32738.03115066983,417625.0022674572,1312437.012996761,1021.9354781661114,3.2660852802487316e+19,17877.812402437758,2.4588611033374577e+22,72448.4099667147,5.7280257064578624e+17
CO2_atmosphere_1_M_earth_1000_F_earth.csv,CO2,1_M,1000_F,32738.03115066983,417625.0022674572,1312437.012996761,1021.9354781661114,3.2660852802487316e+19,17539.528793870984,2.4588611033374577e+22,73729.38992852259,5.984807911654259e+17
CO2_atmosphere_1_M_earth_1000_F_earth.csv,CO2,1_M,1000_F,32738.03115066983,417625.0022674572,1312437.012996761,1021.9354781661114,3.2660852802487316e+19,17245.623677609805,2.4588611033374577e+22,75010.36989033049,6.246090565751121e+17
CO2_atmosphere_1_M_earth_1000_F_earth.csv,CO2,1_M,1000_F,32738.03115066983,417625.0022674572,1312437.012996761,1021.9354781661114,3.2660852802487316e+19,17023.318299287723,2.4588611033374577e+22,76291.34985213839,6.511873668748447e+17
CO2_atmosphere_1_M_earth_1000_F_earth.csv,CO2,1_M,1000_F,32738.03115066983,417625.0022674572,1312437.012996761,1021.9354781661114,3.2660852802487316e+19,16874.730368429166,2.4588611033374577e+22,77572.32981394629,6.782157220646236e+17
CO2_atmosphere_1_M_earth_1000_F_earth.csv,CO2,1_M,1000_F,32738.03115066983,417625.0022674572,1312437.012996761,1021.9354781661114,3.2660852802487316e+19,16787.77884265508,2.4588611033374577e+22,78853.3097757542,7.056941221444497e+17
CO2_atmosphere_1_M_earth_1000_F_earth.csv,CO2,1_M,1000_F,32738.03115066983,417625.0022674572,1312437.012996761,1021.9354781661114,3.2660852802487316e+19,16756.020697782915,2.4588611033374577e+22,80134.2897375621,7.336225671143215e+17
CO2_atmosphere_1_M_earth_1000_F_earth.csv,CO2,1_M,1000_F,32738.03115066983,417625.0022674572,1312437.012996761,1021.9354781661114,3.2660852802487316e+19,16776.845302294274,2.4588611033374577e+22,81415.26969937,7.620010569742401e+17
CO2_atmosphere_1_M_earth_1000_F_earth.csv,CO2,1_M,1000_F,32738.03115066983,417625.0022674572,1312437.012996761,1021.9354781661114,3.2660852802487316e+19,16828.270581421322,2.4588611033374577e+22,82696.24966117789,7.908295917242052e+17
CO2_atmosphere_1_M_earth_1000_F_earth.csv,CO2,1_M,1000_F,32738.03115066983,417625.0022674572,1312437.012996761,1021.9354781661114,3.2660852802487316e+19,16880.961827854957,2.4588611033374577e+22,83977.22962298579,8.201081713642164e+17
CO2_atmosphere_1_M_earth_1000_F_earth.csv,CO2,1_M,1000_F,32738.03115066983,417625.0022674572,1312437.012996761,1021.9354781661114,3.2660852802487316e+19,16937.022258086377,2.4588611033374577e+22,85258.20958479369,8.49836795894274e+17
CO2_atmosphere_1_M_earth_1000_F_earth.csv,CO2,1_M,1000_F,32738.03115066983,417625.0022674572,1312437.012996761,1021.9354781661114,3.2660852802487316e+19,17013.878114157367,2.4588611033374577e+22,86539.18954660158,8.800154653143785e+17
CO2_atmosphere_1_M_earth_1000_F_earth.csv,CO2,1_M,1000_F,32738.03115066983,417625.0022674572,1312437.012996761,1021.9354781661114,3.2660852802487316e+19,17097.08273559365,2.4588611033374577e+22,87820.16950840948,9.106441796245294e+17
CO2_atmosphere_1_M_earth_1000_F_earth.csv,CO2,1_M,1000_F,32738.03115066983,417625.0022674572,1312437.012996761,1021.9354781661114,3.2660852802487316e+19,17162.11674098324,2.4588611033374577e+22,89101.14947021738,9.417229388247267e+17
CO2_atmosphere_1_M_earth_1000_F_earth.csv,CO2,1_M,1000_F,32738.03115066983,417625.0022674572,1312437.012996761,1021.9354781661114,3.2660852802487316e+19,17221.48699080935,2.4588611033374577e+22,90382.12943202528,9.732517429149704e+17
CO2_atmosphere_1_M_earth_1000_F_earth.csv,CO2,1_M,1000_F,32738.03115066983,417625.0022674572,1312437.012996761,1021.9354781661114,3.2660852802487316e+19,17299.98430493742,2.4588611033374577e+22,91663.10939383318,1.0052305918952604e+18
CO2_atmosphere_1_M_earth_1000_F_earth.csv,CO2,1_M,1000_F,32738.03115066983,417625.0022674572,1312437.012996761,1021.9354781661114,3.2660852802487316e+19,17391.95750419722,2.4588611033374577e+22,92944.08935564107,1.037659485765597e+18
CO2_atmosphere_1_M_earth_1000_F_earth.csv,CO2,1_M,1000_F,32738.03115066983,417625.0022674572,1312437.012996761,1021.9354781661114,3.2660852802487316e+19,17476.600842025066,2.4588611033374577e+22,94225.06931744899,1.0705384245259808e+18
CO2_atmosphere_1_M_earth_1000_F_earth.csv,CO2,1_M,1000_F,32738.03115066983,417625.0022674572,1312437.012996761,1021.9354781661114,3.2660852802487316e+19,17547.301534186714,2.4588611033374577e+22,95506.04927925688,1.1038674081764101e+18
CO2_atmosphere_1_M_earth_1000_F_earth.csv,CO2,1_M,1000_F,32738.03115066983,417625.0022674572,1312437.012996761,1021.9354781661114,3.2660852802487316e+19,17609.664445119415,2.4588611033374577e+22,96787.02924106478,1.1376464367168861e+18
CO2_atmosphere_10_M_earth_1_F_earth.csv,CO2,10_M,1_F,422083.7653598175,7505930.335619402,19752504.524971668,2426.154415678283,1.360221664061353e+23,1198955.7537626072,5.841231484959764e+26,422083.7653598175,0.0
CO2_atmosphere_10_M_earth_1_F_earth.csv,CO2,10_M,1_F,422083.7653598175,7505930.335619402,19752504.524971668,2426.154415678283,1.360221664061353e+23,955803.5372516136,5.841231484959764e+26,441433.5358899595,2.9541607248924176e+19
CO2_atmosphere_10_M_earth_1_F_earth.csv,CO2,10_M,1_F,422083.7653598175,7505930.335619402,19752504.524971668,2426.154415678283,1.360221664061353e+23,795843.3298011736,5.841231484959764e+26,460783.30642010143,6.040715628924251e+19
CO2_atmosphere_10_M_earth_1_F_earth.csv,CO2,10_M,1_F,422083.7653598175,7505930.335619402,19752504.524971668,2426.154415678283,1.360221664061353e+23,682838.0540419163,5.841231484959764e+26,480133.07695024344,9.259664712095511e+19
CO2_atmosphere_10_M_earth_1_F_earth.csv,CO2,10_M,1_F,422083.7653598175,7505930.335619402,19752504.524971668,2426.154415678283,1.360221664061353e+23,599167.8797078878,5.841231484959764e+26,499482.84748038545,1.2611007974406195e+20
CO2_atmosphere_10_M_earth_1_F_earth.csv,CO2,10_M,1_F,422083.7653598175,7505930.335619402,19752504.524971668,2426.154415678283,1.360221664061353e+23,531865.6122615716,5.841231484959764e+26,518832.61801052745,1.6094745415856305e+20
CO2_atmosphere_10_M_earth_1_F_earth.csv,CO2,10_M,1_F,422083.7653598175,7505930.335619402,19752504.524971668,2426.154415678283,1.360221664061353e+23,472438.56234306097,5.841231484959764e+26,538182.3885406695,1.9710877036445824e+20
CO2_atmosphere_10_M_earth_1_F_earth.csv,CO2,10_M,1_F,422083.7653598175,7505930.335619402,19752504.524971668,2426.154415678283,1.360221664061353e+23,415380.99013241293,5.841231484959764e+26,557532.1590708115,2.3459402836174773e+20
CO2_atmosphere_10_M_earth_1_F_earth.csv,CO2,10_M,1_F,422083.7653598175,7505930.335619402,19752504.524971668,2426.154415678283,1.360221664061353e+23,368106.27058829437,5.841231484959764e+26,576881.9296009534,2.7340322815043122e+20
CO2_atmosphere_10_M_earth_1_F_earth.csv,CO2,10_M,1_F,422083.7653598175,7505930.335619402,19752504.524971668,2426.154415678283,1.360221664061353e+23,339716.92901656637,5.841231484959764e+26,596231.7001310955,3.1353636973050934e+20
CO2_atmosphere_10_M_earth_1_F_earth.csv,CO2,10_M,1_F,422083.7653598175,7505930.335619402,19752504.524971668,2426.154415678283,1.360221664061353e+23,320827.6025505951,5.841231484959764e+26,615581.4706612374,3.5499345310198124e+20
CO2_atmosphere_10_M_earth_1_F_earth.csv,CO2,10_M,1_F,422083.7653598175,7505930.335619402,19752504.524971668,2426.154415678283,1.360221664061353e+23,304201.74871333636,5.841231484959764e+26,634931.2411913794,3.977744782648475e+20
CO2_atmosphere_10_M_earth_1_F_earth.csv,CO2,10_M,1_F,422083.7653598175,7505930.335619402,19752504.524971668,2426.154415678283,1.360221664061353e+23,289474.3359599445,5.841231484959764e+26,654281.0117215214,4.418794452191079e+20
CO2_atmosphere_10_M_earth_1_F_earth.csv,CO2,10_M,1_F,422083.7653598175,7505930.335619402,19752504.524971668,2426.154415678283,1.360221664061353e+23,276390.9346791745,5.841231484959764e+26,673630.7822516634,4.873083539647627e+20
CO2_atmosphere_10_M_earth_1_F_earth.csv,CO2,10_M,1_F,422083.7653598175,7505930.335619402,19752504.524971668,2426.154415678283,1.360221664061353e+23,264643.6630776344,5.841231484959764e+26,692980.5527818054,5.3406120450181176e+20
CO2_atmosphere_10_M_earth_1_F_earth.csv,CO2,10_M,1_F,422083.7653598175,7505930.335619402,19752504.524971668,2426.154415678283,1.360221664061353e+23,253979.43669833158,5.841231484959764e+26,712330.3233119473,5.821379968302546e+20
CO2_atmosphere_10_M_earth_1_F_earth.csv,CO2,10_M,1_F,422083.7653598175,7505930.335619402,19752504.524971668,2426.154415678283,1.360221664061353e+23,244366.65269007257,5.841231484959764e+26,731680.0938420894,6.315387309500924e+20
CO2_atmosphere_10_M_earth_1_F_earth.csv,CO2,10_M,1_F,422083.7653598175,7505930.335619402,19752504.524971668,2426.154415678283,1.360221664061353e+23,235516.60679927366,5.841231484959764e+26,751029.8643722313,6.822634068613235e+20
CO2_atmosphere_10_M_earth_1_F_earth.csv,CO2,10_M,1_F,422083.7653598175,7505930.335619402,19752504.524971668,2426.154415678283,1.360221664061353e+23,227432.30376652465,5.841231484959764e+26,770379.6349023734,7.343120245639496e+20
CO2_atmosphere_10_M_earth_1_F_earth.csv,CO2,10_M,1_F,422083.7653598175,7505930.335619402,19752504.524971668,2426.154415678283,1.360221664061353e+23,219957.77180766343,5.841231484959764e+26,789729.4054325153,7.876845840579694e+20
CO2_atmosphere_10_M_earth_1_F_earth.csv,CO2,10_M,1_F,422083.7653598175,7505930.335619402,19752504.524971668,2426.154415678283,1.360221664061353e+23,212960.95454618896,5.841231484959764e+26,809079.1759626573,8.423810853433837e+20
CO2_atmosphere_10_M_earth_1_F_earth.csv,CO2,10_M,1_F,422083.7653598175,7505930.335619402,19752504.524971668,2426.154415678283,1.360221664061353e+23,206500.933798795,5.841231484959764e+26,828428.9464927993,8.984015284201921e+20
CO2_atmosphere_10_M_earth_1_F_earth.csv,CO2,10_M,1_F,422083.7653598175,7505930.335619402,19752504.524971668,2426.154415678283,1.360221664061353e+23,201144.6003995408,5.841231484959764e+26,847778.7170229412,9.557459132883945e+20
CO2_atmosphere_10_M_earth_1_F_earth.csv,CO2,10_M,1_F,422083.7653598175,7505930.335619402,19752504.524971668,2426.154415678283,1.360221664061353e+23,196095.73730982674,5.841231484959764e+26,867128.4875530833,1.0144142399479915e+21
CO2_atmosphere_10_M_earth_1_F_earth.csv,CO2,10_M,1_F,422083.7653598175,7505930.335619402,19752504.524971668,2426.154415678283,1.360221664061353e+23,191244.7434925271,5.841231484959764e+26,886478.2580832252,1.0744065083989821e+21
CO2_atmosphere_10_M_earth_1_F_earth.csv,CO2,10_M,1_F,422083.7653598175,7505930.335619402,19752504.524971668,2426.154415678283,1.360221664061353e+23,186718.77194466538,5.841231484959764e+26,905828.0286133674,1.1357227186413681e+21
CO2_atmosphere_10_M_earth_1_F_earth.csv,CO2,10_M,1_F,422083.7653598175,7505930.335619402,19752504.524971668,2426.154415678283,1.360221664061353e+23,182409.55171828825,5.841231484959764e+26,925177.7991435092,1.198362870675147e+21
CO2_atmosphere_10_M_earth_1_F_earth.csv,CO2,10_M,1_F,422083.7653598175,7505930.335619402,19752504.524971668,2426.154415678283,1.360221664061353e+23,178240.36771794947,5.841231484959764e+26,944527.5696736512,1.2623269645003207e+21
CO2_atmosphere_10_M_earth_1_F_earth.csv,CO2,10_M,1_F,422083.7653598175,7505930.335619402,19752504.524971668,2426.154415678283,1.360221664061353e+23,174320.77258799612,5.841231484959764e+26,963877.3402037933,1.3276150001168889e+21
CO2_atmosphere_10_M_earth_1_F_earth.csv,CO2,10_M,1_F,422083.7653598175,7505930.335619402,19752504.524971668,2426.154415678283,1.360221664061353e+23,170608.88973324926,5.841231484959764e+26,983227.1107339351,1.39422697752485e+21
CO2_atmosphere_10_M_earth_1_F_earth.csv,CO2,10_M,1_F,422083.7653598175,7505930.335619402,19752504.524971668,2426.154415678283,1.360221664061353e+23,167036.98744199733,5.841231484959764e+26,1002576.8812640773,1.4621628967242073e+21
CO2_atmosphere_10_M_earth_1_F_earth.csv,CO2,10_M,1_F,422083.7653598175,7505930.335619402,19752504.524971668,2426.154415678283,1.360221664061353e+23,163591.44835852366,5.841231484959764e+26,1021926.6517942192,1.5314227577149572e+21
CO2_atmosphere_10_M_earth_1_F_earth.csv,CO2,10_M,1_F,422083.7653598175,7505930.335619402,19752504.524971668,2426.154415678283,1.360221664061353e+23,160275.20325738663,5.841231484959764e+26,1041276.4223243613,1.6020065604971027e+21
CO2_atmosphere_10_M_earth_1_F_earth.csv,CO2,10_M,1_F,422083.7653598175,7505930.335619402,19752504.524971668,2426.154415678283,1.360221664061353e+23,157090.37548473862,5.841231484959764e+26,1060626.1928545032,1.6739143050706414e+21
CO2_atmosphere_10_M_earth_1_F_earth.csv,CO2,10_M,1_F,422083.7653598175,7505930.335619402,19752504.524971668,2426.154415678283,1.360221664061353e+23,154084.76894442865,5.841231484959764e+26,1079975.9633846453,1.7471459914355748e+21
CO2_atmosphere_10_M_earth_1_F_earth.csv,CO2,10_M,1_F,422083.7653598175,7505930.335619402,19752504.524971668,2426.154415678283,1.360221664061353e+23,151199.4615918042,5.841231484959764e+26,1099325.7339147872,1.8217016195919016e+21
CO2_atmosphere_10_M_earth_1_F_earth.csv,CO2,10_M,1_F,422083.7653598175,7505930.335619402,19752504.524971668,2426.154415678283,1.360221664061353e+23,148377.8050531012,5.841231484959764e+26,1118675.5044449293,1.897581189539624e+21
CO2_atmosphere_10_M_earth_1_F_earth.csv,CO2,10_M,1_F,422083.7653598175,7505930.335619402,19752504.524971668,2426.154415678283,1.360221664061353e+23,145660.0584418019,5.841231484959764e+26,1138025.2749750712,1.974784701278739e+21
CO2_atmosphere_10_M_earth_1_F_earth.csv,CO2,10_M,1_F,422083.7653598175,7505930.335619402,19752504.524971668,2426.154415678283,1.360221664061353e+23,143082.1614277149,5.841231484959764e+26,1157375.045505213,2.0533121548092485e+21
CO2_atmosphere_10_M_earth_1_F_earth.csv,CO2,10_M,1_F,422083.7653598175,7505930.335619402,19752504.524971668,2426.154415678283,1.360221664061353e+23,140612.99136581528,5.841231484959764e+26,1176724.8160353552,2.1331635501311533e+21
CO2_atmosphere_10_M_earth_1_F_earth.csv,CO2,10_M,1_F,422083.7653598175,7505930.335619402,19752504.524971668,2426.154415678283,1.360221664061353e+23,138216.2347994561,5.841231484959764e+26,1196074.586565497,2.2143388872444512e+21
CO2_atmosphere_10_M_earth_1_F_earth.csv,CO2,10_M,1_F,422083.7653598175,7505930.335619402,19752504.524971668,2426.154415678283,1.360221664061353e+23,135923.53046301054,5.841231484959764e+26,1215424.3570956392,2.2968381661491445e+21
CO2_atmosphere_10_M_earth_1_F_earth.csv,CO2,10_M,1_F,422083.7653598175,7505930.335619402,19752504.524971668,2426.154415678283,1.360221664061353e+23,133759.01258910517,5.841231484959764e+26,1234774.127625781,2.380661386845231e+21
CO2_atmosphere_10_M_earth_1_F_earth.csv,CO2,10_M,1_F,422083.7653598175,7505930.335619402,19752504.524971668,2426.154415678283,1.360221664061353e+23,131659.4789805165,5.841231484959764e+26,1254123.8981559232,2.465808549332713e+21
CO2_atmosphere_10_M_earth_1_F_earth.csv,CO2,10_M,1_F,422083.7653598175,7505930.335619402,19752504.524971668,2426.154415678283,1.360221664061353e+23,129622.44644136098,5.841231484959764e+26,1273473.6686860651,2.552279653611588e+21
CO2_atmosphere_10_M_earth_1_F_earth.csv,CO2,10_M,1_F,422083.7653598175,7505930.335619402,19752504.524971668,2426.154415678283,1.360221664061353e+23,127751.05398348176,5.841231484959764e+26,1292823.439216207,2.640074699681857e+21
CO2_atmosphere_10_M_earth_1_F_earth.csv,CO2,10_M,1_F,422083.7653598175,7505930.335619402,19752504.524971668,2426.154415678283,1.360221664061353e+23,126007.86698602281,5.841231484959764e+26,1312173.2097463491,2.7291936875435204e+21
CO2_atmosphere_10_M_earth_1_F_earth.csv,CO2,10_M,1_F,422083.7653598175,7505930.335619402,19752504.524971668,2426.154415678283,1.360221664061353e+23,124420.13189810952,5.841231484959764e+26,1331522.980276491,2.819636617196578e+21
CO2_atmosphere_10_M_earth_1_F_earth.csv,CO2,10_M,1_F,422083.7653598175,7505930.335619402,19752504.524971668,2426.154415678283,1.360221664061353e+23,123021.67069718237,5.841231484959764e+26,1350872.7508066332,2.9114034886410313e+21
CO2_atmosphere_10_M_earth_1_F_earth.csv,CO2,10_M,1_F,422083.7653598175,7505930.335619402,19752504.524971668,2426.154415678283,1.360221664061353e+23,121811.27205221281,5.841231484959764e+26,1370222.521336775,3.004494301876877e+21
CO2_atmosphere_10_M_earth_1000_F_earth.csv,CO2,10_M,1000_F,413430.8751165534,6432140.717481767,21593564.44677601,1022.3785030112128,9.783989128705544e+22,1599528.519320799,3.2337080878710056e+26,413430.8751165534,0.0
CO2_atmosphere_10_M_earth_1000_F_earth.csv,CO2,10_M,1000_F,413430.8751165534,6432140.717481767,21593564.44677601,1022.3785030112128,9.783989128705544e+22,1378549.9905507094,3.2337080878710056e+26,434632.2100231194,3.1137438437757727e+19
CO2_atmosphere_10_M_earth_1000_F_earth.csv,CO2,10_M,1000_F,413430.8751165534,6432140.717481767,21593564.44677601,1022.3785030112128,9.783989128705544e+22,1217042.0495623192,3.2337080878710056e+26,455833.5449296854,6.383173101058901e+19
CO2_atmosphere_10_M_earth_1000_F_earth.csv,CO2,10_M,1000_F,413430.8751165534,6432140.717481767,21593564.44677601,1022.3785030112128,9.783989128705544e+22,1088181.3521761885,3.2337080878710056e+26,477034.87983625144,9.80828777184939e+19
CO2_atmosphere_10_M_earth_1000_F_earth.csv,CO2,10_M,1000_F,413430.8751165534,6432140.717481767,21593564.44677601,1022.3785030112128,9.783989128705544e+22,981149.7660522541,3.2337080878710056e+26,498236.21474281745,1.338908785614724e+20
CO2_atmosphere_10_M_earth_1000_F_earth.csv,CO2,10_M,1000_F,413430.8751165534,6432140.717481767,21593564.44677601,1022.3785030112128,9.783989128705544e+22,887571.0985114317,3.2337080878710056e+26,519437.5496493835,1.7125573353952454e+20
CO2_atmosphere_10_M_earth_1000_F_earth.csv,CO2,10_M,1000_F,413430.8751165534,6432140.717481767,21593564.44677601,1022.3785030112128,9.783989128705544e+22,802405.1766127009,3.2337080878710056e+26,540638.8845559495,2.1017744265265014e+20
CO2_atmosphere_10_M_earth_1000_F_earth.csv,CO2,10_M,1000_F,413430.8751165534,6432140.717481767,21593564.44677601,1022.3785030112128,9.783989128705544e+22,723900.5118333289,3.2337080878710056e+26,561840.2194625156,2.5065600590084948e+20
CO2_atmosphere_10_M_earth_1000_F_earth.csv,CO2,10_M,1000_F,413430.8751165534,6432140.717481767,21593564.44677601,1022.3785030112128,9.783989128705544e+22,651147.5019124716,3.2337080878710056e+26,583041.5543690815,2.926914232841222e+20
CO2_atmosphere_10_M_earth_1000_F_earth.csv,CO2,10_M,1000_F,413430.8751165534,6432140.717481767,21593564.44677601,1022.3785030112128,9.783989128705544e+22,583574.2233322457,3.2337080878710056e+26,604242.8892756476,3.362836948024688e+20
CO2_atmosphere_10_M_earth_1000_F_earth.csv,CO2,10_M,1000_F,413430.8751165534,6432140.717481767,21593564.44677601,1022.3785030112128,9.783989128705544e+22,520847.78650399,3.2337080878710056e+26,625444.2241822137,3.814328204558889e+20
CO2_atmosphere_10_M_earth_1000_F_earth.csv,CO2,10_M,1000_F,413430.8751165534,6432140.717481767,21593564.44677601,1022.3785030112128,9.783989128705544e+22,462655.0875488867,3.2337080878710056e+26,646645.5590887796,4.2813880024438243e+20
CO2_atmosphere_10_M_earth_1000_F_earth.csv,CO2,10_M,1000_F,413430.8751165534,6432140.717481767,21593564.44677601,1022.3785030112128,9.783989128705544e+22,408725.565542485,3.2337080878710056e+26,667846.8939953457,4.764016341679498e+20
CO2_atmosphere_10_M_earth_1000_F_earth.csv,CO2,10_M,1000_F,413430.8751165534,6432140.717481767,21593564.44677601,1022.3785030112128,9.783989128705544e+22,358888.87638087734,3.2337080878710056e+26,689048.2289019118,5.2622132222659074e+20
CO2_atmosphere_10_M_earth_1000_F_earth.csv,CO2,10_M,1000_F,413430.8751165534,6432140.717481767,21593564.44677601,1022.3785030112128,9.783989128705544e+22,312971.83075086144,3.2337080878710056e+26,710249.5638084777,5.775978644203051e+20
CO2_atmosphere_10_M_earth_1000_F_earth.csv,CO2,10_M,1000_F,413430.8751165534,6432140.717481767,21593564.44677601,1022.3785030112128,9.783989128705544e+22,270857.24573466403,3.2337080878710056e+26,731450.8987150437,6.305312607490927e+20
CO2_atmosphere_10_M_earth_1000_F_earth.csv,CO2,10_M,1000_F,413430.8751165534,6432140.717481767,21593564.44677601,1022.3785030112128,9.783989128705544e+22,232441.280041447,3.2337080878710056e+26,752652.2336216097,6.850215112129546e+20
CO2_atmosphere_10_M_earth_1000_F_earth.csv,CO2,10_M,1000_F,413430.8751165534,6432140.717481767,21593564.44677601,1022.3785030112128,9.783989128705544e+22,199814.61829917322,3.2337080878710056e+26,773853.5685281758,7.410686158118899e+20
CO2_atmosphere_10_M_earth_1000_F_earth.csv,CO2,10_M,1000_F,413430.8751165534,6432140.717481767,21593564.44677601,1022.3785030112128,9.783989128705544e+22,193299.2854352935,3.2337080878710056e+26,795054.9034347418,7.986725745458984e+20
CO2_atmosphere_10_M_earth_1000_F_earth.csv,CO2,10_M,1000_F,413430.8751165534,6432140.717481767,21593564.44677601,1022.3785030112128,9.783989128705544e+22,188963.90236075656,3.2337080878710056e+26,816256.2383413077,8.578333874149807e+20
CO2_atmosphere_10_M_earth_1000_F_earth.csv,CO2,10_M,1000_F,413430.8751165534,6432140.717481767,21593564.44677601,1022.3785030112128,9.783989128705544e+22,184683.56161853642,3.2337080878710056e+26,837457.5732478738,9.185510544191366e+20
CO2_atmosphere_10_M_earth_1000_F_earth.csv,CO2,10_M,1000_F,413430.8751165534,6432140.717481767,21593564.44677601,1022.3785030112128,9.783989128705544e+22,180604.55123852103,3.2337080878710056e+26,858658.9081544399,9.808255755583665e+20
CO2_atmosphere_10_M_earth_1000_F_earth.csv,CO2,10_M,1000_F,413430.8751165534,6432140.717481767,21593564.44677601,1022.3785030112128,9.783989128705544e+22,176733.08870985627,3.2337080878710056e+26,879860.2430610058,1.0446569508326693e+21
CO2_atmosphere_10_M_earth_1000_F_earth.csv,CO2,10_M,1000_F,413430.8751165534,6432140.717481767,21593564.44677601,1022.3785030112128,9.783989128705544e+22,173002.95515676032,3.2337080878710056e+26,901061.5779675719,1.1100451802420464e+21
CO2_atmosphere_10_M_earth_1000_F_earth.csv,CO2,10_M,1000_F,413430.8751165534,6432140.717481767,21593564.44677601,1022.3785030112128,9.783989128705544e+22,169470.86582719034,3.2337080878710056e+26,922262.912874138,1.176990263786497e+21
CO2_atmosphere_10_M_earth_1000_F_earth.csv,CO2,10_M,1000_F,413430.8751165534,6432140.717481767,21593564.44677601,1022.3785030112128,9.783989128705544e+22,166082.69864286378,3.2337080878710056e+26,943464.2477807039,1.2454922014660205e+21
CO2_atmosphere_10_M_earth_1000_F_earth.csv,CO2,10_M,1000_F,413430.8751165534,6432140.717481767,21593564.44677601,1022.3785030112128,9.783989128705544e+22,162775.5433036991,3.2337080878710056e+26,964665.58268727,1.3155509932806182e+21
CO2_atmosphere_10_M_earth_1000_F_earth.csv,CO2,10_M,1000_F,413430.8751165534,6432140.717481767,21593564.44677601,1022.3785030112128,9.783989128705544e+22,159672.7919563333,3.2337080878710056e+26,985866.917593836,1.3871666392302892e+21
CO2_atmosphere_10_M_earth_1000_F_earth.csv,CO2,10_M,1000_F,413430.8751165534,6432140.717481767,21593564.44677601,1022.3785030112128,9.783989128705544e+22,156737.01654365374,3.2337080878710056e+26,1007068.252500402,1.460339139315034e+21
CO2_atmosphere_10_M_earth_1000_F_earth.csv,CO2,10_M,1000_F,413430.8751165534,6432140.717481767,21593564.44677601,1022.3785030112128,9.783989128705544e+22,153883.97047496765,3.2337080878710056e+26,1028269.587406968,1.535068493534852e+21
CO2_atmosphere_10_M_earth_1000_F_earth.csv,CO2,10_M,1000_F,413430.8751165534,6432140.717481767,21593564.44677601,1022.3785030112128,9.783989128705544e+22,151143.63071656774,3.2337080878710056e+26,1049470.9223135342,1.6113547018897444e+21
CO2_atmosphere_10_M_earth_1000_F_earth.csv,CO2,10_M,1000_F,413430.8751165534,6432140.717481767,21593564.44677601,1022.3785030112128,9.783989128705544e+22,148478.87270432027,3.2337080878710056e+26,1070672.2572201001,1.6891977643797095e+21
CO2_atmosphere_10_M_earth_1000_F_earth.csv,CO2,10_M,1000_F,413430.8751165534,6432140.717481767,21593564.44677601,1022.3785030112128,9.783989128705544e+22,145874.6180927239,3.2337080878710056e+26,1091873.592126666,1.7685976810047485e+21
CO2_atmosphere_10_M_earth_1000_F_earth.csv,CO2,10_M,1000_F,413430.8751165534,6432140.717481767,21593564.44677601,1022.3785030112128,9.783989128705544e+22,143385.2607733098,3.2337080878710056e+26,1113074.927033232,1.849554451764861e+21
CO2_atmosphere_10_M_earth_1000_F_earth.csv,CO2,10_M,1000_F,413430.8751165534,6432140.717481767,21593564.44677601,1022.3785030112128,9.783989128705544e+22,141795.65170526828,3.2337080878710056e+26,1134276.261939798,1.9320680766600467e+21
CO2_atmosphere_10_M_earth_1000_F_earth.csv,CO2,10_M,1000_F,413430.8751165534,6432140.717481767,21593564.44677601,1022.3785030112128,9.783989128705544e+22,204935.5909776935,3.2337080878710056e+26,1155477.5968463642,2.0161385556903076e+21
CO2_atmosphere_10_M_earth_1000_F_earth.csv,CO2,10_M,1000_F,413430.8751165534,6432140.717481767,21593564.44677601,1022.3785030112128,9.783989128705544e+22,200348.65860106904,3.2337080878710056e+26,1176678.9317529302,2.10176588885564e+21
CO2_atmosphere_10_M_earth_1000_F_earth.csv,CO2,10_M,1000_F,413430.8751165534,6432140.717481767,21593564.44677601,1022.3785030112128,9.783989128705544e+22,196512.43708980217,3.2337080878710056e+26,1197880.2666594964,2.1889500761560478e+21
CO2_atmosphere_10_M_earth_1000_F_earth.csv,CO2,10_M,1000_F,413430.8751165534,6432140.717481767,21593564.44677601,1022.3785030112128,9.783989128705544e+22,193096.65662664062,3.2337080878710056e+26,1219081.6015660623,2.2776911175915285e+21
CO2_atmosphere_10_M_earth_1000_F_earth.csv,CO2,10_M,1000_F,413430.8751165534,6432140.717481767,21593564.44677601,1022.3785030112128,9.783989128705544e+22,189958.78050805547,3.2337080878710056e+26,1240282.9364726283,2.3679890131620824e+21
CO2_atmosphere_10_M_earth_1000_F_earth.csv,CO2,10_M,1000_F,413430.8751165534,6432140.717481767,21593564.44677601,1022.3785030112128,9.783989128705544e+22,187067.4720869419,3.2337080878710056e+26,1261484.2713791942,2.45984376286771e+21
CO2_atmosphere_10_M_earth_1000_F_earth.csv,CO2,10_M,1000_F,413430.8751165534,6432140.717481767,21593564.44677601,1022.3785030112128,9.783989128705544e+22,184326.74615876118,3.2337080878710056e+26,1282685.6062857602,2.553255366708411e+21
CO2_atmosphere_10_M_earth_1000_F_earth.csv,CO2,10_M,1000_F,413430.8751165534,6432140.717481767,21593564.44677601,1022.3785030112128,9.783989128705544e+22,181674.97795135443,3.2337080878710056e+26,1303886.9411923264,2.6482238246841866e+21
CO2_atmosphere_10_M_earth_1000_F_earth.csv,CO2,10_M,1000_F,413430.8751165534,6432140.717481767,21593564.44677601,1022.3785030112128,9.783989128705544e+22,179106.35599667864,3.2337080878710056e+26,1325088.2760988923,2.744749136795034e+21
CO2_atmosphere_10_M_earth_1000_F_earth.csv,CO2,10_M,1000_F,413430.8751165534,6432140.717481767,21593564.44677601,1022.3785030112128,9.783989128705544e+22,133044.81250256425,3.2337080878710056e+26,1346289.6110054585,2.8428313030409585e+21
CO2_atmosphere_10_M_earth_1000_F_earth.csv,CO2,10_M,1000_F,413430.8751165534,6432140.717481767,21593564.44677601,1022.3785030112128,9.783989128705544e+22,122248.99231376364,3.2337080878710056e+26,1367490.9459120245,2.942470323421953e+21
CO2_atmosphere_10_M_earth_1000_F_earth.csv,CO2,10_M,1000_F,413430.8751165534,6432140.717481767,21593564.44677601,1022.3785030112128,9.783989128705544e+22,120369.94353622934,3.2337080878710056e+26,1388692.2808185904,3.043666197938023e+21
CO2_atmosphere_10_M_earth_1000_F_earth.csv,CO2,10_M,1000_F,413430.8751165534,6432140.717481767,21593564.44677601,1022.3785030112128,9.783989128705544e+22,119091.8623139382,3.2337080878710056e+26,1409893.6157251564,3.146418926589165e+21
CO2_atmosphere_10_M_earth_1000_F_earth.csv,CO2,10_M,1000_F,413430.8751165534,6432140.717481767,21593564.44677601,1022.3785030112128,9.783989128705544e+22,118437.3153109631,3.2337080878710056e+26,1431094.9506317223,3.2507285093753815e+21
CO2_atmosphere_10_M_earth_1000_F_earth.csv,CO2,10_M,1000_F,413430.8751165534,6432140.717481767,21593564.44677601,1022.3785030112128,9.783989128705544e+22,118465.20183721607,3.2337080878710056e+26,1452296.2855382885,3.3565949462966724e+21
