file,T_inf,weighted_mass_loss_kg_s,species,M_total_kg_s,Mdot_kg_s,lambda_j,v_th_m_s,effusion_velocity_m_s,n_exo_m3,exobase_altitude_km,exobase_radius_m,T_exo_K,exobase_index,jeans_valid,escape_regime,unphysical_extension,atmosphere_type,mass_case,flux_case
H2_atmosphere_1_M_earth_1_F_earth.csv,200,3.208783220084817e-06,S2,3.543057492657206e-06,0.0,1604.9363336655097,227.82961528634655,0.0,0.0,3257.679190437926,9569306.136637926,199.77270369451278,420.0,True,Jeans,False,H2,1_M_earth,1_F_earth
H2_atmosphere_1_M_earth_1_F_earth.csv,200,3.208783220084817e-06,H2S,3.543057492657206e-06,0.0,852.6224272598021,312.5796534013643,0.0,0.0,3257.679190437926,9569306.136637926,199.77270369451278,420.0,True,Jeans,False,H2,1_M_earth,1_F_earth
H2_atmosphere_1_M_earth_1_F_earth.csv,200,3.208783220084817e-06,SO2,3.543057492657206e-06,0.0,1604.9363336655097,227.82961528634655,0.0,0.0,3257.679190437926,9569306.136637926,199.77270369451278,420.0,True,Jeans,False,H2,1_M_earth,1_F_earth
H2_atmosphere_1_M_earth_1_F_earth.csv,200,3.208783220084817e-06,O,3.543057492657206e-06,1.597651899087051e-169,401.2340834163774,455.6592305726931,2.8824761933579107e-170,362582287609.94055,3257.679190437926,9569306.136637926,199.77270369451278,420.0,True,Jeans,False,H2,1_M_earth,1_F_earth
H2_atmosphere_1_M_earth_1_F_earth.csv,200,3.208783220084817e-06,NO2,3.543057492657206e-06,0.0,1153.5479898220854,268.7331531826927,0.0,0.0,3257.679190437926,9569306.136637926,199.77270369451278,420.0,True,Jeans,False,H2,1_M_earth,1_F_earth
H2_atmosphere_1_M_earth_1_F_earth.csv,200,3.208783220084817e-06,CO2,3.543057492657206e-06,0.0,1103.393729395038,274.77285455848386,0.0,0.0,3257.679190437926,9569306.136637926,199.77270369451278,420.0,True,Jeans,False,H2,1_M_earth,1_F_earth
H2_atmosphere_1_M_earth_1_F_earth.csv,200,3.208783220084817e-06,N2,3.543057492657206e-06,0.0,702.1596459786605,344.4460019103958,7.771600924335148e-301,0.0,3257.679190437926,9569306.136637926,199.77270369451278,420.0,True,Jeans,False,H2,1_M_earth,1_F_earth
H2_atmosphere_1_M_earth_1_F_earth.csv,200,3.208783220084817e-06,H2,3.543057492657206e-06,0.0,50.15426042704718,1288.7989273927838,3.074280544779874e-18,0.0,3257.679190437926,9569306.136637926,199.77270369451278,420.0,True,Jeans,False,H2,1_M_earth,1_F_earth
H2_atmosphere_1_M_earth_1_F_earth.csv,200,3.208783220084817e-06,NO,3.543057492657206e-06,0.0,752.3139064057077,332.76645216014884,0.0,0.0,3257.679190437926,9569306.136637926,199.77270369451278,420.0,True,Jeans,False,H2,1_M_earth,1_F_earth
H2_atmosphere_1_M_earth_1_F_earth.csv,200,3.208783220084817e-06,OH,3.543057492657206e-06,0.0,426.31121362990103,442.05438516209074,3.8195078593749964e-181,0.0,3257.679190437926,9569306.136637926,199.77270369451278,420.0,True,Jeans,False,H2,1_M_earth,1_F_earth
H2_atmosphere_1_M_earth_1_F_earth.csv,200,3.208783220084817e-06,H,3.543057492657206e-06,3.543057492657206e-06,25.07713021352359,1822.6369222907724,1.7238352361896105e-07,21512584162519.285,3257.679190437926,9569306.136637926,199.77270369451278,420.0,True,Jeans,False,H2,1_M_earth,1_F_earth
H2_atmosphere_1_M_earth_1_F_earth.csv,200,3.208783220084817e-06,CH4,3.543057492657206e-06,0.0,401.2340834163774,455.6592305726931,2.8824761933579107e-170,0.0,3257.679190437926,9569306.136637926,199.77270369451278,420.0,True,Jeans,False,H2,1_M_earth,1_F_earth
H2_atmosphere_1_M_earth_1_F_earth.csv,200,3.208783220084817e-06,H2O,3.543057492657206e-06,0.0,451.38834384342465,429.59964246426125,5.0524666907331985e-192,0.0,3257.679190437926,9569306.136637926,199.77270369451278,420.0,True,Jeans,False,H2,1_M_earth,1_F_earth
H2_atmosphere_1_M_earth_1_F_earth.csv,200,3.208783220084817e-06,O2,3.543057492657206e-06,0.0,802.4681668327548,322.19973184819594,0.0,0.0,3257.679190437926,9569306.136637926,199.77270369451278,420.0,True,Jeans,False,H2,1_M_earth,1_F_earth
H2_atmosphere_1_M_earth_1_F_earth.csv,200,3.208783220084817e-06,N2O,3.543057492657206e-06,0.0,1103.393729395038,274.77285455848386,0.0,0.0,3257.679190437926,9569306.136637926,199.77270369451278,420.0,True,Jeans,False,H2,1_M_earth,1_F_earth
H2_atmosphere_1_M_earth_1_F_earth.csv,200,3.208783220084817e-06,CO,3.543057492657206e-06,0.0,702.1596459786605,344.4460019103958,7.771600924335148e-301,0.0,3257.679190437926,9569306.136637926,199.77270369451278,420.0,True,Jeans,False,H2,1_M_earth,1_F_earth
H2_atmosphere_1_M_earth_1_F_earth.csv,200,3.208783220084817e-06,S,3.543057492657206e-06,0.0,802.4681668327548,322.19973184819594,0.0,65685116121.42876,3257.679190437926,9569306.136637926,199.77270369451278,420.0,True,Jeans,False,H2,1_M_earth,1_F_earth
H2_atmosphere_1_M_earth_1_F_earth.csv,200,3.208783220084817e-06,NH3,3.543057492657206e-06,0.0,426.31121362990103,442.05438516209074,3.8195078593749964e-181,0.0,3257.679190437926,9569306.136637926,199.77270369451278,420.0,True,Jeans,False,H2,1_M_earth,1_F_earth
H2_atmosphere_1_M_earth_1_F_earth.csv,200,3.208783220084817e-06,N,3.543057492657206e-06,5.927710752620862e-150,351.07982298933024,487.1202074068708,1.631708287452843e-148,2715980110.5026298,3257.679190437926,9569306.136637926,199.77270369451278,420.0,True,Jeans,False,H2,1_M_earth,1_F_earth
H2_atmosphere_1_M_earth_1_F_earth.csv,200,3.208783220084817e-06,C,3.543057492657206e-06,1.897419445539275e-125,300.92556256228306,526.1499588597642,9.143094499802537e-127,1810085248363.3103,3257.679190437926,9569306.136637926,199.77270369451278,420.0,True,Jeans,False,H2,1_M_earth,1_F_earth
H2_atmosphere_1_M_earth_1_F_earth.csv,300,0.009237659650272685,S2,0.010199990773340759,0.0,1056.761230200822,278.57173834872583,0.0,0.0,3409.2989133702927,9720925.859570293,298.66883112826645,422.0,True,Jeans,False,H2,1_M_earth,1_F_earth
H2_atmosphere_1_M_earth_1_F_earth.csv,300,0.009237659650272685,H2S,0.010199990773340759,0.0,561.4044035441867,382.1972718999652,9.287456396508272e-240,0.0,3409.2989133702927,9720925.859570293,298.66883112826645,422.0,True,Jeans,False,H2,1_M_earth,1_F_earth
H2_atmosphere_1_M_earth_1_F_earth.csv,300,0.009237659650272685,SO2,0.010199990773340759,0.0,1056.761230200822,278.57173834872583,0.0,0.0,3409.2989133702927,9720925.859570293,298.66883112826645,422.0,True,Jeans,False,H2,1_M_earth,1_F_earth
H2_atmosphere_1_M_earth_1_F_earth.csv,300,0.009237659650272685,O,0.010199990773340759,2.832892529804269e-110,264.1903075502055,557.1434766974517,7.64763273600767e-111,234822044473.35974,3409.2989133702927,9720925.859570293,298.66883112826645,422.0,True,Jeans,False,H2,1_M_earth,1_F_earth
H2_atmosphere_1_M_earth_1_F_earth.csv,300,0.009237659650272685,NO2,0.010199990773340759,0.0,759.5471342068408,328.58529625285047,0.0,0.0,3409.2989133702927,9720925.859570293,298.66883112826645,422.0,True,Jeans,False,H2,1_M_earth,1_F_earth
H2_atmosphere_1_M_earth_1_F_earth.csv,300,0.009237659650272685,CO2,0.010199990773340759,0.0,726.5233457630651,335.9701575635571,2.05808196657e-311,0.0,3409.2989133702927,9720925.859570293,298.66883112826645,422.0,True,Jeans,False,H2,1_M_earth,1_F_earth
H2_atmosphere_1_M_earth_1_F_earth.csv,300,0.009237659650272685,N2,0.010199990773340759,0.0,462.33303821285955,421.16088112096196,8.954659265070485e-197,0.0,3409.2989133702927,9720925.859570293,298.66883112826645,422.0,True,Jeans,False,H2,1_M_earth,1_F_earth
H2_atmosphere_1_M_earth_1_F_earth.csv,300,0.009237659650272685,H2,0.010199990773340759,0.0,33.023788443775686,1575.839721866469,6.880827780742581e-11,0.0,3409.2989133702927,9720925.859570293,298.66883112826645,422.0,True,Jeans,False,H2,1_M_earth,1_F_earth
H2_atmosphere_1_M_earth_1_F_earth.csv,300,0.009237659650272685,NO,0.010199990773340759,0.0,495.3568266566353,406.8800666053975,4.216179489113273e-211,0.0,3409.2989133702927,9720925.859570293,298.66883112826645,422.0,True,Jeans,False,H2,1_M_earth,1_F_earth
H2_atmosphere_1_M_earth_1_F_earth.csv,300,0.009237659650272685,OH,0.010199990773340759,0.0,280.70220177209336,540.5085654229282,5.315824106635231e-118,0.0,3409.2989133702927,9720925.859570293,298.66883112826645,422.0,True,Jeans,False,H2,1_M_earth,1_F_earth
H2_atmosphere_1_M_earth_1_F_earth.csv,300,0.009237659650272685,H,0.010199990773340759,0.010199990773340759,16.511894221887843,2228.5739067898066,0.0007425585246701782,13932365610706.414,3409.2989133702927,9720925.859570293,298.66883112826645,422.0,True,Jeans,False,H2,1_M_earth,1_F_earth
H2_atmosphere_1_M_earth_1_F_earth.csv,300,0.009237659650272685,CH4,0.010199990773340759,0.0,264.1903075502055,557.1434766974517,7.64763273600767e-111,0.0,3409.2989133702927,9720925.859570293,298.66883112826645,422.0,True,Jeans,False,H2,1_M_earth,1_F_earth
H2_atmosphere_1_M_earth_1_F_earth.csv,300,0.009237659650272685,H2O,0.010199990773340759,0.0,297.2140959939812,525.279907288823,3.688690273170181e-125,0.0,3409.2989133702927,9720925.859570293,298.66883112826645,422.0,True,Jeans,False,H2,1_M_earth,1_F_earth
H2_atmosphere_1_M_earth_1_F_earth.csv,300,0.009237659650272685,O2,0.010199990773340759,0.0,528.380615100411,393.95993046661727,1.9807500318737988e-225,0.0,3409.2989133702927,9720925.859570293,298.66883112826645,422.0,True,Jeans,False,H2,1_M_earth,1_F_earth
H2_atmosphere_1_M_earth_1_F_earth.csv,300,0.009237659650272685,N2O,0.010199990773340759,0.0,726.5233457630651,335.9701575635571,2.05808196657e-311,0.0,3409.2989133702927,9720925.859570293,298.66883112826645,422.0,True,Jeans,False,H2,1_M_earth,1_F_earth
H2_atmosphere_1_M_earth_1_F_earth.csv,300,0.009237659650272685,CO,0.010199990773340759,0.0,462.33303821285955,421.16088112096196,8.954659265070485e-197,0.0,3409.2989133702927,9720925.859570293,298.66883112826645,422.0,True,Jeans,False,H2,1_M_earth,1_F_earth
H2_atmosphere_1_M_earth_1_F_earth.csv,300,0.009237659650272685,S,0.010199990773340759,2.6584171513034326e-225,528.380615100411,393.95993046661727,1.9807500318737988e-225,42540173048.10304,3409.2989133702927,9720925.859570293,298.66883112826645,422.0,True,Jeans,False,H2,1_M_earth,1_F_earth
H2_atmosphere_1_M_earth_1_F_earth.csv,300,0.009237659650272685,NH3,0.010199990773340759,0.0,280.70220177209336,540.5085654229282,5.315824106635231e-118,0.0,3409.2989133702927,9720925.859570293,298.66883112826645,422.0,True,Jeans,False,H2,1_M_earth,1_F_earth
H2_atmosphere_1_M_earth_1_F_earth.csv,300,0.009237659650272685,N,0.010199990773340759,3.819839909831345e-98,231.16651910642977,595.6114300222672,1.5733090207262718e-96,1758971753.6983285,3409.2989133702927,9720925.859570293,298.66883112826645,422.0,True,Jeans,False,H2,1_M_earth,1_F_earth
H2_atmosphere_1_M_earth_1_F_earth.csv,300,0.009237659650272685,C,0.010199990773340759,4.443837520479094e-81,198.14273066265412,643.3338724970355,3.204065518040724e-82,1172279874710.8147,3409.2989133702927,9720925.859570293,298.66883112826645,422.0,True,Jeans,False,H2,1_M_earth,1_F_earth
H2_atmosphere_1_M_earth_1_F_earth.csv,500,4.252354103423225,S2,4.695342138808313,0.0,615.940671080643,359.2140429647052,1.978596087078827e-263,0.0,3718.654432187764,10030281.378387764,496.61794287755237,426.0,True,Jeans,False,H2,1_M_earth,1_F_earth
H2_atmosphere_1_M_earth_1_F_earth.csv,500,4.252354103423225,H2S,4.695342138808313,0.0,327.21848151159156,492.8376010541386,3.548796021382785e-138,0.0,3718.654432187764,10030281.378387764,496.61794287755237,426.0,True,Jeans,False,H2,1_M_earth,1_F_earth
H2_atmosphere_1_M_earth_1_F_earth.csv,500,4.252354103423225,SO2,4.695342138808313,0.0,615.940671080643,359.2140429647052,1.978596087078827e-263,0.0,3718.654432187764,10030281.378387764,496.61794287755237,426.0,True,Jeans,False,H2,1_M_earth,1_F_earth
H2_atmosphere_1_M_earth_1_F_earth.csv,500,4.252354103423225,O,4.695342138808313,9.315656434337195e-63,153.98516777016076,718.4280859294104,4.1894773842203156e-63,132397087328.0243,3718.654432187764,10030281.378387764,496.61794287755237,426.0,True,Jeans,False,H2,1_M_earth,1_F_earth
H2_atmosphere_1_M_earth_1_F_earth.csv,500,4.252354103423225,NO2,4.695342138808313,0.0,442.7073573392122,423.70576938420317,2.8786819537136403e-188,0.0,3718.654432187764,10030281.378387764,496.61794287755237,426.0,True,Jeans,False,H2,1_M_earth,1_F_earth
H2_atmosphere_1_M_earth_1_F_earth.csv,500,4.252354103423225,CO2,4.695342138808313,0.0,423.45921136794203,433.22843634201126,6.4409388769705705e-180,0.0,3718.654432187764,10030281.378387764,496.61794287755237,426.0,True,Jeans,False,H2,1_M_earth,1_F_earth
H2_atmosphere_1_M_earth_1_F_earth.csv,500,4.252354103423225,N2,4.695342138808313,0.0,269.4740435977813,543.0805857866748,3.857401001360973e-113,0.0,3718.654432187764,10030281.378387764,496.61794287755237,426.0,True,Jeans,False,H2,1_M_earth,1_F_earth
H2_atmosphere_1_M_earth_1_F_earth.csv,500,4.252354103423225,H2,4.695342138808313,0.0,19.248145971270095,2032.021485422231,5.073936695151813e-05,0.0,3718.654432187764,10030281.378387764,496.61794287755237,426.0,True,Jeans,False,H2,1_M_earth,1_F_earth
H2_atmosphere_1_M_earth_1_F_earth.csv,500,4.252354103423225,NO,4.695342138808313,0.0,288.7221895690514,524.6656914783972,1.7450415010408394e-121,0.0,3718.654432187764,10030281.378387764,496.61794287755237,426.0,True,Jeans,False,H2,1_M_earth,1_F_earth
H2_atmosphere_1_M_earth_1_F_earth.csv,500,4.252354103423225,OH,4.695342138808313,0.0,163.60924075579578,696.9776194581835,2.8541557186056295e-67,0.0,3718.654432187764,10030281.378387764,496.61794287755237,426.0,True,Jeans,False,H2,1_M_earth,1_F_earth
H2_atmosphere_1_M_earth_1_F_earth.csv,500,4.252354103423225,H,4.695342138808313,4.695342138808313,9.624072985635047,2873.7123437176415,0.56943953485362,7855329897086.933,3718.654432187764,10030281.378387764,496.61794287755237,426.0,True,Jeans,False,H2,1_M_earth,1_F_earth
H2_atmosphere_1_M_earth_1_F_earth.csv,500,4.252354103423225,CH4,4.695342138808313,0.0,153.98516777016076,718.4280859294104,4.1894773842203156e-63,0.0,3718.654432187764,10030281.378387764,496.61794287755237,426.0,True,Jeans,False,H2,1_M_earth,1_F_earth
H2_atmosphere_1_M_earth_1_F_earth.csv,500,4.252354103423225,H2O,4.695342138808313,0.0,173.23331374143083,677.3404951407437,1.9411588027886134e-71,0.0,3718.654432187764,10030281.378387764,496.61794287755237,426.0,True,Jeans,False,H2,1_M_earth,1_F_earth
H2_atmosphere_1_M_earth_1_F_earth.csv,500,4.252354103423225,O2,4.695342138808313,0.0,307.9703355403215,508.00537135555777,7.877036207165951e-130,0.0,3718.654432187764,10030281.378387764,496.61794287755237,426.0,True,Jeans,False,H2,1_M_earth,1_F_earth
H2_atmosphere_1_M_earth_1_F_earth.csv,500,4.252354103423225,N2O,4.695342138808313,0.0,423.45921136794203,433.22843634201126,6.4409388769705705e-180,0.0,3718.654432187764,10030281.378387764,496.61794287755237,426.0,True,Jeans,False,H2,1_M_earth,1_F_earth
H2_atmosphere_1_M_earth_1_F_earth.csv,500,4.252354103423225,CO,4.695342138808313,0.0,269.4740435977813,543.0805857866748,3.857401001360973e-113,0.0,3718.654432187764,10030281.378387764,496.61794287755237,426.0,True,Jeans,False,H2,1_M_earth,1_F_earth
H2_atmosphere_1_M_earth_1_F_earth.csv,500,4.252354103423225,S,4.695342138808313,6.346098922263839e-130,307.9703355403215,508.00537135555777,7.877036207165951e-130,23984950044.321465,3718.654432187764,10030281.378387764,496.61794287755237,426.0,True,Jeans,False,H2,1_M_earth,1_F_earth
H2_atmosphere_1_M_earth_1_F_earth.csv,500,4.252354103423225,NH3,4.695342138808313,0.0,163.60924075579578,696.9776194581835,2.8541557186056295e-67,0.0,3718.654432187764,10030281.378387764,496.61794287755237,426.0,True,Jeans,False,H2,1_M_earth,1_F_earth
H2_atmosphere_1_M_earth_1_F_earth.csv,500,4.252354103423225,N,4.695342138808313,1.3077033935903074e-56,134.73702179889065,768.0319298810406,8.972791668946395e-55,991741373.3630362,3718.654432187764,10030281.378387764,496.61794287755237,426.0,True,Jeans,False,H2,1_M_earth,1_F_earth
H2_atmosphere_1_M_earth_1_F_earth.csv,500,4.252354103423225,C,4.695342138808313,1.5840103682403618e-45,115.48887582762056,829.5692976094654,1.9026140495773037e-46,660953452189.9672,3718.654432187764,10030281.378387764,496.61794287755237,426.0,True,Jeans,False,H2,1_M_earth,1_F_earth
H2_atmosphere_1_M_earth_1_F_earth.csv,1000,272.93720129722806,S2,301.3703730523343,0.0,285.406172850964,507.74748862435337,4.5993796113549864e-120,0.0,4522.6437228900395,10834270.66909004,992.2277335400906,435.0,True,Jeans,False,H2,1_M_earth,1_F_earth
H2_atmosphere_1_M_earth_1_F_earth.csv,1000,272.93720129722806,H2S,301.3703730523343,0.0,151.62202932707464,696.6238072699095,4.2501076718892645e-62,0.0,4522.6437228900395,10834270.66909004,992.2277335400906,435.0,True,Jeans,False,H2,1_M_earth,1_F_earth
H2_atmosphere_1_M_earth_1_F_earth.csv,1000,272.93720129722806,SO2,301.3703730523343,0.0,285.406172850964,507.74748862435337,4.5993796113549864e-120,0.0,4522.6437228900395,10834270.66909004,992.2277335400906,435.0,True,Jeans,False,H2,1_M_earth,1_F_earth
H2_atmosphere_1_M_earth_1_F_earth.csv,1000,272.93720129722806,O,301.3703730523343,2.3950473263698228e-27,71.351543212741,1015.4949772487067,2.1327460872643653e-27,57309501937.20424,4522.6437228900395,10834270.66909004,992.2277335400906,435.0,True,Jeans,False,H2,1_M_earth,1_F_earth
H2_atmosphere_1_M_earth_1_F_earth.csv,1000,272.93720129722806,NO2,301.3703730523343,0.0,205.13568673663042,598.9062636440883,2.835373763916326e-85,0.0,4522.6437228900395,10834270.66909004,992.2277335400906,435.0,True,Jeans,False,H2,1_M_earth,1_F_earth
H2_atmosphere_1_M_earth_1_F_earth.csv,1000,272.93720129722806,CO2,301.3703730523343,0.0,196.21674383503776,612.3665120044461,2.0725316918753422e-81,0.0,4522.6437228900395,10834270.66909004,992.2277335400906,435.0,True,Jeans,False,H2,1_M_earth,1_F_earth
H2_atmosphere_1_M_earth_1_F_earth.csv,1000,272.93720129722806,N2,301.3703730523343,0.0,124.86520062229674,767.6420478386493,1.6113574216550591e-50,0.0,4522.6437228900395,10834270.66909004,992.2277335400906,435.0,True,Jeans,False,H2,1_M_earth,1_F_earth
H2_atmosphere_1_M_earth_1_F_earth.csv,1000,272.93720129722806,H2,301.3703730523343,0.0,8.918942901592626,2872.253538693757,1.0755622347879117,0.0,4522.6437228900395,10834270.66909004,992.2277335400906,435.0,True,Jeans,False,H2,1_M_earth,1_F_earth
H2_atmosphere_1_M_earth_1_F_earth.csv,1000,272.93720129722806,NO,301.3703730523343,0.0,133.78414352388938,741.6126747630829,2.2309802021462722e-54,0.0,4522.6437228900395,10834270.66909004,992.2277335400906,435.0,True,Jeans,False,H2,1_M_earth,1_F_earth
H2_atmosphere_1_M_earth_1_F_earth.csv,1000,272.93720129722806,OH,301.3703730523343,0.0,75.81101466353732,985.1748361130873,2.5411280174032463e-29,0.0,4522.6437228900395,10834270.66909004,992.2277335400906,435.0,True,Jeans,False,H2,1_M_earth,1_F_earth
H2_atmosphere_1_M_earth_1_F_earth.csv,1000,272.93720129722806,H,301.3703730523343,301.3703730523343,4.459471450796313,4061.979908994827,72.37017036422574,3400263956253.907,4522.6437228900395,10834270.66909004,992.2277335400906,435.0,True,Jeans,False,H2,1_M_earth,1_F_earth
H2_atmosphere_1_M_earth_1_F_earth.csv,1000,272.93720129722806,CH4,301.3703730523343,0.0,71.351543212741,1015.4949772487067,2.1327460872643653e-27,0.0,4522.6437228900395,10834270.66909004,992.2277335400906,435.0,True,Jeans,False,H2,1_M_earth,1_F_earth
H2_atmosphere_1_M_earth_1_F_earth.csv,1000,272.93720129722806,H2O,301.3703730523343,0.0,80.27048611433364,957.4178462312524,3.0227363228080964e-31,0.0,4522.6437228900395,10834270.66909004,992.2277335400906,435.0,True,Jeans,False,H2,1_M_earth,1_F_earth
H2_atmosphere_1_M_earth_1_F_earth.csv,1000,272.93720129722806,O2,301.3703730523343,0.0,142.703086425482,718.0633846734393,3.0822010255132214e-58,0.0,4522.6437228900395,10834270.66909004,992.2277335400906,435.0,True,Jeans,False,H2,1_M_earth,1_F_earth
H2_atmosphere_1_M_earth_1_F_earth.csv,1000,272.93720129722806,N2O,301.3703730523343,0.0,196.21674383503776,612.3665120044461,2.0725316918753422e-81,0.0,4522.6437228900395,10834270.66909004,992.2277335400906,435.0,True,Jeans,False,H2,1_M_earth,1_F_earth
H2_atmosphere_1_M_earth_1_F_earth.csv,1000,272.93720129722806,CO,301.3703730523343,0.0,124.86520062229674,767.6420478386493,1.6113574216550591e-50,0.0,4522.6437228900395,10834270.66909004,992.2277335400906,435.0,True,Jeans,False,H2,1_M_earth,1_F_earth
H2_atmosphere_1_M_earth_1_F_earth.csv,1000,272.93720129722806,S,301.3703730523343,1.2540830246618785e-58,142.703086425482,718.0633846734393,3.0822010255132214e-58,10382143359.567968,4522.6437228900395,10834270.66909004,992.2277335400906,435.0,True,Jeans,False,H2,1_M_earth,1_F_earth
H2_atmosphere_1_M_earth_1_F_earth.csv,1000,272.93720129722806,NH3,301.3703730523343,0.0,75.81101466353732,985.1748361130873,2.5411280174032463e-29,0.0,4522.6437228900395,10834270.66909004,992.2277335400906,435.0,True,Jeans,False,H2,1_M_earth,1_F_earth
H2_atmosphere_1_M_earth_1_F_earth.csv,1000,272.93720129722806,N,301.3703730523343,1.099386828010109e-25,62.43260031114837,1085.6097951012741,1.4936454837950886e-23,429285910.32473624,4522.6437228900395,10834270.66909004,992.2277335400906,435.0,True,Jeans,False,H2,1_M_earth,1_F_earth
H2_atmosphere_1_M_earth_1_F_earth.csv,1000,272.93720129722806,C,301.3703730523343,4.356022059805765e-19,53.513657409555755,1172.5925969505074,1.0360039638499544e-19,286100804127.471,4522.6437228900395,10834270.66909004,992.2277335400906,435.0,True,Jeans,False,H2,1_M_earth,1_F_earth
H2_atmosphere_1_M_earth_1_F_earth.csv,2000,1302.2084931589707,S2,1437.8657731877204,0.0,122.68449889904265,718.3956819796078,1.3118167388835555e-49,0.0,6278.8299701945425,12590456.916394543,1986.2925800749954,454.0,True,Jeans,False,H2,1_M_earth,1_F_earth
H2_atmosphere_1_M_earth_1_F_earth.csv,2000,1302.2084931589707,H2S,1437.8657731877204,0.0,65.17614004011641,985.6307442559238,9.102753249066564e-25,0.0,6278.8299701945425,12590456.916394543,1986.2925800749954,454.0,True,Jeans,False,H2,1_M_earth,1_F_earth
H2_atmosphere_1_M_earth_1_F_earth.csv,2000,1302.2084931589707,SO2,1437.8657731877204,0.0,122.68449889904265,718.3956819796078,1.3118167388835555e-49,0.0,6278.8299701945425,12590456.916394543,1986.2925800749954,454.0,True,Jeans,False,H2,1_M_earth,1_F_earth
H2_atmosphere_1_M_earth_1_F_earth.csv,2000,1302.2084931589707,O,1437.8657731877204,3.4233088524405024e-10,30.671124724760663,1436.7913639592157,6.139769141962201e-10,21069882310.85515,6278.8299701945425,12590456.916394543,1986.2925800749954,454.0,True,Jeans,False,H2,1_M_earth,1_F_earth
H2_atmosphere_1_M_earth_1_F_earth.csv,2000,1302.2084931589707,NO2,1437.8657731877204,0.0,88.17948358368692,847.373317154438,1.078627945773194e-34,0.0,6278.8299701945425,12590456.916394543,1986.2925800749954,454.0,True,Jeans,False,H2,1_M_earth,1_F_earth
H2_atmosphere_1_M_earth_1_F_earth.csv,2000,1302.2084931589707,CO2,1437.8657731877204,0.0,84.34559299309183,866.4177920501241,4.880652874575577e-33,0.0,6278.8299701945425,12590456.916394543,1986.2925800749954,454.0,True,Jeans,False,H2,1_M_earth,1_F_earth
H2_atmosphere_1_M_earth_1_F_earth.csv,2000,1302.2084931589707,N2,1437.8657731877204,0.0,53.674468268331154,1086.1121814061075,8.194622137452376e-20,0.0,6278.8299701945425,12590456.916394543,1986.2925800749954,454.0,True,Jeans,False,H2,1_M_earth,1_F_earth
H2_atmosphere_1_M_earth_1_F_earth.csv,2000,1302.2084931589707,H2,1437.8657731877204,0.0,3.833890590595083,4063.859666423321,119.83758796050347,0.0,6278.8299701945425,12590456.916394543,1986.2925800749954,454.0,True,Jeans,False,H2,1_M_earth,1_F_earth
H2_atmosphere_1_M_earth_1_F_earth.csv,2000,1302.2084931589707,NO,1437.8657731877204,0.0,57.50835885892624,1049.28405395877,1.8320745491348112e-21,0.0,6278.8299701945425,12590456.916394543,1986.2925800749954,454.0,True,Jeans,False,H2,1_M_earth,1_F_earth
H2_atmosphere_1_M_earth_1_F_earth.csv,2000,1302.2084931589707,OH,1437.8657731877204,0.0,32.588070020058204,1393.892366018615,9.289457921779185e-11,0.0,6278.8299701945425,12590456.916394543,1986.2925800749954,454.0,True,Jeans,False,H2,1_M_earth,1_F_earth
H2_atmosphere_1_M_earth_1_F_earth.csv,2000,1302.2084931589707,H,1437.8657731877204,1437.86577078871,1.9169452952975414,5747.165455836863,695.4377936813967,1250109649576.3323,6278.8299701945425,12590456.916394543,1986.2925800749954,454.0,True,Jeans,False,H2,1_M_earth,1_F_earth
H2_atmosphere_1_M_earth_1_F_earth.csv,2000,1302.2084931589707,CH4,1437.8657731877204,0.0,30.671124724760663,1436.7913639592157,6.139769141962201e-10,0.0,6278.8299701945425,12590456.916394543,1986.2925800749954,454.0,True,Jeans,False,H2,1_M_earth,1_F_earth
H2_atmosphere_1_M_earth_1_F_earth.csv,2000,1302.2084931589707,H2O,1437.8657731877204,0.0,34.50501531535575,1354.6198888077738,1.403345061254893e-11,0.0,6278.8299701945425,12590456.916394543,1986.2925800749954,454.0,True,Jeans,False,H2,1_M_earth,1_F_earth
H2_atmosphere_1_M_earth_1_F_earth.csv,2000,1302.2084931589707,O2,1437.8657731877204,0.0,61.342249449521326,1015.9649166058302,4.0874815389731075e-23,0.0,6278.8299701945425,12590456.916394543,1986.2925800749954,454.0,True,Jeans,False,H2,1_M_earth,1_F_earth
H2_atmosphere_1_M_earth_1_F_earth.csv,2000,1302.2084931589707,N2O,1437.8657731877204,0.0,84.34559299309183,866.4177920501241,4.880652874575577e-33,0.0,6278.8299701945425,12590456.916394543,1986.2925800749954,454.0,True,Jeans,False,H2,1_M_earth,1_F_earth
H2_atmosphere_1_M_earth_1_F_earth.csv,2000,1302.2084931589707,CO,1437.8657731877204,0.0,53.674468268331154,1086.1121814061075,8.194622137452376e-20,0.0,6278.8299701945425,12590456.916394543,1986.2925800749954,454.0,True,Jeans,False,H2,1_M_earth,1_F_earth
H2_atmosphere_1_M_earth_1_F_earth.csv,2000,1302.2084931589707,S,1437.8657731877204,8.257341165200022e-24,61.342249449521326,1015.9649166058302,4.0874815389731075e-23,3817002963.316885,6278.8299701945425,12590456.916394543,1986.2925800749954,454.0,True,Jeans,False,H2,1_M_earth,1_F_earth
H2_atmosphere_1_M_earth_1_F_earth.csv,2000,1302.2084931589707,NH3,1437.8657731877204,0.0,32.588070020058204,1393.892366018615,9.289457921779185e-11,0.0,6278.8299701945425,12590456.916394543,1986.2925800749954,454.0,True,Jeans,False,H2,1_M_earth,1_F_earth
H2_atmosphere_1_M_earth_1_F_earth.csv,2000,1302.2084931589707,N,1437.8657731877204,9.749228144230042e-11,26.837234134165577,1535.9945772031447,2.667768490036566e-08,157827293.94789356,6278.8299701945425,12590456.916394543,1986.2925800749954,454.0,True,Jeans,False,H2,1_M_earth,1_F_earth
H2_atmosphere_1_M_earth_1_F_earth.csv,2000,1302.2084931589707,C,1437.8657731877204,2.3985703948496932e-06,23.003343543570498,1659.0637615023654,1.1489594986371858e-06,105185179913.30684,6278.8299701945425,12590456.916394543,1986.2925800749954,454.0,True,Jeans,False,H2,1_M_earth,1_F_earth
H2_atmosphere_1_M_earth_1_F_earth.csv,3000,1718.2540042333292,S2,1897.2705909530139,0.0,70.80932429236861,880.3649816309166,3.156020822601879e-27,0.0,8214.259425921682,14525886.372121682,2982.9179819937585,472.0,True,Jeans,False,H2,1_M_earth,1_F_earth
H2_atmosphere_1_M_earth_1_F_earth.csv,3000,1718.2540042333292,H2S,1897.2705909530139,0.0,37.61745353032083,1207.8507900697039,6.055353435197127e-13,0.0,8214.259425921682,14525886.372121682,2982.9179819937585,472.0,True,Jeans,False,H2,1_M_earth,1_F_earth
H2_atmosphere_1_M_earth_1_F_earth.csv,3000,1718.2540042333292,SO2,1897.2705909530139,0.0,70.80932429236861,880.3649816309166,3.156020822601879e-27,0.0,8214.259425921682,14525886.372121682,2982.9179819937585,472.0,True,Jeans,False,H2,1_M_earth,1_F_earth
H2_atmosphere_1_M_earth_1_F_earth.csv,3000,1718.2540042333292,O,1897.2705909530139,7.042574185555808e-05,17.702331073092154,1760.7299632618333,0.00019052802330168572,10493934145.42778,8214.259425921682,14525886.372121682,2982.9179819937585,472.0,True,Jeans,False,H2,1_M_earth,1_F_earth
H2_atmosphere_1_M_earth_1_F_earth.csv,3000,1718.2540042333292,NO2,1897.2705909530139,0.0,50.89420183513995,1038.4218801754594,1.1989931919967678e-18,0.0,8214.259425921682,14525886.372121682,2982.9179819937585,472.0,True,Jeans,False,H2,1_M_earth,1_F_earth
H2_atmosphere_1_M_earth_1_F_earth.csv,3000,1718.2540042333292,CO2,1897.2705909530139,0.0,48.68141045100343,1061.7601173228634,1.0728708923534126e-17,0.0,8214.259425921682,14525886.372121682,2982.9179819937585,472.0,True,Jeans,False,H2,1_M_earth,1_F_earth
H2_atmosphere_1_M_earth_1_F_earth.csv,3000,1718.2540042333292,N2,1897.2705909530139,0.0,30.97907937791127,1330.9867453516297,4.220768447505305e-10,0.0,8214.259425921682,14525886.372121682,2982.9179819937585,472.0,True,Jeans,False,H2,1_M_earth,1_F_earth
H2_atmosphere_1_M_earth_1_F_earth.csv,3000,1718.2540042333292,H2,1897.2705909530139,0.0,2.212791384136519,4980.096387443133,493.7558510928234,0.0,8214.259425921682,14525886.372121682,2982.9179819937585,472.0,True,Jeans,False,H2,1_M_earth,1_F_earth
H2_atmosphere_1_M_earth_1_F_earth.csv,3000,1718.2540042333292,NO,1897.2705909530139,0.0,33.19187076204779,1285.8553580716648,4.769399854836778e-11,0.0,8214.259425921682,14525886.372121682,2982.9179819937585,472.0,True,Jeans,False,H2,1_M_earth,1_F_earth
H2_atmosphere_1_M_earth_1_F_earth.csv,3000,1718.2540042333292,OH,1897.2705909530139,0.0,18.808726765160415,1708.1589686396333,6.475207190668408e-05,0.0,8214.259425921682,14525886.372121682,2982.9179819937585,472.0,True,Jeans,False,H2,1_M_earth,1_F_earth
H2_atmosphere_1_M_earth_1_F_earth.csv,3000,1718.2540042333292,H,1897.2705909530139,1897.251094536954,1.1063956920682596,7042.919853047333,1384.1597883195143,622621813623.4762,8214.259425921682,14525886.372121682,2982.9179819937585,472.0,False,hydrodynamic_candidate,False,H2,1_M_earth,1_F_earth
H2_atmosphere_1_M_earth_1_F_earth.csv,3000,1718.2540042333292,CH4,1897.2705909530139,0.0,17.702331073092154,1760.7299632618333,0.00019052802330168572,0.0,8214.259425921682,14525886.372121682,2982.9179819937585,472.0,True,Jeans,False,H2,1_M_earth,1_F_earth
H2_atmosphere_1_M_earth_1_F_earth.csv,3000,1718.2540042333292,H2O,1897.2705909530139,0.0,19.915122457228676,1660.0321291477107,2.197577418461723e-05,0.0,8214.259425921682,14525886.372121682,2982.9179819937585,472.0,True,Jeans,False,H2,1_M_earth,1_F_earth
H2_atmosphere_1_M_earth_1_F_earth.csv,3000,1718.2540042333292,O2,1897.2705909530139,0.0,35.40466214618431,1245.0240968607832,5.378738446935298e-12,0.0,8214.259425921682,14525886.372121682,2982.9179819937585,472.0,True,Jeans,False,H2,1_M_earth,1_F_earth
H2_atmosphere_1_M_earth_1_F_earth.csv,3000,1718.2540042333292,N2O,1897.2705909530139,0.0,48.68141045100343,1061.7601173228634,1.0728708923534126e-17,0.0,8214.259425921682,14525886.372121682,2982.9179819937585,472.0,True,Jeans,False,H2,1_M_earth,1_F_earth
H2_atmosphere_1_M_earth_1_F_earth.csv,3000,1718.2540042333292,CO,1897.2705909530139,0.0,30.97907937791127,1330.9867453516297,4.220768447505305e-10,0.0,8214.259425921682,14525886.372121682,2982.9179819937585,472.0,True,Jeans,False,H2,1_M_earth,1_F_earth
H2_atmosphere_1_M_earth_1_F_earth.csv,3000,1718.2540042333292,S,1897.2705909530139,7.203496972535667e-13,35.40466214618431,1245.0240968607832,5.378738446935298e-12,1901072684.6496744,8214.259425921682,14525886.372121682,2982.9179819937585,472.0,True,Jeans,False,H2,1_M_earth,1_F_earth
H2_atmosphere_1_M_earth_1_F_earth.csv,3000,1718.2540042333292,NH3,1897.2705909530139,0.0,18.808726765160415,1708.1589686396333,6.475207190668408e-05,0.0,8214.259425921682,14525886.372121682,2982.9179819937585,472.0,True,Jeans,False,H2,1_M_earth,1_F_earth
H2_atmosphere_1_M_earth_1_F_earth.csv,3000,1718.2540042333292,N,1897.2705909530139,3.977144193728078e-06,15.489539688955634,1882.2995066150997,0.0016416127427797945,78606477.46413764,8214.259425921682,14525886.372121682,2982.9179819937585,472.0,True,Jeans,False,H2,1_M_earth,1_F_earth
H2_atmosphere_1_M_earth_1_F_earth.csv,3000,1718.2540042333292,C,1897.2705909530139,0.01942201317326981,13.276748304819117,2033.115836518919,0.01403356362248742,52387874540.54913,8214.259425921682,14525886.372121682,2982.9179819937585,472.0,True,Jeans,False,H2,1_M_earth,1_F_earth
H2_atmosphere_1_M_earth_1_F_earth.csv,4000,1800.3741307763025,S2,1988.9703315123093,0.0,46.41419678769651,1017.0318828621029,9.466915196767317e-17,0.0,10293.363739562006,16604990.685762007,3980.9335586879797,488.0,True,Jeans,False,H2,1_M_earth,1_F_earth
H2_atmosphere_1_M_earth_1_F_earth.csv,4000,1800.3741307763025,H2S,1988.9703315123093,0.0,24.657542043463774,1395.3562316453795,1.975426005401809e-07,0.0,10293.363739562006,16604990.685762007,3980.9335586879797,488.0,True,Jeans,False,H2,1_M_earth,1_F_earth
H2_atmosphere_1_M_earth_1_F_earth.csv,4000,1800.3741307763025,SO2,1988.9703315123093,0.0,46.41419678769651,1017.0318828621029,9.466915196767317e-17,0.0,10293.363739562006,16604990.685762007,3980.9335586879797,488.0,True,Jeans,False,H2,1_M_earth,1_F_earth
H2_atmosphere_1_M_earth_1_F_earth.csv,4000,1800.3741307763025,O,1988.9703315123093,0.018467339200827167,11.603549196924128,2034.0637657242057,0.06605338912722292,6074114842.059371,10293.363739562006,16604990.685762007,3980.9335586879797,488.0,True,Jeans,False,H2,1_M_earth,1_F_earth
H2_atmosphere_1_M_earth_1_F_earth.csv,4000,1800.3741307763025,NO2,1988.9703315123093,0.0,33.360203941156875,1199.6253622486931,3.7787133939507254e-11,0.0,10293.363739562006,16604990.685762007,3980.9335586879797,488.0,True,Jeans,False,H2,1_M_earth,1_F_earth
H2_atmosphere_1_M_earth_1_F_earth.csv,4000,1800.3741307763025,CO2,1988.9703315123093,0.0,31.909760291541353,1226.586601920829,1.5782841316217806e-10,0.0,10293.363739562006,16604990.685762007,3980.9335586879797,488.0,True,Jeans,False,H2,1_M_earth,1_F_earth
H2_atmosphere_1_M_earth_1_F_earth.csv,4000,1800.3741307763025,N2,1988.9703315123093,0.0,20.306211094617222,1537.6076785582272,1.402398394534603e-05,0.0,10293.363739562006,16604990.685762007,3980.9335586879797,488.0,True,Jeans,False,H2,1_M_earth,1_F_earth
H2_atmosphere_1_M_earth_1_F_earth.csv,4000,1800.3741307763025,H2,1988.9703315123093,0.0,1.450443649615516,5753.201128437723,932.4588421221927,0.0,10293.363739562006,16604990.685762007,3980.9335586879797,488.0,False,hydrodynamic_candidate,False,H2,1_M_earth,1_F_earth
H2_atmosphere_1_M_earth_1_F_earth.csv,4000,1800.3741307763025,NO,1988.9703315123093,0.0,21.75665474423274,1485.4701438547347,3.392909813958147e-06,0.0,10293.363739562006,16604990.685762007,3980.9335586879797,488.0,True,Jeans,False,H2,1_M_earth,1_F_earth
H2_atmosphere_1_M_earth_1_F_earth.csv,4000,1800.3741307763025,OH,1988.9703315123093,0.0,12.328771021731887,1973.3317071347096,0.032814670358029575,0.0,10293.363739562006,16604990.685762007,3980.9335586879797,488.0,True,Jeans,False,H2,1_M_earth,1_F_earth
H2_atmosphere_1_M_earth_1_F_earth.csv,4000,1800.3741307763025,H,1988.9703315123093,1987.8333165527379,0.725221824807758,8136.255062896823,1917.364709662279,360386900347.3829,10293.363739562006,16604990.685762007,3980.9335586879797,488.0,False,hydrodynamic_candidate,False,H2,1_M_earth,1_F_earth
H2_atmosphere_1_M_earth_1_F_earth.csv,4000,1800.3741307763025,CH4,1988.9703315123093,0.0,11.603549196924128,2034.0637657242057,0.06605338912722292,0.0,10293.363739562006,16604990.685762007,3980.9335586879797,488.0,True,Jeans,False,H2,1_M_earth,1_F_earth
H2_atmosphere_1_M_earth_1_F_earth.csv,4000,1800.3741307763025,H2O,1988.9703315123093,0.0,13.053992846539645,1917.733709479241,0.016281935812904543,0.0,10293.363739562006,16604990.685762007,3980.9335586879797,488.0,True,Jeans,False,H2,1_M_earth,1_F_earth
H2_atmosphere_1_M_earth_1_F_earth.csv,4000,1800.3741307763025,O2,1988.9703315123093,0.0,23.207098393848256,1438.3002821094308,8.193559194842544e-07,0.0,10293.363739562006,16604990.685762007,3980.9335586879797,488.0,True,Jeans,False,H2,1_M_earth,1_F_earth
H2_atmosphere_1_M_earth_1_F_earth.csv,4000,1800.3741307763025,N2O,1988.9703315123093,0.0,31.909760291541353,1226.586601920829,1.5782841316217806e-10,0.0,10293.363739562006,16604990.685762007,3980.9335586879797,488.0,True,Jeans,False,H2,1_M_earth,1_F_earth
H2_atmosphere_1_M_earth_1_F_earth.csv,4000,1800.3741307763025,CO,1988.9703315123093,0.0,20.306211094617222,1537.6076785582272,1.402398394534603e-05,0.0,10293.363739562006,16604990.685762007,3980.9335586879797,488.0,True,Jeans,False,H2,1_M_earth,1_F_earth
H2_atmosphere_1_M_earth_1_F_earth.csv,4000,1800.3741307763025,S,1988.9703315123093,8.299887372440755e-08,23.207098393848256,1438.3002821094308,8.193559194842544e-07,1100381768.1374934,10293.363739562006,16604990.685762007,3980.9335586879797,488.0,True,Jeans,False,H2,1_M_earth,1_F_earth
H2_atmosphere_1_M_earth_1_F_earth.csv,4000,1800.3741307763025,NH3,1988.9703315123093,0.0,12.328771021731887,1973.3317071347096,0.032814670358029575,0.0,10293.363739562006,16604990.685762007,3980.9335586879797,488.0,True,Jeans,False,H2,1_M_earth,1_F_earth
H2_atmosphere_1_M_earth_1_F_earth.csv,4000,1800.3741307763025,N,1988.9703315123093,0.0004883722489215571,10.153105547308611,2174.5056326260556,0.2665101193233364,45499120.23747125,10293.363739562006,16604990.685762007,3980.9335586879797,488.0,True,Jeans,False,H2,1_M_earth,1_F_earth
H2_atmosphere_1_M_earth_1_F_earth.csv,4000,1800.3741307763025,C,1988.9703315123093,1.118059165122744,8.702661897693096,2348.7345253794683,1.068075265515294,30323228817.79644,10293.363739562006,16604990.685762007,3980.9335586879797,488.0,True,Jeans,False,H2,1_M_earth,1_F_earth
H2_atmosphere_1_M_earth_1_F_earth.csv,5000,1739.225523437416,S2,1929.562794512845,0.0,32.685416213885254,1137.5342769447996,6.89772026000925e-11,0.0,12536.821567678435,18848448.513878435,4980.176993316986,504.0,True,Jeans,False,H2,1_M_earth,1_F_earth
H2_atmosphere_1_M_earth_1_F_earth.csv,5000,1739.225523437416,H2S,1929.562794512845,0.0,17.364127363626544,1560.6841523771195,0.00023256035809425245,0.0,12536.821567678435,18848448.513878435,4980.176993316986,504.0,True,Jeans,False,H2,1_M_earth,1_F_earth
H2_atmosphere_1_M_earth_1_F_earth.csv,5000,1739.225523437416,SO2,1929.562794512845,0.0,32.685416213885254,1137.5342769447996,6.89772026000925e-11,0.0,12536.821567678435,18848448.513878435,4980.176993316986,504.0,True,Jeans,False,H2,1_M_earth,1_F_earth
H2_atmosphere_1_M_earth_1_F_earth.csv,5000,1739.225523437416,O,1929.562794512845,0.37005019388755134,8.171354053471314,2275.068553889599,1.663600491199581,3750692256.617709,12536.821567678435,18848448.513878435,4980.176993316986,504.0,True,Jeans,False,H2,1_M_earth,1_F_earth
H2_atmosphere_1_M_earth_1_F_earth.csv,5000,1739.225523437416,NO2,1929.562794512845,0.0,23.492642903730033,1341.7622318879019,5.812742752654408e-07,0.0,12536.821567678435,18848448.513878435,4980.176993316986,504.0,True,Jeans,False,H2,1_M_earth,1_F_earth
H2_atmosphere_1_M_earth_1_F_earth.csv,5000,1739.225523437416,CO2,1929.562794512845,0.0,22.471223647046116,1371.9179573796825,1.5817232879584338e-06,0.0,12536.821567678435,18848448.513878435,4980.176993316986,504.0,True,Jeans,False,H2,1_M_earth,1_F_earth
H2_atmosphere_1_M_earth_1_F_earth.csv,5000,1739.225523437416,N2,1929.562794512845,0.0,14.2998695935748,1719.790174061494,0.004573027405404622,0.0,12536.821567678435,18848448.513878435,4980.176993316986,504.0,True,Jeans,False,H2,1_M_earth,1_F_earth
H2_atmosphere_1_M_earth_1_F_earth.csv,5000,1739.225523437416,H2,1929.562794512845,0.0,1.0214192566839142,6434.865608478432,1321.2779910018255,0.0,12536.821567678435,18848448.513878435,4980.176993316986,504.0,False,hydrodynamic_candidate,False,H2,1_M_earth,1_F_earth
H2_atmosphere_1_M_earth_1_F_earth.csv,5000,1739.225523437416,NO,1929.562794512845,0.0,15.321288850258714,1661.4751557813215,0.0016970403447368093,0.0,12536.821567678435,18848448.513878435,4980.176993316986,504.0,True,Jeans,False,H2,1_M_earth,1_F_earth
H2_atmosphere_1_M_earth_1_F_earth.csv,5000,1739.225523437416,OH,1929.562794512845,0.0,8.682063681813272,2207.1406948724803,1.0223996038182948,0.0,12536.821567678435,18848448.513878435,4980.176993316986,504.0,True,Jeans,False,H2,1_M_earth,1_F_earth
H2_atmosphere_1_M_earth_1_F_earth.csv,5000,1739.225523437416,H,1929.562794512845,1919.5957595191683,0.5107096283419571,9100.274215558396,2327.1917607939577,222534540697.14392,12536.821567678435,18848448.513878435,4980.176993316986,504.0,False,hydrodynamic_candidate,False,H2,1_M_earth,1_F_earth
H2_atmosphere_1_M_earth_1_F_earth.csv,5000,1739.225523437416,CH4,1929.562794512845,0.0,8.171354053471314,2275.068553889599,1.663600491199581,0.0,12536.821567678435,18848448.513878435,4980.176993316986,504.0,True,Jeans,False,H2,1_M_earth,1_F_earth
H2_atmosphere_1_M_earth_1_F_earth.csv,5000,1739.225523437416,H2O,1929.562794512845,0.0,9.192773310155228,2144.9552028261437,0.6276751541681203,0.0,12536.821567678435,18848448.513878435,4980.176993316986,504.0,True,Jeans,False,H2,1_M_earth,1_F_earth
H2_atmosphere_1_M_earth_1_F_earth.csv,5000,1739.225523437416,O2,1929.562794512845,0.0,16.342708106942627,1608.716402119608,0.0006287000895306154,0.0,12536.821567678435,18848448.513878435,4980.176993316986,504.0,True,Jeans,False,H2,1_M_earth,1_F_earth
H2_atmosphere_1_M_earth_1_F_earth.csv,5000,1739.225523437416,N2O,1929.562794512845,0.0,22.471223647046116,1371.9179573796825,1.5817232879584338e-06,0.0,12536.821567678435,18848448.513878435,4980.176993316986,504.0,True,Jeans,False,H2,1_M_earth,1_F_earth
H2_atmosphere_1_M_earth_1_F_earth.csv,5000,1739.225523437416,CO,1929.562794512845,0.0,14.2998695935748,1719.790174061494,0.004573027405404622,0.0,12536.821567678435,18848448.513878435,4980.176993316986,504.0,True,Jeans,False,H2,1_M_earth,1_F_earth
H2_atmosphere_1_M_earth_1_F_earth.csv,5000,1739.225523437416,S,1929.562794512845,5.066936963182318e-05,16.342708106942627,1608.716402119608,0.0006287000895306154,679472397.9366378,12536.821567678435,18848448.513878435,4980.176993316986,504.0,True,Jeans,False,H2,1_M_earth,1_F_earth
H2_atmosphere_1_M_earth_1_F_earth.csv,5000,1739.225523437416,NH3,1929.562794512845,0.0,8.682063681813272,2207.1406948724803,1.0223996038182948,0.0,12536.821567678435,18848448.513878435,4980.176993316986,504.0,True,Jeans,False,H2,1_M_earth,1_F_earth
H2_atmosphere_1_M_earth_1_F_earth.csv,5000,1739.225523437416,N,1929.562794512845,0.006398852285813281,7.1499347967874,2432.150588593751,4.388968209137979,28095154.99706016,12536.821567678435,18848448.513878435,4980.176993316986,504.0,True,Jeans,False,H2,1_M_earth,1_F_earth
H2_atmosphere_1_M_earth_1_F_earth.csv,5000,1739.225523437416,C,1929.562794512845,9.590535278133482,6.1285155401034865,2627.022884026025,11.515360626426622,18724226077.358124,12536.821567678435,18848448.513878435,4980.176993316986,504.0,True,Jeans,False,H2,1_M_earth,1_F_earth
H2_atmosphere_1_M_earth_1_F_earth.csv,6000,1647.8844238642153,S2,1852.2771068932495,0.0,24.171879069161736,1246.5050821587065,2.8137859786489575e-07,0.0,14913.978708829736,21225605.655029736,5980.037408412508,519.0,True,Jeans,False,H2,1_M_earth,1_F_earth
H2_atmosphere_1_M_earth_1_F_earth.csv,6000,1647.8844238642153,H2S,1852.2771068932495,0.0,12.841310755492172,1710.190863705319,0.01768912975788375,0.0,14913.978708829736,21225605.655029736,5980.037408412508,519.0,True,Jeans,False,H2,1_M_earth,1_F_earth
H2_atmosphere_1_M_earth_1_F_earth.csv,6000,1647.8844238642153,SO2,1852.2771068932495,0.0,24.171879069161736,1246.5050821587065,2.8137859786489575e-07,0.0,14913.978708829736,21225605.655029736,5980.037408412508,519.0,True,Jeans,False,H2,1_M_earth,1_F_earth
H2_atmosphere_1_M_earth_1_F_earth.csv,6000,1647.8844238642153,O,1852.2771068932495,2.169018326229255,6.042969767290434,2493.010164317413,11.761061394680162,2452153047.950772,14913.978708829736,21225605.655029736,5980.037408412508,519.0,True,Jeans,False,H2,1_M_earth,1_F_earth
H2_atmosphere_1_M_earth_1_F_earth.csv,6000,1647.8844238642153,NO2,1852.2771068932495,0.0,17.37353808096,1470.2971813640036,0.00021715071654977892,0.0,14913.978708829736,21225605.655029736,5980.037408412508,519.0,True,Jeans,False,H2,1_M_earth,1_F_earth
H2_atmosphere_1_M_earth_1_F_earth.csv,6000,1647.8844238642153,CO2,1852.2771068932495,0.0,16.618166860048692,1503.3416933787491,0.00045314304890913665,0.0,14913.978708829736,21225605.655029736,5980.037408412508,519.0,True,Jeans,False,H2,1_M_earth,1_F_earth
H2_atmosphere_1_M_earth_1_F_earth.csv,6000,1647.8844238642153,N2,1852.2771068932495,0.0,10.575197092758259,1884.5385459257561,0.1571732903288147,0.0,14913.978708829736,21225605.655029736,5980.037408412508,519.0,True,Jeans,False,H2,1_M_earth,1_F_earth
H2_atmosphere_1_M_earth_1_F_earth.csv,6000,1647.8844238642153,H2,1852.2771068932495,0.0,0.7553712209113043,7051.297571023328,1640.5124533092153,0.0,14913.978708829736,21225605.655029736,5980.037408412508,519.0,False,hydrodynamic_candidate,False,H2,1_M_earth,1_F_earth
H2_atmosphere_1_M_earth_1_F_earth.csv,6000,1647.8844238642153,NO,1852.2771068932495,0.0,11.330568313669563,1820.637204115077,0.07599732032878968,0.0,14913.978708829736,21225605.655029736,5980.037408412508,519.0,True,Jeans,False,H2,1_M_earth,1_F_earth
H2_atmosphere_1_M_earth_1_F_earth.csv,6000,1647.8844238642153,OH,1852.2771068932495,0.0,6.420655377746086,2418.5751136986196,8.24027508643183,0.0,14913.978708829736,21225605.655029736,5980.037408412508,519.0,True,Jeans,False,H2,1_M_earth,1_F_earth
H2_atmosphere_1_M_earth_1_F_earth.csv,6000,1647.8844238642153,H,1852.2771068932495,1816.7081886331455,0.37768561045565213,9972.040657269652,2656.4549444072313,145490142861.49844,14913.978708829736,21225605.655029736,5980.037408412508,519.0,False,hydrodynamic_candidate,False,H2,1_M_earth,1_F_earth
H2_atmosphere_1_M_earth_1_F_earth.csv,6000,1647.8844238642153,CH4,1852.2771068932495,0.0,6.042969767290434,2493.010164317413,11.761061394680162,0.0,14913.978708829736,21225605.655029736,5980.037408412508,519.0,True,Jeans,False,H2,1_M_earth,1_F_earth
H2_atmosphere_1_M_earth_1_F_earth.csv,6000,1647.8844238642153,H2O,1852.2771068932495,0.0,6.798340988201739,2350.4325236744426,5.768502693954428,0.0,14913.978708829736,21225605.655029736,5980.037408412508,519.0,True,Jeans,False,H2,1_M_earth,1_F_earth
H2_atmosphere_1_M_earth_1_F_earth.csv,6000,1647.8844238642153,O2,1852.2771068932495,0.0,12.085939534580868,1762.824392755832,0.036690377496019076,0.0,14913.978708829736,21225605.655029736,5980.037408412508,519.0,True,Jeans,False,H2,1_M_earth,1_F_earth
H2_atmosphere_1_M_earth_1_F_earth.csv,6000,1647.8844238642153,N2O,1852.2771068932495,0.0,16.618166860048692,1503.3416933787491,0.00045314304890913665,0.0,14913.978708829736,21225605.655029736,5980.037408412508,519.0,True,Jeans,False,H2,1_M_earth,1_F_earth
H2_atmosphere_1_M_earth_1_F_earth.csv,6000,1647.8844238642153,CO,1852.2771068932495,0.0,10.575197092758259,1884.5385459257561,0.1571732903288147,0.0,14913.978708829736,21225605.655029736,5980.037408412508,519.0,True,Jeans,False,H2,1_M_earth,1_F_earth
H2_atmosphere_1_M_earth_1_F_earth.csv,6000,1647.8844238642153,S,1852.2771068932495,0.002451654501882978,12.085939534580868,1762.824392755832,0.036690377496019076,444230077.43676114,14913.978708829736,21225605.655029736,5980.037408412508,519.0,True,Jeans,False,H2,1_M_earth,1_F_earth
H2_atmosphere_1_M_earth_1_F_earth.csv,6000,1647.8844238642153,NH3,1852.2771068932495,0.0,6.420655377746086,2418.5751136986196,8.24027508643183,0.0,14913.978708829736,21225605.655029736,5980.037408412508,519.0,True,Jeans,False,H2,1_M_earth,1_F_earth
H2_atmosphere_1_M_earth_1_F_earth.csv,6000,1647.8844238642153,N,1852.2771068932495,0.028878177550249077,5.2875985463791295,2665.139970463076,23.890488184055474,18368241.179247573,14913.978708829736,21225605.655029736,5980.037408412508,519.0,True,Jeans,False,H2,1_M_earth,1_F_earth
H2_atmosphere_1_M_earth_1_F_earth.csv,6000,1647.8844238642153,C,1852.2771068932495,33.36857010182277,4.532227325467826,2878.680178922263,48.32447947553713,12241651648.466053,14913.978708829736,21225605.655029736,5980.037408412508,519.0,True,Jeans,False,H2,1_M_earth,1_F_earth
H2_atmosphere_1_M_earth_1_F_earth.csv,7000,1577.1909837528742,S2,1814.3403865911769,0.0,18.55846406398731,1346.6979555606363,6.473832814514379e-05,0.0,17373.525223349476,23685152.169549473,6980.012419164133,532.0,True,Jeans,False,H2,1_M_earth,1_F_earth
H2_atmosphere_1_M_earth_1_F_earth.csv,7000,1577.1909837528742,H2S,1814.3403865911769,0.0,9.859184033993259,1847.6543519436668,0.2958174360411794,0.0,17373.525223349476,23685152.169549473,6980.012419164133,532.0,True,Jeans,False,H2,1_M_earth,1_F_earth
H2_atmosphere_1_M_earth_1_F_earth.csv,7000,1577.1909837528742,SO2,1814.3403865911769,0.0,18.55846406398731,1346.6979555606363,6.473832814514379e-05,0.0,17373.525223349476,23685152.169549473,6980.012419164133,532.0,True,Jeans,False,H2,1_M_earth,1_F_earth
H2_atmosphere_1_M_earth_1_F_earth.csv,7000,1577.1909837528742,O,1814.3403865911769,6.603755419632194,4.639616015996827,2693.3959111212725,41.398553406344476,1703352399.6827188,17373.525223349476,23685152.169549473,6980.012419164133,532.0,True,Jeans,False,H2,1_M_earth,1_F_earth
H2_atmosphere_1_M_earth_1_F_earth.csv,7000,1577.1909837528742,NO2,1814.3403865911769,0.0,13.33889604599088,1588.4782473412874,0.010348635934459526,0.0,17373.525223349476,23685152.169549473,6980.012419164133,532.0,True,Jeans,False,H2,1_M_earth,1_F_earth
H2_atmosphere_1_M_earth_1_F_earth.csv,7000,1577.1909837528742,CO2,1814.3403865911769,0.0,12.758944043991274,1624.1788452848511,0.01813322409753692,0.0,17373.525223349476,23685152.169549473,6980.012419164133,532.0,True,Jeans,False,H2,1_M_earth,1_F_earth
H2_atmosphere_1_M_earth_1_F_earth.csv,7000,1577.1909837528742,N2,1814.3403865911769,0.0,8.119328027994447,2036.0159323043183,1.5594078590758913,0.0,17373.525223349476,23685152.169549473,6980.012419164133,532.0,True,Jeans,False,H2,1_M_earth,1_F_earth
H2_atmosphere_1_M_earth_1_F_earth.csv,7000,1577.1909837528742,H2,1814.3403865911769,0.0,0.5799520019996034,7618.074052695885,1901.1404280030686,0.0,17373.525223349476,23685152.169549473,6980.012419164133,532.0,False,hydrodynamic_candidate,False,H2,1_M_earth,1_F_earth
H2_atmosphere_1_M_earth_1_F_earth.csv,7000,1577.1909837528742,NO,1814.3403865911769,0.0,8.699280029994052,1966.978262417734,0.8971908029335505,0.0,17373.525223349476,23685152.169549473,6980.012419164133,532.0,True,Jeans,False,H2,1_M_earth,1_F_earth
H2_atmosphere_1_M_earth_1_F_earth.csv,7000,1577.1909837528742,OH,1814.3403865911769,0.0,4.929592016996629,2612.977843096405,31.598102026158767,0.0,17373.525223349476,23685152.169549473,6980.012419164133,532.0,True,Jeans,False,H2,1_M_earth,1_F_earth
H2_atmosphere_1_M_earth_1_F_earth.csv,7000,1577.1909837528742,H,1814.3403865911769,1735.2966913153807,0.2899760009998017,10773.58364448509,2933.606838543627,101062608706.42447,17373.525223349476,23685152.169549473,6980.012419164133,532.0,False,hydrodynamic_candidate,False,H2,1_M_earth,1_F_earth
H2_atmosphere_1_M_earth_1_F_earth.csv,7000,1577.1909837528742,CH4,1814.3403865911769,0.0,4.639616015996827,2693.3959111212725,41.398553406344476,0.0,17373.525223349476,23685152.169549473,6980.012419164133,532.0,True,Jeans,False,H2,1_M_earth,1_F_earth
H2_atmosphere_1_M_earth_1_F_earth.csv,7000,1577.1909837528742,H2O,1814.3403865911769,0.0,5.219568017996431,2539.358017565295,24.10180879588695,0.0,17373.525223349476,23685152.169549473,6980.012419164133,532.0,True,Jeans,False,H2,1_M_earth,1_F_earth
H2_atmosphere_1_M_earth_1_F_earth.csv,7000,1577.1909837528742,O2,1814.3403865911769,0.0,9.279232031993654,1904.5185131739713,0.5154916896134647,0.0,17373.525223349476,23685152.169549473,6980.012419164133,532.0,True,Jeans,False,H2,1_M_earth,1_F_earth
H2_atmosphere_1_M_earth_1_F_earth.csv,7000,1577.1909837528742,N2O,1814.3403865911769,0.0,12.758944043991274,1624.1788452848511,0.01813322409753692,0.0,17373.525223349476,23685152.169549473,6980.012419164133,532.0,True,Jeans,False,H2,1_M_earth,1_F_earth
H2_atmosphere_1_M_earth_1_F_earth.csv,7000,1577.1909837528742,CO,1814.3403865911769,0.0,8.119328027994447,2036.0159323043183,1.5594078590758913,0.0,17373.525223349476,23685152.169549473,6980.012419164133,532.0,True,Jeans,False,H2,1_M_earth,1_F_earth
H2_atmosphere_1_M_earth_1_F_earth.csv,7000,1577.1909837528742,S,1814.3403865911769,0.02979324895292727,9.279232031993654,1904.5185131739713,0.5154916896134647,308577953.1769005,17373.525223349476,23685152.169549473,6980.012419164133,532.0,True,Jeans,False,H2,1_M_earth,1_F_earth
H2_atmosphere_1_M_earth_1_F_earth.csv,7000,1577.1909837528742,NH3,1814.3403865911769,0.0,4.929592016996629,2612.977843096405,31.598102026158767,0.0,17373.525223349476,23685152.169549473,6980.012419164133,532.0,True,Jeans,False,H2,1_M_earth,1_F_earth
H2_atmosphere_1_M_earth_1_F_earth.csv,7000,1577.1909837528742,N,1814.3403865911769,0.07414077214673852,4.0596640139972235,2879.3613446724685,70.91257188978126,12759231.205723014,17373.525223349476,23685152.169549473,6980.012419164133,532.0,True,Jeans,False,H2,1_M_earth,1_F_earth
H2_atmosphere_1_M_earth_1_F_earth.csv,7000,1577.1909837528742,C,1814.3403865911769,72.33600583506393,3.4797120119976204,3110.065708640208,121.11418265928967,8503485020.610825,17373.525223349476,23685152.169549473,6980.012419164133,532.0,True,Jeans,False,H2,1_M_earth,1_F_earth
H2_atmosphere_1_M_earth_1000_F_earth.csv,200,,None,,,,,,,,,,,False,unphysical_extension,True,H2,1_M_earth,1000_F_earth
H2_atmosphere_1_M_earth_1000_F_earth.csv,300,,None,,,,,,,,,,,False,unphysical_extension,True,H2,1_M_earth,1000_F_earth
H2_atmosphere_1_M_earth_1000_F_earth.csv,500,,None,,,,,,,,,,,False,unphysical_extension,True,H2,1_M_earth,1000_F_earth
H2_atmosphere_1_M_earth_1000_F_earth.csv,1000,,None,,,,,,,,,,,False,unphysical_extension,True,H2,1_M_earth,1000_F_earth
H2_atmosphere_1_M_earth_1000_F_earth.csv,2000,,None,,,,,,,,,,,False,unphysical_extension,True,H2,1_M_earth,1000_F_earth
H2_atmosphere_1_M_earth_1000_F_earth.csv,3000,,None,,,,,,,,,,,False,unphysical_extension,True,H2,1_M_earth,1000_F_earth
H2_atmosphere_1_M_earth_1000_F_earth.csv,4000,,None,,,,,,,,,,,False,unphysical_extension,True,H2,1_M_earth,1000_F_earth
H2_atmosphere_1_M_earth_1000_F_earth.csv,5000,,None,,,,,,,,,,,False,unphysical_extension,True,H2,1_M_earth,1000_F_earth
H2_atmosphere_1_M_earth_1000_F_earth.csv,6000,,None,,,,,,,,,,,False,unphysical_extension,True,H2,1_M_earth,1000_F_earth
H2_atmosphere_1_M_earth_1000_F_earth.csv,7000,,None,,,,,,,,,,,False,unphysical_extension,True,H2,1_M_earth,1000_F_earth
H2_atmosphere_10_M_earth_1_F_earth.csv,200,88.68689637562638,S2,88.68689637855526,0.0,563.8159992502825,227.9519101578102,4.9884774212813454e-241,0.0,153603.28595096947,272103885.95096946,199.98723010012938,728.0,True,Jeans,False,H2,10_M_earth,1_F_earth
H2_atmosphere_10_M_earth_1_F_earth.csv,200,88.68689637562638,H2S,88.68689637855526,0.0,299.5272496017126,312.7474405807739,2.189984329900728e-126,0.0,153603.28595096947,272103885.95096946,199.98723010012938,728.0,True,Jeans,False,H2,10_M_earth,1_F_earth
H2_atmosphere_10_M_earth_1_F_earth.csv,200,88.68689637562638,SO2,88.68689637855526,0.0,563.8159992502825,227.9519101578102,4.9884774212813454e-241,0.0,153603.28595096947,272103885.95096946,199.98723010012938,728.0,True,Jeans,False,H2,10_M_earth,1_F_earth
H2_atmosphere_10_M_earth_1_F_earth.csv,200,88.68689637562638,O,88.68689637855526,1.0093094415684725e-66,140.95399981257063,455.9038203156204,1.1114031228011881e-57,0.07347410185624353,153603.28595096947,272103885.95096946,199.98723010012938,728.0,True,Jeans,False,H2,10_M_earth,1_F_earth
H2_atmosphere_10_M_earth_1_F_earth.csv,200,88.68689637562638,NO2,88.68689637855526,0.0,405.24274946114065,268.8774043433032,3.119213311062012e-172,0.0,153603.28595096947,272103885.95096946,199.98723010012938,728.0,True,Jeans,False,H2,10_M_earth,1_F_earth
H2_atmosphere_10_M_earth_1_F_earth.csv,200,88.68689637562638,CO2,88.68689637855526,0.0,387.62349948456927,274.9203477230037,1.3689391014091177e-164,0.0,153603.28595096947,272103885.95096946,199.98723010012938,728.0,True,Jeans,False,H2,10_M_earth,1_F_earth
H2_atmosphere_10_M_earth_1_F_earth.csv,200,88.68689637562638,N2,88.68689637855526,0.0,246.66949967199858,344.6308943769738,1.7964669860928084e-103,0.0,153603.28595096947,272103885.95096946,199.98723010012938,728.0,True,Jeans,False,H2,10_M_earth,1_F_earth
H2_atmosphere_10_M_earth_1_F_earth.csv,200,88.68689637562638,H2,88.68689637855526,0.0,17.61924997657133,1289.490731656114,0.00015094976301053225,0.0,153603.28595096947,272103885.95096946,199.98723010012938,728.0,True,Jeans,False,H2,10_M_earth,1_F_earth
H2_atmosphere_10_M_earth_1_F_earth.csv,200,88.68689637562638,NO,88.68689637855526,0.0,264.28874964856993,332.9450752528631,4.143247669646331e-111,0.0,153603.28595096947,272103885.95096946,199.98723010012938,728.0,True,Jeans,False,H2,10_M_earth,1_F_earth
H2_atmosphere_10_M_earth_1_F_earth.csv,200,88.68689637562638,OH,88.68689637855526,0.0,149.7636248008563,442.2916720668041,1.709560835051858e-61,0.0,153603.28595096947,272103885.95096946,199.98723010012938,728.0,True,Jeans,False,H2,10_M_earth,1_F_earth
H2_atmosphere_10_M_earth_1_F_earth.csv,200,88.68689637562638,H,88.68689637855526,88.68689637855526,8.809624988285664,1823.6152812624816,0.7533714808341448,152388371016.30045,153603.28595096947,272103885.95096946,199.98723010012938,728.0,True,Jeans,False,H2,10_M_earth,1_F_earth
H2_atmosphere_10_M_earth_1_F_earth.csv,200,88.68689637562638,CH4,88.68689637855526,0.0,140.95399981257063,455.9038203156204,1.1114031228011881e-57,0.0,153603.28595096947,272103885.95096946,199.98723010012938,728.0,True,Jeans,False,H2,10_M_earth,1_F_earth
H2_atmosphere_10_M_earth_1_F_earth.csv,200,88.68689637562638,H2O,88.68689637855526,0.0,158.57324978914195,429.83024388537126,2.625214335149327e-65,0.0,153603.28595096947,272103885.95096946,199.98723010012938,728.0,True,Jeans,False,H2,10_M_earth,1_F_earth
H2_atmosphere_10_M_earth_1_F_earth.csv,200,88.68689637562638,O2,88.68689637855526,0.0,281.90799962514126,322.3726829140285,9.534762680298762e-119,0.0,153603.28595096947,272103885.95096946,199.98723010012938,728.0,True,Jeans,False,H2,10_M_earth,1_F_earth
H2_atmosphere_10_M_earth_1_F_earth.csv,200,88.68689637562638,N2O,88.68689637855526,0.0,387.62349948456927,274.9203477230037,1.3689391014091177e-164,0.0,153603.28595096947,272103885.95096946,199.98723010012938,728.0,True,Jeans,False,H2,10_M_earth,1_F_earth
H2_atmosphere_10_M_earth_1_F_earth.csv,200,88.68689637562638,CO,88.68689637855526,0.0,246.66949967199858,344.6308943769738,1.7964669860928084e-103,0.0,153603.28595096947,272103885.95096946,199.98723010012938,728.0,True,Jeans,False,H2,10_M_earth,1_F_earth
H2_atmosphere_10_M_earth_1_F_earth.csv,200,88.68689637562638,S,88.68689637855526,1.633135033913696e-126,281.90799962514126,322.3726829140285,9.534762680298762e-119,0.6928891720918179,153603.28595096947,272103885.95096946,199.98723010012938,728.0,True,Jeans,False,H2,10_M_earth,1_F_earth
H2_atmosphere_10_M_earth_1_F_earth.csv,200,88.68689637562638,NH3,88.68689637855526,0.0,149.7636248008563,442.2916720668041,1.709560835051858e-61,0.0,153603.28595096947,272103885.95096946,199.98723010012938,728.0,True,Jeans,False,H2,10_M_earth,1_F_earth
H2_atmosphere_10_M_earth_1_F_earth.csv,200,88.68689637562638,N,88.68689637855526,2.1356509174574675e-57,123.33474983599929,487.3816848406859,4.669340201068052e-50,4.229102968455947,153603.28595096947,272103885.95096946,199.98723010012938,728.0,True,Jeans,False,H2,10_M_earth,1_F_earth
H2_atmosphere_10_M_earth_1_F_earth.csv,200,88.68689637562638,C,88.68689637855526,6.688528897186323e-52,105.71549985942796,526.4323867676045,1.9422580499944483e-42,0.037148730503735856,153603.28595096947,272103885.95096946,199.98723010012938,728.0,True,Jeans,False,H2,10_M_earth,1_F_earth
H2_atmosphere_10_M_earth_1_F_earth.csv,300,1825.5299124674946,S2,1825.5299125277827,0.0,326.6750646722779,279.17953514734126,3.4557640232720007e-138,0.0,194593.91964079428,313094519.6407943,299.9735434759134,745.0,True,Jeans,False,H2,10_M_earth,1_F_earth
H2_atmosphere_10_M_earth_1_F_earth.csv,300,1825.5299124674946,H2S,1825.5299125277827,0.0,173.54612810714764,383.0311622280987,8.042917298848251e-72,0.0,194593.91964079428,313094519.6407943,299.9735434759134,745.0,True,Jeans,False,H2,10_M_earth,1_F_earth
H2_atmosphere_10_M_earth_1_F_earth.csv,300,1825.5299124674946,SO2,1825.5299125277827,0.0,326.6750646722779,279.17953514734126,3.4557640232720007e-138,0.0,194593.91964079428,313094519.6407943,299.9735434759134,745.0,True,Jeans,False,H2,10_M_earth,1_F_earth
H2_atmosphere_10_M_earth_1_F_earth.csv,300,1825.5299124674946,O,1825.5299125277827,2.6718437466795717e-41,81.66876616806948,558.3590702946825,4.4295092059855345e-32,0.036860020034892346,194593.91964079428,313094519.6407943,299.9735434759134,745.0,True,Jeans,False,H2,10_M_earth,1_F_earth
H2_atmosphere_10_M_earth_1_F_earth.csv,300,1825.5299124674946,NO2,1825.5299125277827,0.0,234.79770273319977,329.30221424431073,2.339820965106798e-98,0.0,194593.91964079428,313094519.6407943,299.9735434759134,745.0,True,Jeans,False,H2,10_M_earth,1_F_earth
H2_atmosphere_10_M_earth_1_F_earth.csv,300,1825.5299124674946,CO2,1825.5299125277827,0.0,224.58910696219104,336.70318808347946,6.210843302441275e-94,0.0,194593.91964079428,313094519.6407943,299.9735434759134,745.0,True,Jeans,False,H2,10_M_earth,1_F_earth
H2_atmosphere_10_M_earth_1_F_earth.csv,300,1825.5299124674946,N2,1825.5299125277827,0.0,142.92034079412156,422.07978350770344,1.4601465249515548e-58,0.0,194593.91964079428,313094519.6407943,299.9735434759134,745.0,True,Jeans,False,H2,10_M_earth,1_F_earth
H2_atmosphere_10_M_earth_1_F_earth.csv,300,1825.5299124674946,H2,1825.5299125277827,0.0,10.208595771008685,1579.2779397695447,0.18402127379948247,0.0,194593.91964079428,313094519.6407943,299.9735434759134,745.0,True,Jeans,False,H2,10_M_earth,1_F_earth
H2_atmosphere_10_M_earth_1_F_earth.csv,300,1825.5299124674946,NO,1825.5299125277827,0.0,153.12893656513026,407.7678106506804,5.567240968435413e-63,0.0,194593.91964079428,313094519.6407943,299.9735434759134,745.0,True,Jeans,False,H2,10_M_earth,1_F_earth
H2_atmosphere_10_M_earth_1_F_earth.csv,300,1825.5299124674946,OH,1825.5299125277827,0.0,86.77306405357382,541.6878644345063,2.7697625387378676e-34,0.0,194593.91964079428,313094519.6407943,299.9735434759134,745.0,True,Jeans,False,H2,10_M_earth,1_F_earth
H2_atmosphere_10_M_earth_1_F_earth.csv,300,1825.5299124674946,H,1825.5299125277827,1825.5299125277827,5.104297885504343,2233.43628117873,23.347261510883992,76449228596.70355,194593.91964079428,313094519.6407943,299.9735434759134,745.0,True,Jeans,False,H2,10_M_earth,1_F_earth
H2_atmosphere_10_M_earth_1_F_earth.csv,300,1825.5299124674946,CH4,1825.5299125277827,0.0,81.66876616806948,558.3590702946825,4.4295092059855345e-32,0.0,194593.91964079428,313094519.6407943,299.9735434759134,745.0,True,Jeans,False,H2,10_M_earth,1_F_earth
H2_atmosphere_10_M_earth_1_F_earth.csv,300,1825.5299124674946,H2O,1825.5299125277827,0.0,91.87736193907816,526.4259799231814,1.7290635339003225e-36,0.0,194593.91964079428,313094519.6407943,299.9735434759134,745.0,True,Jeans,False,H2,10_M_earth,1_F_earth
H2_atmosphere_10_M_earth_1_F_earth.csv,300,1825.5299124674946,O2,1825.5299125277827,0.0,163.33753233613896,394.81948494238617,2.1180754463812483e-67,0.0,194593.91964079428,313094519.6407943,299.9735434759134,745.0,True,Jeans,False,H2,10_M_earth,1_F_earth
H2_atmosphere_10_M_earth_1_F_earth.csv,300,1825.5299124674946,N2O,1825.5299125277827,0.0,224.58910696219104,336.70318808347946,6.210843302441275e-94,0.0,194593.91964079428,313094519.6407943,299.9735434759134,745.0,True,Jeans,False,H2,10_M_earth,1_F_earth
H2_atmosphere_10_M_earth_1_F_earth.csv,300,1825.5299124674946,CO,1825.5299125277827,0.0,142.92034079412156,422.07978350770344,1.4601465249515548e-58,0.0,194593.91964079428,313094519.6407943,299.9735434759134,745.0,True,Jeans,False,H2,10_M_earth,1_F_earth
H2_atmosphere_10_M_earth_1_F_earth.csv,300,1825.5299124674946,S,1825.5299125277827,2.409663269384991e-75,163.33753233613896,394.81948494238617,2.1180754463812483e-67,0.3476042322400175,194593.91964079428,313094519.6407943,299.9735434759134,745.0,True,Jeans,False,H2,10_M_earth,1_F_earth
H2_atmosphere_10_M_earth_1_F_earth.csv,300,1825.5299124674946,NH3,1825.5299125277827,0.0,86.77306405357382,541.6878644345063,2.7697625387378676e-34,0.0,194593.91964079428,313094519.6407943,299.9735434759134,745.0,True,Jeans,False,H2,10_M_earth,1_F_earth
H2_atmosphere_10_M_earth_1_F_earth.csv,300,1825.5299124674946,N,1825.5299125277827,3.4215568687842474e-35,71.46017039706078,596.910954240094,1.1262797832983776e-27,2.1216294749938807,194593.91964079428,313094519.6407943,299.9735434759134,745.0,True,Jeans,False,H2,10_M_earth,1_F_earth
H2_atmosphere_10_M_earth_1_F_earth.csv,300,1825.5299124674946,C,1825.5299125277827,6.486850472245687e-33,61.2515746260521,644.7375190782082,2.8360082178428375e-23,0.018636538808159145,194593.91964079428,313094519.6407943,299.9735434759134,745.0,True,Jeans,False,H2,10_M_earth,1_F_earth
H2_atmosphere_10_M_earth_1_F_earth.csv,500,11842.510555665698,S2,11842.510556056797,0.0,153.44660379920586,360.4204095987508,3.588967370508329e-63,0.0,281428.10667896585,399928706.67896587,499.9591781513258,774.0,True,Jeans,False,H2,10_M_earth,1_F_earth
H2_atmosphere_10_M_earth_1_F_earth.csv,500,11842.510555665698,H2S,11842.510556056797,0.0,81.5185082683281,494.4927224213542,4.55059333943498e-32,0.0,281428.10667896585,399928706.67896587,499.9591781513258,774.0,True,Jeans,False,H2,10_M_earth,1_F_earth
H2_atmosphere_10_M_earth_1_F_earth.csv,500,11842.510555665698,SO2,11842.510556056797,0.0,153.44660379920586,360.4204095987508,3.588967370508329e-63,0.0,281428.10667896585,399928706.67896587,499.9591781513258,774.0,True,Jeans,False,H2,10_M_earth,1_F_earth
H2_atmosphere_10_M_earth_1_F_earth.csv,500,11842.510555665698,O,11842.510556056797,6.36208387795249e-23,38.361650949801465,720.8408191975016,1.750065974434374e-13,0.01361541436415889,281428.10667896585,399928706.67896587,499.9591781513258,774.0,True,Jeans,False,H2,10_M_earth,1_F_earth
H2_atmosphere_10_M_earth_1_F_earth.csv,500,11842.510555665698,NO2,11842.510556056797,0.0,110.28974648067923,425.12872183511263,1.6871059654173253e-44,0.0,281428.10667896585,399928706.67896587,499.9591781513258,774.0,True,Jeans,False,H2,10_M_earth,1_F_earth
H2_atmosphere_10_M_earth_1_F_earth.csv,500,11842.510555665698,CO2,11842.510556056797,0.0,105.49454011195402,434.6833692455506,1.9961758333115194e-42,0.0,281428.10667896585,399928706.67896587,499.9591781513258,774.0,True,Jeans,False,H2,10_M_earth,1_F_earth
H2_atmosphere_10_M_earth_1_F_earth.csv,500,11842.510555665698,N2,11842.510556056797,0.0,67.13288916215255,544.9044407030467,7.321986155090861e-26,0.0,281428.10667896585,399928706.67896587,499.9591781513258,774.0,True,Jeans,False,H2,10_M_earth,1_F_earth
H2_atmosphere_10_M_earth_1_F_earth.csv,500,11842.510555665698,H2,11842.510556056797,0.0,4.795206368725183,2038.8457256424776,27.562377297337413,0.0,281428.10667896585,399928706.67896587,499.9591781513258,774.0,True,Jeans,False,H2,10_M_earth,1_F_earth
H2_atmosphere_10_M_earth_1_F_earth.csv,500,11842.510555665698,NO,11842.510556056797,0.0,71.92809553087774,526.4277027266328,6.261144011486797e-28,0.0,281428.10667896585,399928706.67896587,499.9591781513258,774.0,True,Jeans,False,H2,10_M_earth,1_F_earth
H2_atmosphere_10_M_earth_1_F_earth.csv,500,11842.510555665698,OH,11842.510556056797,0.0,40.75925413416405,699.3183145430734,1.6379609598321635e-14,0.0,281428.10667896585,399928706.67896587,499.9591781513258,774.0,True,Jeans,False,H2,10_M_earth,1_F_earth
H2_atmosphere_10_M_earth_1_F_earth.csv,500,11842.510555665698,H,11842.510556056797,11842.510556056797,2.3976031843625916,2883.3632767900062,251.30507155564405,28238940841.02779,281428.10667896585,399928706.67896587,499.9591781513258,774.0,True,Jeans,False,H2,10_M_earth,1_F_earth
H2_atmosphere_10_M_earth_1_F_earth.csv,500,11842.510555665698,CH4,11842.510556056797,0.0,38.361650949801465,720.8408191975016,1.750065974434374e-13,0.0,281428.10667896585,399928706.67896587,499.9591781513258,774.0,True,Jeans,False,H2,10_M_earth,1_F_earth
H2_atmosphere_10_M_earth_1_F_earth.csv,500,11842.510555665698,H2O,11842.510556056797,0.0,43.15685731852665,679.6152418808259,1.5306339619687494e-15,0.0,281428.10667896585,399928706.67896587,499.9591781513258,774.0,True,Jeans,False,H2,10_M_earth,1_F_earth
H2_atmosphere_10_M_earth_1_F_earth.csv,500,11842.510555665698,O2,11842.510556056797,0.0,76.72330189960293,509.7114314106194,5.342739945088496e-30,0.0,281428.10667896585,399928706.67896587,499.9591781513258,774.0,True,Jeans,False,H2,10_M_earth,1_F_earth
H2_atmosphere_10_M_earth_1_F_earth.csv,500,11842.510555665698,N2O,11842.510556056797,0.0,105.49454011195402,434.6833692455506,1.9961758333115194e-42,0.0,281428.10667896585,399928706.67896587,499.9591781513258,774.0,True,Jeans,False,H2,10_M_earth,1_F_earth
H2_atmosphere_10_M_earth_1_F_earth.csv,500,11842.510555665698,CO,11842.510556056797,0.0,67.13288916215255,544.9044407030467,7.321986155090861e-26,0.0,281428.10667896585,399928706.67896587,499.9591781513258,774.0,True,Jeans,False,H2,10_M_earth,1_F_earth
H2_atmosphere_10_M_earth_1_F_earth.csv,500,11842.510555665698,S,11842.510556056797,3.663266288452207e-38,76.72330189960293,509.7114314106194,5.342739945088496e-30,0.12839861867147734,281428.10667896585,399928706.67896587,499.9591781513258,774.0,True,Jeans,False,H2,10_M_earth,1_F_earth
H2_atmosphere_10_M_earth_1_F_earth.csv,500,11842.510555665698,NH3,11842.510556056797,0.0,40.75925413416405,699.3183145430734,1.6379609598321635e-14,0.0,281428.10667896585,399928706.67896587,499.9591781513258,774.0,True,Jeans,False,H2,10_M_earth,1_F_earth
H2_atmosphere_10_M_earth_1_F_earth.csv,500,11842.510555665698,N,11842.510556056797,3.6377299985712155e-19,33.566444581076276,770.6112502395746,1.9868426118156392e-11,0.7836909584397879,281428.10667896585,399928706.67896587,499.9591781513258,774.0,True,Jeans,False,H2,10_M_earth,1_F_earth
H2_atmosphere_10_M_earth_1_F_earth.csv,500,11842.510555665698,C,11842.510556056797,3.0812478692683755e-19,28.771238212351097,832.3552820130958,2.235170785452818e-09,0.006883995123893471,281428.10667896585,399928706.67896587,499.9591781513258,774.0,True,Jeans,False,H2,10_M_earth,1_F_earth
H2_atmosphere_10_M_earth_1_F_earth.csv,1000,22380.6848530054,S2,22380.68485374543,0.0,48.04688066765297,509.7200062747644,9.590538498914666e-18,0.0,520101.07638447784,638601676.3844779,999.9519997944567,830.0,True,Jeans,False,H2,10_M_earth,1_F_earth
H2_atmosphere_10_M_earth_1_F_earth.csv,1000,22380.6848530054,H2S,22380.68485374543,0.0,25.52490535469064,699.3300791596225,4.299377432775142e-08,0.0,520101.07638447784,638601676.3844779,999.9519997944567,830.0,True,Jeans,False,H2,10_M_earth,1_F_earth
H2_atmosphere_10_M_earth_1_F_earth.csv,1000,22380.6848530054,SO2,22380.68485374543,0.0,48.04688066765297,509.7200062747644,9.590538498914666e-18,0.0,520101.07638447784,638601676.3844779,999.9519997944567,830.0,True,Jeans,False,H2,10_M_earth,1_F_earth
H2_atmosphere_10_M_earth_1_F_earth.csv,1000,22380.6848530054,O,22380.68485374543,4.127109016290375e-12,12.011720166913243,1019.4400125495288,0.02272310479912907,0.002667897940109692,520101.07638447784,638601676.3844779,999.9519997944567,830.0,True,Jeans,False,H2,10_M_earth,1_F_earth
H2_atmosphere_10_M_earth_1_F_earth.csv,1000,22380.6848530054,NO2,22380.68485374543,0.0,34.533695479875576,601.2329185315016,6.057379848876447e-12,0.0,520101.07638447784,638601676.3844779,999.9519997944567,830.0,True,Jeans,False,H2,10_M_earth,1_F_earth
H2_atmosphere_10_M_earth_1_F_earth.csv,1000,22380.6848530054,CO2,22380.68485374543,0.0,33.032230459011416,614.7454578003612,2.6623515219615555e-11,0.0,520101.07638447784,638601676.3844779,999.9519997944567,830.0,True,Jeans,False,H2,10_M_earth,1_F_earth
H2_atmosphere_10_M_earth_1_F_earth.csv,1000,22380.6848530054,N2,22380.68485374543,0.0,21.020510292098173,770.6242142156053,3.5560959565068208e-06,0.0,520101.07638447784,638601676.3844779,999.9519997944567,830.0,True,Jeans,False,H2,10_M_earth,1_F_earth
H2_atmosphere_10_M_earth_1_F_earth.csv,1000,22380.6848530054,H2,22380.68485374543,0.0,1.5014650208641553,2883.4117835466836,453.3339014634203,0.0,520101.07638447784,638601676.3844779,999.9519997944567,830.0,True,Jeans,False,H2,10_M_earth,1_F_earth
H2_atmosphere_10_M_earth_1_F_earth.csv,1000,22380.6848530054,NO,22380.68485374543,0.0,22.52197531296233,744.4937211956353,8.176365503590204e-07,0.0,520101.07638447784,638601676.3844779,999.9519997944567,830.0,True,Jeans,False,H2,10_M_earth,1_F_earth
H2_atmosphere_10_M_earth_1_F_earth.csv,1000,22380.6848530054,OH,22380.68485374543,0.0,12.76245267734532,989.0020825229884,0.011005894346669307,0.0,520101.07638447784,638601676.3844779,999.9519997944567,830.0,True,Jeans,False,H2,10_M_earth,1_F_earth
H2_atmosphere_10_M_earth_1_F_earth.csv,1000,22380.6848530054,H,22380.68485374543,22380.684853744515,0.7507325104320777,4077.760050198115,950.5994191679916,5533332301.584466,520101.07638447784,638601676.3844779,999.9519997944567,830.0,False,hydrodynamic_candidate,False,H2,10_M_earth,1_F_earth
H2_atmosphere_10_M_earth_1_F_earth.csv,1000,22380.6848530054,CH4,22380.68485374543,0.0,12.011720166913243,1019.4400125495288,0.02272310479912907,0.0,520101.07638447784,638601676.3844779,999.9519997944567,830.0,True,Jeans,False,H2,10_M_earth,1_F_earth
H2_atmosphere_10_M_earth_1_F_earth.csv,1000,22380.6848530054,H2O,22380.68485374543,0.0,13.513185187777399,961.1372611822279,0.005324041831422404,0.0,520101.07638447784,638601676.3844779,999.9519997944567,830.0,True,Jeans,False,H2,10_M_earth,1_F_earth
H2_atmosphere_10_M_earth_1_F_earth.csv,1000,22380.6848530054,O2,22380.68485374543,0.0,24.023440333826485,720.8529458866709,1.876468120271463e-07,0.0,520101.07638447784,638601676.3844779,999.9519997944567,830.0,True,Jeans,False,H2,10_M_earth,1_F_earth
H2_atmosphere_10_M_earth_1_F_earth.csv,1000,22380.6848530054,N2O,22380.68485374543,0.0,33.032230459011416,614.7454578003612,2.6623515219615555e-11,0.0,520101.07638447784,638601676.3844779,999.9519997944567,830.0,True,Jeans,False,H2,10_M_earth,1_F_earth
H2_atmosphere_10_M_earth_1_F_earth.csv,1000,22380.6848530054,CO,22380.68485374543,0.0,21.020510292098173,770.6242142156053,3.5560959565068208e-06,0.0,520101.07638447784,638601676.3844779,999.9519997944567,830.0,True,Jeans,False,H2,10_M_earth,1_F_earth
H2_atmosphere_10_M_earth_1_F_earth.csv,1000,22380.6848530054,S,22380.68485374543,6.428045528014409e-16,24.023440333826485,720.8529458866709,1.876468120271463e-07,0.02515930849437104,520101.07638447784,638601676.3844779,999.9519997944567,830.0,True,Jeans,False,H2,10_M_earth,1_F_earth
H2_atmosphere_10_M_earth_1_F_earth.csv,1000,22380.6848530054,NH3,22380.68485374543,0.0,12.76245267734532,989.0020825229884,0.011005894346669307,0.0,520101.07638447784,638601676.3844779,999.9519997944567,830.0,True,Jeans,False,H2,10_M_earth,1_F_earth
H2_atmosphere_10_M_earth_1_F_earth.csv,1000,22380.6848530054,N,22380.68485374543,8.82250981014218e-10,10.510255146049087,1089.8272152368183,0.09644769530157359,0.1535617967829114,520101.07638447784,638601676.3844779,999.9519997944567,830.0,True,Jeans,False,H2,10_M_earth,1_F_earth
H2_atmosphere_10_M_earth_1_F_earth.csv,1000,22380.6848530054,C,22380.68485374543,2.800200173295195e-11,9.008790125184932,1177.147931336292,0.40657423578017354,0.0013488973540979068,520101.07638447784,638601676.3844779,999.9519997944567,830.0,True,Jeans,False,H2,10_M_earth,1_F_earth
H2_atmosphere_10_M_earth_1_F_earth.csv,2000,18696.205227180195,S2,18696.20522825029,0.0,13.082029799218617,720.8627781279782,0.0059629281219988,0.0,1054176.0417966298,1172676641.7966297,1999.958556271883,903.0,True,Jeans,False,H2,10_M_earth,1_F_earth
H2_atmosphere_10_M_earth_1_F_earth.csv,2000,18696.205227180195,H2S,18696.20522825029,0.0,6.949828330834889,989.0155722467723,2.126590424406372,0.0,1054176.0417966298,1172676641.7966297,1999.958556271883,903.0,True,Jeans,False,H2,10_M_earth,1_F_earth
H2_atmosphere_10_M_earth_1_F_earth.csv,2000,18696.205227180195,SO2,18696.20522825029,0.0,13.082029799218617,720.8627781279782,0.0059629281219988,0.0,1054176.0417966298,1172676641.7966297,1999.958556271883,903.0,True,Jeans,False,H2,10_M_earth,1_F_earth
H2_atmosphere_10_M_earth_1_F_earth.csv,2000,18696.205227180195,O,18696.20522825029,5.958152336329003e-09,3.2705074498046542,1441.7255562559565,65.97718930705815,0.00039338001659313483,1054176.0417966298,1172676641.7966297,1999.958556271883,903.0,True,Jeans,False,H2,10_M_earth,1_F_earth
H2_atmosphere_10_M_earth_1_F_earth.csv,2000,18696.205227180195,NO2,18696.20522825029,0.0,9.402708918188381,850.2833450115417,0.20585460599366473,0.0,1054176.0417966298,1172676641.7966297,1999.958556271883,903.0,True,Jeans,False,H2,10_M_earth,1_F_earth
H2_atmosphere_10_M_earth_1_F_earth.csv,2000,18696.205227180195,CO2,18696.20522825029,0.0,8.9938954869628,869.3932219577152,0.3043315238309284,0.0,1054176.0417966298,1172676641.7966297,1999.958556271883,903.0,True,Jeans,False,H2,10_M_earth,1_F_earth
H2_atmosphere_10_M_earth_1_F_earth.csv,2000,18696.205227180195,N2,18696.20522825029,0.0,5.723388037158144,1089.8420801884351,6.756331891630072,0.0,1054176.0417966298,1172676641.7966297,1999.958556271883,903.0,True,Jeans,False,H2,10_M_earth,1_F_earth
H2_atmosphere_10_M_earth_1_F_earth.csv,2000,18696.205227180195,H2,18696.20522825029,0.0,0.4088134312255818,4077.8156697541367,1076.789283021559,0.0,1054176.0417966298,1172676641.7966297,1999.958556271883,903.0,False,hydrodynamic_candidate,False,H2,10_M_earth,1_F_earth
H2_atmosphere_10_M_earth_1_F_earth.csv,2000,18696.205227180195,NO,18696.20522825029,0.0,6.132201468383727,1052.8874785240944,4.6006518715774,0.0,1054176.0417966298,1172676641.7966297,1999.958556271883,903.0,True,Jeans,False,H2,10_M_earth,1_F_earth
H2_atmosphere_10_M_earth_1_F_earth.csv,2000,18696.205227180195,OH,18696.20522825029,0.0,3.4749141654174447,1398.679235669573,54.671609292373574,0.0,1054176.0417966298,1172676641.7966297,1999.958556271883,903.0,True,Jeans,False,H2,10_M_earth,1_F_earth
H2_atmosphere_10_M_earth_1_F_earth.csv,2000,18696.205227180195,H,18696.20522825029,18696.205227797633,0.2044067156127909,5766.902225023826,1597.1220880501246,815886664.8861126,1054176.0417966298,1172676641.7966297,1999.958556271883,903.0,False,hydrodynamic_candidate,False,H2,10_M_earth,1_F_earth
H2_atmosphere_10_M_earth_1_F_earth.csv,2000,18696.205227180195,CH4,18696.20522825029,0.0,3.2705074498046542,1441.7255562559565,65.97718930705815,0.0,1054176.0417966298,1172676641.7966297,1999.958556271883,903.0,True,Jeans,False,H2,10_M_earth,1_F_earth
H2_atmosphere_10_M_earth_1_F_earth.csv,2000,18696.205227180195,H2O,18696.20522825029,0.0,3.679320881030236,1359.2718899180456,45.28720056358763,0.0,1054176.0417966298,1172676641.7966297,1999.958556271883,903.0,True,Jeans,False,H2,10_M_earth,1_F_earth
H2_atmosphere_10_M_earth_1_F_earth.csv,2000,18696.205227180195,O2,18696.20522825029,0.0,6.5410148996093085,1019.4539174385342,3.129433944491427,0.0,1054176.0417966298,1172676641.7966297,1999.958556271883,903.0,True,Jeans,False,H2,10_M_earth,1_F_earth
H2_atmosphere_10_M_earth_1_F_earth.csv,2000,18696.205227180195,N2O,18696.20522825029,0.0,8.9938954869628,869.3932219577152,0.3043315238309284,0.0,1054176.0417966298,1172676641.7966297,1999.958556271883,903.0,True,Jeans,False,H2,10_M_earth,1_F_earth
H2_atmosphere_10_M_earth_1_F_earth.csv,2000,18696.205227180195,CO,18696.20522825029,0.0,5.723388037158144,1089.8420801884351,6.756331891630072,0.0,1054176.0417966298,1172676641.7966297,1999.958556271883,903.0,True,Jeans,False,H2,10_M_earth,1_F_earth
H2_atmosphere_10_M_earth_1_F_earth.csv,2000,18696.205227180195,S,18696.20522825029,5.33019461206991e-09,6.5410148996093085,1019.4539174385342,3.129433944491427,0.003709725564906936,1054176.0417966298,1172676641.7966297,1999.958556271883,903.0,True,Jeans,False,H2,10_M_earth,1_F_earth
H2_atmosphere_10_M_earth_1_F_earth.csv,2000,18696.205227180195,NH3,18696.20522825029,0.0,3.4749141654174447,1398.679235669573,54.671609292373574,0.0,1054176.0417966298,1172676641.7966297,1999.958556271883,903.0,True,Jeans,False,H2,10_M_earth,1_F_earth
H2_atmosphere_10_M_earth_1_F_earth.csv,2000,18696.205227180195,N,18696.20522825029,4.365896096081383e-07,2.861694018579072,1541.2694506473913,95.99167649220806,0.022642598601073014,1054176.0417966298,1172676641.7966297,1999.958556271883,903.0,True,Jeans,False,H2,10_M_earth,1_F_earth
H2_atmosphere_10_M_earth_1_F_earth.csv,2000,18696.205227180195,C,18696.20522825029,4.77798559084397e-09,2.4528805873534902,1664.761276003879,139.52630349984608,0.00019889413892483948,1054176.0417966298,1172676641.7966297,1999.958556271883,903.0,True,Jeans,False,H2,10_M_earth,1_F_earth
H2_atmosphere_10_M_earth_1_F_earth.csv,3000,15479.853539783133,S2,15479.85354142975,0.0,5.839111040538494,882.8770068129944,4.9590812667459545,0.0,1633004.7336341527,1751505333.6341527,2999.9651288178675,951.0,True,Jeans,False,H2,10_M_earth,1_F_earth
H2_atmosphere_10_M_earth_1_F_earth.csv,3000,15479.853539783133,H2S,15479.85354142975,0.0,3.1020277402860748,1211.2972601862534,63.01600480318087,0.0,1633004.7336341527,1751505333.6341527,2999.9651288178675,951.0,True,Jeans,False,H2,10_M_earth,1_F_earth
H2_atmosphere_10_M_earth_1_F_earth.csv,3000,15479.853539783133,SO2,15479.85354142975,0.0,5.839111040538494,882.8770068129944,4.9590812667459545,0.0,1633004.7336341527,1751505333.6341527,2999.9651288178675,951.0,True,Jeans,False,H2,10_M_earth,1_F_earth
H2_atmosphere_10_M_earth_1_F_earth.csv,3000,15479.853539783133,O,15479.85354142975,1.7125227633438183e-08,1.4597777601346236,1765.7540136259888,284.6084005224819,0.0001174942899279656,1633004.7336341527,1751505333.6341527,2999.9651288178675,951.0,False,hydrodynamic_candidate,False,H2,10_M_earth,1_F_earth
H2_atmosphere_10_M_earth_1_F_earth.csv,3000,15479.853539783133,NO2,15479.85354142975,0.0,4.196861060387043,1041.3849034295067,22.965391410627287,0.0,1633004.7336341527,1751505333.6341527,2999.9651288178675,951.0,True,Jeans,False,H2,10_M_earth,1_F_earth
H2_atmosphere_10_M_earth_1_F_earth.csv,3000,15479.853539783133,CO2,15479.85354142975,0.0,4.014388840370215,1064.7897336839094,27.192554638224554,0.0,1633004.7336341527,1751505333.6341527,2999.9651288178675,951.0,True,Jeans,False,H2,10_M_earth,1_F_earth
H2_atmosphere_10_M_earth_1_F_earth.csv,3000,15479.853539783133,N2,15479.85354142975,0.0,2.554611080235591,1334.7845704481495,104.02670449121445,0.0,1633004.7336341527,1751505333.6341527,2999.9651288178675,951.0,True,Jeans,False,H2,10_M_earth,1_F_earth
H2_atmosphere_10_M_earth_1_F_earth.csv,3000,15479.853539783133,H2,15479.85354142975,0.0,0.18247222001682795,4994.306547769201,1388.0801122907587,0.0,1633004.7336341527,1751505333.6341527,2999.9651288178675,951.0,False,hydrodynamic_candidate,False,H2,10_M_earth,1_F_earth
H2_atmosphere_10_M_earth_1_F_earth.csv,3000,15479.853539783133,NO,15479.85354142975,0.0,2.737083300252419,1289.5244056909848,88.03537909122292,0.0,1633004.7336341527,1751505333.6341527,2999.9651288178675,951.0,True,Jeans,False,H2,10_M_earth,1_F_earth
H2_atmosphere_10_M_earth_1_F_earth.csv,3000,15479.853539783133,OH,15479.85354142975,0.0,1.5510138701430374,1713.0330134207713,261.38270945541467,0.0,1633004.7336341527,1751505333.6341527,2999.9651288178675,951.0,True,Jeans,False,H2,10_M_earth,1_F_earth
H2_atmosphere_10_M_earth_1_F_earth.csv,3000,15479.853539783133,H,15479.85354142975,15479.853540294353,0.09123611000841397,7063.016054503955,1984.635022649127,243688088.63933218,1633004.7336341527,1751505333.6341527,2999.9651288178675,951.0,False,hydrodynamic_candidate,False,H2,10_M_earth,1_F_earth
H2_atmosphere_10_M_earth_1_F_earth.csv,3000,15479.853539783133,CH4,15479.85354142975,0.0,1.4597777601346236,1765.7540136259888,284.6084005224819,0.0,1633004.7336341527,1751505333.6341527,2999.9651288178675,951.0,False,hydrodynamic_candidate,False,H2,10_M_earth,1_F_earth
H2_atmosphere_10_M_earth_1_F_earth.csv,3000,15479.853539783133,H2O,15479.85354142975,0.0,1.6422499801514514,1664.7688492564002,240.16117951884058,0.0,1633004.7336341527,1751505333.6341527,2999.9651288178675,951.0,True,Jeans,False,H2,10_M_earth,1_F_earth
H2_atmosphere_10_M_earth_1_F_earth.csv,3000,15479.853539783133,O2,15479.85354142975,0.0,2.919555520269247,1248.5766369423002,74.4903887490286,0.0,1633004.7336341527,1751505333.6341527,2999.9651288178675,951.0,True,Jeans,False,H2,10_M_earth,1_F_earth
H2_atmosphere_10_M_earth_1_F_earth.csv,3000,15479.853539783133,N2O,15479.85354142975,0.0,4.014388840370215,1064.7897336839094,27.192554638224554,0.0,1633004.7336341527,1751505333.6341527,2999.9651288178675,951.0,True,Jeans,False,H2,10_M_earth,1_F_earth
H2_atmosphere_10_M_earth_1_F_earth.csv,3000,15479.853539783133,CO,15479.85354142975,0.0,2.554611080235591,1334.7845704481495,104.02670449121445,0.0,1633004.7336341527,1751505333.6341527,2999.9651288178675,951.0,True,Jeans,False,H2,10_M_earth,1_F_earth
H2_atmosphere_10_M_earth_1_F_earth.csv,3000,15479.853539783133,S,15479.85354142975,8.45372981365158e-08,2.919555520269247,1248.5766369423002,74.4903887490286,0.0011080165557244735,1633004.7336341527,1751505333.6341527,2999.9651288178675,951.0,True,Jeans,False,H2,10_M_earth,1_F_earth
H2_atmosphere_10_M_earth_1_F_earth.csv,3000,15479.853539783133,NH3,15479.85354142975,0.0,1.5510138701430374,1713.0330134207713,261.38270945541467,0.0,1633004.7336341527,1751505333.6341527,2999.9651288178675,951.0,True,Jeans,False,H2,10_M_earth,1_F_earth
H2_atmosphere_10_M_earth_1_F_earth.csv,3000,15479.853539783133,N,15479.85354142975,1.0245342070734903e-06,1.2773055401177955,1887.670442374119,338.07713432251643,0.006762865251258035,1633004.7336341527,1751505333.6341527,2999.9651288178675,951.0,False,hydrodynamic_candidate,False,H2,10_M_earth,1_F_earth
H2_atmosphere_10_M_earth_1_F_earth.csv,3000,15479.853539783133,C,15479.85354142975,9.198640259496507e-09,1.0948333201009675,2038.9171101792538,403.1475658831341,5.94054721594518e-05,1633004.7336341527,1751505333.6341527,2999.9651288178675,951.0,False,hydrodynamic_candidate,False,H2,10_M_earth,1_F_earth
H2_atmosphere_10_M_earth_1_F_earth.csv,4000,,None,,,,,,,,,,,False,unphysical_extension,True,H2,10_M_earth,1_F_earth
H2_atmosphere_10_M_earth_1_F_earth.csv,5000,,None,,,,,,,,,,,False,unphysical_extension,True,H2,10_M_earth,1_F_earth
H2_atmosphere_10_M_earth_1_F_earth.csv,6000,,None,,,,,,,,,,,False,unphysical_extension,True,H2,10_M_earth,1_F_earth
H2_atmosphere_10_M_earth_1_F_earth.csv,7000,,None,,,,,,,,,,,False,unphysical_extension,True,H2,10_M_earth,1_F_earth
H2_atmosphere_10_M_earth_1000_F_earth.csv,200,154.5151590300892,S2,154.51515957348772,0.0,523.5623537199853,227.95069854960212,1.4053741528927124e-223,0.0,174526.87639682973,293027476.3968297,199.98510416466013,717.0,True,Jeans,False,H2,10_M_earth,1000_F_earth
H2_atmosphere_10_M_earth_1000_F_earth.csv,200,154.5151590300892,H2S,154.51515957348772,0.0,278.14250041374214,312.74577826802647,3.941480441037813e-117,0.0,174526.87639682973,293027476.3968297,199.98510416466013,717.0,True,Jeans,False,H2,10_M_earth,1000_F_earth
H2_atmosphere_10_M_earth_1000_F_earth.csv,200,154.5151590300892,SO2,154.51515957348772,0.0,523.5623537199853,227.95069854960212,1.4053741528927124e-223,0.0,174526.87639682973,293027476.3968297,199.98510416466013,717.0,True,Jeans,False,H2,10_M_earth,1000_F_earth
H2_atmosphere_10_M_earth_1000_F_earth.csv,200,154.5151590300892,O,154.51515957348772,1.5907436493296204e-58,130.8905884299963,455.90139709920425,2.4233687805997026e-53,457.946823056364,174526.87639682973,293027476.3968297,199.98510416466013,717.0,True,Jeans,False,H2,10_M_earth,1000_F_earth
H2_atmosphere_10_M_earth_1000_F_earth.csv,200,154.5151590300892,NO2,154.51515957348772,0.0,376.3104417362394,268.8759752082289,1.0643820993501045e-159,0.0,174526.87639682973,293027476.3968297,199.98510416466013,717.0,True,Jeans,False,H2,10_M_earth,1000_F_earth
H2_atmosphere_10_M_earth_1000_F_earth.csv,200,154.5151590300892,CO2,154.51515957348772,0.0,359.9491181824898,274.918886468524,1.3277913550079804e-152,0.0,174526.87639682973,293027476.3968297,199.98510416466013,717.0,True,Jeans,False,H2,10_M_earth,1000_F_earth
H2_atmosphere_10_M_earth_1000_F_earth.csv,200,154.5151590300892,N2,154.51515957348772,0.0,229.0585297524935,344.6290625975424,7.425570100233142e-96,0.0,174526.87639682973,293027476.3968297,199.98510416466013,717.0,True,Jeans,False,H2,10_M_earth,1000_F_earth
H2_atmosphere_10_M_earth_1000_F_earth.csv,200,154.5151590300892,H2,154.51515957348772,0.0,16.36132355374954,1289.4838777650734,0.0004951779293297018,0.0,174526.87639682973,293027476.3968297,199.98510416466013,717.0,True,Jeans,False,H2,10_M_earth,1000_F_earth
H2_atmosphere_10_M_earth_1000_F_earth.csv,200,154.5151590300892,NO,154.51515957348772,0.0,245.41985330624306,332.943305585806,6.024943926601176e-103,0.0,174526.87639682973,293027476.3968297,199.98510416466013,717.0,True,Jeans,False,H2,10_M_earth,1000_F_earth
H2_atmosphere_10_M_earth_1000_F_earth.csv,200,154.5151590300892,OH,154.51515957348772,0.0,139.07125020687107,442.2893212015718,6.991558091189212e-57,0.0,174526.87639682973,293027476.3968297,199.98510416466013,717.0,True,Jeans,False,H2,10_M_earth,1000_F_earth
H2_atmosphere_10_M_earth_1000_F_earth.csv,200,154.5151590300892,H,154.51515957348772,154.51515957348772,8.18066177687477,1823.605588396817,1.3224635242724354,130419261361.75705,174526.87639682973,293027476.3968297,199.98510416466013,717.0,True,Jeans,False,H2,10_M_earth,1000_F_earth
H2_atmosphere_10_M_earth_1000_F_earth.csv,200,154.5151590300892,CH4,154.51515957348772,0.0,130.8905884299963,455.90139709920425,2.4233687805997026e-53,0.0,174526.87639682973,293027476.3968297,199.98510416466013,717.0,True,Jeans,False,H2,10_M_earth,1000_F_earth
H2_atmosphere_10_M_earth_1000_F_earth.csv,200,154.5151590300892,H2O,154.51515957348772,0.0,147.25191198374583,429.82795925502444,2.013711307361767e-60,0.0,174526.87639682973,293027476.3968297,199.98510416466013,717.0,True,Jeans,False,H2,10_M_earth,1000_F_earth
H2_atmosphere_10_M_earth_1000_F_earth.csv,200,154.5151590300892,O2,154.51515957348772,0.0,261.7811768599926,322.37096944126836,4.877807645704438e-110,0.0,174526.87639682973,293027476.3968297,199.98510416466013,717.0,True,Jeans,False,H2,10_M_earth,1000_F_earth
H2_atmosphere_10_M_earth_1000_F_earth.csv,200,154.5151590300892,N2O,154.51515957348772,0.0,359.9491181824898,274.918886468524,1.3277913550079804e-152,0.0,174526.87639682973,293027476.3968297,199.98510416466013,717.0,True,Jeans,False,H2,10_M_earth,1000_F_earth
H2_atmosphere_10_M_earth_1000_F_earth.csv,200,154.5151590300892,CO,154.51515957348772,0.0,229.0585297524935,344.6290625975424,7.425570100233142e-96,0.0,174526.87639682973,293027476.3968297,199.98510416466013,717.0,True,Jeans,False,H2,10_M_earth,1000_F_earth
H2_atmosphere_10_M_earth_1000_F_earth.csv,200,154.5151590300892,S,154.51515957348772,2.6432030891147182e-127,261.7811768599926,322.37096944126836,4.877807645704438e-110,1.890210749252267e-10,174526.87639682973,293027476.3968297,199.98510416466013,717.0,True,Jeans,False,H2,10_M_earth,1000_F_earth
H2_atmosphere_10_M_earth_1000_F_earth.csv,200,154.5151590300892,NH3,154.51515957348772,0.0,139.07125020687107,442.2893212015718,6.991558091189212e-57,0.0,174526.87639682973,293027476.3968297,199.98510416466013,717.0,True,Jeans,False,H2,10_M_earth,1000_F_earth
H2_atmosphere_10_M_earth_1000_F_earth.csv,200,154.5151590300892,N,154.51515957348772,4.0729265925486005e-58,114.52926487624676,487.37909431337073,2.8941845597897873e-46,0.00011220356830432082,174526.87639682973,293027476.3968297,199.98510416466013,717.0,True,Jeans,False,H2,10_M_earth,1000_F_earth
H2_atmosphere_10_M_earth_1000_F_earth.csv,200,154.5151590300892,C,154.51515957348772,2.6166072723249033e-47,98.16794132249721,526.4295886783042,3.4222477041033104e-39,0.7112138428711714,174526.87639682973,293027476.3968297,199.98510416466013,717.0,True,Jeans,False,H2,10_M_earth,1000_F_earth
H2_atmosphere_10_M_earth_1000_F_earth.csv,300,2787.4501492523905,S2,2787.4501590552886,0.0,294.2460927051064,279.17815917709146,3.775776531266036e-124,0.0,229103.61020325686,347604210.20325685,299.97058657110904,737.0,True,Jeans,False,H2,10_M_earth,1000_F_earth
H2_atmosphere_10_M_earth_1000_F_earth.csv,300,2787.4501492523905,H2S,2787.4501590552886,0.0,156.31823674958775,383.02927441249045,2.1991682897121268e-64,0.0,229103.61020325686,347604210.20325685,299.97058657110904,737.0,True,Jeans,False,H2,10_M_earth,1000_F_earth
H2_atmosphere_10_M_earth_1000_F_earth.csv,300,2787.4501492523905,SO2,2787.4501590552886,0.0,294.2460927051064,279.17815917709146,3.775776531266036e-124,0.0,229103.61020325686,347604210.20325685,299.97058657110904,737.0,True,Jeans,False,H2,10_M_earth,1000_F_earth
H2_atmosphere_10_M_earth_1000_F_earth.csv,300,2787.4501492523905,O,2787.4501590552886,5.842521621300351e-34,73.5615231762766,558.3563183541829,1.325737919843853e-28,218.4860155322984,229103.61020325686,347604210.20325685,299.97058657110904,737.0,True,Jeans,False,H2,10_M_earth,1000_F_earth
H2_atmosphere_10_M_earth_1000_F_earth.csv,300,2787.4501492523905,NO2,2787.4501590552886,0.0,211.48937913179523,329.3005912383489,2.796755288186487e-88,0.0,229103.61020325686,347604210.20325685,299.97058657110904,737.0,True,Jeans,False,H2,10_M_earth,1000_F_earth
H2_atmosphere_10_M_earth_1000_F_earth.csv,300,2787.4501492523905,CO2,2787.4501590552886,0.0,202.29418873476064,336.70152860091906,2.6947298412642566e-84,0.0,229103.61020325686,347604210.20325685,299.97058657110904,737.0,True,Jeans,False,H2,10_M_earth,1000_F_earth
H2_atmosphere_10_M_earth_1000_F_earth.csv,300,2787.4501492523905,N2,2787.4501590552886,0.0,128.73266555848403,422.07770323622213,1.909635709852133e-52,0.0,229103.61020325686,347604210.20325685,299.97058657110904,737.0,True,Jeans,False,H2,10_M_earth,1000_F_earth
H2_atmosphere_10_M_earth_1000_F_earth.csv,300,2787.4501492523905,H2,2787.4501590552886,0.0,9.195190397034574,1579.27015610639,0.46113319643777867,0.0,229103.61020325686,347604210.20325685,299.97058657110904,737.0,True,Jeans,False,H2,10_M_earth,1000_F_earth
H2_atmosphere_10_M_earth_1000_F_earth.csv,300,2787.4501492523905,NO,2787.4501590552886,0.0,137.92785595551862,407.76580091749577,2.0058038385328616e-56,0.0,229103.61020325686,347604210.20325685,299.97058657110904,737.0,True,Jeans,False,H2,10_M_earth,1000_F_earth
H2_atmosphere_10_M_earth_1000_F_earth.csv,300,2787.4501492523905,OH,2787.4501590552886,0.0,78.15911837479388,541.6851946600699,1.375843896818465e-30,0.0,229103.61020325686,347604210.20325685,299.97058657110904,737.0,True,Jeans,False,H2,10_M_earth,1000_F_earth
H2_atmosphere_10_M_earth_1000_F_earth.csv,300,2787.4501492523905,H,2787.4501590552886,2787.4501590552886,4.597595198517287,2233.4252734167317,35.53511767286443,62222911763.90279,229103.61020325686,347604210.20325685,299.97058657110904,737.0,True,Jeans,False,H2,10_M_earth,1000_F_earth
H2_atmosphere_10_M_earth_1000_F_earth.csv,300,2787.4501492523905,CH4,2787.4501590552886,0.0,73.5615231762766,558.3563183541829,1.325737919843853e-28,0.0,229103.61020325686,347604210.20325685,299.97058657110904,737.0,True,Jeans,False,H2,10_M_earth,1000_F_earth
H2_atmosphere_10_M_earth_1000_F_earth.csv,300,2787.4501492523905,H2O,2787.4501590552886,0.0,82.75671357331117,526.4233853687967,1.425495414632672e-32,0.0,229103.61020325686,347604210.20325685,299.97058657110904,737.0,True,Jeans,False,H2,10_M_earth,1000_F_earth
H2_atmosphere_10_M_earth_1000_F_earth.csv,300,2787.4501492523905,O2,2787.4501590552886,0.0,147.1230463525532,394.8175390265975,2.1022625255805177e-60,0.0,229103.61020325686,347604210.20325685,299.97058657110904,737.0,True,Jeans,False,H2,10_M_earth,1000_F_earth
H2_atmosphere_10_M_earth_1000_F_earth.csv,300,2787.4501492523905,N2O,2787.4501590552886,0.0,202.29418873476064,336.70152860091906,2.6947298412642566e-84,0.0,229103.61020325686,347604210.20325685,299.97058657110904,737.0,True,Jeans,False,H2,10_M_earth,1000_F_earth
H2_atmosphere_10_M_earth_1000_F_earth.csv,300,2787.4501492523905,CO,2787.4501590552886,0.0,128.73266555848403,422.07770323622213,1.909635709852133e-52,0.0,229103.61020325686,347604210.20325685,299.97058657110904,737.0,True,Jeans,False,H2,10_M_earth,1000_F_earth
H2_atmosphere_10_M_earth_1000_F_earth.csv,300,2787.4501492523905,S,2787.4501590552886,7.648121387280716e-78,147.1230463525532,394.8175390265975,2.1022625255805177e-60,9.018178406919927e-11,229103.61020325686,347604210.20325685,299.97058657110904,737.0,True,Jeans,False,H2,10_M_earth,1000_F_earth
H2_atmosphere_10_M_earth_1000_F_earth.csv,300,2787.4501492523905,NH3,2787.4501590552886,0.0,78.15911837479388,541.6851946600699,1.375843896818465e-30,0.0,229103.61020325686,347604210.20325685,299.97058657110904,737.0,True,Jeans,False,H2,10_M_earth,1000_F_earth
H2_atmosphere_10_M_earth_1000_F_earth.csv,300,2787.4501492523905,N,2787.4501590552886,1.156260718176813e-36,64.36633277924201,596.9080122919518,1.223808458870029e-24,5.353222106379774e-05,229103.61020325686,347604210.20325685,299.97058657110904,737.0,True,Jeans,False,H2,10_M_earth,1000_F_earth
H2_atmosphere_10_M_earth_1000_F_earth.csv,300,2787.4501492523905,C,2787.4501590552886,5.743220552526197e-29,55.17114238220744,644.7343414110319,1.118835997179109e-20,0.3393194818630962,229103.61020325686,347604210.20325685,299.97058657110904,737.0,True,Jeans,False,H2,10_M_earth,1000_F_earth
H2_atmosphere_10_M_earth_1000_F_earth.csv,500,14829.11679635864,S2,14829.116848509642,0.0,132.04371564488835,360.4200076695306,6.1001603392067e-54,0.0,346253.35192247917,464753951.92247915,499.95806307523566,772.0,True,Jeans,False,H2,10_M_earth,1000_F_earth
H2_atmosphere_10_M_earth_1000_F_earth.csv,500,14829.11679635864,H2S,14829.116848509642,0.0,70.14822393634692,494.4921709790134,3.40198175769382e-27,0.0,346253.35192247917,464753951.92247915,499.95806307523566,772.0,True,Jeans,False,H2,10_M_earth,1000_F_earth
H2_atmosphere_10_M_earth_1000_F_earth.csv,500,14829.11679635864,SO2,14829.116848509642,0.0,132.04371564488835,360.4200076695306,6.1001603392067e-54,0.0,346253.35192247917,464753951.92247915,499.95806307523566,772.0,True,Jeans,False,H2,10_M_earth,1000_F_earth
H2_atmosphere_10_M_earth_1000_F_earth.csv,500,14829.11679635864,O,14829.116848509642,8.388008916920678e-17,33.01092891122209,720.8400153390612,3.187044886831285e-11,72.9920517402211,346253.35192247917,464753951.92247915,499.95806307523566,772.0,True,Jeans,False,H2,10_M_earth,1000_F_earth
H2_atmosphere_10_M_earth_1000_F_earth.csv,500,14829.11679635864,NO2,14829.116848509642,0.0,94.90642061976351,425.12824774526894,6.973132878311329e-38,0.0,346253.35192247917,464753951.92247915,499.95806307523566,772.0,True,Jeans,False,H2,10_M_earth,1000_F_earth
H2_atmosphere_10_M_earth_1000_F_earth.csv,500,14829.11679635864,CO2,14829.116848509642,0.0,90.78005450586073,434.6828845006722,4.227067479468481e-36,0.0,346253.35192247917,464753951.92247915,499.95806307523566,772.0,True,Jeans,False,H2,10_M_earth,1000_F_earth
H2_atmosphere_10_M_earth_1000_F_earth.csv,500,14829.11679635864,N2,14829.116848509642,0.0,57.769125594638645,544.903833043183,7.362947261996575e-22,0.0,346253.35192247917,464753951.92247915,499.95806307523566,772.0,True,Jeans,False,H2,10_M_earth,1000_F_earth
H2_atmosphere_10_M_earth_1000_F_earth.csv,500,14829.11679635864,H2,14829.116848509642,0.0,4.126366113902761,2038.8434519874604,47.5916250626909,0.0,346253.35192247917,464753951.92247915,499.95806307523566,772.0,True,Jeans,False,H2,10_M_earth,1000_F_earth
H2_atmosphere_10_M_earth_1000_F_earth.csv,500,14829.11679635864,NO,14829.116848509642,0.0,61.89549170854141,526.4271156714317,1.2288031959061173e-23,0.0,346253.35192247917,464753951.92247915,499.95806307523566,772.0,True,Jeans,False,H2,10_M_earth,1000_F_earth
H2_atmosphere_10_M_earth_1000_F_earth.csv,500,14829.11679635864,OH,14829.116848509642,0.0,35.07411196817346,699.3175346858362,4.166504443748348e-12,0.0,346253.35192247917,464753951.92247915,499.95806307523566,772.0,True,Jeans,False,H2,10_M_earth,1000_F_earth
H2_atmosphere_10_M_earth_1000_F_earth.csv,500,14829.11679635864,H,14829.116848509642,14829.116848509642,2.0631830569513805,2883.360061356245,316.54676602431203,20787499757.514687,346253.35192247917,464753951.92247915,499.95806307523566,772.0,True,Jeans,False,H2,10_M_earth,1000_F_earth
H2_atmosphere_10_M_earth_1000_F_earth.csv,500,14829.11679635864,CH4,14829.116848509642,0.0,33.01092891122209,720.8400153390612,3.187044886831285e-11,0.0,346253.35192247917,464753951.92247915,499.95806307523566,772.0,True,Jeans,False,H2,10_M_earth,1000_F_earth
H2_atmosphere_10_M_earth_1000_F_earth.csv,500,14829.11679635864,H2O,14829.116848509642,0.0,37.13729502512484,679.6144839958201,5.43857695674976e-13,0.0,346253.35192247917,464753951.92247915,499.95806307523566,772.0,True,Jeans,False,H2,10_M_earth,1000_F_earth
H2_atmosphere_10_M_earth_1000_F_earth.csv,500,14829.11679635864,O2,14829.116848509642,0.0,66.02185782244418,509.7108629968651,2.0464770669777217e-25,0.0,346253.35192247917,464753951.92247915,499.95806307523566,772.0,True,Jeans,False,H2,10_M_earth,1000_F_earth
H2_atmosphere_10_M_earth_1000_F_earth.csv,500,14829.11679635864,N2O,14829.116848509642,0.0,90.78005450586073,434.6828845006722,4.227067479468481e-36,0.0,346253.35192247917,464753951.92247915,499.95806307523566,772.0,True,Jeans,False,H2,10_M_earth,1000_F_earth
H2_atmosphere_10_M_earth_1000_F_earth.csv,500,14829.11679635864,CO,14829.116848509642,0.0,57.769125594638645,544.903833043183,7.362947261996575e-22,0.0,346253.35192247917,464753951.92247915,499.95806307523566,772.0,True,Jeans,False,H2,10_M_earth,1000_F_earth
H2_atmosphere_10_M_earth_1000_F_earth.csv,500,14829.11679635864,S,14829.116848509642,4.446340924415555e-43,66.02185782244418,509.7108629968651,2.0464770669777217e-25,3.0128030998997054e-11,346253.35192247917,464753951.92247915,499.95806307523566,772.0,True,Jeans,False,H2,10_M_earth,1000_F_earth
H2_atmosphere_10_M_earth_1000_F_earth.csv,500,14829.11679635864,NH3,14829.116848509642,0.0,35.07411196817346,699.3175346858362,4.166504443748348e-12,0.0,346253.35192247917,464753951.92247915,499.95806307523566,772.0,True,Jeans,False,H2,10_M_earth,1000_F_earth
H2_atmosphere_10_M_earth_1000_F_earth.csv,500,14829.11679635864,N,14829.116848509642,1.046504197595533e-21,28.884562797319322,770.6103908787541,1.8546868820089668e-09,1.788410411594535e-05,346253.35192247917,464753951.92247915,499.95806307523566,772.0,True,Jeans,False,H2,10_M_earth,1000_F_earth
H2_atmosphere_10_M_earth_1000_F_earth.csv,500,14829.11679635864,C,14829.116848509642,3.2793494228594854e-16,24.75819668341656,832.3543537973219,1.0697211365635721e-07,0.11336023093411564,346253.35192247917,464753951.92247915,499.95806307523566,772.0,True,Jeans,False,H2,10_M_earth,1000_F_earth
H2_atmosphere_10_M_earth_1000_F_earth.csv,1000,23669.47417804878,S2,23669.474261535295,0.0,38.9096412454793,509.7207499725786,7.253752270765372e-14,0.0,670063.0573104891,788563657.3104892,999.9549177205727,835.0,True,Jeans,False,H2,10_M_earth,1000_F_earth
H2_atmosphere_10_M_earth_1000_F_earth.csv,1000,23669.47417804878,H2S,23669.474261535295,0.0,20.670746911660878,699.3310995046058,4.505681299021568e-06,0.0,670063.0573104891,788563657.3104892,999.9549177205727,835.0,True,Jeans,False,H2,10_M_earth,1000_F_earth
H2_atmosphere_10_M_earth_1000_F_earth.csv,1000,23669.47417804878,SO2,23669.474261535295,0.0,38.9096412454793,509.7207499725786,7.253752270765372e-14,0.0,670063.0573104891,788563657.3104892,999.9549177205727,835.0,True,Jeans,False,H2,10_M_earth,1000_F_earth
H2_atmosphere_10_M_earth_1000_F_earth.csv,1000,23669.47417804878,O,23669.474261535295,2.4289307701500457e-07,9.727410311369825,1019.4414999451571,0.1839465504259609,12.720407497251193,670063.0573104891,788563657.3104892,999.9549177205727,835.0,True,Jeans,False,H2,10_M_earth,1000_F_earth
H2_atmosphere_10_M_earth_1000_F_earth.csv,1000,23669.47417804878,NO2,23669.474261535295,0.0,27.966304645188252,601.2337957495857,3.5133365993628087e-09,0.0,670063.0573104891,788563657.3104892,999.9549177205727,835.0,True,Jeans,False,H2,10_M_earth,1000_F_earth
H2_atmosphere_10_M_earth_1000_F_earth.csv,1000,23669.47417804878,CO2,23669.474261535295,0.0,26.75037835626702,614.7463547336729,1.160962601832353e-08,0.0,670063.0573104891,788563657.3104892,999.9549177205727,835.0,True,Jeans,False,H2,10_M_earth,1000_F_earth
H2_atmosphere_10_M_earth_1000_F_earth.csv,1000,23669.47417804878,N2,23669.474261535295,0.0,17.022968044897194,770.625338581015,0.00015851982270004834,0.0,670063.0573104891,788563657.3104892,999.9549177205727,835.0,True,Jeans,False,H2,10_M_earth,1000_F_earth
H2_atmosphere_10_M_earth_1000_F_earth.csv,1000,23669.47417804878,H2,23669.474261535295,0.0,1.2159262889212281,2883.415990536824,534.3029877739568,0.0,670063.0573104891,788563657.3104892,999.9549177205727,835.0,False,hydrodynamic_candidate,False,H2,10_M_earth,1000_F_earth
H2_atmosphere_10_M_earth_1000_F_earth.csv,1000,23669.47417804878,NO,23669.474261535295,0.0,18.238894333818422,744.4948074358189,4.846025389888072e-05,0.0,670063.0573104891,788563657.3104892,999.9549177205727,835.0,True,Jeans,False,H2,10_M_earth,1000_F_earth
H2_atmosphere_10_M_earth_1000_F_earth.csv,1000,23669.47417804878,OH,23669.474261535295,0.0,10.335373455830439,989.003525508702,0.10266752211509715,0.0,670063.0573104891,788563657.3104892,999.9549177205727,835.0,True,Jeans,False,H2,10_M_earth,1000_F_earth
H2_atmosphere_10_M_earth_1000_F_earth.csv,1000,23669.47417804878,H,23669.474261535295,23669.474261289528,0.6079631444606141,4077.7659997806286,1007.0671269276583,3622661118.0308805,670063.0573104891,788563657.3104892,999.9549177205727,835.0,False,hydrodynamic_candidate,False,H2,10_M_earth,1000_F_earth
H2_atmosphere_10_M_earth_1000_F_earth.csv,1000,23669.47417804878,CH4,23669.474261535295,0.0,9.727410311369825,1019.4414999451571,0.1839465504259609,0.0,670063.0573104891,788563657.3104892,999.9549177205727,835.0,True,Jeans,False,H2,10_M_earth,1000_F_earth
H2_atmosphere_10_M_earth_1000_F_earth.csv,1000,23669.47417804878,H2O,23669.474261535295,0.0,10.943336600291053,961.1386635122748,0.057236898026483865,0.0,670063.0573104891,788563657.3104892,999.9549177205727,835.0,True,Jeans,False,H2,10_M_earth,1000_F_earth
H2_atmosphere_10_M_earth_1000_F_earth.csv,1000,23669.47417804878,O2,23669.474261535295,0.0,19.45482062273965,720.853997634206,1.4788250948776062e-05,0.0,670063.0573104891,788563657.3104892,999.9549177205727,835.0,True,Jeans,False,H2,10_M_earth,1000_F_earth
H2_atmosphere_10_M_earth_1000_F_earth.csv,1000,23669.47417804878,N2O,23669.474261535295,0.0,26.75037835626702,614.7463547336729,1.160962601832353e-08,0.0,670063.0573104891,788563657.3104892,999.9549177205727,835.0,True,Jeans,False,H2,10_M_earth,1000_F_earth
H2_atmosphere_10_M_earth_1000_F_earth.csv,1000,23669.47417804878,CO,23669.474261535295,0.0,17.022968044897194,770.625338581015,0.00015851982270004834,0.0,670063.0573104891,788563657.3104892,999.9549177205727,835.0,True,Jeans,False,H2,10_M_earth,1000_F_earth
H2_atmosphere_10_M_earth_1000_F_earth.csv,1000,23669.47417804878,S,23669.474261535295,1.6120016211454005e-23,19.45482062273965,720.853997634206,1.4788250948776062e-05,5.250446072690403e-12,670063.0573104891,788563657.3104892,999.9549177205727,835.0,True,Jeans,False,H2,10_M_earth,1000_F_earth
H2_atmosphere_10_M_earth_1000_F_earth.csv,1000,23669.47417804878,NH3,23669.474261535295,0.0,10.335373455830439,989.003525508702,0.10266752211509715,0.0,670063.0573104891,788563657.3104892,999.9549177205727,835.0,True,Jeans,False,H2,10_M_earth,1000_F_earth
H2_atmosphere_10_M_earth_1000_F_earth.csv,1000,23669.47417804878,N,23669.474261535295,1.665076722208569e-13,8.511484022448597,1089.8288053296296,0.588181132903566,3.116683072394522e-06,670063.0573104891,788563657.3104892,999.9549177205727,835.0,True,Jeans,False,H2,10_M_earth,1000_F_earth
H2_atmosphere_10_M_earth_1000_F_earth.csv,1000,23669.47417804878,C,23669.474261535295,2.8748935743261213e-09,7.295557733527368,1177.1496488328248,1.8691832021581969,0.019755415789605307,670063.0573104891,788563657.3104892,999.9549177205727,835.0,True,Jeans,False,H2,10_M_earth,1000_F_earth
H2_atmosphere_10_M_earth_1000_F_earth.csv,2000,18907.717829622397,S2,18907.717971672442,0.0,10.12957038202087,720.863663995957,0.09026306619281997,0.0,1395971.632213788,1514472232.213788,1999.9634717714375,913.0,True,Jeans,False,H2,10_M_earth,1000_F_earth
H2_atmosphere_10_M_earth_1000_F_earth.csv,2000,18907.717829622397,H2S,18907.717971672442,0.0,5.3813342654485865,989.0167876476121,8.19268862077953,0.0,1395971.632213788,1514472232.213788,1999.9634717714375,913.0,True,Jeans,False,H2,10_M_earth,1000_F_earth
H2_atmosphere_10_M_earth_1000_F_earth.csv,2000,18907.717829622397,SO2,18907.717971672442,0.0,10.12957038202087,720.863663995957,0.09026306619281997,0.0,1395971.632213788,1514472232.213788,1999.9634717714375,913.0,True,Jeans,False,H2,10_M_earth,1000_F_earth
H2_atmosphere_10_M_earth_1000_F_earth.csv,2000,18907.717829622397,O,18907.717971672442,7.539863855511299e-05,2.5323925955052173,1441.727327991914,114.16764273342628,1.7248403009611026,1395971.632213788,1514472232.213788,1999.9634717714375,913.0,True,Jeans,False,H2,10_M_earth,1000_F_earth
H2_atmosphere_10_M_earth_1000_F_earth.csv,2000,18907.717829622397,NO2,18907.717971672442,0.0,7.280628712077501,850.2843899244031,1.3679987853125213,0.0,1395971.632213788,1514472232.213788,1999.9634717714375,913.0,True,Jeans,False,H2,10_M_earth,1000_F_earth
H2_atmosphere_10_M_earth_1000_F_earth.csv,2000,18907.717829622397,CO2,18907.717971672442,0.0,6.9640796376393475,869.3942903546968,1.8462312072301181,0.0,1395971.632213788,1514472232.213788,1999.9634717714375,913.0,True,Jeans,False,H2,10_M_earth,1000_F_earth
H2_atmosphere_10_M_earth_1000_F_earth.csv,2000,18907.717829622397,N2,18907.717971672442,0.0,4.43168704213413,1089.8434194949302,19.862626930405938,0.0,1395971.632213788,1514472232.213788,1999.9634717714375,913.0,True,Jeans,False,H2,10_M_earth,1000_F_earth
H2_atmosphere_10_M_earth_1000_F_earth.csv,2000,18907.717829622397,H2,18907.717971672442,0.0,0.31654907443815217,4077.820680980177,1103.5314832555482,0.0,1395971.632213788,1514472232.213788,1999.9634717714375,913.0,False,hydrodynamic_candidate,False,H2,10_M_earth,1000_F_earth
H2_atmosphere_10_M_earth_1000_F_earth.csv,2000,18907.717829622397,NO,18907.717971672442,0.0,4.748236116572282,1052.888772417094,14.79719569393885,0.0,1395971.632213788,1514472232.213788,1999.9634717714375,913.0,True,Jeans,False,H2,10_M_earth,1000_F_earth
H2_atmosphere_10_M_earth_1000_F_earth.csv,2000,18907.717829622397,OH,18907.717971672442,0.0,2.6906671327242933,1398.6809545059243,98.78175052454678,0.0,1395971.632213788,1514472232.213788,1999.9634717714375,913.0,True,Jeans,False,H2,10_M_earth,1000_F_earth
H2_atmosphere_10_M_earth_1000_F_earth.csv,2000,18907.717829622397,H,18907.717971672442,18907.717896117014,0.15827453721907608,5766.909311967656,1608.4662067263775,491219475.0407748,1395971.632213788,1514472232.213788,1999.9634717714375,913.0,False,hydrodynamic_candidate,False,H2,10_M_earth,1000_F_earth
H2_atmosphere_10_M_earth_1000_F_earth.csv,2000,18907.717829622397,CH4,18907.717971672442,0.0,2.5323925955052173,1441.727327991914,114.16764273342628,0.0,1395971.632213788,1514472232.213788,1999.9634717714375,913.0,True,Jeans,False,H2,10_M_earth,1000_F_earth
H2_atmosphere_10_M_earth_1000_F_earth.csv,2000,18907.717829622397,H2O,18907.717971672442,0.0,2.8489416699433696,1359.2735603267256,85.46014401277073,0.0,1395971.632213788,1514472232.213788,1999.9634717714375,913.0,True,Jeans,False,H2,10_M_earth,1000_F_earth
H2_atmosphere_10_M_earth_1000_F_earth.csv,2000,18907.717829622397,O2,18907.717971672442,0.0,5.064785191010435,1019.4551702450442,11.014641423157956,0.0,1395971.632213788,1514472232.213788,1999.9634717714375,913.0,True,Jeans,False,H2,10_M_earth,1000_F_earth
H2_atmosphere_10_M_earth_1000_F_earth.csv,2000,18907.717829622397,N2O,18907.717971672442,0.0,6.9640796376393475,869.3942903546968,1.8462312072301181,0.0,1395971.632213788,1514472232.213788,1999.9634717714375,913.0,True,Jeans,False,H2,10_M_earth,1000_F_earth
H2_atmosphere_10_M_earth_1000_F_earth.csv,2000,18907.717829622397,CO,18907.717971672442,0.0,4.43168704213413,1089.8434194949302,19.862626930405938,0.0,1395971.632213788,1514472232.213788,1999.9634717714375,913.0,True,Jeans,False,H2,10_M_earth,1000_F_earth
H2_atmosphere_10_M_earth_1000_F_earth.csv,2000,18907.717829622397,S,18907.717971672442,6.005041417760374e-18,5.064785191010435,1019.4551702450442,11.014641423157956,7.119411061443072e-13,1395971.632213788,1514472232.213788,1999.9634717714375,913.0,True,Jeans,False,H2,10_M_earth,1000_F_earth
H2_atmosphere_10_M_earth_1000_F_earth.csv,2000,18907.717829622397,NH3,18907.717971672442,0.0,2.6906671327242933,1398.6809545059243,98.78175052454678,0.0,1395971.632213788,1514472232.213788,1999.9634717714375,913.0,True,Jeans,False,H2,10_M_earth,1000_F_earth
H2_atmosphere_10_M_earth_1000_F_earth.csv,2000,18907.717829622397,N,18907.717971672442,2.1590395977132736e-11,2.215843521067065,1541.2713447128006,152.4896847142045,4.2261071980209876e-07,1395971.632213788,1514472232.213788,1999.9634717714375,913.0,True,Jeans,False,H2,10_M_earth,1000_F_earth
H2_atmosphere_10_M_earth_1000_F_earth.csv,2000,18907.717829622397,C,18907.717971672442,1.5676664961145785e-07,1.8992944466289128,1664.763321828343,203.7918411285237,0.002678761456621412,1395971.632213788,1514472232.213788,1999.9634717714375,913.0,True,Jeans,False,H2,10_M_earth,1000_F_earth
H2_atmosphere_10_M_earth_1000_F_earth.csv,3000,,None,,,,,,,,,,,False,unphysical_extension,True,H2,10_M_earth,1000_F_earth
H2_atmosphere_10_M_earth_1000_F_earth.csv,4000,,None,,,,,,,,,,,False,unphysical_extension,True,H2,10_M_earth,1000_F_earth
H2_atmosphere_10_M_earth_1000_F_earth.csv,5000,,None,,,,,,,,,,,False,unphysical_extension,True,H2,10_M_earth,1000_F_earth
H2_atmosphere_10_M_earth_1000_F_earth.csv,6000,,None,,,,,,,,,,,False,unphysical_extension,True,H2,10_M_earth,1000_F_earth
H2_atmosphere_10_M_earth_1000_F_earth.csv,7000,,None,,,,,,,,,,,False,unphysical_extension,True,H2,10_M_earth,1000_F_earth
H2O_atmosphere_1_M_earth_1_F_earth.csv,200,69.42871546244393,S2,88.45015345979216,0.0,472.21506843733755,227.8749741416315,2.527852747058048e-201,0.0,26198.611954219403,32510637.327619404,199.852257559129,543.0,True,Jeans,False,H2O,1_M_earth,1_F_earth
H2O_atmosphere_1_M_earth_1_F_earth.csv,200,69.42871546244393,H2S,88.45015345979216,0.0,250.86425510733557,312.6418852374047,2.498314250461959e-105,0.0,26198.611954219403,32510637.327619404,199.852257559129,543.0,True,Jeans,False,H2O,1_M_earth,1_F_earth
H2O_atmosphere_1_M_earth_1_F_earth.csv,200,69.42871546244393,SO2,88.45015345979216,0.0,472.21506843733755,227.8749741416315,2.527852747058048e-201,0.0,26198.611954219403,32510637.327619404,199.852257559129,543.0,True,Jeans,False,H2O,1_M_earth,1_F_earth
H2O_atmosphere_1_M_earth_1_F_earth.csv,200,69.42871546244393,O,88.45015345979216,1.1838557497291703e-45,118.05376710933439,455.749948283263,8.217982545269116e-48,816457640362.163,26198.611954219403,32510637.327619404,199.852257559129,543.0,True,Jeans,False,H2O,1_M_earth,1_F_earth
H2O_atmosphere_1_M_earth_1_F_earth.csv,200,69.42871546244393,NO2,88.45015345979216,0.0,339.40458043933637,268.78665556951,1.0239099168731007e-143,0.0,26198.611954219403,32510637.327619404,199.852257559129,543.0,True,Jeans,False,H2O,1_M_earth,1_F_earth
H2O_atmosphere_1_M_earth_1_F_earth.csv,200,69.42871546244393,CO2,88.45015345979216,0.0,324.6478595506695,274.8275593962657,2.5670221289267807e-137,0.0,26198.611954219403,32510637.327619404,199.852257559129,543.0,True,Jeans,False,H2O,1_M_earth,1_F_earth
H2O_atmosphere_1_M_earth_1_F_earth.csv,200,69.42871546244393,N2,88.45015345979216,0.0,206.59409244133516,344.5145780537321,3.820703367250665e-86,0.0,26198.611954219403,32510637.327619404,199.852257559129,543.0,True,Jeans,False,H2O,1_M_earth,1_F_earth
H2O_atmosphere_1_M_earth_1_F_earth.csv,200,69.42871546244393,H2,88.45015345979216,0.0,14.756720888666798,1289.0555158260543,0.002235476344964081,0.0,26198.611954219403,32510637.327619404,199.852257559129,543.0,True,Jeans,False,H2O,1_M_earth,1_F_earth
H2O_atmosphere_1_M_earth_1_F_earth.csv,200,69.42871546244393,NO,88.45015345979216,0.0,221.35081333000196,332.8327030087413,1.5424922418174075e-92,0.0,26198.611954219403,32510637.327619404,199.852257559129,543.0,True,Jeans,False,H2O,1_M_earth,1_F_earth
H2O_atmosphere_1_M_earth_1_F_earth.csv,200,69.42871546244393,OH,88.45015345979216,0.0,125.43212755366778,442.1423942686305,5.288516003197349e-51,0.0,26198.611954219403,32510637.327619404,199.852257559129,543.0,True,Jeans,False,H2O,1_M_earth,1_F_earth
H2O_atmosphere_1_M_earth_1_F_earth.csv,200,69.42871546244393,H,88.45015345979216,88.45015345979216,7.378360444333399,1822.999793133052,2.691283823857882,2980294330173.609,26198.611954219403,32510637.327619404,199.852257559129,543.0,True,Jeans,False,H2O,1_M_earth,1_F_earth
H2O_atmosphere_1_M_earth_1_F_earth.csv,200,69.42871546244393,CH4,88.45015345979216,0.0,118.05376710933439,455.749948283263,8.217982545269116e-48,0.0,26198.611954219403,32510637.327619404,199.852257559129,543.0,True,Jeans,False,H2O,1_M_earth,1_F_earth
H2O_atmosphere_1_M_earth_1_F_earth.csv,200,69.42871546244393,H2O,88.45015345979216,0.0,132.8104879980012,429.68517194201814,3.397609896161717e-54,0.0,26198.611954219403,32510637.327619404,199.852257559129,543.0,True,Jeans,False,H2O,1_M_earth,1_F_earth
H2O_atmosphere_1_M_earth_1_F_earth.csv,200,69.42871546244393,O2,88.45015345979216,0.0,236.10753421866877,322.26387895651357,6.213736110692938e-99,0.0,26198.611954219403,32510637.327619404,199.852257559129,543.0,True,Jeans,False,H2O,1_M_earth,1_F_earth
H2O_atmosphere_1_M_earth_1_F_earth.csv,200,69.42871546244393,N2O,88.45015345979216,0.0,324.6478595506695,274.8275593962657,2.5670221289267807e-137,0.0,26198.611954219403,32510637.327619404,199.852257559129,543.0,True,Jeans,False,H2O,1_M_earth,1_F_earth
H2O_atmosphere_1_M_earth_1_F_earth.csv,200,69.42871546244393,CO,88.45015345979216,0.0,206.59409244133516,344.5145780537321,3.820703367250665e-86,0.0,26198.611954219403,32510637.327619404,199.852257559129,543.0,True,Jeans,False,H2O,1_M_earth,1_F_earth
H2O_atmosphere_1_M_earth_1_F_earth.csv,200,69.42871546244393,S,88.45015345979216,5.157383517496329e-101,236.10753421866877,322.26387895651357,6.213736110692938e-99,23520508.7401841,26198.611954219403,32510637.327619404,199.852257559129,543.0,True,Jeans,False,H2O,1_M_earth,1_F_earth
H2O_atmosphere_1_M_earth_1_F_earth.csv,200,69.42871546244393,NH3,88.45015345979216,0.0,125.43212755366778,442.1423942686305,5.288516003197349e-51,0.0,26198.611954219403,32510637.327619404,199.852257559129,543.0,True,Jeans,False,H2O,1_M_earth,1_F_earth
H2O_atmosphere_1_M_earth_1_F_earth.csv,200,69.42871546244393,N,88.45015345979216,7.954489639669223e-44,103.29704622066758,487.2171887188322,1.972661224604491e-41,26118717.238151524,26198.611954219403,32510637.327619404,199.852257559129,543.0,True,Jeans,False,H2O,1_M_earth,1_F_earth
H2O_atmosphere_1_M_earth_1_F_earth.csv,200,69.42871546244393,C,88.45015345979216,3.8625104385675746e-38,88.54032533200079,526.2547106489998,4.6885118146314644e-35,6225489.030788351,26198.611954219403,32510637.327619404,199.852257559129,543.0,True,Jeans,False,H2O,1_M_earth,1_F_earth
H2O_atmosphere_1_M_earth_1_F_earth.csv,300,553.024666161567,S2,704.5372546968779,0.0,302.00533721746143,279.0390400335417,1.652946726090206e-127,0.0,27589.09358396553,33901118.95736553,299.67170034428375,548.0,True,Jeans,False,H2O,1_M_earth,1_F_earth
H2O_atmosphere_1_M_earth_1_F_earth.csv,300,553.024666161567,H2S,704.5372546968779,0.0,160.4403353967764,382.8384045222102,3.6565395839914036e-66,0.0,27589.09358396553,33901118.95736553,299.67170034428375,548.0,True,Jeans,False,H2O,1_M_earth,1_F_earth
H2O_atmosphere_1_M_earth_1_F_earth.csv,300,553.024666161567,SO2,704.5372546968779,0.0,302.00533721746143,279.0390400335417,1.652946726090206e-127,0.0,27589.09358396553,33901118.95736553,299.67170034428375,548.0,True,Jeans,False,H2O,1_M_earth,1_F_earth
H2O_atmosphere_1_M_earth_1_F_earth.csv,300,553.024666161567,O,704.5372546968779,1.877372534118913e-27,75.50133430436536,558.0780800670834,1.9540972704934256e-29,500757274158.8412,27589.09358396553,33901118.95736553,299.67170034428375,548.0,True,Jeans,False,H2O,1_M_earth,1_F_earth
H2O_atmosphere_1_M_earth_1_F_earth.csv,300,553.024666161567,NO2,704.5372546968779,0.0,217.0663361250504,329.1364952490403,1.0855447942431088e-90,0.0,27589.09358396553,33901118.95736553,299.67170034428375,548.0,True,Jeans,False,H2O,1_M_earth,1_F_earth
H2O_atmosphere_1_M_earth_1_F_earth.csv,300,553.024666161567,CO2,704.5372546968779,0.0,207.62866933700474,336.53374460080624,1.3329452028454489e-86,0.0,27589.09358396553,33901118.95736553,299.67170034428375,548.0,True,Jeans,False,H2O,1_M_earth,1_F_earth
H2O_atmosphere_1_M_earth_1_F_earth.csv,300,553.024666161567,N2,704.5372546968779,0.0,132.12733503263937,421.867374861113,6.571518479976639e-54,0.0,27589.09358396553,33901118.95736553,299.67170034428375,548.0,True,Jeans,False,H2O,1_M_earth,1_F_earth
H2O_atmosphere_1_M_earth_1_F_earth.csv,300,553.024666161567,H2,704.5372546968779,0.0,9.43766678804567,1578.4831793880146,0.37026430522350584,0.0,27589.09358396553,33901118.95736553,299.67170034428375,548.0,True,Jeans,False,H2O,1_M_earth,1_F_earth
H2O_atmosphere_1_M_earth_1_F_earth.csv,300,553.024666161567,NO,704.5372546968779,0.0,141.56500182068504,407.56260440255437,5.416306088591059e-58,0.0,27589.09358396553,33901118.95736553,299.67170034428375,548.0,True,Jeans,False,H2O,1_M_earth,1_F_earth
H2O_atmosphere_1_M_earth_1_F_earth.csv,300,553.024666161567,OH,704.5372546968779,0.0,80.2201676983882,541.4152638725869,1.7964423161902119e-31,0.0,27589.09358396553,33901118.95736553,299.67170034428375,548.0,True,Jeans,False,H2O,1_M_earth,1_F_earth
H2O_atmosphere_1_M_earth_1_F_earth.csv,300,553.024666161567,H,704.5372546968779,704.5372546968779,4.718833394022835,2232.3123202683337,32.14357406474957,1827901401359.6436,27589.09358396553,33901118.95736553,299.67170034428375,548.0,True,Jeans,False,H2O,1_M_earth,1_F_earth
H2O_atmosphere_1_M_earth_1_F_earth.csv,300,553.024666161567,CH4,704.5372546968779,0.0,75.50133430436536,558.0780800670834,1.9540972704934256e-29,0.0,27589.09358396553,33901118.95736553,299.67170034428375,548.0,True,Jeans,False,H2O,1_M_earth,1_F_earth
H2O_atmosphere_1_M_earth_1_F_earth.csv,300,553.024666161567,H2O,704.5372546968779,0.0,84.93900109241103,526.1610597960049,1.64878717317548e-33,0.0,27589.09358396553,33901118.95736553,299.67170034428375,548.0,True,Jeans,False,H2O,1_M_earth,1_F_earth
H2O_atmosphere_1_M_earth_1_F_earth.csv,300,553.024666161567,O2,704.5372546968779,0.0,151.00266860873072,394.62079484700365,4.454515948534404e-62,0.0,27589.09358396553,33901118.95736553,299.67170034428375,548.0,True,Jeans,False,H2O,1_M_earth,1_F_earth
H2O_atmosphere_1_M_earth_1_F_earth.csv,300,553.024666161567,N2O,704.5372546968779,0.0,207.62866933700474,336.53374460080624,1.3329452028454489e-86,0.0,27589.09358396553,33901118.95736553,299.67170034428375,548.0,True,Jeans,False,H2O,1_M_earth,1_F_earth
H2O_atmosphere_1_M_earth_1_F_earth.csv,300,553.024666161567,CO,704.5372546968779,0.0,132.12733503263937,421.867374861113,6.571518479976639e-54,0.0,27589.09358396553,33901118.95736553,299.67170034428375,548.0,True,Jeans,False,H2O,1_M_earth,1_F_earth
H2O_atmosphere_1_M_earth_1_F_earth.csv,300,553.024666161567,S,704.5372546968779,2.4657432292193846e-64,151.00266860873072,394.62079484700365,4.454515948534404e-62,14425813.73644724,27589.09358396553,33901118.95736553,299.67170034428375,548.0,True,Jeans,False,H2O,1_M_earth,1_F_earth
H2O_atmosphere_1_M_earth_1_F_earth.csv,300,553.024666161567,NH3,704.5372546968779,0.0,80.2201676983882,541.4152638725869,1.7964423161902119e-31,0.0,27589.09358396553,33901118.95736553,299.67170034428375,548.0,True,Jeans,False,H2O,1_M_earth,1_F_earth
H2O_atmosphere_1_M_earth_1_F_earth.csv,300,553.024666161567,N,704.5372546968779,6.181837301125628e-28,66.06366751631968,596.6105630513205,2.2987251622934234e-25,16019370.757435344,27589.09358396553,33901118.95736553,299.67170034428375,548.0,True,Jeans,False,H2O,1_M_earth,1_F_earth
H2O_atmosphere_1_M_earth_1_F_earth.csv,300,553.024666161567,C,704.5372546968779,1.4713757458866381e-24,56.62600072827402,644.4130595111202,2.6780472362779007e-21,3818273.9229196305,27589.09358396553,33901118.95736553,299.67170034428375,548.0,True,Jeans,False,H2O,1_M_earth,1_F_earth
H2O_atmosphere_1_M_earth_1_F_earth.csv,500,2217.6454217691153,S2,2825.215425179338,0.0,167.04995794942042,360.2101795047795,4.825191102164683e-69,0.0,30467.003285166564,36779028.658566564,499.3761045608065,558.0,True,Jeans,False,H2O,1_M_earth,1_F_earth
H2O_atmosphere_1_M_earth_1_F_earth.csv,500,2217.6454217691153,H2S,2825.215425179338,0.0,88.74529016062961,494.2042891119905,3.595203125369813e-35,0.0,30467.003285166564,36779028.658566564,499.3761045608065,558.0,True,Jeans,False,H2O,1_M_earth,1_F_earth
H2O_atmosphere_1_M_earth_1_F_earth.csv,500,2217.6454217691153,SO2,2825.215425179338,0.0,167.04995794942042,360.2101795047795,4.825191102164683e-69,0.0,30467.003285166564,36779028.658566564,499.3761045608065,558.0,True,Jeans,False,H2O,1_M_earth,1_F_earth
H2O_atmosphere_1_M_earth_1_F_earth.csv,500,2217.6454217691153,O,2825.215425179338,3.6364745929953433e-13,41.762489487355104,720.420359009559,6.336147678857183e-15,254159183768.0531,30467.003285166564,36779028.658566564,499.3761045608065,558.0,True,Jeans,False,H2O,1_M_earth,1_F_earth
H2O_atmosphere_1_M_earth_1_F_earth.csv,500,2217.6454217691153,NO2,2825.215425179338,0.0,120.06715727614593,424.88074794473056,1.0403622928551377e-48,0.0,30467.003285166564,36779028.658566564,499.3761045608065,558.0,True,Jeans,False,H2O,1_M_earth,1_F_earth
H2O_atmosphere_1_M_earth_1_F_earth.csv,500,2217.6454217691153,CO2,2825.215425179338,0.0,114.84684609022653,434.4298222123346,1.8829873058581853e-46,0.0,30467.003285166564,36779028.658566564,499.3761045608065,558.0,True,Jeans,False,H2O,1_M_earth,1_F_earth
H2O_atmosphere_1_M_earth_1_F_earth.csv,500,2217.6454217691153,N2,2825.215425179338,0.0,73.08435660287142,544.5866026763325,2.0704071011364153e-28,0.0,30467.003285166564,36779028.658566564,499.3761045608065,558.0,True,Jeans,False,H2O,1_M_earth,1_F_earth
H2O_atmosphere_1_M_earth_1_F_earth.csv,500,2217.6454217691153,H2,2825.215425179338,0.0,5.220311185919388,2037.656484642025,19.327950688110167,0.0,30467.003285166564,36779028.658566564,499.3761045608065,558.0,True,Jeans,False,H2O,1_M_earth,1_F_earth
H2O_atmosphere_1_M_earth_1_F_earth.csv,500,2217.6454217691153,NO,2825.215425179338,0.0,78.30466778879082,526.1206420206742,1.1574281258512917e-30,0.0,30467.003285166564,36779028.658566564,499.3761045608065,558.0,True,Jeans,False,H2O,1_M_earth,1_F_earth
H2O_atmosphere_1_M_earth_1_F_earth.csv,500,2217.6454217691153,OH,2825.215425179338,0.0,44.372645080314804,698.9104082451311,4.795299843830348e-16,0.0,30467.003285166564,36779028.658566564,499.3761045608065,558.0,True,Jeans,False,H2O,1_M_earth,1_F_earth
H2O_atmosphere_1_M_earth_1_F_earth.csv,500,2217.6454217691153,H,2825.215425179338,2825.2154251793377,2.610155592959694,2881.681436038236,215.76986291863244,927750733044.1343,30467.003285166564,36779028.658566564,499.3761045608065,558.0,True,Jeans,False,H2O,1_M_earth,1_F_earth
H2O_atmosphere_1_M_earth_1_F_earth.csv,500,2217.6454217691153,CH4,2825.215425179338,0.0,41.762489487355104,720.420359009559,6.336147678857183e-15,0.0,30467.003285166564,36779028.658566564,499.3761045608065,558.0,True,Jeans,False,H2O,1_M_earth,1_F_earth
H2O_atmosphere_1_M_earth_1_F_earth.csv,500,2217.6454217691153,H2O,2825.215425179338,0.0,46.9828006732745,679.2188282140082,3.623425203535272e-17,0.0,30467.003285166564,36779028.658566564,499.3761045608065,558.0,True,Jeans,False,H2O,1_M_earth,1_F_earth
H2O_atmosphere_1_M_earth_1_F_earth.csv,500,2217.6454217691153,O2,2825.215425179338,0.0,83.52497897471021,509.4141211605062,6.456745212685871e-33,0.0,30467.003285166564,36779028.658566564,499.3761045608065,558.0,True,Jeans,False,H2O,1_M_earth,1_F_earth
H2O_atmosphere_1_M_earth_1_F_earth.csv,500,2217.6454217691153,N2O,2825.215425179338,0.0,114.84684609022653,434.4298222123346,1.8829873058581853e-46,0.0,30467.003285166564,36779028.658566564,499.3761045608065,558.0,True,Jeans,False,H2O,1_M_earth,1_F_earth
H2O_atmosphere_1_M_earth_1_F_earth.csv,500,2217.6454217691153,CO,2825.215425179338,0.0,73.08435660287142,544.5866026763325,2.0704071011364153e-28,0.0,30467.003285166564,36779028.658566564,499.3761045608065,558.0,True,Jeans,False,H2O,1_M_earth,1_F_earth
H2O_atmosphere_1_M_earth_1_F_earth.csv,500,2217.6454217691153,S,2825.215425179338,2.1350692473078914e-35,83.52497897471021,509.4141211605062,6.456745212685871e-33,7321816.843508083,30467.003285166564,36779028.658566564,499.3761045608065,558.0,True,Jeans,False,H2O,1_M_earth,1_F_earth
H2O_atmosphere_1_M_earth_1_F_earth.csv,500,2217.6454217691153,NH3,2825.215425179338,0.0,44.372645080314804,698.9104082451311,4.795299843830348e-16,0.0,30467.003285166564,36779028.658566564,499.3761045608065,558.0,True,Jeans,False,H2O,1_M_earth,1_F_earth
H2O_atmosphere_1_M_earth_1_F_earth.csv,500,2217.6454217691153,N,2825.215425179338,1.767305381108902e-15,36.54217830143571,770.1617593915574,1.1000947544937864e-12,8130626.166193458,30467.003285166564,36779028.658566564,499.3761045608065,558.0,True,Jeans,False,H2O,1_M_earth,1_F_earth
H2O_atmosphere_1_M_earth_1_F_earth.csv,500,2217.6454217691153,C,2825.215425179338,6.211394995193883e-14,31.32186711551633,831.8697764077114,1.892486555893725e-10,1937963.627752049,30467.003285166564,36779028.658566564,499.3761045608065,558.0,True,Jeans,False,H2O,1_M_earth,1_F_earth
H2O_atmosphere_1_M_earth_1_F_earth.csv,1000,4152.925417205421,S2,5290.709010624897,0.0,69.06131400600522,509.45347369418624,1.0233643606271774e-26,0.0,38162.845574124236,44474870.94752424,998.9065234463287,581.0,True,Jeans,False,H2O,1_M_earth,1_F_earth
H2O_atmosphere_1_M_earth_1_F_earth.csv,1000,4152.925417205421,H2S,5290.709010624897,0.0,36.68882306569028,698.9643994759143,8.655841492974532e-13,0.0,38162.845574124236,44474870.94752424,998.9065234463287,581.0,True,Jeans,False,H2O,1_M_earth,1_F_earth
H2O_atmosphere_1_M_earth_1_F_earth.csv,1000,4152.925417205421,SO2,5290.709010624897,0.0,69.06131400600522,509.45347369418624,1.0233643606271774e-26,0.0,38162.845574124236,44474870.94752424,998.9065234463287,581.0,True,Jeans,False,H2O,1_M_earth,1_F_earth
H2O_atmosphere_1_M_earth_1_F_earth.csv,1000,4152.925417205421,O,5290.709010624897,0.004757803927690052,17.265328501501305,1018.9069473883725,0.00016669408226875653,86438658045.49493,38162.845574124236,44474870.94752424,998.9065234463287,581.0,True,Jeans,False,H2O,1_M_earth,1_F_earth
H2O_atmosphere_1_M_earth_1_F_earth.csv,1000,4152.925417205421,NO2,5290.709010624897,0.0,49.637819441816255,600.9185338510259,2.3782340104875003e-18,0.0,38162.845574124236,44474870.94752424,998.9065234463287,581.0,True,Jeans,False,H2O,1_M_earth,1_F_earth
H2O_atmosphere_1_M_earth_1_F_earth.csv,1000,4152.925417205421,CO2,5290.709010624897,0.0,47.47965337912859,614.4240074133857,2.014982531009187e-17,0.0,38162.845574124236,44474870.94752424,998.9065234463287,581.0,True,Jeans,False,H2O,1_M_earth,1_F_earth
H2O_atmosphere_1_M_earth_1_F_earth.csv,1000,4152.925417205421,N2,5290.709010624897,0.0,30.214324877627284,770.2212548301733,5.122122308157701e-10,0.0,38162.845574124236,44474870.94752424,998.9065234463287,581.0,True,Jeans,False,H2O,1_M_earth,1_F_earth
H2O_atmosphere_1_M_earth_1_F_earth.csv,1000,4152.925417205421,H2,5290.709010624897,0.0,2.158166062687663,2881.904047585612,296.6401521708245,0.0,38162.845574124236,44474870.94752424,998.9065234463287,581.0,True,Jeans,False,H2O,1_M_earth,1_F_earth
H2O_atmosphere_1_M_earth_1_F_earth.csv,1000,4152.925417205421,NO,5290.709010624897,0.0,32.37249094031495,744.1044254444548,6.112563705872036e-11,0.0,38162.845574124236,44474870.94752424,998.9065234463287,581.0,True,Jeans,False,H2O,1_M_earth,1_F_earth
H2O_atmosphere_1_M_earth_1_F_earth.csv,1000,4152.925417205421,OH,5290.709010624897,0.0,18.34441153284514,988.4849333548038,5.8216211862789756e-05,0.0,38162.845574124236,44474870.94752424,998.9065234463287,581.0,True,Jeans,False,H2O,1_M_earth,1_F_earth
H2O_atmosphere_1_M_earth_1_F_earth.csv,1000,4152.925417205421,H,5290.709010624897,5290.704249936865,1.0790830313438315,4075.62778955349,812.4967091846994,315524810774.6686,38162.845574124236,44474870.94752424,998.9065234463287,581.0,False,hydrodynamic_candidate,False,H2O,1_M_earth,1_F_earth
H2O_atmosphere_1_M_earth_1_F_earth.csv,1000,4152.925417205421,CH4,5290.709010624897,0.0,17.265328501501305,1018.9069473883725,0.00016669408226875653,0.0,38162.845574124236,44474870.94752424,998.9065234463287,581.0,True,Jeans,False,H2O,1_M_earth,1_F_earth
H2O_atmosphere_1_M_earth_1_F_earth.csv,1000,4152.925417205421,H2O,5290.709010624897,0.0,19.42349456418897,960.6346825285373,2.030331141060918e-05,0.0,38162.845574124236,44474870.94752424,998.9065234463287,581.0,True,Jeans,False,H2O,1_M_earth,1_F_earth
H2O_atmosphere_1_M_earth_1_F_earth.csv,1000,4152.925417205421,O2,5290.709010624897,0.0,34.53065700300261,720.476011896403,7.280212213566207e-12,0.0,38162.845574124236,44474870.94752424,998.9065234463287,581.0,True,Jeans,False,H2O,1_M_earth,1_F_earth
H2O_atmosphere_1_M_earth_1_F_earth.csv,1000,4152.925417205421,N2O,5290.709010624897,0.0,47.47965337912859,614.4240074133857,2.014982531009187e-17,0.0,38162.845574124236,44474870.94752424,998.9065234463287,581.0,True,Jeans,False,H2O,1_M_earth,1_F_earth
H2O_atmosphere_1_M_earth_1_F_earth.csv,1000,4152.925417205421,CO,5290.709010624897,0.0,30.214324877627284,770.2212548301733,5.122122308157701e-10,0.0,38162.845574124236,44474870.94752424,998.9065234463287,581.0,True,Jeans,False,H2O,1_M_earth,1_F_earth
H2O_atmosphere_1_M_earth_1_F_earth.csv,1000,4152.925417205421,S,5290.709010624897,1.1972185748700176e-14,34.53065700300261,720.476011896403,7.280212213566207e-12,2490124.5472416882,38162.845574124236,44474870.94752424,998.9065234463287,581.0,True,Jeans,False,H2O,1_M_earth,1_F_earth
H2O_atmosphere_1_M_earth_1_F_earth.csv,1000,4152.925417205421,NH3,5290.709010624897,0.0,18.34441153284514,988.4849333548038,5.8216211862789756e-05,0.0,38162.845574124236,44474870.94752424,998.9065234463287,581.0,True,Jeans,False,H2O,1_M_earth,1_F_earth
H2O_atmosphere_1_M_earth_1_F_earth.csv,1000,4152.925417205421,N,5290.709010624897,1.086675602051936e-06,15.107162438813642,1089.2573446088547,0.001360151607328346,2765197.796341402,38162.845574124236,44474870.94752424,998.9065234463287,581.0,True,Jeans,False,H2O,1_M_earth,1_F_earth
H2O_atmosphere_1_M_earth_1_F_earth.csv,1000,4152.925417205421,C,5290.709010624897,1.7974287546539017e-06,12.94899637612598,1176.5324007077136,0.011011950458312039,659094.7170995843,38162.845574124236,44474870.94752424,998.9065234463287,581.0,True,Jeans,False,H2O,1_M_earth,1_F_earth
H2O_atmosphere_1_M_earth_1_F_earth.csv,2000,3985.108043003058,S2,5137.622822741855,0.0,24.9296056020325,720.6079163743581,7.854162074260736e-08,0.0,55268.74590096992,61580771.274369925,1998.5446315818533,619.0,True,Jeans,False,H2O,1_M_earth,1_F_earth
H2O_atmosphere_1_M_earth_1_F_earth.csv,2000,3985.108043003058,H2S,5137.622822741855,0.0,13.243852976079765,988.6659048055499,0.007036226981682642,0.0,55268.74590096992,61580771.274369925,1998.5446315818533,619.0,True,Jeans,False,H2O,1_M_earth,1_F_earth
H2O_atmosphere_1_M_earth_1_F_earth.csv,2000,3985.108043003058,SO2,5137.622822741855,0.0,24.9296056020325,720.6079163743581,7.854162074260736e-08,0.0,55268.74590096992,61580771.274369925,1998.5446315818533,619.0,True,Jeans,False,H2O,1_M_earth,1_F_earth
H2O_atmosphere_1_M_earth_1_F_earth.csv,2000,3985.108043003058,O,5137.622822741855,83.60984858306486,6.232401400508125,1441.2158327487161,5.777089248231971,22861733773.62629,55268.74590096992,61580771.274369925,1998.5446315818533,619.0,True,Jeans,False,H2O,1_M_earth,1_F_earth
H2O_atmosphere_1_M_earth_1_F_earth.csv,2000,3985.108043003058,NO2,5137.622822741855,0.0,17.918154026460858,849.982726487519,7.497707701876719e-05,0.0,55268.74590096992,61580771.274369925,1998.5446315818533,619.0,True,Jeans,False,H2O,1_M_earth,1_F_earth
H2O_atmosphere_1_M_earth_1_F_earth.csv,2000,3985.108043003058,CO2,5137.622822741855,0.0,17.13910385139734,869.0858471176534,0.00016019735654580316,0.0,55268.74590096992,61580771.274369925,1998.5446315818533,619.0,True,Jeans,False,H2O,1_M_earth,1_F_earth
H2O_atmosphere_1_M_earth_1_F_earth.csv,2000,3985.108043003058,N2,5137.622822741855,0.0,10.906702450889217,1089.4567654348461,0.0670927941163932,0.0,55268.74590096992,61580771.274369925,1998.5446315818533,619.0,True,Jeans,False,H2O,1_M_earth,1_F_earth
H2O_atmosphere_1_M_earth_1_F_earth.csv,2000,3985.108043003058,H2,5137.622822741855,0.0,0.7790501750635156,4076.373953960137,938.6854595940839,0.0,55268.74590096992,61580771.274369925,1998.5446315818533,619.0,False,hydrodynamic_candidate,False,H2O,1_M_earth,1_F_earth
H2O_atmosphere_1_M_earth_1_F_earth.csv,2000,3985.108043003058,NO,5137.622822741855,0.0,11.685752625952732,1052.5152291067527,0.031687050242213195,0.0,55268.74590096992,61580771.274369925,1998.5446315818533,619.0,True,Jeans,False,H2O,1_M_earth,1_F_earth
H2O_atmosphere_1_M_earth_1_F_earth.csv,2000,3985.108043003058,OH,5137.622822741855,0.0,6.6219264880398825,1398.184731231876,4.000905057448562,0.0,55268.74590096992,61580771.274369925,1998.5446315818533,619.0,True,Jeans,False,H2O,1_M_earth,1_F_earth
H2O_atmosphere_1_M_earth_1_F_earth.csv,2000,3985.108043003058,H,5137.622822741855,5054.006038823738,0.3895250875317578,5764.863330994865,1530.6710910825043,83451598925.88406,55268.74590096992,61580771.274369925,1998.5446315818533,619.0,False,hydrodynamic_candidate,False,H2O,1_M_earth,1_F_earth
H2O_atmosphere_1_M_earth_1_F_earth.csv,2000,3985.108043003058,CH4,5137.622822741855,0.0,6.232401400508125,1441.2158327487161,5.777089248231971,0.0,55268.74590096992,61580771.274369925,1998.5446315818533,619.0,True,Jeans,False,H2O,1_M_earth,1_F_earth
H2O_atmosphere_1_M_earth_1_F_earth.csv,2000,3985.108043003058,H2O,5137.622822741855,0.0,7.01145157557164,1358.7913179867126,2.768371144662752,0.0,55268.74590096992,61580771.274369925,1998.5446315818533,619.0,True,Jeans,False,H2O,1_M_earth,1_F_earth
H2O_atmosphere_1_M_earth_1_F_earth.csv,2000,3985.108043003058,O2,5137.622822741855,0.0,12.46480280101625,1019.0934884900342,0.014942181847124588,0.0,55268.74590096992,61580771.274369925,1998.5446315818533,619.0,True,Jeans,False,H2O,1_M_earth,1_F_earth
H2O_atmosphere_1_M_earth_1_F_earth.csv,2000,3985.108043003058,N2O,5137.622822741855,0.0,17.13910385139734,869.0858471176534,0.00016019735654580316,0.0,55268.74590096992,61580771.274369925,1998.5446315818533,619.0,True,Jeans,False,H2O,1_M_earth,1_F_earth
H2O_atmosphere_1_M_earth_1_F_earth.csv,2000,3985.108043003058,CO,5137.622822741855,0.0,10.906702450889217,1089.4567654348461,0.0670927941163932,0.0,55268.74590096992,61580771.274369925,1998.5446315818533,619.0,True,Jeans,False,H2O,1_M_earth,1_F_earth
H2O_atmosphere_1_M_earth_1_F_earth.csv,2000,3985.108043003058,S,5137.622822741855,1.2459638065361164e-05,12.46480280101625,1019.0934884900342,0.014942181847124588,658600.743572953,55268.74590096992,61580771.274369925,1998.5446315818533,619.0,True,Jeans,False,H2O,1_M_earth,1_F_earth
H2O_atmosphere_1_M_earth_1_F_earth.csv,2000,3985.108043003058,NH3,5137.622822741855,0.0,6.6219264880398825,1398.184731231876,4.000905057448562,0.0,55268.74590096992,61580771.274369925,1998.5446315818533,619.0,True,Jeans,False,H2O,1_M_earth,1_F_earth
H2O_atmosphere_1_M_earth_1_F_earth.csv,2000,3985.108043003058,N,5137.622822741855,0.0048654120070373745,5.453351225444608,1540.724533297083,12.010055746089305,731353.5087287257,55268.74590096992,61580771.274369925,1998.5446315818533,619.0,True,Jeans,False,H2O,1_M_earth,1_F_earth
H2O_atmosphere_1_M_earth_1_F_earth.csv,2000,3985.108043003058,C,5137.622822741855,0.0020574634062727752,4.674301050381094,1664.172697995644,24.858944311554442,174320.70666811513,55268.74590096992,61580771.274369925,1998.5446315818533,619.0,True,Jeans,False,H2O,1_M_earth,1_F_earth
H2O_atmosphere_1_M_earth_1_F_earth.csv,3000,3516.714408333589,S2,5082.664075237384,0.0,12.685452006312804,882.6651031306268,0.010549414676330566,0.0,74348.44112330998,80660466.49670999,2998.525228664902,652.0,True,Jeans,False,H2O,1_M_earth,1_F_earth
H2O_atmosphere_1_M_earth_1_F_earth.csv,3000,3516.714408333589,H2S,5082.664075237384,0.0,6.739146378353677,1211.006530732553,3.1293960448862426,0.0,74348.44112330998,80660466.49670999,2998.525228664902,652.0,True,Jeans,False,H2O,1_M_earth,1_F_earth
H2O_atmosphere_1_M_earth_1_F_earth.csv,3000,3516.714408333589,SO2,5082.664075237384,0.0,12.685452006312804,882.6651031306268,0.010549414676330566,0.0,74348.44112330998,80660466.49670999,2998.525228664902,652.0,True,Jeans,False,H2O,1_M_earth,1_F_earth
H2O_atmosphere_1_M_earth_1_F_earth.csv,3000,3516.714408333589,O,5082.664075237384,829.7344748292975,3.171363001578201,1765.3302062612536,87.13518417654316,8767487869.584549,74348.44112330998,80660466.49670999,2998.525228664902,652.0,True,Jeans,False,H2O,1_M_earth,1_F_earth
H2O_atmosphere_1_M_earth_1_F_earth.csv,3000,3516.714408333589,NO2,5082.664075237384,0.0,9.117668629537327,1041.134955481949,0.3260088379088573,0.0,74348.44112330998,80660466.49670999,2998.525228664902,652.0,True,Jeans,False,H2O,1_M_earth,1_F_earth
H2O_atmosphere_1_M_earth_1_F_earth.csv,3000,3516.714408333589,CO2,5082.664075237384,0.0,8.721248254340052,1064.5341682271426,0.47608743024164946,0.0,74348.44112330998,80660466.49670999,2998.525228664902,652.0,True,Jeans,False,H2O,1_M_earth,1_F_earth
H2O_atmosphere_1_M_earth_1_F_earth.csv,3000,3516.714408333589,N2,5082.664075237384,0.0,5.549885252761851,1334.4642021936102,9.586302897933635,0.0,74348.44112330998,80660466.49670999,2998.525228664902,652.0,True,Jeans,False,H2O,1_M_earth,1_F_earth
H2O_atmosphere_1_M_earth_1_F_earth.csv,3000,3516.714408333589,H2,5082.664075237384,0.0,0.39642037519727513,4993.107839523116,1323.1802485200326,0.0,74348.44112330998,80660466.49670999,2998.525228664902,652.0,False,hydrodynamic_candidate,False,H2O,1_M_earth,1_F_earth
H2O_atmosphere_1_M_earth_1_F_earth.csv,3000,3516.714408333589,NO,5082.664075237384,0.0,5.946305627959126,1289.2149005527149,6.607338401305195,0.0,74348.44112330998,80660466.49670999,2998.525228664902,652.0,True,Jeans,False,H2O,1_M_earth,1_F_earth
H2O_atmosphere_1_M_earth_1_F_earth.csv,3000,3516.714408333589,OH,5082.664075237384,0.0,3.3695731891768386,1712.6218598843668,72.62874281018381,0.0,74348.44112330998,80660466.49670999,2998.525228664902,652.0,True,Jeans,False,H2O,1_M_earth,1_F_earth
H2O_atmosphere_1_M_earth_1_F_earth.csv,3000,3516.714408333589,H,5082.664075237384,4252.883897787216,0.19821018759863757,7061.320825045014,1957.6381902675653,32003735522.63918,74348.44112330998,80660466.49670999,2998.525228664902,652.0,False,hydrodynamic_candidate,False,H2O,1_M_earth,1_F_earth
H2O_atmosphere_1_M_earth_1_F_earth.csv,3000,3516.714408333589,CH4,5082.664075237384,0.0,3.171363001578201,1765.3302062612536,87.13518417654316,0.0,74348.44112330998,80660466.49670999,2998.525228664902,652.0,True,Jeans,False,H2O,1_M_earth,1_F_earth
H2O_atmosphere_1_M_earth_1_F_earth.csv,3000,3516.714408333589,H2O,5082.664075237384,0.0,3.5677833767754765,1664.3692798410386,60.51759013513406,0.0,74348.44112330998,80660466.49670999,2998.525228664902,652.0,True,Jeans,False,H2O,1_M_earth,1_F_earth
H2O_atmosphere_1_M_earth_1_F_earth.csv,3000,3516.714408333589,O2,5082.664075237384,0.0,6.342726003156402,1248.276959880779,4.549382385971247,0.0,74348.44112330998,80660466.49670999,2998.525228664902,652.0,True,Jeans,False,H2O,1_M_earth,1_F_earth
H2O_atmosphere_1_M_earth_1_F_earth.csv,3000,3516.714408333589,N2O,5082.664075237384,0.0,8.721248254340052,1064.5341682271426,0.47608743024164946,0.0,74348.44112330998,80660466.49670999,2998.525228664902,652.0,True,Jeans,False,H2O,1_M_earth,1_F_earth
H2O_atmosphere_1_M_earth_1_F_earth.csv,3000,3516.714408333589,CO,5082.664075237384,0.0,5.549885252761851,1334.4642021936102,9.586302897933635,0.0,74348.44112330998,80660466.49670999,2998.525228664902,652.0,True,Jeans,False,H2O,1_M_earth,1_F_earth
H2O_atmosphere_1_M_earth_1_F_earth.csv,3000,3516.714408333589,S,5082.664075237384,0.0024959798368715267,6.342726003156402,1248.276959880779,4.549382385971247,252573.75872500695,74348.44112330998,80660466.49670999,2998.525228664902,652.0,True,Jeans,False,H2O,1_M_earth,1_F_earth
H2O_atmosphere_1_M_earth_1_F_earth.csv,3000,3516.714408333589,NH3,5082.664075237384,0.0,3.3695731891768386,1712.6218598843668,72.62874281018381,0.0,74348.44112330998,80660466.49670999,2998.525228664902,652.0,True,Jeans,False,H2O,1_M_earth,1_F_earth
H2O_atmosphere_1_M_earth_1_F_earth.csv,3000,3516.714408333589,N,5082.664075237384,0.03340080237734588,2.7749426263809256,1887.2173732435956,125.30981217483354,280474.4854283253,74348.44112330998,80660466.49670999,2998.525228664902,652.0,True,Jeans,False,H2O,1_M_earth,1_F_earth
H2O_atmosphere_1_M_earth_1_F_earth.csv,3000,3516.714408333589,C,5082.664075237384,0.009805838657376435,2.3785222511836506,2038.4277395870247,180.0686395848102,66852.08988363092,74348.44112330998,80660466.49670999,2998.525228664902,652.0,True,Jeans,False,H2O,1_M_earth,1_F_earth
H2O_atmosphere_1_M_earth_1_F_earth.csv,4000,,None,,,,,,,,,,,False,unphysical_extension,True,H2O,1_M_earth,1_F_earth
H2O_atmosphere_1_M_earth_1_F_earth.csv,5000,,None,,,,,,,,,,,False,unphysical_extension,True,H2O,1_M_earth,1_F_earth
H2O_atmosphere_1_M_earth_1_F_earth.csv,6000,,None,,,,,,,,,,,False,unphysical_extension,True,H2O,1_M_earth,1_F_earth
H2O_atmosphere_1_M_earth_1_F_earth.csv,7000,,None,,,,,,,,,,,False,unphysical_extension,True,H2O,1_M_earth,1_F_earth
H2O_atmosphere_1_M_earth_1000_F_earth.csv,200,2.126308909745018e-07,S2,4.4495870916499165e-07,0.0,1777.9519657736969,239.25685893157453,0.0,0.0,1520.9131549832168,7832671.239383217,220.31526407882558,309.0,True,Jeans,False,H2O,1_M_earth,1000_F_earth
H2O_atmosphere_1_M_earth_1000_F_earth.csv,200,2.126308909745018e-07,H2S,4.4495870916499165e-07,0.0,944.5369818172765,328.25770233924686,0.0,0.0,1520.9131549832168,7832671.239383217,220.31526407882558,309.0,True,Jeans,False,H2O,1_M_earth,1000_F_earth
H2O_atmosphere_1_M_earth_1000_F_earth.csv,200,2.126308909745018e-07,SO2,4.4495870916499165e-07,0.0,1777.9519657736969,239.25685893157453,0.0,0.0,1520.9131549832168,7832671.239383217,220.31526407882558,309.0,True,Jeans,False,H2O,1_M_earth,1000_F_earth
H2O_atmosphere_1_M_earth_1000_F_earth.csv,200,2.126308909745018e-07,O,4.4495870916499165e-07,2.6213147949364302e-186,444.4879914434242,478.51371786314905,5.5010235737003695e-189,46527201013057.67,1520.9131549832168,7832671.239383217,220.31526407882558,309.0,True,Jeans,False,H2O,1_M_earth,1000_F_earth
H2O_atmosphere_1_M_earth_1000_F_earth.csv,200,2.126308909745018e-07,NO2,4.4495870916499165e-07,0.0,1277.9029753998448,282.21199443478093,0.0,0.0,1520.9131549832168,7832671.239383217,220.31526407882558,309.0,True,Jeans,False,H2O,1_M_earth,1000_F_earth
H2O_atmosphere_1_M_earth_1000_F_earth.csv,200,2.126308909745018e-07,CO2,4.4495870916499165e-07,0.0,1222.3419764694167,288.5546289436454,0.0,0.0,1520.9131549832168,7832671.239383217,220.31526407882558,309.0,True,Jeans,False,H2O,1_M_earth,1000_F_earth
H2O_atmosphere_1_M_earth_1000_F_earth.csv,200,2.126308909745018e-07,N2,4.4495870916499165e-07,0.0,777.8539850259924,361.72237039966234,0.0,0.0,1520.9131549832168,7832671.239383217,220.31526407882558,309.0,True,Jeans,False,H2O,1_M_earth,1000_F_earth
H2O_atmosphere_1_M_earth_1000_F_earth.csv,200,2.126308909745018e-07,H2,4.4495870916499165e-07,0.0,55.56099893042803,1353.4411791672765,1.601460681343681e-20,0.0,1520.9131549832168,7832671.239383217,220.31526407882558,309.0,True,Jeans,False,H2O,1_M_earth,1000_F_earth
H2O_atmosphere_1_M_earth_1000_F_earth.csv,200,2.126308909745018e-07,NO,4.4495870916499165e-07,0.0,833.4149839564203,349.45700979907934,0.0,0.0,1520.9131549832168,7832671.239383217,220.31526407882558,309.0,True,Jeans,False,H2O,1_M_earth,1000_F_earth
H2O_atmosphere_1_M_earth_1000_F_earth.csv,200,2.126308909745018e-07,OH,4.4495870916499165e-07,0.0,472.2684909086382,464.2264946015934,4.8823960305202376e-201,0.0,1520.9131549832168,7832671.239383217,220.31526407882558,309.0,True,Jeans,False,H2O,1_M_earth,1000_F_earth
H2O_atmosphere_1_M_earth_1000_F_earth.csv,200,2.126308909745018e-07,H,4.4495870916499165e-07,4.4495870916499165e-07,27.780499465214014,1914.0548714525962,1.338228134428158e-08,51944646192104.734,1520.9131549832168,7832671.239383217,220.31526407882558,309.0,True,Jeans,False,H2O,1_M_earth,1000_F_earth
H2O_atmosphere_1_M_earth_1000_F_earth.csv,200,2.126308909745018e-07,CH4,4.4495870916499165e-07,0.0,444.4879914434242,478.51371786314905,5.5010235737003695e-189,0.0,1520.9131549832168,7832671.239383217,220.31526407882558,309.0,True,Jeans,False,H2O,1_M_earth,1000_F_earth
H2O_atmosphere_1_M_earth_1000_F_earth.csv,200,2.126308909745018e-07,H2O,4.4495870916499165e-07,0.0,500.0489903738523,451.14705972242547,4.3258971526053594e-213,0.0,1520.9131549832168,7832671.239383217,220.31526407882558,309.0,True,Jeans,False,H2O,1_M_earth,1000_F_earth
H2O_atmosphere_1_M_earth_1000_F_earth.csv,200,2.126308909745018e-07,O2,4.4495870916499165e-07,0.0,888.9759828868484,338.3602947918191,0.0,0.0,1520.9131549832168,7832671.239383217,220.31526407882558,309.0,True,Jeans,False,H2O,1_M_earth,1000_F_earth
H2O_atmosphere_1_M_earth_1000_F_earth.csv,200,2.126308909745018e-07,N2O,4.4495870916499165e-07,0.0,1222.3419764694167,288.5546289436454,0.0,0.0,1520.9131549832168,7832671.239383217,220.31526407882558,309.0,True,Jeans,False,H2O,1_M_earth,1000_F_earth
H2O_atmosphere_1_M_earth_1000_F_earth.csv,200,2.126308909745018e-07,CO,4.4495870916499165e-07,0.0,777.8539850259924,361.72237039966234,0.0,0.0,1520.9131549832168,7832671.239383217,220.31526407882558,309.0,True,Jeans,False,H2O,1_M_earth,1000_F_earth
H2O_atmosphere_1_M_earth_1000_F_earth.csv,200,2.126308909745018e-07,S,4.4495870916499165e-07,0.0,888.9759828868484,338.3602947918191,0.0,7975189274589.805,1520.9131549832168,7832671.239383217,220.31526407882558,309.0,True,Jeans,False,H2O,1_M_earth,1000_F_earth
H2O_atmosphere_1_M_earth_1000_F_earth.csv,200,2.126308909745018e-07,NH3,4.4495870916499165e-07,0.0,472.2684909086382,464.2264946015934,4.8823960305202376e-201,0.0,1520.9131549832168,7832671.239383217,220.31526407882558,309.0,True,Jeans,False,H2O,1_M_earth,1000_F_earth
H2O_atmosphere_1_M_earth_1000_F_earth.csv,200,2.126308909745018e-07,N,4.4495870916499165e-07,1.6752515076304194e-164,388.9269925129962,511.5526820329467,6.940999648503001e-165,269327807924.45807,1520.9131549832168,7832671.239383217,220.31526407882558,309.0,True,Jeans,False,H2O,1_M_earth,1000_F_earth
H2O_atmosphere_1_M_earth_1000_F_earth.csv,200,2.126308909745018e-07,C,4.4495870916499165e-07,1.3216408401065635e-139,333.36599358256814,552.5400476384356,8.669009185737936e-141,1984787326473.3481,1520.9131549832168,7832671.239383217,220.31526407882558,309.0,True,Jeans,False,H2O,1_M_earth,1000_F_earth
H2O_atmosphere_1_M_earth_1000_F_earth.csv,300,0.0005732131346793911,S2,0.0011995255031591156,0.0,1237.9079393169586,286.42576582729515,0.0,0.0,1537.8179643052313,7849576.048705231,315.74752835870163,310.0,True,Jeans,False,H2O,1_M_earth,1000_F_earth
H2O_atmosphere_1_M_earth_1000_F_earth.csv,300,0.0005732131346793911,H2S,0.0011995255031591156,0.0,657.6385927621343,392.97290870192535,1.797185602316711e-281,0.0,1537.8179643052313,7849576.048705231,315.74752835870163,310.0,True,Jeans,False,H2O,1_M_earth,1000_F_earth
H2O_atmosphere_1_M_earth_1000_F_earth.csv,300,0.0005732131346793911,SO2,0.0011995255031591156,0.0,1237.9079393169586,286.42576582729515,0.0,0.0,1537.8179643052313,7849576.048705231,315.74752835870163,310.0,True,Jeans,False,H2O,1_M_earth,1000_F_earth
H2O_atmosphere_1_M_earth_1000_F_earth.csv,300,0.0005732131346793911,O,0.0011995255031591156,6.500954242937395e-128,309.47698482923965,572.8515316545903,1.9784258203664262e-130,31945963129295.926,1537.8179643052313,7849576.048705231,315.74752835870163,310.0,True,Jeans,False,H2O,1_M_earth,1000_F_earth
H2O_atmosphere_1_M_earth_1000_F_earth.csv,300,0.0005732131346793911,NO2,0.0011995255031591156,0.0,889.7463313840641,337.84940165392703,0.0,0.0,1537.8179643052313,7849576.048705231,315.74752835870163,310.0,True,Jeans,False,H2O,1_M_earth,1000_F_earth
H2O_atmosphere_1_M_earth_1000_F_earth.csv,300,0.0005732131346793911,CO2,0.0011995255031591156,0.0,851.0617082804091,345.44247110521366,0.0,0.0,1537.8179643052313,7849576.048705231,315.74752835870163,310.0,True,Jeans,False,H2O,1_M_earth,1000_F_earth
H2O_atmosphere_1_M_earth_1000_F_earth.csv,300,0.0005732131346793911,N2,0.0011995255031591156,0.0,541.5847234511695,433.0350545487117,4.112716810435631e-231,0.0,1537.8179643052313,7849576.048705231,315.74752835870163,310.0,True,Jeans,False,H2O,1_M_earth,1000_F_earth
H2O_atmosphere_1_M_earth_1000_F_earth.csv,300,0.0005732131346793911,H2,0.0011995255031591156,0.0,38.68462310365496,1620.2688105842437,2.871349458896947e-13,0.0,1537.8179643052313,7849576.048705231,315.74752835870163,310.0,True,Jeans,False,H2O,1_M_earth,1000_F_earth
H2O_atmosphere_1_M_earth_1000_F_earth.csv,300,0.0005732131346793911,NO,0.0011995255031591156,0.0,580.2693465548243,418.35160798480507,6.738119441154493e-248,0.0,1537.8179643052313,7849576.048705231,315.74752835870163,310.0,True,Jeans,False,H2O,1_M_earth,1000_F_earth
H2O_atmosphere_1_M_earth_1000_F_earth.csv,300,0.0005732131346793911,OH,0.0011995255031591156,0.0,328.81929638106715,555.7476171314669,8.112277091997132e-139,0.0,1537.8179643052313,7849576.048705231,315.74752835870163,310.0,True,Jeans,False,H2O,1_M_earth,1000_F_earth
H2O_atmosphere_1_M_earth_1000_F_earth.csv,300,0.0005732131346793911,H,0.0011995255031591156,0.0011995255031591156,19.34231155182748,2291.406126618361,5.23164498151598e-05,35665626039950.05,1537.8179643052313,7849576.048705231,315.74752835870163,310.0,True,Jeans,False,H2O,1_M_earth,1000_F_earth
H2O_atmosphere_1_M_earth_1000_F_earth.csv,300,0.0005732131346793911,CH4,0.0011995255031591156,0.0,309.47698482923965,572.8515316545903,1.9784258203664262e-130,0.0,1537.8179643052313,7849576.048705231,315.74752835870163,310.0,True,Jeans,False,H2O,1_M_earth,1000_F_earth
H2O_atmosphere_1_M_earth_1000_F_earth.csv,300,0.0005732131346793911,H2O,0.0011995255031591156,0.0,348.16160793289464,540.0896035280813,3.3206433590482115e-147,0.0,1537.8179643052313,7849576.048705231,315.74752835870163,310.0,True,Jeans,False,H2O,1_M_earth,1000_F_earth
H2O_atmosphere_1_M_earth_1000_F_earth.csv,300,0.0005732131346793911,O2,0.0011995255031591156,0.0,618.9539696584793,405.06720264606093,1.101508921967188e-264,0.0,1537.8179643052313,7849576.048705231,315.74752835870163,310.0,True,Jeans,False,H2O,1_M_earth,1000_F_earth
H2O_atmosphere_1_M_earth_1000_F_earth.csv,300,0.0005732131346793911,N2O,0.0011995255031591156,0.0,851.0617082804091,345.44247110521366,0.0,0.0,1537.8179643052313,7849576.048705231,315.74752835870163,310.0,True,Jeans,False,H2O,1_M_earth,1000_F_earth
H2O_atmosphere_1_M_earth_1000_F_earth.csv,300,0.0005732131346793911,CO,0.0011995255031591156,0.0,541.5847234511695,433.0350545487117,4.112716810435631e-231,0.0,1537.8179643052313,7849576.048705231,315.74752835870163,310.0,True,Jeans,False,H2O,1_M_earth,1000_F_earth
H2O_atmosphere_1_M_earth_1000_F_earth.csv,300,0.0005732131346793911,S,0.0011995255031591156,1.240821827712007e-262,618.9539696584793,405.06720264606093,1.101508921967188e-264,5475831276497.819,1537.8179643052313,7849576.048705231,315.74752835870163,310.0,True,Jeans,False,H2O,1_M_earth,1000_F_earth
H2O_atmosphere_1_M_earth_1000_F_earth.csv,300,0.0005732131346793911,NH3,0.0011995255031591156,0.0,328.81929638106715,555.7476171314669,8.112277091997132e-139,0.0,1537.8179643052313,7849576.048705231,315.74752835870163,310.0,True,Jeans,False,H2O,1_M_earth,1000_F_earth
H2O_atmosphere_1_M_earth_1000_F_earth.csv,300,0.0005732131346793911,N,0.0011995255031591156,1.9466218276746662e-113,270.7923617255847,612.4040471257612,1.1696123047299598e-113,184922712613.5133,1537.8179643052313,7849576.048705231,315.74752835870163,310.0,True,Jeans,False,H2O,1_M_earth,1000_F_earth
H2O_atmosphere_1_M_earth_1000_F_earth.csv,300,0.0005732131346793911,C,0.0011995255031591156,7.195794765321369e-96,232.10773862192974,661.4719720129342,6.844679475225557e-97,1362771483571.874,1537.8179643052313,7849576.048705231,315.74752835870163,310.0,True,Jeans,False,H2O,1_M_earth,1000_F_earth
H2O_atmosphere_1_M_earth_1000_F_earth.csv,500,0.45330762699649196,S2,0.9486071174258137,0.0,767.5215399331496,362.98517702614015,0.0,0.0,1571.220782150805,7882978.866550805,507.0999579612619,310.0,True,Jeans,False,H2O,1_M_earth,1000_F_earth
H2O_atmosphere_1_M_earth_1000_F_earth.csv,500,0.45330762699649196,H2S,0.9486071174258137,0.0,407.74581808948574,498.0115543014891,4.756954460975967e-173,0.0,1571.220782150805,7882978.866550805,507.0999579612619,310.0,True,Jeans,False,H2O,1_M_earth,1000_F_earth
H2O_atmosphere_1_M_earth_1000_F_earth.csv,500,0.45330762699649196,SO2,0.9486071174258137,0.0,767.5215399331496,362.98517702614015,0.0,0.0,1571.220782150805,7882978.866550805,507.0999579612619,310.0,True,Jeans,False,H2O,1_M_earth,1000_F_earth
H2O_atmosphere_1_M_earth_1000_F_earth.csv,500,0.45330762699649196,O,0.9486071174258137,3.789672491978453e-77,191.8803849832874,725.9703540522803,1.8365790863078262e-79,19891263528528.93,1571.220782150805,7882978.866550805,507.0999579612619,310.0,True,Jeans,False,H2O,1_M_earth,1000_F_earth
H2O_atmosphere_1_M_earth_1000_F_earth.csv,500,0.45330762699649196,NO2,0.9486071174258137,0.0,551.6561068269514,428.1539564477258,1.750841772545081e-235,0.0,1571.220782150805,7882978.866550805,507.0999579612619,310.0,True,Jeans,False,H2O,1_M_earth,1000_F_earth
H2O_atmosphere_1_M_earth_1000_F_earth.csv,500,0.45330762699649196,CO2,0.9486071174258137,0.0,527.6710587040404,437.7765951477963,4.468935517050281e-225,0.0,1571.220782150805,7882978.866550805,507.0999579612619,310.0,True,Jeans,False,H2O,1_M_earth,1000_F_earth
H2O_atmosphere_1_M_earth_1000_F_earth.csv,500,0.45330762699649196,N2,0.9486071174258137,0.0,335.790673720753,548.7820045793844,7.675705702335812e-142,0.0,1571.220782150805,7882978.866550805,507.0999579612619,310.0,True,Jeans,False,H2O,1_M_earth,1000_F_earth
H2O_atmosphere_1_M_earth_1000_F_earth.csv,500,0.45330762699649196,H2,0.9486071174258137,0.0,23.985048122910925,2053.3542411630647,5.5458113195701e-07,0.0,1571.220782150805,7882978.866550805,507.0999579612619,310.0,True,Jeans,False,H2O,1_M_earth,1000_F_earth
H2O_atmosphere_1_M_earth_1000_F_earth.csv,500,0.45330762699649196,NO,0.9486071174258137,0.0,359.77572184366386,530.1737853259278,3.0439667405922003e-152,0.0,1571.220782150805,7882978.866550805,507.0999579612619,310.0,True,Jeans,False,H2O,1_M_earth,1000_F_earth
H2O_atmosphere_1_M_earth_1000_F_earth.csv,500,0.45330762699649196,OH,0.9486071174258137,0.0,203.87290904474287,704.294694311671,1.171533228613383e-84,0.0,1571.220782150805,7882978.866550805,507.0999579612619,310.0,True,Jeans,False,H2O,1_M_earth,1000_F_earth
H2O_atmosphere_1_M_earth_1000_F_earth.csv,500,0.45330762699649196,H,0.9486071174258137,0.9486071174258137,11.992524061455462,2903.881416209121,0.06588407474162997,22207324399621.113,1571.220782150805,7882978.866550805,507.0999579612619,310.0,True,Jeans,False,H2O,1_M_earth,1000_F_earth
H2O_atmosphere_1_M_earth_1000_F_earth.csv,500,0.45330762699649196,CH4,0.9486071174258137,0.0,191.8803849832874,725.9703540522803,1.8365790863078262e-79,0.0,1571.220782150805,7882978.866550805,507.0999579612619,310.0,True,Jeans,False,H2O,1_M_earth,1000_F_earth
H2O_atmosphere_1_M_earth_1000_F_earth.csv,500,0.45330762699649196,H2O,0.9486071174258137,0.0,215.86543310619834,684.4514137210216,7.460391095820984e-90,0.0,1571.220782150805,7882978.866550805,507.0999579612619,310.0,True,Jeans,False,H2O,1_M_earth,1000_F_earth
H2O_atmosphere_1_M_earth_1000_F_earth.csv,500,0.45330762699649196,O2,0.9486071174258137,0.0,383.7607699665748,513.3385602907662,1.2044949235473687e-162,0.0,1571.220782150805,7882978.866550805,507.0999579612619,310.0,True,Jeans,False,H2O,1_M_earth,1000_F_earth
H2O_atmosphere_1_M_earth_1000_F_earth.csv,500,0.45330762699649196,N2O,0.9486071174258137,0.0,527.6710587040404,437.7765951477963,4.468935517050281e-225,0.0,1571.220782150805,7882978.866550805,507.0999579612619,310.0,True,Jeans,False,H2O,1_M_earth,1000_F_earth
H2O_atmosphere_1_M_earth_1000_F_earth.csv,500,0.45330762699649196,CO,0.9486071174258137,0.0,335.790673720753,548.7820045793844,7.675705702335812e-142,0.0,1571.220782150805,7882978.866550805,507.0999579612619,310.0,True,Jeans,False,H2O,1_M_earth,1000_F_earth
H2O_atmosphere_1_M_earth_1000_F_earth.csv,500,0.45330762699649196,S,0.9486071174258137,8.52042163265115e-161,383.7607699665748,513.3385602907662,1.2044949235473687e-162,3409545128370.0156,1571.220782150805,7882978.866550805,507.0999579612619,310.0,True,Jeans,False,H2O,1_M_earth,1000_F_earth
H2O_atmosphere_1_M_earth_1000_F_earth.csv,500,0.45330762699649196,NH3,0.9486071174258137,0.0,203.87290904474287,704.294694311671,1.171533228613383e-84,0.0,1571.220782150805,7882978.866550805,507.0999579612619,310.0,True,Jeans,False,H2O,1_M_earth,1000_F_earth
H2O_atmosphere_1_M_earth_1000_F_earth.csv,500,0.45330762699649196,N,0.9486071174258137,4.689036550065774e-69,167.8953368603765,776.0949536624595,4.4865163093116785e-69,115142761359.81013,1571.220782150805,7882978.866550805,507.0999579612619,310.0,True,Jeans,False,H2O,1_M_earth,1000_F_earth
H2O_atmosphere_1_M_earth_1000_F_earth.csv,500,0.45330762699649196,C,0.9486071174258137,7.163060441271174e-58,143.91028873746555,838.278358671544,1.0850212812638223e-58,848534339039.3473,1571.220782150805,7882978.866550805,507.0999579612619,310.0,True,Jeans,False,H2O,1_M_earth,1000_F_earth
H2O_atmosphere_1_M_earth_1000_F_earth.csv,1000,63.535855551297864,S2,132.9573146320919,0.0,390.5777240977534,506.10729446320244,1.3234432177864143e-165,0.0,1656.548795898214,7968306.880298214,985.8276328053805,312.0,True,Jeans,False,H2O,1_M_earth,1000_F_earth
H2O_atmosphere_1_M_earth_1000_F_earth.csv,1000,63.535855551297864,H2S,132.9573146320919,0.0,207.49441592693145,694.3734794459385,3.1434225060122673e-86,0.0,1656.548795898214,7968306.880298214,985.8276328053805,312.0,True,Jeans,False,H2O,1_M_earth,1000_F_earth
H2O_atmosphere_1_M_earth_1000_F_earth.csv,1000,63.535855551297864,SO2,132.9573146320919,0.0,390.5777240977534,506.10729446320244,1.3234432177864143e-165,0.0,1656.548795898214,7968306.880298214,985.8276328053805,312.0,True,Jeans,False,H2O,1_M_earth,1000_F_earth
H2O_atmosphere_1_M_earth_1000_F_earth.csv,1000,63.535855551297864,O,132.9573146320919,1.160239170284188e-36,97.64443102443835,1012.2145889264049,1.1048482957526373e-38,9907494070534.26,1656.548795898214,7968306.880298214,985.8276328053805,312.0,True,Jeans,False,H2O,1_M_earth,1000_F_earth
H2O_atmosphere_1_M_earth_1000_F_earth.csv,1000,63.535855551297864,NO2,132.9573146320919,0.0,280.72773919526026,596.9715961593369,5.723613461186701e-118,0.0,1656.548795898214,7968306.880298214,985.8276328053805,312.0,True,Jeans,False,H2O,1_M_earth,1000_F_earth
H2O_atmosphere_1_M_earth_1000_F_earth.csv,1000,63.535855551297864,CO2,132.9573146320919,0.0,268.52218531720547,610.3883634168571,1.1191607765828409e-112,0.0,1656.548795898214,7968306.880298214,985.8276328053805,312.0,True,Jeans,False,H2O,1_M_earth,1000_F_earth
H2O_atmosphere_1_M_earth_1000_F_earth.csv,1000,63.535855551297864,N2,132.9573146320919,0.0,170.8777542927671,765.1623073516404,2.280880526841846e-70,0.0,1656.548795898214,7968306.880298214,985.8276328053805,312.0,True,Jeans,False,H2O,1_M_earth,1000_F_earth
H2O_atmosphere_1_M_earth_1000_F_earth.csv,1000,63.535855551297864,H2,132.9573146320919,0.0,12.205553878054793,2862.975199383258,0.05335370431180633,0.0,1656.548795898214,7968306.880298214,985.8276328053805,312.0,True,Jeans,False,H2O,1_M_earth,1000_F_earth
H2O_atmosphere_1_M_earth_1000_F_earth.csv,1000,63.535855551297864,NO,132.9573146320919,0.0,183.08330817082188,739.2170178544144,1.180622260913235e-75,0.0,1656.548795898214,7968306.880298214,985.8276328053805,312.0,True,Jeans,False,H2O,1_M_earth,1000_F_earth
H2O_atmosphere_1_M_earth_1000_F_earth.csv,1000,63.535855551297864,OH,132.9573146320919,0.0,103.74720796346573,981.9923919846417,2.5456911652172106e-41,0.0,1656.548795898214,7968306.880298214,985.8276328053805,312.0,True,Jeans,False,H2O,1_M_earth,1000_F_earth
H2O_atmosphere_1_M_earth_1000_F_earth.csv,1000,63.535855551297864,H,132.9573146320919,132.9573146320919,6.102776939027397,4048.8583557056195,18.14485403239139,11061083902292.893,1656.548795898214,7968306.880298214,985.8276328053805,312.0,True,Jeans,False,H2O,1_M_earth,1000_F_earth
H2O_atmosphere_1_M_earth_1000_F_earth.csv,1000,63.535855551297864,CH4,132.9573146320919,0.0,97.64443102443835,1012.2145889264049,1.1048482957526373e-38,0.0,1656.548795898214,7968306.880298214,985.8276328053805,312.0,True,Jeans,False,H2O,1_M_earth,1000_F_earth
H2O_atmosphere_1_M_earth_1000_F_earth.csv,1000,63.535855551297864,H2O,132.9573146320919,0.0,109.84998490249313,954.325066461086,5.855780069755738e-44,0.0,1656.548795898214,7968306.880298214,985.8276328053805,312.0,True,Jeans,False,H2O,1_M_earth,1000_F_earth
H2O_atmosphere_1_M_earth_1000_F_earth.csv,1000,63.535855551297864,O2,132.9573146320919,0.0,195.2888620488767,715.7437998458145,6.097799704178114e-81,0.0,1656.548795898214,7968306.880298214,985.8276328053805,312.0,True,Jeans,False,H2O,1_M_earth,1000_F_earth
H2O_atmosphere_1_M_earth_1000_F_earth.csv,1000,63.535855551297864,N2O,132.9573146320919,0.0,268.52218531720547,610.3883634168571,1.1191607765828409e-112,0.0,1656.548795898214,7968306.880298214,985.8276328053805,312.0,True,Jeans,False,H2O,1_M_earth,1000_F_earth
H2O_atmosphere_1_M_earth_1000_F_earth.csv,1000,63.535855551297864,CO,132.9573146320919,0.0,170.8777542927671,765.1623073516404,2.280880526841846e-70,0.0,1656.548795898214,7968306.880298214,985.8276328053805,312.0,True,Jeans,False,H2O,1_M_earth,1000_F_earth
H2O_atmosphere_1_M_earth_1000_F_earth.csv,1000,63.535855551297864,S,132.9573146320919,2.1952404462535946e-79,195.2888620488767,715.7437998458145,6.097799704178114e-81,1698235413456.5698,1656.548795898214,7968306.880298214,985.8276328053805,312.0,True,Jeans,False,H2O,1_M_earth,1000_F_earth
H2O_atmosphere_1_M_earth_1000_F_earth.csv,1000,63.535855551297864,NH3,132.9573146320919,0.0,103.74720796346573,981.9923919846417,2.5456911652172106e-41,0.0,1656.548795898214,7968306.880298214,985.8276328053805,312.0,True,Jeans,False,H2O,1_M_earth,1000_F_earth
H2O_atmosphere_1_M_earth_1000_F_earth.csv,1000,63.535855551297864,N,132.9573146320919,1.1004417569389489e-33,85.43887714638355,1082.1029124733805,2.068901745159543e-33,57350616455.36539,1656.548795898214,7968306.880298214,985.8276328053805,312.0,True,Jeans,False,H2O,1_M_earth,1000_F_earth
H2O_atmosphere_1_M_earth_1000_F_earth.csv,1000,63.535855551297864,C,132.9573146320919,1.2889050732985624e-27,73.23332326832875,1168.8047307886525,3.8362574540940963e-28,422640267201.7073,1656.548795898214,7968306.880298214,985.8276328053805,312.0,True,Jeans,False,H2O,1_M_earth,1000_F_earth
H2O_atmosphere_1_M_earth_1000_F_earth.csv,2000,561.2546935804227,S2,1174.5008583832087,0.0,193.7765942810467,710.883305583308,2.726619478395976e-80,0.0,1828.9234650915619,8140681.549491562,1944.9678388983657,314.0,True,Jeans,False,H2O,1_M_earth,1000_F_earth
H2O_atmosphere_1_M_earth_1000_F_earth.csv,2000,561.2546935804227,H2S,1174.5008583832087,0.0,102.94381571180605,975.3238488717367,5.602881761366484e-41,0.0,1828.9234650915619,8140681.549491562,1944.9678388983657,314.0,True,Jeans,False,H2O,1_M_earth,1000_F_earth
H2O_atmosphere_1_M_earth_1000_F_earth.csv,2000,561.2546935804227,SO2,1174.5008583832087,0.0,193.7765942810467,710.883305583308,2.726619478395976e-80,0.0,1828.9234650915619,8140681.549491562,1944.9678388983657,314.0,True,Jeans,False,H2O,1_M_earth,1000_F_earth
H2O_atmosphere_1_M_earth_1000_F_earth.csv,2000,561.2546935804227,O,1174.5008583832087,9.750875361845047e-16,48.444148570261675,1421.766611166616,1.812641326080421e-17,4862518275672.816,1828.9234650915619,8140681.549491562,1944.9678388983657,314.0,True,Jeans,False,H2O,1_M_earth,1000_F_earth
H2O_atmosphere_1_M_earth_1000_F_earth.csv,2000,561.2546935804227,NO2,1174.5008583832087,0.0,139.27692713950233,838.5122013844995,1.0806617631235484e-56,0.0,1828.9234650915619,8140681.549491562,1944.9678388983657,314.0,True,Jeans,False,H2O,1_M_earth,1000_F_earth
H2O_atmosphere_1_M_earth_1000_F_earth.csv,2000,561.2546935804227,CO2,1174.5008583832087,0.0,133.2214085682196,857.3575252172336,4.5087505851108926e-54,0.0,1828.9234650915619,8140681.549491562,1944.9678388983657,314.0,True,Jeans,False,H2O,1_M_earth,1000_F_earth
H2O_atmosphere_1_M_earth_1000_F_earth.csv,2000,561.2546935804227,N2,1174.5008583832087,0.0,84.77725999795793,1074.75453586341,3.951666779864421e-33,0.0,1828.9234650915619,8140681.549491562,1944.9678388983657,314.0,True,Jeans,False,H2O,1_M_earth,1000_F_earth
H2O_atmosphere_1_M_earth_1000_F_earth.csv,2000,561.2546935804227,H2,1174.5008583832087,0.0,6.055518571282709,4021.363248082126,18.768043927854045,0.0,1828.9234650915619,8140681.549491562,1944.9678388983657,314.0,True,Jeans,False,H2O,1_M_earth,1000_F_earth
H2O_atmosphere_1_M_earth_1000_F_earth.csv,2000,561.2546935804227,NO,1174.5008583832087,0.0,90.83277856924063,1038.3115259248427,9.583981336317717e-36,0.0,1828.9234650915619,8140681.549491562,1944.9678388983657,314.0,True,Jeans,False,H2O,1_M_earth,1000_F_earth
H2O_atmosphere_1_M_earth_1000_F_earth.csv,2000,561.2546935804227,OH,1174.5008583832087,0.0,51.47190785590303,1379.3162147803368,9.036915263370251e-19,0.0,1828.9234650915619,8140681.549491562,1944.9678388983657,314.0,True,Jeans,False,H2O,1_M_earth,1000_F_earth
H2O_atmosphere_1_M_earth_1000_F_earth.csv,2000,561.2546935804227,H,1174.5008583832087,1174.5008583832036,3.0277592856413547,5687.066444666464,312.901559449416,5428690871853.255,1828.9234650915619,8140681.549491562,1944.9678388983657,314.0,True,Jeans,False,H2O,1_M_earth,1000_F_earth
H2O_atmosphere_1_M_earth_1000_F_earth.csv,2000,561.2546935804227,CH4,1174.5008583832087,0.0,48.444148570261675,1421.766611166616,1.812641326080421e-17,0.0,1828.9234650915619,8140681.549491562,1944.9678388983657,314.0,True,Jeans,False,H2O,1_M_earth,1000_F_earth
H2O_atmosphere_1_M_earth_1000_F_earth.csv,2000,561.2546935804227,H2O,1174.5008583832087,0.0,54.499667141544386,1340.4544160273754,4.498138164920185e-20,0.0,1828.9234650915619,8140681.549491562,1944.9678388983657,314.0,True,Jeans,False,H2O,1_M_earth,1000_F_earth
H2O_atmosphere_1_M_earth_1000_F_earth.csv,2000,561.2546935804227,O2,1174.5008583832087,0.0,96.88829714052335,1005.3408120205315,2.3194571069960336e-38,0.0,1828.9234650915619,8140681.549491562,1944.9678388983657,314.0,True,Jeans,False,H2O,1_M_earth,1000_F_earth
H2O_atmosphere_1_M_earth_1000_F_earth.csv,2000,561.2546935804227,N2O,1174.5008583832087,0.0,133.2214085682196,857.3575252172336,4.5087505851108926e-54,0.0,1828.9234650915619,8140681.549491562,1944.9678388983657,314.0,True,Jeans,False,H2O,1_M_earth,1000_F_earth
H2O_atmosphere_1_M_earth_1000_F_earth.csv,2000,561.2546935804227,CO,1174.5008583832087,0.0,84.77725999795793,1074.75453586341,3.951666779864421e-33,0.0,1828.9234650915619,8140681.549491562,1944.9678388983657,314.0,True,Jeans,False,H2O,1_M_earth,1000_F_earth
H2O_atmosphere_1_M_earth_1000_F_earth.csv,2000,561.2546935804227,S,1174.5008583832087,4.277422418494074e-37,96.88829714052335,1005.3408120205315,2.3194571069960336e-38,833480260047.4387,1828.9234650915619,8140681.549491562,1944.9678388983657,314.0,True,Jeans,False,H2O,1_M_earth,1000_F_earth
H2O_atmosphere_1_M_earth_1000_F_earth.csv,2000,561.2546935804227,NH3,1174.5008583832087,0.0,51.47190785590303,1379.3162147803368,9.036915263370251e-19,0.0,1828.9234650915619,8140681.549491562,1944.9678388983657,314.0,True,Jeans,False,H2O,1_M_earth,1000_F_earth
H2O_atmosphere_1_M_earth_1000_F_earth.csv,2000,561.2546935804227,N,1174.5008583832087,1.9758830531596987e-15,42.38862999897896,1519.9324408400353,7.251822841490077e-15,28147220543.355663,1828.9234650915619,8140681.549491562,1944.9678388983657,314.0,True,Jeans,False,H2O,1_M_earth,1000_F_earth
H2O_atmosphere_1_M_earth_1000_F_earth.csv,2000,561.2546935804227,C,1174.5008583832087,4.946718227709109e-12,36.33311142769625,1641.7146713637355,2.8742009621339077e-12,207428438379.34528,1828.9234650915619,8140681.549491562,1944.9678388983657,314.0,True,Jeans,False,H2O,1_M_earth,1000_F_earth
H2O_atmosphere_1_M_earth_1000_F_earth.csv,3000,962.3083491417118,S2,2013.7595202885122,0.0,126.85695577410313,869.1188695203416,2.5288479818058913e-51,0.0,2007.5282511016064,8319286.335501607,2907.1949246659833,317.0,True,Jeans,False,H2O,1_M_earth,1000_F_earth
H2O_atmosphere_1_M_earth_1000_F_earth.csv,3000,962.3083491417118,H2S,2013.7595202885122,0.0,67.39275775499229,1192.4212515471627,1.2403152346071656e-25,0.0,2007.5282511016064,8319286.335501607,2907.1949246659833,317.0,True,Jeans,False,H2O,1_M_earth,1000_F_earth
H2O_atmosphere_1_M_earth_1000_F_earth.csv,3000,962.3083491417118,SO2,2013.7595202885122,0.0,126.85695577410313,869.1188695203416,2.5288479818058913e-51,0.0,2007.5282511016064,8319286.335501607,2907.1949246659833,317.0,True,Jeans,False,H2O,1_M_earth,1000_F_earth
H2O_atmosphere_1_M_earth_1000_F_earth.csv,3000,962.3083491417118,O,2013.7595202885122,9.681797613419492e-09,31.714238943525782,1738.2377390406832,2.70347335239655e-10,3099651109539.0625,2007.5282511016064,8319286.335501607,2907.1949246659833,317.0,True,Jeans,False,H2O,1_M_earth,1000_F_earth
H2O_atmosphere_1_M_earth_1000_F_earth.csv,3000,962.3083491417118,NO2,2013.7595202885122,0.0,91.17843696263664,1025.1566900256958,6.722373157692647e-36,0.0,2007.5282511016064,8319286.335501607,2907.1949246659833,317.0,True,Jeans,False,H2O,1_M_earth,1000_F_earth
H2O_atmosphere_1_M_earth_1000_F_earth.csv,3000,962.3083491417118,CO2,2013.7595202885122,0.0,87.2141570946959,1048.1967957879365,3.465365236753734e-34,0.0,2007.5282511016064,8319286.335501607,2907.1949246659833,317.0,True,Jeans,False,H2O,1_M_earth,1000_F_earth
H2O_atmosphere_1_M_earth_1000_F_earth.csv,3000,962.3083491417118,N2,2013.7595202885122,0.0,55.49991815117012,1313.984222002525,1.6509154728652908e-20,0.0,2007.5282511016064,8319286.335501607,2907.1949246659833,317.0,True,Jeans,False,H2O,1_M_earth,1000_F_earth
H2O_atmosphere_1_M_earth_1000_F_earth.csv,3000,962.3083491417118,H2,2013.7595202885122,0.0,3.9642798679407227,4916.478770360158,130.68947768684578,0.0,2007.5282511016064,8319286.335501607,2907.1949246659833,317.0,True,Jeans,False,H2O,1_M_earth,1000_F_earth
H2O_atmosphere_1_M_earth_1000_F_earth.csv,3000,962.3083491417118,NO,2013.7595202885122,0.0,59.46419801911084,1269.4293599724808,3.2398793144623553e-22,0.0,2007.5282511016064,8319286.335501607,2907.1949246659833,317.0,True,Jeans,False,H2O,1_M_earth,1000_F_earth
H2O_atmosphere_1_M_earth_1000_F_earth.csv,3000,962.3083491417118,OH,2013.7595202885122,0.0,33.696378877496144,1686.3383059998976,3.832414884973607e-11,0.0,2007.5282511016064,8319286.335501607,2907.1949246659833,317.0,True,Jeans,False,H2O,1_M_earth,1000_F_earth
H2O_atmosphere_1_M_earth_1000_F_earth.csv,3000,962.3083491417118,H,2013.7595202885122,2013.7595195242827,1.9821399339703614,6952.950956162733,805.8604031744454,3460562352736.082,2007.5282511016064,8319286.335501607,2907.1949246659833,317.0,True,Jeans,False,H2O,1_M_earth,1000_F_earth
H2O_atmosphere_1_M_earth_1000_F_earth.csv,3000,962.3083491417118,CH4,2013.7595202885122,0.0,31.714238943525782,1738.2377390406832,2.70347335239655e-10,0.0,2007.5282511016064,8319286.335501607,2907.1949246659833,317.0,True,Jeans,False,H2O,1_M_earth,1000_F_earth
H2O_atmosphere_1_M_earth_1000_F_earth.csv,3000,962.3083491417118,H2O,2013.7595202885122,0.0,35.6785188114665,1638.8262567867193,5.424452722470284e-12,0.0,2007.5282511016064,8319286.335501607,2907.1949246659833,317.0,True,Jeans,False,H2O,1_M_earth,1000_F_earth
H2O_atmosphere_1_M_earth_1000_F_earth.csv,3000,962.3083491417118,O2,2013.7595202885122,0.0,63.428477887051564,1229.1196925900394,6.344964174890293e-24,0.0,2007.5282511016064,8319286.335501607,2907.1949246659833,317.0,True,Jeans,False,H2O,1_M_earth,1000_F_earth
H2O_atmosphere_1_M_earth_1000_F_earth.csv,3000,962.3083491417118,N2O,2013.7595202885122,0.0,87.2141570946959,1048.1967957879365,3.465365236753734e-34,0.0,2007.5282511016064,8319286.335501607,2907.1949246659833,317.0,True,Jeans,False,H2O,1_M_earth,1000_F_earth
H2O_atmosphere_1_M_earth_1000_F_earth.csv,3000,962.3083491417118,CO,2013.7595202885122,0.0,55.49991815117012,1313.984222002525,1.6509154728652908e-20,0.0,2007.5282511016064,8319286.335501607,2907.1949246659833,317.0,True,Jeans,False,H2O,1_M_earth,1000_F_earth
H2O_atmosphere_1_M_earth_1000_F_earth.csv,3000,962.3083491417118,S,2013.7595202885122,7.789815089025163e-23,63.428477887051564,1229.1196925900394,6.344964174890293e-24,531308648393.1983,2007.5282511016064,8319286.335501607,2907.1949246659833,317.0,True,Jeans,False,H2O,1_M_earth,1000_F_earth
H2O_atmosphere_1_M_earth_1000_F_earth.csv,3000,962.3083491417118,NH3,2013.7595202885122,0.0,33.696378877496144,1686.3383059998976,3.832414884973607e-11,0.0,2007.5282511016064,8319286.335501607,2907.1949246659833,317.0,True,Jeans,False,H2O,1_M_earth,1000_F_earth
H2O_atmosphere_1_M_earth_1000_F_earth.csv,3000,962.3083491417118,N,2013.7595202885122,2.427166540864888e-09,27.74995907558506,1858.2543075002307,1.3380839067443886e-08,17942670534.35001,2007.5282511016064,8319286.335501607,2907.1949246659833,317.0,True,Jeans,False,H2O,1_M_earth,1000_F_earth
H2O_atmosphere_1_M_earth_1000_F_earth.csv,3000,962.3083491417118,C,2013.7595202885122,7.521205043937999e-07,23.785679207644336,2007.14405310141,6.564251427257548e-07,132226914681.06165,2007.5282511016064,8319286.335501607,2907.1949246659833,317.0,True,Jeans,False,H2O,1_M_earth,1000_F_earth
H2O_atmosphere_1_M_earth_1000_F_earth.csv,4000,1156.8764228975076,S2,2420.9196188656974,0.0,93.18271182722039,1003.0438306403875,9.056254419683846e-37,0.0,2191.4645128217267,8503222.597221727,3872.1806989072447,320.0,True,Jeans,False,H2O,1_M_earth,1000_F_earth
H2O_atmosphere_1_M_earth_1000_F_earth.csv,4000,1156.8764228975076,H2S,2420.9196188656974,0.0,49.50331565821083,1376.1647823259898,6.213961708650827e-18,0.0,2191.4645128217267,8503222.597221727,3872.1806989072447,320.0,True,Jeans,False,H2O,1_M_earth,1000_F_earth
H2O_atmosphere_1_M_earth_1000_F_earth.csv,4000,1156.8764228975076,SO2,2420.9196188656974,0.0,93.18271182722039,1003.0438306403875,9.056254419683846e-37,0.0,2191.4645128217267,8503222.597221727,3872.1806989072447,320.0,True,Jeans,False,H2O,1_M_earth,1000_F_earth
H2O_atmosphere_1_M_earth_1000_F_earth.csv,4000,1156.8764228975076,O,2420.9196188656974,2.8096375393565503e-05,23.295677956805097,2006.087661280775,1.0497590036063673e-06,2217403063491.8633,2191.4645128217267,8503222.597221727,3872.1806989072447,320.0,True,Jeans,False,H2O,1_M_earth,1000_F_earth
H2O_atmosphere_1_M_earth_1000_F_earth.csv,4000,1156.8764228975076,NO2,2420.9196188656974,0.0,66.97507412581466,1183.1259559897605,1.857251091117262e-25,0.0,2191.4645128217267,8503222.597221727,3872.1806989072447,320.0,True,Jeans,False,H2O,1_M_earth,1000_F_earth
H2O_atmosphere_1_M_earth_1000_F_earth.csv,4000,1156.8764228975076,CO2,2420.9196188656974,0.0,64.06311438121402,1209.7163761872555,3.3431541835833295e-24,0.0,2191.4645128217267,8503222.597221727,3872.1806989072447,320.0,True,Jeans,False,H2O,1_M_earth,1000_F_earth
H2O_atmosphere_1_M_earth_1000_F_earth.csv,4000,1156.8764228975076,N2,2420.9196188656974,0.0,40.76743642440892,1516.4597314126027,3.523636419866629e-14,0.0,2191.4645128217267,8503222.597221727,3872.1806989072447,320.0,True,Jeans,False,H2O,1_M_earth,1000_F_earth
H2O_atmosphere_1_M_earth_1000_F_earth.csv,4000,1156.8764228975076,H2,2420.9196188656974,0.0,2.911959744600637,5674.0727557851915,340.4366409425274,0.0,2191.4645128217267,8503222.597221727,3872.1806989072447,320.0,True,Jeans,False,H2O,1_M_earth,1000_F_earth
H2O_atmosphere_1_M_earth_1000_F_earth.csv,4000,1156.8764228975076,NO,2420.9196188656974,0.0,43.67939616900956,1465.0392858883513,1.9798436943715594e-15,0.0,2191.4645128217267,8503222.597221727,3872.1806989072447,320.0,True,Jeans,False,H2O,1_M_earth,1000_F_earth
H2O_atmosphere_1_M_earth_1000_F_earth.csv,4000,1156.8764228975076,OH,2420.9196188656974,0.0,24.751657829105415,1946.1908992256328,2.5169656310171525e-07,0.0,2191.4645128217267,8503222.597221727,3872.1806989072447,320.0,True,Jeans,False,H2O,1_M_earth,1000_F_earth
H2O_atmosphere_1_M_earth_1000_F_earth.csv,4000,1156.8764228975076,H,2420.9196188656974,2420.9193213359995,1.4559798723003186,8024.3506451231,1296.300668594936,2475588797315.5435,2191.4645128217267,8503222.597221727,3872.1806989072447,320.0,False,hydrodynamic_candidate,False,H2O,1_M_earth,1000_F_earth
H2O_atmosphere_1_M_earth_1000_F_earth.csv,4000,1156.8764228975076,CH4,2420.9196188656974,0.0,23.295677956805097,2006.087661280775,1.0497590036063673e-06,0.0,2191.4645128217267,8503222.597221727,3872.1806989072447,320.0,True,Jeans,False,H2O,1_M_earth,1000_F_earth
H2O_atmosphere_1_M_earth_1000_F_earth.csv,4000,1156.8764228975076,H2O,2420.9196188656974,0.0,26.207637701405737,1891.3575852617305,6.025972035604053e-08,0.0,2191.4645128217267,8503222.597221727,3872.1806989072447,320.0,True,Jeans,False,H2O,1_M_earth,1000_F_earth
H2O_atmosphere_1_M_earth_1000_F_earth.csv,4000,1156.8764228975076,O2,2420.9196188656974,0.0,46.591355913610194,1418.5181889462979,1.1101694639888794e-16,0.0,2191.4645128217267,8503222.597221727,3872.1806989072447,320.0,True,Jeans,False,H2O,1_M_earth,1000_F_earth
H2O_atmosphere_1_M_earth_1000_F_earth.csv,4000,1156.8764228975076,N2O,2420.9196188656974,0.0,64.06311438121402,1209.7163761872555,3.3431541835833295e-24,0.0,2191.4645128217267,8503222.597221727,3872.1806989072447,320.0,True,Jeans,False,H2O,1_M_earth,1000_F_earth
H2O_atmosphere_1_M_earth_1000_F_earth.csv,4000,1156.8764228975076,CO,2420.9196188656974,0.0,40.76743642440892,1516.4597314126027,3.523636419866629e-14,0.0,2191.4645128217267,8503222.597221727,3872.1806989072447,320.0,True,Jeans,False,H2O,1_M_earth,1000_F_earth
H2O_atmosphere_1_M_earth_1000_F_earth.csv,4000,1156.8764228975076,S,2420.9196188656974,1.0186243034101938e-15,46.591355913610194,1418.5181889462979,1.1101694639888794e-16,380083236136.2095,2191.4645128217267,8503222.597221727,3872.1806989072447,320.0,True,Jeans,False,H2O,1_M_earth,1000_F_earth
H2O_atmosphere_1_M_earth_1000_F_earth.csv,4000,1156.8764228975076,NH3,2420.9196188656974,0.0,24.751657829105415,1946.1908992256328,2.5169656310171525e-07,0.0,2191.4645128217267,8503222.597221727,3872.1806989072447,320.0,True,Jeans,False,H2O,1_M_earth,1000_F_earth
H2O_atmosphere_1_M_earth_1000_F_earth.csv,4000,1156.8764228975076,N,2420.9196188656974,2.4628096227105466e-06,20.38371821220446,2144.5979189563636,1.8167193034177443e-05,12835680921.524534,2191.4645128217267,8503222.597221727,3872.1806989072447,320.0,True,Jeans,False,H2O,1_M_earth,1000_F_earth
H2O_atmosphere_1_M_earth_1000_F_earth.csv,4000,1156.8764228975076,C,2420.9196188656974,0.00026697051287767056,17.471758467603824,2316.4305025168846,0.000311769978210416,94591408945.20354,2191.4645128217267,8503222.597221727,3872.1806989072447,320.0,True,Jeans,False,H2O,1_M_earth,1000_F_earth
H2O_atmosphere_1_M_earth_1000_F_earth.csv,5000,1249.9988390720525,S2,2615.7991261775214,0.0,72.99658884373399,1121.1594220313582,4.647917450317837e-28,0.0,2376.2738323313015,8688031.916731302,4837.829247314864,322.0,True,Jeans,False,H2O,1_M_earth,1000_F_earth
H2O_atmosphere_1_M_earth_1000_F_earth.csv,5000,1249.9988390720525,H2S,2615.7991261775214,0.0,38.77943782323368,1538.2180367805668,2.4852824370215136e-13,0.0,2376.2738323313015,8688031.916731302,4837.829247314864,322.0,True,Jeans,False,H2O,1_M_earth,1000_F_earth
H2O_atmosphere_1_M_earth_1000_F_earth.csv,5000,1249.9988390720525,SO2,2615.7991261775214,0.0,72.99658884373399,1121.1594220313582,4.647917450317837e-28,0.0,2376.2738323313015,8688031.916731302,4837.829247314864,322.0,True,Jeans,False,H2O,1_M_earth,1000_F_earth
H2O_atmosphere_1_M_earth_1000_F_earth.csv,5000,1249.9988390720525,O,2615.7991261775214,0.003130043302604981,18.249147210933497,2242.3188440627164,0.00014454397553432055,1718535809277.0798,2376.2738323313015,8688031.916731302,4837.829247314864,322.0,True,Jeans,False,H2O,1_M_earth,1000_F_earth
H2O_atmosphere_1_M_earth_1000_F_earth.csv,5000,1249.9988390720525,NO2,2615.7991261775214,0.0,52.466298231433804,1322.4475067663784,3.2661025662446967e-19,0.0,2376.2738323313015,8688031.916731302,4837.829247314864,322.0,True,Jeans,False,H2O,1_M_earth,1000_F_earth
H2O_atmosphere_1_M_earth_1000_F_earth.csv,5000,1249.9988390720525,CO2,2615.7991261775214,0.0,50.18515483006711,1352.1691392908124,3.129206998758757e-18,0.0,2376.2738323313015,8688031.916731302,4837.829247314864,322.0,True,Jeans,False,H2O,1_M_earth,1000_F_earth
H2O_atmosphere_1_M_earth_1000_F_earth.csv,5000,1249.9988390720525,N2,2615.7991261775214,0.0,31.93600761913362,1695.0337204296484,2.1262409678554078e-10,0.0,2376.2738323313015,8688031.916731302,4837.829247314864,322.0,True,Jeans,False,H2O,1_M_earth,1000_F_earth
H2O_atmosphere_1_M_earth_1000_F_earth.csv,5000,1249.9988390720525,H2,2615.7991261775214,0.0,2.281143401366687,6342.235440876509,599.7560644264704,0.0,2376.2738323313015,8688031.916731302,4837.829247314864,322.0,True,Jeans,False,H2O,1_M_earth,1000_F_earth
H2O_atmosphere_1_M_earth_1000_F_earth.csv,5000,1249.9988390720525,NO,2615.7991261775214,0.0,34.2171510205003,1637.5581493494117,2.244017005232107e-11,0.0,2376.2738323313015,8688031.916731302,4837.829247314864,322.0,True,Jeans,False,H2O,1_M_earth,1000_F_earth
H2O_atmosphere_1_M_earth_1000_F_earth.csv,5000,1249.9988390720525,OH,2615.7991261775214,0.0,19.38971891161684,2175.368809501994,4.7477875258081445e-05,0.0,2376.2738323313015,8688031.916731302,4837.829247314864,322.0,True,Jeans,False,H2O,1_M_earth,1000_F_earth
H2O_atmosphere_1_M_earth_1000_F_earth.csv,5000,1249.9988390720525,H,2615.7991261775214,2615.787397476297,1.1405717006833436,8969.275376250866,1731.163989943917,1918635392580.5117,2376.2738323313015,8688031.916731302,4837.829247314864,322.0,False,hydrodynamic_candidate,False,H2O,1_M_earth,1000_F_earth
H2O_atmosphere_1_M_earth_1000_F_earth.csv,5000,1249.9988390720525,CH4,2615.7991261775214,0.0,18.249147210933497,2242.3188440627164,0.00014454397553432055,0.0,2376.2738323313015,8688031.916731302,4837.829247314864,322.0,True,Jeans,False,H2O,1_M_earth,1000_F_earth
H2O_atmosphere_1_M_earth_1000_F_earth.csv,5000,1249.9988390720525,H2O,2615.7991261775214,0.0,20.530290612300185,2114.07848029217,1.557306658691291e-05,0.0,2376.2738323313015,8688031.916731302,4837.829247314864,322.0,True,Jeans,False,H2O,1_M_earth,1000_F_earth
H2O_atmosphere_1_M_earth_1000_F_earth.csv,5000,1249.9988390720525,O2,2615.7991261775214,0.0,36.498294421866994,1585.5588602191272,2.3636386624522257e-12,0.0,2376.2738323313015,8688031.916731302,4837.829247314864,322.0,True,Jeans,False,H2O,1_M_earth,1000_F_earth
H2O_atmosphere_1_M_earth_1000_F_earth.csv,5000,1249.9988390720525,N2O,2615.7991261775214,0.0,50.18515483006711,1352.1691392908124,3.129206998758757e-18,0.0,2376.2738323313015,8688031.916731302,4837.829247314864,322.0,True,Jeans,False,H2O,1_M_earth,1000_F_earth
H2O_atmosphere_1_M_earth_1000_F_earth.csv,5000,1249.9988390720525,CO,2615.7991261775214,0.0,31.93600761913362,1695.0337204296484,2.1262409678554078e-10,0.0,2376.2738323313015,8688031.916731302,4837.829247314864,322.0,True,Jeans,False,H2O,1_M_earth,1000_F_earth
H2O_atmosphere_1_M_earth_1000_F_earth.csv,5000,1249.9988390720525,S,2615.7991261775214,1.7546702114939848e-11,36.498294421866994,1585.5588602191272,2.3636386624522257e-12,294572810221.2433,2376.2738323313015,8688031.916731302,4837.829247314864,322.0,True,Jeans,False,H2O,1_M_earth,1000_F_earth
H2O_atmosphere_1_M_earth_1000_F_earth.csv,5000,1249.9988390720525,NH3,2615.7991261775214,0.0,19.38971891161684,2175.368809501994,4.7477875258081445e-05,0.0,2376.2738323313015,8688031.916731302,4837.829247314864,322.0,True,Jeans,False,H2O,1_M_earth,1000_F_earth
H2O_atmosphere_1_M_earth_1000_F_earth.csv,5000,1249.9988390720525,N,2615.7991261775214,0.0001462298021892685,15.96800380956681,2397.1396761113338,0.0013332242967405666,9947933085.903522,2376.2738323313015,8688031.916731302,4837.829247314864,322.0,True,Jeans,False,H2O,1_M_earth,1000_F_earth
H2O_atmosphere_1_M_earth_1000_F_earth.csv,5000,1249.9988390720525,C,2615.7991261775214,0.008452428101779519,13.686860408200122,2589.2067764571593,0.012200083981522674,73310408107.00182,2376.2738323313015,8688031.916731302,4837.829247314864,322.0,True,Jeans,False,H2O,1_M_earth,1000_F_earth
H2O_atmosphere_1_M_earth_1000_F_earth.csv,6000,1264.7987286714047,S2,2646.8476165623583,0.0,59.48172879523976,1228.394422668251,3.08155916536415e-22,0.0,2570.010660080848,8881768.744480848,5807.530048894498,325.0,True,Jeans,False,H2O,1_M_earth,1000_F_earth
H2O_atmosphere_1_M_earth_1000_F_earth.csv,6000,1264.7987286714047,H2S,2646.8476165623583,0.0,31.59966842247112,1685.3432438764323,2.9291053315930117e-10,0.0,2570.010660080848,8881768.744480848,5807.530048894498,325.0,True,Jeans,False,H2O,1_M_earth,1000_F_earth
H2O_atmosphere_1_M_earth_1000_F_earth.csv,6000,1264.7987286714047,SO2,2646.8476165623583,0.0,59.48172879523976,1228.394422668251,3.08155916536415e-22,0.0,2570.010660080848,8881768.744480848,5807.530048894498,325.0,True,Jeans,False,H2O,1_M_earth,1000_F_earth
H2O_atmosphere_1_M_earth_1000_F_earth.csv,6000,1264.7987286714047,O,2646.8476165623583,0.06879926963644532,14.87043219880994,2456.788845336502,0.0038300549614920325,1364052073764.6973,2570.010660080848,8881768.744480848,5807.530048894498,325.0,True,Jeans,False,H2O,1_M_earth,1000_F_earth
H2O_atmosphere_1_M_earth_1000_F_earth.csv,6000,1264.7987286714047,NO2,2646.8476165623583,0.0,42.75249257157858,1448.9350128637795,4.84479230133491e-15,0.0,2570.010660080848,8881768.744480848,5807.530048894498,325.0,True,Jeans,False,H2O,1_M_earth,1000_F_earth
H2O_atmosphere_1_M_earth_1000_F_earth.csv,6000,1264.7987286714047,CO2,2646.8476165623583,0.0,40.89368854672733,1481.4994162021203,3.0432797192799875e-14,0.0,2570.010660080848,8881768.744480848,5807.530048894498,325.0,True,Jeans,False,H2O,1_M_earth,1000_F_earth
H2O_atmosphere_1_M_earth_1000_F_earth.csv,6000,1264.7987286714047,N2,2646.8476165623583,0.0,26.023256347917393,1857.157802445118,7.066834543295956e-08,0.0,2570.010660080848,8881768.744480848,5807.530048894498,325.0,True,Jeans,False,H2O,1_M_earth,1000_F_earth
H2O_atmosphere_1_M_earth_1000_F_earth.csv,6000,1264.7987286714047,H2,2646.8476165623583,0.0,1.8588040248512425,6948.848209923635,873.4216383082749,0.0,2570.010660080848,8881768.744480848,5807.530048894498,325.0,True,Jeans,False,H2O,1_M_earth,1000_F_earth
H2O_atmosphere_1_M_earth_1000_F_earth.csv,6000,1264.7987286714047,NO,2646.8476165623583,0.0,27.882060372768635,1794.1848928238308,1.1372749439659657e-08,0.0,2570.010660080848,8881768.744480848,5807.530048894498,325.0,True,Jeans,False,H2O,1_M_earth,1000_F_earth
H2O_atmosphere_1_M_earth_1000_F_earth.csv,6000,1264.7987286714047,OH,2646.8476165623583,0.0,15.79983421123556,2383.4352727439173,0.001552825353171449,0.0,2570.010660080848,8881768.744480848,5807.530048894498,325.0,True,Jeans,False,H2O,1_M_earth,1000_F_earth
H2O_atmosphere_1_M_earth_1000_F_earth.csv,6000,1264.7987286714047,H,2646.8476165623583,2646.696585998969,0.9294020124256213,9827.155381346009,2111.5990241029767,1522876958350.2073,2570.010660080848,8881768.744480848,5807.530048894498,325.0,False,hydrodynamic_candidate,False,H2O,1_M_earth,1000_F_earth
H2O_atmosphere_1_M_earth_1000_F_earth.csv,6000,1264.7987286714047,CH4,2646.8476165623583,0.0,14.87043219880994,2456.788845336502,0.0038300549614920325,0.0,2570.010660080848,8881768.744480848,5807.530048894498,325.0,True,Jeans,False,H2O,1_M_earth,1000_F_earth
H2O_atmosphere_1_M_earth_1000_F_earth.csv,6000,1264.7987286714047,H2O,2646.8476165623583,0.0,16.729236223661182,2316.2827366412116,0.000628726385434089,0.0,2570.010660080848,8881768.744480848,5807.530048894498,325.0,True,Jeans,False,H2O,1_M_earth,1000_F_earth
H2O_atmosphere_1_M_earth_1000_F_earth.csv,6000,1264.7987286714047,O2,2646.8476165623583,0.0,29.74086439761988,1737.2120524809088,1.8267145248928257e-09,0.0,2570.010660080848,8881768.744480848,5807.530048894498,325.0,True,Jeans,False,H2O,1_M_earth,1000_F_earth
H2O_atmosphere_1_M_earth_1000_F_earth.csv,6000,1264.7987286714047,N2O,2646.8476165623583,0.0,40.89368854672733,1481.4994162021203,3.0432797192799875e-14,0.0,2570.010660080848,8881768.744480848,5807.530048894498,325.0,True,Jeans,False,H2O,1_M_earth,1000_F_earth
H2O_atmosphere_1_M_earth_1000_F_earth.csv,6000,1264.7987286714047,CO,2646.8476165623583,0.0,26.023256347917393,1857.157802445118,7.066834543295956e-08,0.0,2570.010660080848,8881768.744480848,5807.530048894498,325.0,True,Jeans,False,H2O,1_M_earth,1000_F_earth
H2O_atmosphere_1_M_earth_1000_F_earth.csv,6000,1264.7987286714047,S,2646.8476165623583,1.1248991051794302e-08,29.74086439761988,1737.2120524809088,1.8267145248928257e-09,233811044546.11755,2570.010660080848,8881768.744480848,5807.530048894498,325.0,True,Jeans,False,H2O,1_M_earth,1000_F_earth
H2O_atmosphere_1_M_earth_1000_F_earth.csv,6000,1264.7987286714047,NH3,2646.8476165623583,0.0,15.79983421123556,2383.4352727439173,0.001552825353171449,0.0,2570.010660080848,8881768.744480848,5807.530048894498,325.0,True,Jeans,False,H2O,1_M_earth,1000_F_earth
H2O_atmosphere_1_M_earth_1000_F_earth.csv,6000,1264.7987286714047,N,2646.8476165623583,0.00211023248624069,13.011628173958696,2626.417751684899,0.023193653271687535,7895965089.727923,2570.010660080848,8881768.744480848,5807.530048894498,325.0,True,Jeans,False,H2O,1_M_earth,1000_F_earth
H2O_atmosphere_1_M_earth_1000_F_earth.csv,6000,1264.7987286714047,C,2646.8476165623583,0.08012105001733759,11.152824149107454,2836.855402394199,0.13941178762090825,58188612461.300896,2570.010660080848,8881768.744480848,5807.530048894498,325.0,True,Jeans,False,H2O,1_M_earth,1000_F_earth
H2O_atmosphere_1_M_earth_1000_F_earth.csv,7000,1249.9616199401225,S2,2616.1576888729132,0.0,49.83604159986115,1327.2230700903096,4.325067101815109e-18,0.0,2769.1092659758665,9080867.350375867,6779.593238552982,328.0,True,Jeans,False,H2O,1_M_earth,1000_F_earth
H2O_atmosphere_1_M_earth_1000_F_earth.csv,7000,1249.9616199401225,H2S,2616.1576888729132,0.0,26.47539709992623,1820.9350295118795,4.482441494748706e-08,0.0,2769.1092659758665,9080867.350375867,6779.593238552982,328.0,True,Jeans,False,H2O,1_M_earth,1000_F_earth
H2O_atmosphere_1_M_earth_1000_F_earth.csv,7000,1249.9616199401225,SO2,2616.1576888729132,0.0,49.83604159986115,1327.2230700903096,4.325067101815109e-18,0.0,2769.1092659758665,9080867.350375867,6779.593238552982,328.0,True,Jeans,False,H2O,1_M_earth,1000_F_earth
H2O_atmosphere_1_M_earth_1000_F_earth.csv,7000,1249.9616199401225,O,2616.1576888729132,0.5997059147159276,12.459010399965287,2654.4461401806193,0.03912935127255847,1113350918809.9294,2769.1092659758665,9080867.350375867,6779.593238552982,328.0,True,Jeans,False,H2O,1_M_earth,1000_F_earth
H2O_atmosphere_1_M_earth_1000_F_earth.csv,7000,1249.9616199401225,NO2,2616.1576888729132,0.0,35.8196548999002,1565.506925664187,4.517012664302494e-12,0.0,2769.1092659758665,9080867.350375867,6779.593238552982,328.0,True,Jeans,False,H2O,1_M_earth,1000_F_earth
H2O_atmosphere_1_M_earth_1000_F_earth.csv,7000,1249.9616199401225,CO2,2616.1576888729132,0.0,34.26227859990454,1600.6912496702266,2.099396543508857e-11,0.0,2769.1092659758665,9080867.350375867,6779.593238552982,328.0,True,Jeans,False,H2O,1_M_earth,1000_F_earth
H2O_atmosphere_1_M_earth_1000_F_earth.csv,7000,1249.9616199401225,N2,2616.1576888729132,0.0,21.80326819993925,2006.57267300949,4.383368576439188e-06,0.0,2769.1092659758665,9080867.350375867,6779.593238552982,328.0,True,Jeans,False,H2O,1_M_earth,1000_F_earth
H2O_atmosphere_1_M_earth_1000_F_earth.csv,7000,1249.9616199401225,H2,2616.1576888729132,0.0,1.5573762999956609,7507.907464064691,1141.1656275262917,0.0,2769.1092659758665,9080867.350375867,6779.593238552982,328.0,True,Jeans,False,H2O,1_M_earth,1000_F_earth
H2O_atmosphere_1_M_earth_1000_F_earth.csv,7000,1249.9616199401225,NO,2616.1576888729132,0.0,23.36064449993491,1938.5333715459274,9.531431339746236e-07,0.0,2769.1092659758665,9080867.350375867,6779.593238552982,328.0,True,Jeans,False,H2O,1_M_earth,1000_F_earth
H2O_atmosphere_1_M_earth_1000_F_earth.csv,7000,1249.9616199401225,OH,2616.1576888729132,0.0,13.237698549963115,2575.191014935952,0.01843252690772253,0.0,2769.1092659758665,9080867.350375867,6779.593238552982,328.0,True,Jeans,False,H2O,1_M_earth,1000_F_earth
H2O_atmosphere_1_M_earth_1000_F_earth.csv,7000,1249.9616199401225,H,2616.1576888729132,2615.1607495992453,0.7786881499978304,10617.784560722477,2445.3938863772332,1242985142153.8557,2769.1092659758665,9080867.350375867,6779.593238552982,328.0,False,hydrodynamic_candidate,False,H2O,1_M_earth,1000_F_earth
H2O_atmosphere_1_M_earth_1000_F_earth.csv,7000,1249.9616199401225,CH4,2616.1576888729132,0.0,12.459010399965287,2654.4461401806193,0.03912935127255847,0.0,2769.1092659758665,9080867.350375867,6779.593238552982,328.0,True,Jeans,False,H2O,1_M_earth,1000_F_earth
H2O_atmosphere_1_M_earth_1000_F_earth.csv,7000,1249.9616199401225,H2O,2616.1576888729132,0.0,14.016386699960947,2502.635821354897,0.008671989995155593,0.0,2769.1092659758665,9080867.350375867,6779.593238552982,328.0,True,Jeans,False,H2O,1_M_earth,1000_F_earth
H2O_atmosphere_1_M_earth_1000_F_earth.csv,7000,1249.9616199401225,O2,2616.1576888729132,0.0,24.918020799930574,1876.9768660161728,2.0686970189020272e-07,0.0,2769.1092659758665,9080867.350375867,6779.593238552982,328.0,True,Jeans,False,H2O,1_M_earth,1000_F_earth
H2O_atmosphere_1_M_earth_1000_F_earth.csv,7000,1249.9616199401225,N2O,2616.1576888729132,0.0,34.26227859990454,1600.6912496702266,2.099396543508857e-11,0.0,2769.1092659758665,9080867.350375867,6779.593238552982,328.0,True,Jeans,False,H2O,1_M_earth,1000_F_earth
H2O_atmosphere_1_M_earth_1000_F_earth.csv,7000,1249.9616199401225,CO,2616.1576888729132,0.0,21.80326819993925,2006.57267300949,4.383368576439188e-06,0.0,2769.1092659758665,9080867.350375867,6779.593238552982,328.0,True,Jeans,False,H2O,1_M_earth,1000_F_earth
H2O_atmosphere_1_M_earth_1000_F_earth.csv,7000,1249.9616199401225,S,2616.1576888729132,1.0869176486750374e-06,24.918020799930574,1876.9768660161728,2.0686970189020272e-07,190838565682.3789,2769.1092659758665,9080867.350375867,6779.593238552982,328.0,True,Jeans,False,H2O,1_M_earth,1000_F_earth
H2O_atmosphere_1_M_earth_1000_F_earth.csv,7000,1249.9616199401225,NH3,2616.1576888729132,0.0,13.237698549963115,2575.191014935952,0.01843252690772253,0.0,2769.1092659758665,9080867.350375867,6779.593238552982,328.0,True,Jeans,False,H2O,1_M_earth,1000_F_earth
H2O_atmosphere_1_M_earth_1000_F_earth.csv,7000,1249.9616199401225,N,2616.1576888729132,0.013629189405491704,10.901634099969625,2837.7222880572544,0.1755706917272708,6444753947.902561,2769.1092659758665,9080867.350375867,6779.593238552982,328.0,True,Jeans,False,H2O,1_M_earth,1000_F_earth
H2O_atmosphere_1_M_earth_1000_F_earth.csv,7000,1249.9616199401225,C,2616.1576888729132,0.3836030826292485,9.344257799973965,3065.090387165287,0.7823085730284407,47494041022.39555,2769.1092659758665,9080867.350375867,6779.593238552982,328.0,True,Jeans,False,H2O,1_M_earth,1000_F_earth
H2O_atmosphere_10_M_earth_1_F_earth.csv,200,0.1107283082407634,S2,0.1617499850353209,0.0,1077.243255989135,227.9275361806584,0.0,0.0,23945.754683966934,142446354.68396693,199.9444647329141,584.0,True,Jeans,False,H2O,10_M_earth,1_F_earth
H2O_atmosphere_10_M_earth_1_F_earth.csv,200,0.1107283082407634,H2S,0.1617499850353209,0.0,572.2854797442279,312.71399976000725,1.4570934575350462e-244,0.0,23945.754683966934,142446354.68396693,199.9444647329141,584.0,True,Jeans,False,H2O,10_M_earth,1_F_earth
H2O_atmosphere_10_M_earth_1_F_earth.csv,200,0.1107283082407634,SO2,0.1617499850353209,0.0,1077.243255989135,227.9275361806584,0.0,0.0,23945.754683966934,142446354.68396693,199.9444647329141,584.0,True,Jeans,False,H2O,10_M_earth,1_F_earth
H2O_atmosphere_10_M_earth_1_F_earth.csv,200,0.1107283082407634,O,0.1617499850353209,1.00823806775185e-109,269.31081399728373,455.8550723613168,3.809647947577822e-113,781315820554.6168,23945.754683966934,142446354.68396693,199.9444647329141,584.0,True,Jeans,False,H2O,10_M_earth,1_F_earth
H2O_atmosphere_10_M_earth_1_F_earth.csv,200,0.1107283082407634,NO2,0.1617499850353209,0.0,774.2685902421907,268.8486543683389,0.0,0.0,23945.754683966934,142446354.68396693,199.9444647329141,584.0,True,Jeans,False,H2O,10_M_earth,1_F_earth
H2O_atmosphere_10_M_earth_1_F_earth.csv,200,0.1107283082407634,CO2,0.1617499850353209,0.0,740.6047384925303,274.8909516005087,1.3069845e-317,0.0,23945.754683966934,142446354.68396693,199.9444647329141,584.0,True,Jeans,False,H2O,10_M_earth,1_F_earth
H2O_atmosphere_10_M_earth_1_F_earth.csv,200,0.1107283082407634,N2,0.1617499850353209,0.0,471.29392449524653,344.5940443872565,9.58438898529793e-201,0.0,23945.754683966934,142446354.68396693,199.9444647329141,584.0,True,Jeans,False,H2O,10_M_earth,1_F_earth
H2O_atmosphere_10_M_earth_1_F_earth.csv,200,0.1107283082407634,H2,0.1617499850353209,0.0,33.663851749660466,1289.3528516198855,3.024256461763201e-11,0.0,23945.754683966934,142446354.68396693,199.9444647329141,584.0,True,Jeans,False,H2O,10_M_earth,1_F_earth
H2O_atmosphere_10_M_earth_1_F_earth.csv,200,0.1107283082407634,NO,0.1617499850353209,0.0,504.957776244907,332.90947478059064,2.3793573982587166e-215,0.0,23945.754683966934,142446354.68396693,199.9444647329141,584.0,True,Jeans,False,H2O,10_M_earth,1_F_earth
H2O_atmosphere_10_M_earth_1_F_earth.csv,200,0.1107283082407634,OH,0.1617499850353209,0.0,286.14273987211396,442.244379604539,1.9228361000663177e-120,0.0,23945.754683966934,142446354.68396693,199.9444647329141,584.0,True,Jeans,False,H2O,10_M_earth,1_F_earth
H2O_atmosphere_10_M_earth_1_F_earth.csv,200,0.1107283082407634,H,0.1617499850353209,0.1617499850353209,16.831925874830233,1823.4202894452671,0.0004492287822199857,1700767817244.5298,23945.754683966934,142446354.68396693,199.9444647329141,584.0,True,Jeans,False,H2O,10_M_earth,1_F_earth
H2O_atmosphere_10_M_earth_1_F_earth.csv,200,0.1107283082407634,CH4,0.1617499850353209,0.0,269.31081399728373,455.8550723613168,3.809647947577822e-113,0.0,23945.754683966934,142446354.68396693,199.9444647329141,584.0,True,Jeans,False,H2O,10_M_earth,1_F_earth
H2O_atmosphere_10_M_earth_1_F_earth.csv,200,0.1107283082407634,H2O,0.1617499850353209,0.0,302.9746657469442,429.7842838732952,9.688521282032415e-128,0.0,23945.754683966934,142446354.68396693,199.9444647329141,584.0,True,Jeans,False,H2O,10_M_earth,1_F_earth
H2O_atmosphere_10_M_earth_1_F_earth.csv,200,0.1107283082407634,O2,0.1617499850353209,0.0,538.6216279945675,322.3382129049714,5.893799231817039e-230,0.0,23945.754683966934,142446354.68396693,199.9444647329141,584.0,True,Jeans,False,H2O,10_M_earth,1_F_earth
H2O_atmosphere_10_M_earth_1_F_earth.csv,200,0.1107283082407634,N2O,0.1617499850353209,0.0,740.6047384925303,274.8909516005087,1.3069845e-317,0.0,23945.754683966934,142446354.68396693,199.9444647329141,584.0,True,Jeans,False,H2O,10_M_earth,1_F_earth
H2O_atmosphere_10_M_earth_1_F_earth.csv,200,0.1107283082407634,CO,0.1617499850353209,0.0,471.29392449524653,344.5940443872565,9.58438898529793e-201,0.0,23945.754683966934,142446354.68396693,199.9444647329141,584.0,True,Jeans,False,H2O,10_M_earth,1_F_earth
H2O_atmosphere_10_M_earth_1_F_earth.csv,200,0.1107283082407634,S,0.1617499850353209,6.90063249818336e-229,538.6216279945675,322.3382129049714,5.893799231817039e-230,1728271375.4955616,23945.754683966934,142446354.68396693,199.9444647329141,584.0,True,Jeans,False,H2O,10_M_earth,1_F_earth
H2O_atmosphere_10_M_earth_1_F_earth.csv,200,0.1107283082407634,NH3,0.1617499850353209,0.0,286.14273987211396,442.244379604539,1.9228361000663177e-120,0.0,23945.754683966934,142446354.68396693,199.9444647329141,584.0,True,Jeans,False,H2O,10_M_earth,1_F_earth
H2O_atmosphere_10_M_earth_1_F_earth.csv,200,0.1107283082407634,N,0.1617499850353209,7.980535162713522e-99,235.64696224762326,487.3295710854544,1.4864263162976705e-98,181146083.26139337,23945.754683966934,142446354.68396693,199.9444647329141,584.0,True,Jeans,False,H2O,10_M_earth,1_F_earth
H2O_atmosphere_10_M_earth_1_F_earth.csv,200,0.1107283082407634,C,0.1617499850353209,6.694100580743164e-84,201.98311049796277,526.3760974785251,5.7411752546487475e-84,458963910.4287711,23945.754683966934,142446354.68396693,199.9444647329141,584.0,True,Jeans,False,H2O,10_M_earth,1_F_earth
H2O_atmosphere_10_M_earth_1_F_earth.csv,300,19.437061933090543,S2,28.39332169666973,0.0,709.1925582336412,279.11090272769394,5.612202577345872e-304,0.0,25790.964734134704,144291564.7341347,299.8260729281036,585.0,True,Jeans,False,H2O,10_M_earth,1_F_earth
H2O_atmosphere_10_M_earth_1_F_earth.csv,300,19.437061933090543,H2S,28.39332169666973,0.0,376.75854656162187,382.93699932518336,9.69569432341298e-160,0.0,25790.964734134704,144291564.7341347,299.8260729281036,585.0,True,Jeans,False,H2O,10_M_earth,1_F_earth
H2O_atmosphere_10_M_earth_1_F_earth.csv,300,19.437061933090543,SO2,28.39332169666973,0.0,709.1925582336412,279.11090272769394,5.612202577345872e-304,0.0,25790.964734134704,144291564.7341347,299.8260729281036,585.0,True,Jeans,False,H2O,10_M_earth,1_F_earth
H2O_atmosphere_10_M_earth_1_F_earth.csv,300,19.437061933090543,O,28.39332169666973,5.004589614998273e-70,177.2981395584103,558.2218054553879,2.8102503765934455e-73,512380532296.68915,25790.964734134704,144291564.7341347,299.8260729281036,585.0,True,Jeans,False,H2O,10_M_earth,1_F_earth
H2O_atmosphere_10_M_earth_1_F_earth.csv,300,19.437061933090543,NO2,28.39332169666973,0.0,509.73215123042957,329.2212598586433,2.0054674180034704e-217,0.0,25790.964734134704,144291564.7341347,299.8260729281036,585.0,True,Jeans,False,H2O,10_M_earth,1_F_earth
H2O_atmosphere_10_M_earth_1_F_earth.csv,300,19.437061933090543,CO2,28.39332169666973,0.0,487.5698837856283,336.6204142709616,8.270888015293173e-208,0.0,25790.964734134704,144291564.7341347,299.8260729281036,585.0,True,Jeans,False,H2O,10_M_earth,1_F_earth
H2O_atmosphere_10_M_earth_1_F_earth.csv,300,19.437061933090543,N2,28.39332169666973,0.0,310.27174422721805,421.97602104241014,6.599577475201451e-131,0.0,25790.964734134704,144291564.7341347,299.8260729281036,585.0,True,Jeans,False,H2O,10_M_earth,1_F_earth
H2O_atmosphere_10_M_earth_1_F_earth.csv,300,19.437061933090543,H2,28.39332169666973,0.0,22.162267444801287,1578.8896961748098,2.44668169457067e-06,0.0,25790.964734134704,144291564.7341347,299.8260729281036,585.0,True,Jeans,False,H2O,10_M_earth,1_F_earth
H2O_atmosphere_10_M_earth_1_F_earth.csv,300,19.437061933090543,NO,28.39332169666973,0.0,332.4340116720193,407.66756658556847,1.6197733918612602e-140,0.0,25790.964734134704,144291564.7341347,299.8260729281036,585.0,True,Jeans,False,H2O,10_M_earth,1_F_earth
H2O_atmosphere_10_M_earth_1_F_earth.csv,300,19.437061933090543,OH,28.39332169666973,0.0,188.37927328081093,541.5546979801311,4.459549106548656e-78,0.0,25790.964734134704,144291564.7341347,299.8260729281036,585.0,True,Jeans,False,H2O,10_M_earth,1_F_earth
H2O_atmosphere_10_M_earth_1_F_earth.csv,300,19.437061933090543,H,28.39332169666973,28.39332169666973,11.081133722400644,2232.8872218215515,0.11719101586077964,1115349640423.5596,25790.964734134704,144291564.7341347,299.8260729281036,585.0,True,Jeans,False,H2O,10_M_earth,1_F_earth
H2O_atmosphere_10_M_earth_1_F_earth.csv,300,19.437061933090543,CH4,28.39332169666973,0.0,177.2981395584103,558.2218054553879,2.8102503765934455e-73,0.0,25790.964734134704,144291564.7341347,299.8260729281036,585.0,True,Jeans,False,H2O,10_M_earth,1_F_earth
H2O_atmosphere_10_M_earth_1_F_earth.csv,300,19.437061933090543,H2O,28.39332169666973,0.0,199.4604070032116,526.2965653916033,7.064803581605252e-83,0.0,25790.964734134704,144291564.7341347,299.8260729281036,585.0,True,Jeans,False,H2O,10_M_earth,1_F_earth
H2O_atmosphere_10_M_earth_1_F_earth.csv,300,19.437061933090543,O2,28.39332169666973,0.0,354.5962791168206,394.72242404370246,3.9667675450275893e-150,0.0,25790.964734134704,144291564.7341347,299.8260729281036,585.0,True,Jeans,False,H2O,10_M_earth,1_F_earth
H2O_atmosphere_10_M_earth_1_F_earth.csv,300,19.437061933090543,N2O,28.39332169666973,0.0,487.5698837856283,336.6204142709616,8.270888015293173e-208,0.0,25790.964734134704,144291564.7341347,299.8260729281036,585.0,True,Jeans,False,H2O,10_M_earth,1_F_earth
H2O_atmosphere_10_M_earth_1_F_earth.csv,300,19.437061933090543,CO,28.39332169666973,0.0,310.27174422721805,421.97602104241014,6.599577475201451e-131,0.0,25790.964734134704,144291564.7341347,299.8260729281036,585.0,True,Jeans,False,H2O,10_M_earth,1_F_earth
H2O_atmosphere_10_M_earth_1_F_earth.csv,300,19.437061933090543,S,28.39332169666973,3.1251834906448824e-149,354.5962791168206,394.72242404370246,3.9667675450275893e-150,1133386249.2390745,25790.964734134704,144291564.7341347,299.8260729281036,585.0,True,Jeans,False,H2O,10_M_earth,1_F_earth
H2O_atmosphere_10_M_earth_1_F_earth.csv,300,19.437061933090543,NH3,28.39332169666973,0.0,188.37927328081093,541.5546979801311,4.459549106548656e-78,0.0,25790.964734134704,144291564.7341347,299.8260729281036,585.0,True,Jeans,False,H2O,10_M_earth,1_F_earth
H2O_atmosphere_10_M_earth_1_F_earth.csv,300,19.437061933090543,N,28.39332169666973,4.0075704564441746e-64,155.13587211360903,596.7642119544109,1.1092956954295594e-63,118794121.56155738,25790.964734134704,144291564.7341347,299.8260729281036,585.0,True,Jeans,False,H2O,10_M_earth,1_F_earth
H2O_atmosphere_10_M_earth_1_F_earth.csv,300,19.437061933090543,C,28.39332169666973,3.401138891133802e-54,132.97360466880772,644.5790192943742,4.334986301675864e-54,300984783.0337449,25790.964734134704,144291564.7341347,299.8260729281036,585.0,True,Jeans,False,H2O,10_M_earth,1_F_earth
H2O_atmosphere_10_M_earth_1_F_earth.csv,500,913.0400089672178,S2,1333.7529502029222,0.0,414.8082931902543,360.2938405211917,2.999109153603846e-176,0.0,29545.71768400514,148046317.68400514,499.60809780525756,589.0,True,Jeans,False,H2O,10_M_earth,1_F_earth
H2O_atmosphere_10_M_earth_1_F_earth.csv,500,913.0400089672178,H2S,1333.7529502029222,0.0,220.3669057573226,494.3190710795608,6.100760332913295e-92,0.0,29545.71768400514,148046317.68400514,499.60809780525756,589.0,True,Jeans,False,H2O,10_M_earth,1_F_earth
H2O_atmosphere_10_M_earth_1_F_earth.csv,500,913.0400089672178,SO2,1333.7529502029222,0.0,414.8082931902543,360.2938405211917,2.999109153603846e-176,0.0,29545.71768400514,148046317.68400514,499.60809780525756,589.0,True,Jeans,False,H2O,10_M_earth,1_F_earth
H2O_atmosphere_10_M_earth_1_F_earth.csv,500,913.0400089672178,O,1333.7529502029222,2.055321461209672e-38,103.70207329756357,720.5876810423835,1.9534351036489192e-41,287565380321.15454,29545.71768400514,148046317.68400514,499.60809780525756,589.0,True,Jeans,False,H2O,10_M_earth,1_F_earth
H2O_atmosphere_10_M_earth_1_F_earth.csv,500,913.0400089672178,NO2,1333.7529502029222,0.0,298.1434607304953,424.9794290960404,1.181905298425373e-125,0.0,29545.71768400514,148046317.68400514,499.60809780525756,589.0,True,Jeans,False,H2O,10_M_earth,1_F_earth
H2O_atmosphere_10_M_earth_1_F_earth.csv,500,913.0400089672178,CO2,1333.7529502029222,0.0,285.1807015682998,434.53072119452344,4.9277749096237376e-120,0.0,29545.71768400514,148046317.68400514,499.60809780525756,589.0,True,Jeans,False,H2O,10_M_earth,1_F_earth
H2O_atmosphere_10_M_earth_1_F_earth.csv,500,913.0400089672178,N2,1333.7529502029222,0.0,181.47862827073627,544.7130862442511,4.291489390303764e-75,0.0,29545.71768400514,148046317.68400514,499.60809780525756,589.0,True,Jeans,False,H2O,10_M_earth,1_F_earth
H2O_atmosphere_10_M_earth_1_F_earth.csv,500,913.0400089672178,H2,1333.7529502029222,0.0,12.962759162195447,2038.1297428182334,0.018834034754996246,0.0,29545.71768400514,148046317.68400514,499.60809780525756,589.0,True,Jeans,False,H2O,10_M_earth,1_F_earth
H2O_atmosphere_10_M_earth_1_F_earth.csv,500,913.0400089672178,NO,1333.7529502029222,0.0,194.4413874329317,526.2428367563349,1.0417804099316677e-80,0.0,29545.71768400514,148046317.68400514,499.60809780525756,589.0,True,Jeans,False,H2O,10_M_earth,1_F_earth
H2O_atmosphere_10_M_earth_1_F_earth.csv,500,913.0400089672178,OH,1333.7529502029222,0.0,110.1834528786613,699.0727344603849,3.082421369738735e-44,0.0,29545.71768400514,148046317.68400514,499.60809780525756,589.0,True,Jeans,False,H2O,10_M_earth,1_F_earth
H2O_atmosphere_10_M_earth_1_F_earth.csv,500,913.0400089672178,H,1333.7529502029222,1333.7529502029222,6.481379581097723,2882.350724169534,9.31743121728303,625972150233.3444,29545.71768400514,148046317.68400514,499.60809780525756,589.0,True,Jeans,False,H2O,10_M_earth,1_F_earth
H2O_atmosphere_10_M_earth_1_F_earth.csv,500,913.0400089672178,CH4,1333.7529502029222,0.0,103.70207329756357,720.5876810423835,1.9534351036489192e-41,0.0,29545.71768400514,148046317.68400514,499.60809780525756,589.0,True,Jeans,False,H2O,10_M_earth,1_F_earth
H2O_atmosphere_10_M_earth_1_F_earth.csv,500,913.0400089672178,H2O,1333.7529502029222,0.0,116.66483245975904,679.3765809394112,4.855783906130128e-47,0.0,29545.71768400514,148046317.68400514,499.60809780525756,589.0,True,Jeans,False,H2O,10_M_earth,1_F_earth
H2O_atmosphere_10_M_earth_1_F_earth.csv,500,913.0400089672178,O2,1333.7529502029222,0.0,207.40414659512714,509.53243570455834,2.5234625806066842e-86,0.0,29545.71768400514,148046317.68400514,499.60809780525756,589.0,True,Jeans,False,H2O,10_M_earth,1_F_earth
H2O_atmosphere_10_M_earth_1_F_earth.csv,500,913.0400089672178,N2O,1333.7529502029222,0.0,285.1807015682998,434.53072119452344,4.9277749096237376e-120,0.0,29545.71768400514,148046317.68400514,499.60809780525756,589.0,True,Jeans,False,H2O,10_M_earth,1_F_earth
H2O_atmosphere_10_M_earth_1_F_earth.csv,500,913.0400089672178,CO,1333.7529502029222,0.0,181.47862827073627,544.7130862442511,4.291489390303764e-75,0.0,29545.71768400514,148046317.68400514,499.60809780525756,589.0,True,Jeans,False,H2O,10_M_earth,1_F_earth
H2O_atmosphere_10_M_earth_1_F_earth.csv,500,913.0400089672178,S,1333.7529502029222,1.1746079956735474e-85,207.40414659512714,509.53243570455834,2.5234625806066842e-86,636094908.5092854,29545.71768400514,148046317.68400514,499.60809780525756,589.0,True,Jeans,False,H2O,10_M_earth,1_F_earth
H2O_atmosphere_10_M_earth_1_F_earth.csv,500,913.0400089672178,NH3,1333.7529502029222,0.0,110.1834528786613,699.0727344603849,3.082421369738735e-44,0.0,29545.71768400514,148046317.68400514,499.60809780525756,589.0,True,Jeans,False,H2O,10_M_earth,1_F_earth
H2O_atmosphere_10_M_earth_1_F_earth.csv,500,913.0400089672178,N,1333.7529502029222,1.664719608965258e-36,90.73931413536813,770.3406341687254,7.799197945888262e-36,66671301.10046038,29545.71768400514,148046317.68400514,499.60809780525756,589.0,True,Jeans,False,H2O,10_M_earth,1_F_earth
H2O_atmosphere_10_M_earth_1_F_earth.csv,500,913.0400089672178,C,1333.7529502029222,1.429267634424036e-30,77.77655497317268,832.0629832490966,3.083327154825203e-30,168922896.45747402,29545.71768400514,148046317.68400514,499.60809780525756,589.0,True,Jeans,False,H2O,10_M_earth,1_F_earth
H2O_atmosphere_10_M_earth_1_F_earth.csv,1000,10934.933684860307,S2,15973.560763183817,0.0,194.85704352330953,509.50854736830405,6.670324687779556e-81,0.0,39093.392696762174,157593992.69676217,999.1225055870303,596.0,True,Jeans,False,H2O,10_M_earth,1_F_earth
H2O_atmosphere_10_M_earth_1_F_earth.csv,1000,10934.933684860307,H2S,15973.560763183817,0.0,103.51780437175819,699.0399599334327,2.2744486219619124e-41,0.0,39093.392696762174,157593992.69676217,999.1225055870303,596.0,True,Jeans,False,H2O,10_M_earth,1_F_earth
H2O_atmosphere_10_M_earth_1_F_earth.csv,1000,10934.933684860307,SO2,15973.560763183817,0.0,194.85704352330953,509.50854736830405,6.670324687779556e-81,0.0,39093.392696762174,157593992.69676217,999.1225055870303,596.0,True,Jeans,False,H2O,10_M_earth,1_F_earth
H2O_atmosphere_10_M_earth_1_F_earth.csv,1000,10934.933684860307,O,15973.560763183817,5.286649527906083e-15,48.71426088082738,1019.0170947366081,9.97063536724066e-18,127887889334.08038,39093.392696762174,157593992.69676217,999.1225055870303,596.0,True,Jeans,False,H2O,10_M_earth,1_F_earth
H2O_atmosphere_10_M_earth_1_F_earth.csv,1000,10934.933684860307,NO2,15973.560763183817,0.0,140.05350003237874,600.9834952129825,3.5824426349350545e-57,0.0,39093.392696762174,157593992.69676217,999.1225055870303,596.0,True,Jeans,False,H2O,10_M_earth,1_F_earth
H2O_atmosphere_10_M_earth_1_F_earth.csv,1000,10934.933684860307,CO2,15973.560763183817,0.0,133.9642174222753,614.490428763522,1.5459962372915658e-54,0.0,39093.392696762174,157593992.69676217,999.1225055870303,596.0,True,Jeans,False,H2O,10_M_earth,1_F_earth
H2O_atmosphere_10_M_earth_1_F_earth.csv,1000,10934.933684860307,N2,15973.560763183817,0.0,85.24995654144793,770.3045183990317,1.7751321502871465e-33,0.0,39093.392696762174,157593992.69676217,999.1225055870303,596.0,True,Jeans,False,H2O,10_M_earth,1_F_earth
H2O_atmosphere_10_M_earth_1_F_earth.csv,1000,10934.933684860307,H2,15973.560763183817,0.0,6.089282610103423,2882.2155913330803,13.067183336549062,0.0,39093.392696762174,157593992.69676217,999.1225055870303,596.0,True,Jeans,False,H2O,10_M_earth,1_F_earth
H2O_atmosphere_10_M_earth_1_F_earth.csv,1000,10934.933684860307,NO,15973.560763183817,0.0,91.33923915155134,744.1848656941588,4.162312168139587e-36,0.0,39093.392696762174,157593992.69676217,999.1225055870303,596.0,True,Jeans,False,H2O,10_M_earth,1_F_earth
H2O_atmosphere_10_M_earth_1_F_earth.csv,1000,10934.933684860307,OH,15973.560763183817,0.0,51.758902185879094,988.5917919786054,4.88767375524475e-19,0.0,39093.392696762174,157593992.69676217,999.1225055870303,596.0,True,Jeans,False,H2O,10_M_earth,1_F_earth
H2O_atmosphere_10_M_earth_1_F_earth.csv,1000,10934.933684860307,H,15973.560763183817,15973.560763183817,3.0446413050517114,4076.0683789464324,221.43467214614265,278386282054.7217,39093.392696762174,157593992.69676217,999.1225055870303,596.0,True,Jeans,False,H2O,10_M_earth,1_F_earth
H2O_atmosphere_10_M_earth_1_F_earth.csv,1000,10934.933684860307,CH4,15973.560763183817,0.0,48.71426088082738,1019.0170947366081,9.97063536724066e-18,0.0,39093.392696762174,157593992.69676217,999.1225055870303,596.0,True,Jeans,False,H2O,10_M_earth,1_F_earth
H2O_atmosphere_10_M_earth_1_F_earth.csv,1000,10934.933684860307,H2O,15973.560763183817,0.0,54.803543490930814,960.7385304443601,2.392134126588185e-20,0.0,39093.392696762174,157593992.69676217,999.1225055870303,596.0,True,Jeans,False,H2O,10_M_earth,1_F_earth
H2O_atmosphere_10_M_earth_1_F_earth.csv,1000,10934.933684860307,O2,15973.560763183817,0.0,97.42852176165476,720.5538978332701,9.738972095893579e-39,0.0,39093.392696762174,157593992.69676217,999.1225055870303,596.0,True,Jeans,False,H2O,10_M_earth,1_F_earth
H2O_atmosphere_10_M_earth_1_F_earth.csv,1000,10934.933684860307,N2O,15973.560763183817,0.0,133.9642174222753,614.490428763522,1.5459962372915658e-54,0.0,39093.392696762174,157593992.69676217,999.1225055870303,596.0,True,Jeans,False,H2O,10_M_earth,1_F_earth
H2O_atmosphere_10_M_earth_1_F_earth.csv,1000,10934.933684860307,CO,15973.560763183817,0.0,85.24995654144793,770.3045183990317,1.7751321502871465e-33,0.0,39093.392696762174,157593992.69676217,999.1225055870303,596.0,True,Jeans,False,H2O,10_M_earth,1_F_earth
H2O_atmosphere_10_M_earth_1_F_earth.csv,1000,10934.933684860307,S,15973.560763183817,2.284473487051073e-38,97.42852176165476,720.5538978332701,9.738972095893579e-39,282888138.94967693,39093.392696762174,157593992.69676217,999.1225055870303,596.0,True,Jeans,False,H2O,10_M_earth,1_F_earth
H2O_atmosphere_10_M_earth_1_F_earth.csv,1000,10934.933684860307,NH3,15973.560763183817,0.0,51.758902185879094,988.5917919786054,4.88767375524475e-19,0.0,39093.392696762174,157593992.69676217,999.1225055870303,596.0,True,Jeans,False,H2O,10_M_earth,1_F_earth
H2O_atmosphere_10_M_earth_1_F_earth.csv,1000,10934.933684860307,N,15973.560763183817,4.437955566748452e-16,42.624978270723965,1089.375097077186,4.125863736438635e-15,29650481.45702532,39093.392696762174,157593992.69676217,999.1225055870303,596.0,True,Jeans,False,H2O,10_M_earth,1_F_earth
H2O_atmosphere_10_M_earth_1_F_earth.csv,1000,10934.933684860307,C,15973.560763183817,3.9510290762315623e-13,36.53569566062053,1176.659587910022,1.6913728587668983e-12,75124455.74644345,39093.392696762174,157593992.69676217,999.1225055870303,596.0,True,Jeans,False,H2O,10_M_earth,1_F_earth
H2O_atmosphere_10_M_earth_1_F_earth.csv,2000,24534.84489554801,S2,35840.07493064838,0.0,86.47936717005359,720.5807804530793,4.92573920829207e-34,0.0,59033.124400830566,177533724.40083057,1998.3941160866752,610.0,True,Jeans,False,H2O,10_M_earth,1_F_earth
H2O_atmosphere_10_M_earth_1_F_earth.csv,2000,24534.84489554801,H2S,35840.07493064838,0.0,45.94216380909097,988.6286746287032,1.4607071207766142e-16,0.0,59033.124400830566,177533724.40083057,1998.3941160866752,610.0,True,Jeans,False,H2O,10_M_earth,1_F_earth
H2O_atmosphere_10_M_earth_1_F_earth.csv,2000,24534.84489554801,SO2,35840.07493064838,0.0,86.47936717005359,720.5807804530793,4.92573920829207e-34,0.0,59033.124400830566,177533724.40083057,1998.3941160866752,610.0,True,Jeans,False,H2O,10_M_earth,1_F_earth
H2O_atmosphere_10_M_earth_1_F_earth.csv,2000,24534.84489554801,O,35840.07493064838,0.0009983002760803336,21.619841792513398,1441.1615609061587,3.751624046950472e-06,50574454035.008385,59033.124400830566,177533724.40083057,1998.3941160866752,610.0,True,Jeans,False,H2O,10_M_earth,1_F_earth
H2O_atmosphere_10_M_earth_1_F_earth.csv,2000,24534.84489554801,NO2,35840.07493064838,0.0,62.15704515347602,849.9507187009959,1.5337299378325773e-23,0.0,59033.124400830566,177533724.40083057,1998.3941160866752,610.0,True,Jeans,False,H2O,10_M_earth,1_F_earth
H2O_atmosphere_10_M_earth_1_F_earth.csv,2000,24534.84489554801,CO2,35840.07493064838,0.0,59.454564929411845,869.053119965209,2.2391388143413774e-22,0.0,59033.124400830566,177533724.40083057,1998.3941160866752,610.0,True,Jeans,False,H2O,10_M_earth,1_F_earth
H2O_atmosphere_10_M_earth_1_F_earth.csv,2000,24534.84489554801,N2,35840.07493064838,0.0,37.83472313689845,1089.4157397781032,4.4197473513659004e-13,0.0,59033.124400830566,177533724.40083057,1998.3941160866752,610.0,True,Jeans,False,H2O,10_M_earth,1_F_earth
H2O_atmosphere_10_M_earth_1_F_earth.csv,2000,24534.84489554801,H2,35840.07493064838,0.0,2.7024802240641748,4076.220450008538,285.4126580802826,0.0,59033.124400830566,177533724.40083057,1998.3941160866752,610.0,True,Jeans,False,H2O,10_M_earth,1_F_earth
H2O_atmosphere_10_M_earth_1_F_earth.csv,2000,24534.84489554801,NO,35840.07493064838,0.0,40.53720336096262,1052.475594556878,3.0616858231718586e-14,0.0,59033.124400830566,177533724.40083057,1998.3941160866752,610.0,True,Jeans,False,H2O,10_M_earth,1_F_earth
H2O_atmosphere_10_M_earth_1_F_earth.csv,2000,24534.84489554801,OH,35840.07493064838,0.0,22.971081904545485,1398.1320798108497,9.986580104332364e-07,0.0,59033.124400830566,177533724.40083057,1998.3941160866752,610.0,True,Jeans,False,H2O,10_M_earth,1_F_earth
H2O_atmosphere_10_M_earth_1_F_earth.csv,2000,24534.84489554801,H,35840.07493064838,35840.07384350357,1.3512401120320874,5764.646243624635,989.9849378775725,110090441706.91055,59033.124400830566,177533724.40083057,1998.3941160866752,610.0,False,hydrodynamic_candidate,False,H2O,10_M_earth,1_F_earth
H2O_atmosphere_10_M_earth_1_F_earth.csv,2000,24534.84489554801,CH4,35840.07493064838,0.0,21.619841792513398,1441.1615609061587,3.751624046950472e-06,0.0,59033.124400830566,177533724.40083057,1998.3941160866752,610.0,True,Jeans,False,H2O,10_M_earth,1_F_earth
H2O_atmosphere_10_M_earth_1_F_earth.csv,2000,24534.84489554801,H2O,35840.07493064838,0.0,24.322322016577576,1358.740150002846,2.654512441253211e-07,0.0,59033.124400830566,177533724.40083057,1998.3941160866752,610.0,True,Jeans,False,H2O,10_M_earth,1_F_earth
H2O_atmosphere_10_M_earth_1_F_earth.csv,2000,24534.84489554801,O2,35840.07493064838,0.0,43.239683585026796,1019.0551125021345,2.1166486407094897e-15,0.0,59033.124400830566,177533724.40083057,1998.3941160866752,610.0,True,Jeans,False,H2O,10_M_earth,1_F_earth
H2O_atmosphere_10_M_earth_1_F_earth.csv,2000,24534.84489554801,N2O,35840.07493064838,0.0,59.454564929411845,869.053119965209,2.2391388143413774e-22,0.0,59033.124400830566,177533724.40083057,1998.3941160866752,610.0,True,Jeans,False,H2O,10_M_earth,1_F_earth
H2O_atmosphere_10_M_earth_1_F_earth.csv,2000,24534.84489554801,CO,35840.07493064838,0.0,37.83472313689845,1089.4157397781032,4.4197473513659004e-13,0.0,59033.124400830566,177533724.40083057,1998.3941160866752,610.0,True,Jeans,False,H2O,10_M_earth,1_F_earth
H2O_atmosphere_10_M_earth_1_F_earth.csv,2000,24534.84489554801,S,35840.07493064838,2.491758605059368e-15,43.239683585026796,1019.0551125021345,2.1166486407094897e-15,111870742.84247261,59033.124400830566,177533724.40083057,1998.3941160866752,610.0,True,Jeans,False,H2O,10_M_earth,1_F_earth
H2O_atmosphere_10_M_earth_1_F_earth.csv,2000,24534.84489554801,NH3,35840.07493064838,0.0,22.971081904545485,1398.1320798108497,9.986580104332364e-07,0.0,59033.124400830566,177533724.40083057,1998.3941160866752,610.0,True,Jeans,False,H2O,10_M_earth,1_F_earth
H2O_atmosphere_10_M_earth_1_F_earth.csv,2000,24534.84489554801,N,35840.07493064838,2.8436886245716356e-06,18.917361568449223,1540.666514256912,5.2678060589782384e-05,11725558.37282541,59033.124400830566,177533724.40083057,1998.3941160866752,610.0,True,Jeans,False,H2O,10_M_earth,1_F_earth
H2O_atmosphere_10_M_earth_1_F_earth.csv,2000,24534.84489554801,C,35840.07493064838,8.600084330930888e-05,16.21488134438505,1664.1100302698242,0.0007335802785317291,29708664.001236618,59033.124400830566,177533724.40083057,1998.3941160866752,610.0,True,Jeans,False,H2O,10_M_earth,1_F_earth
H2O_atmosphere_10_M_earth_1_F_earth.csv,3000,26282.20761248175,S2,38394.29173535054,0.0,51.531857088255926,882.5765313891087,5.45216538745182e-19,0.0,80098.90971282133,198599509.71282133,2997.923479993982,624.0,True,Jeans,False,H2O,10_M_earth,1_F_earth
H2O_atmosphere_10_M_earth_1_F_earth.csv,3000,26282.20761248175,H2S,38394.29173535054,0.0,27.37629907813596,1210.8850113057215,1.2504838858846236e-08,0.0,80098.90971282133,198599509.71282133,2997.923479993982,624.0,True,Jeans,False,H2O,10_M_earth,1_F_earth
H2O_atmosphere_10_M_earth_1_F_earth.csv,3000,26282.20761248175,SO2,38394.29173535054,0.0,51.531857088255926,882.5765313891087,5.45216538745182e-19,0.0,80098.90971282133,198599509.71282133,2997.923479993982,624.0,True,Jeans,False,H2O,10_M_earth,1_F_earth
H2O_atmosphere_10_M_earth_1_F_earth.csv,3000,26282.20761248175,O,38394.29173535054,3.0840444552566533,12.882964272063981,1765.1530627782174,0.017565452848938307,26665884017.816277,80098.90971282133,198599509.71282133,2997.923479993982,624.0,True,Jeans,False,H2O,10_M_earth,1_F_earth
H2O_atmosphere_10_M_earth_1_F_earth.csv,3000,26282.20761248175,NO2,38394.29173535054,0.0,37.03852228218395,1041.0304819553132,9.1718365414157e-13,0.0,80098.90971282133,198599509.71282133,2997.923479993982,624.0,True,Jeans,False,H2O,10_M_earth,1_F_earth
H2O_atmosphere_10_M_earth_1_F_earth.csv,3000,26282.20761248175,CO2,38394.29173535054,0.0,35.42815174817595,1064.4273466876357,4.4946659558423475e-12,0.0,80098.90971282133,198599509.71282133,2997.923479993982,624.0,True,Jeans,False,H2O,10_M_earth,1_F_earth
H2O_atmosphere_10_M_earth_1_F_earth.csv,3000,26282.20761248175,N2,38394.29173535054,0.0,22.54518747611197,1334.3302943071847,1.4332107358588895e-06,0.0,80098.90971282133,198599509.71282133,2997.923479993982,624.0,True,Jeans,False,H2O,10_M_earth,1_F_earth
H2O_atmosphere_10_M_earth_1_F_earth.csv,3000,26282.20761248175,H2,38394.29173535054,0.0,1.6103705340079977,4992.606802090724,734.597682341358,0.0,80098.90971282133,198599509.71282133,2997.923479993982,624.0,True,Jeans,False,H2O,10_M_earth,1_F_earth
H2O_atmosphere_10_M_earth_1_F_earth.csv,3000,26282.20761248175,NO,38394.29173535054,0.0,24.155558010119965,1289.0855332439496,2.955869163988891e-07,0.0,80098.90971282133,198599509.71282133,2997.923479993982,624.0,True,Jeans,False,H2O,10_M_earth,1_F_earth
H2O_atmosphere_10_M_earth_1_F_earth.csv,3000,26282.20761248175,OH,38394.29173535054,0.0,13.68814953906798,1712.4500054628497,0.00805920573092541,0.0,80098.90971282133,198599509.71282133,2997.923479993982,624.0,True,Jeans,False,H2O,10_M_earth,1_F_earth
H2O_atmosphere_10_M_earth_1_F_earth.csv,3000,26282.20761248175,H,38394.29173535054,38391.17455180069,0.8051852670039988,7060.61225111287,1607.2065435283866,58046280598.393295,80098.90971282133,198599509.71282133,2997.923479993982,624.0,False,hydrodynamic_candidate,False,H2O,10_M_earth,1_F_earth
H2O_atmosphere_10_M_earth_1_F_earth.csv,3000,26282.20761248175,CH4,38394.29173535054,0.0,12.882964272063981,1765.1530627782174,0.017565452848938307,0.0,80098.90971282133,198599509.71282133,2997.923479993982,624.0,True,Jeans,False,H2O,10_M_earth,1_F_earth
H2O_atmosphere_10_M_earth_1_F_earth.csv,3000,26282.20761248175,H2O,38394.29173535054,0.0,14.493334806071982,1664.2022673635747,0.0036929272537381615,0.0,80098.90971282133,198599509.71282133,2997.923479993982,624.0,True,Jeans,False,H2O,10_M_earth,1_F_earth
H2O_atmosphere_10_M_earth_1_F_earth.csv,3000,26282.20761248175,O2,38394.29173535054,0.0,25.765928544127963,1248.151700522681,6.084770003932335e-08,0.0,80098.90971282133,198599509.71282133,2997.923479993982,624.0,True,Jeans,False,H2O,10_M_earth,1_F_earth
H2O_atmosphere_10_M_earth_1_F_earth.csv,3000,26282.20761248175,N2O,38394.29173535054,0.0,35.42815174817595,1064.4273466876357,4.4946659558423475e-12,0.0,80098.90971282133,198599509.71282133,2997.923479993982,624.0,True,Jeans,False,H2O,10_M_earth,1_F_earth
H2O_atmosphere_10_M_earth_1_F_earth.csv,3000,26282.20761248175,CO,38394.29173535054,0.0,22.54518747611197,1334.3302943071847,1.4332107358588895e-06,0.0,80098.90971282133,198599509.71282133,2997.923479993982,624.0,True,Jeans,False,H2O,10_M_earth,1_F_earth
H2O_atmosphere_10_M_earth_1_F_earth.csv,3000,26282.20761248175,S,38394.29173535054,4.726294293507727e-08,25.765928544127963,1248.151700522681,6.084770003932335e-08,58984962.08301838,80098.90971282133,198599509.71282133,2997.923479993982,624.0,True,Jeans,False,H2O,10_M_earth,1_F_earth
H2O_atmosphere_10_M_earth_1_F_earth.csv,3000,26282.20761248175,NH3,38394.29173535054,0.0,13.68814953906798,1712.4500054628497,0.00805920573092541,0.0,80098.90971282133,198599509.71282133,2997.923479993982,624.0,True,Jeans,False,H2O,10_M_earth,1_F_earth
H2O_atmosphere_10_M_earth_1_F_earth.csv,3000,26282.20761248175,N,38394.29173535054,0.0029590763753934417,11.272593738055985,1887.0279988945038,0.08307770922121614,6182417.300984811,80098.90971282133,198599509.71282133,2997.923479993982,624.0,True,Jeans,False,H2O,10_M_earth,1_F_earth
H2O_atmosphere_10_M_earth_1_F_earth.csv,3000,26282.20761248175,C,38394.29173535054,0.03017997095676723,9.662223204047987,2038.2231919117924,0.3901614497286109,15664188.644189246,80098.90971282133,198599509.71282133,2997.923479993982,624.0,True,Jeans,False,H2O,10_M_earth,1_F_earth
H2O_atmosphere_10_M_earth_1_F_earth.csv,4000,25517.406783875114,S2,37342.368961744214,0.0,34.81188712630516,1019.156877381109,7.835249508910103e-12,0.0,101969.18059210468,220469780.59210467,3997.586526542933,636.0,True,Jeans,False,H2O,10_M_earth,1_F_earth
H2O_atmosphere_10_M_earth_1_F_earth.csv,4000,25517.406783875114,H2S,37342.368961744214,0.0,18.493815035849615,1398.2717000729403,7.146965037249595e-05,0.0,101969.18059210468,220469780.59210467,3997.586526542933,636.0,True,Jeans,False,H2O,10_M_earth,1_F_earth
H2O_atmosphere_10_M_earth_1_F_earth.csv,4000,25517.406783875114,SO2,37342.368961744214,0.0,34.81188712630516,1019.156877381109,7.835249508910103e-12,0.0,101969.18059210468,220469780.59210467,3997.586526542933,636.0,True,Jeans,False,H2O,10_M_earth,1_F_earth
H2O_atmosphere_10_M_earth_1_F_earth.csv,4000,25517.406783875114,O,37342.368961744214,122.98613511431128,8.70297178157629,2038.313754762218,0.9266553780339442,16356516435.513956,101969.18059210468,220469780.59210467,3997.586526542933,636.0,True,Jeans,False,H2O,10_M_earth,1_F_earth
H2O_atmosphere_10_M_earth_1_F_earth.csv,4000,25517.406783875114,NO2,37342.368961744214,0.0,25.021043872031832,1202.1318690382986,1.1999706076655803e-07,0.0,101969.18059210468,220469780.59210467,3997.586526542933,636.0,True,Jeans,False,H2O,10_M_earth,1_F_earth
H2O_atmosphere_10_M_earth_1_F_earth.csv,4000,25517.406783875114,CO2,37342.368961744214,0.0,23.933172399334797,1229.1494417394126,3.4892540295042606e-07,0.0,101969.18059210468,220469780.59210467,3997.586526542933,636.0,True,Jeans,False,H2O,10_M_earth,1_F_earth
H2O_atmosphere_10_M_earth_1_F_earth.csv,4000,25517.406783875114,N2,37342.368961744214,0.0,15.230200617758507,1540.820368292322,0.0017142686394528497,0.0,101969.18059210468,220469780.59210467,3997.586526542933,636.0,True,Jeans,False,H2O,10_M_earth,1_F_earth
H2O_atmosphere_10_M_earth_1_F_earth.csv,4000,25517.406783875114,H2,37342.368961744214,0.0,1.0878714726970362,5765.221912712711,1144.084967856126,0.0,101969.18059210468,220469780.59210467,3997.586526542933,636.0,False,hydrodynamic_candidate,False,H2O,10_M_earth,1_F_earth
H2O_atmosphere_10_M_earth_1_F_earth.csv,4000,25517.406783875114,NO,37342.368961744214,0.0,16.31807209045554,1488.5738970084267,0.0005954103039125953,0.0,101969.18059210468,220469780.59210467,3997.586526542933,636.0,True,Jeans,False,H2O,10_M_earth,1_F_earth
H2O_atmosphere_10_M_earth_1_F_earth.csv,4000,25517.406783875114,OH,37342.368961744214,0.0,9.246907517924807,1977.454802125637,0.5510785926552193,0.0,101969.18059210468,220469780.59210467,3997.586526542933,636.0,True,Jeans,False,H2O,10_M_earth,1_F_earth
H2O_atmosphere_10_M_earth_1_F_earth.csv,4000,25517.406783875114,H,37342.368961744214,37218.88487309836,0.5439357363485181,8153.255019048872,2061.2327079046217,35604855327.268684,101969.18059210468,220469780.59210467,3997.586526542933,636.0,False,hydrodynamic_candidate,False,H2O,10_M_earth,1_F_earth
H2O_atmosphere_10_M_earth_1_F_earth.csv,4000,25517.406783875114,CH4,37342.368961744214,0.0,8.70297178157629,2038.313754762218,0.9266553780339442,0.0,101969.18059210468,220469780.59210467,3997.586526542933,636.0,True,Jeans,False,H2O,10_M_earth,1_F_earth
H2O_atmosphere_10_M_earth_1_F_earth.csv,4000,25517.406783875114,H2O,37342.368961744214,0.0,9.790843254273327,1921.7406375709038,0.3273678510157572,0.0,101969.18059210468,220469780.59210467,3997.586526542933,636.0,True,Jeans,False,H2O,10_M_earth,1_F_earth
H2O_atmosphere_10_M_earth_1_F_earth.csv,4000,25517.406783875114,O2,37342.368961744214,0.0,17.40594356315258,1441.3054781781777,0.00020644480064858732,0.0,101969.18059210468,220469780.59210467,3997.586526542933,636.0,True,Jeans,False,H2O,10_M_earth,1_F_earth
H2O_atmosphere_10_M_earth_1_F_earth.csv,4000,25517.406783875114,N2O,37342.368961744214,0.0,23.933172399334797,1229.1494417394126,3.4892540295042606e-07,0.0,101969.18059210468,220469780.59210467,3997.586526542933,636.0,True,Jeans,False,H2O,10_M_earth,1_F_earth
H2O_atmosphere_10_M_earth_1_F_earth.csv,4000,25517.406783875114,CO,37342.368961744214,0.0,15.230200617758507,1540.820368292322,0.0017142686394528497,0.0,101969.18059210468,220469780.59210467,3997.586526542933,636.0,True,Jeans,False,H2O,10_M_earth,1_F_earth
H2O_atmosphere_10_M_earth_1_F_earth.csv,4000,25517.406783875114,S,37342.368961744214,0.00012121522367809586,17.40594356315258,1441.3054781781777,0.00020644480064858732,36180630.693302855,101969.18059210468,220469780.59210467,3997.586526542933,636.0,True,Jeans,False,H2O,10_M_earth,1_F_earth
H2O_atmosphere_10_M_earth_1_F_earth.csv,4000,25517.406783875114,NH3,37342.368961744214,0.0,9.246907517924807,1977.454802125637,0.5510785926552193,0.0,101969.18059210468,220469780.59210467,3997.586526542933,636.0,True,Jeans,False,H2O,10_M_earth,1_F_earth
H2O_atmosphere_10_M_earth_1_F_earth.csv,4000,25517.406783875114,N,37342.368961744214,0.07028694350203614,7.615100308879254,2179.049062019709,2.610516074797365,3792216.6813296243,101969.18059210468,220469780.59210467,3997.586526542933,636.0,True,Jeans,False,H2O,10_M_earth,1_F_earth
H2O_atmosphere_10_M_earth_1_F_earth.csv,4000,25517.406783875114,C,37342.368961744214,0.42754537281780614,6.527228836182217,2353.6419900097667,7.31191484685902,9608215.457492048,101969.18059210468,220469780.59210467,3997.586526542933,636.0,True,Jeans,False,H2O,10_M_earth,1_F_earth
H2O_atmosphere_10_M_earth_1_F_earth.csv,5000,24093.44721562565,S2,35686.58822646574,0.0,25.233633249215796,1139.4977900025463,9.271271933373611e-08,0.0,124804.91572623429,243305515.7262343,4997.384531194607,648.0,True,Jeans,False,H2O,10_M_earth,1_F_earth
H2O_atmosphere_10_M_earth_1_F_earth.csv,5000,24093.44721562565,H2S,35686.58822646574,0.0,13.405367663645894,1563.3780700676186,0.009574282255619746,0.0,124804.91572623429,243305515.7262343,4997.384531194607,648.0,True,Jeans,False,H2O,10_M_earth,1_F_earth
H2O_atmosphere_10_M_earth_1_F_earth.csv,5000,24093.44721562565,SO2,35686.58822646574,0.0,25.233633249215796,1139.4977900025463,9.271271933373611e-08,0.0,124804.91572623429,243305515.7262343,4997.384531194607,648.0,True,Jeans,False,H2O,10_M_earth,1_F_earth
H2O_atmosphere_10_M_earth_1_F_earth.csv,5000,24093.44721562565,O,35686.58822646574,904.8266193797293,6.308408312303949,2278.9955800050925,8.555678058389992,10701830707.15884,124804.91572623429,243305515.7262343,4997.384531194607,648.0,True,Jeans,False,H2O,10_M_earth,1_F_earth
H2O_atmosphere_10_M_earth_1_F_earth.csv,5000,24093.44721562565,NO2,35686.58822646574,0.0,18.136673897873855,1344.078265537261,9.638926945017166e-05,0.0,124804.91572623429,243305515.7262343,4997.384531194607,648.0,True,Jeans,False,H2O,10_M_earth,1_F_earth
H2O_atmosphere_10_M_earth_1_F_earth.csv,5000,24093.44721562565,CO2,35686.58822646574,0.0,17.34812285883586,1374.2860432282314,0.00020790733639782159,0.0,124804.91572623429,243305515.7262343,4997.384531194607,648.0,True,Jeans,False,H2O,10_M_earth,1_F_earth
H2O_atmosphere_10_M_earth_1_F_earth.csv,5000,24093.44721562565,N2,35686.58822646574,0.0,11.039714546531911,1722.758726773966,0.09391795064633408,0.0,124804.91572623429,243305515.7262343,4997.384531194607,648.0,True,Jeans,False,H2O,10_M_earth,1_F_earth
H2O_atmosphere_10_M_earth_1_F_earth.csv,5000,24093.44721562565,H2,35686.58822646574,0.0,0.7885510390379936,6445.972915663079,1478.1602434855924,0.0,124804.91572623429,243305515.7262343,4997.384531194607,648.0,False,hydrodynamic_candidate,False,H2O,10_M_earth,1_F_earth
H2O_atmosphere_10_M_earth_1_F_earth.csv,5000,24093.44721562565,NO,35686.58822646574,0.0,11.828265585569905,1664.3430501644782,0.043939527571040145,0.0,124804.91572623429,243305515.7262343,4997.384531194607,648.0,True,Jeans,False,H2O,10_M_earth,1_F_earth
H2O_atmosphere_10_M_earth_1_F_earth.csv,5000,24093.44721562565,OH,35686.58822646574,0.0,6.702683831822947,2210.950469806301,5.897630389275647,0.0,124804.91572623429,243305515.7262343,4997.384531194607,648.0,True,Jeans,False,H2O,10_M_earth,1_F_earth
H2O_atmosphere_10_M_earth_1_F_earth.csv,5000,24093.44721562565,H,35686.58822646574,34779.619382999845,0.3942755195189968,9115.98232002037,2417.2160090485318,23295738769.77791,124804.91572623429,243305515.7262343,4997.384531194607,648.0,False,hydrodynamic_candidate,False,H2O,10_M_earth,1_F_earth
H2O_atmosphere_10_M_earth_1_F_earth.csv,5000,24093.44721562565,CH4,35686.58822646574,0.0,6.308408312303949,2278.9955800050925,8.555678058389992,0.0,124804.91572623429,243305515.7262343,4997.384531194607,648.0,True,Jeans,False,H2O,10_M_earth,1_F_earth
H2O_atmosphere_10_M_earth_1_F_earth.csv,5000,24093.44721562565,H2O,35686.58822646574,0.0,7.096959351341944,2148.65763855436,4.0617572477752955,0.0,124804.91572623429,243305515.7262343,4997.384531194607,648.0,True,Jeans,False,H2O,10_M_earth,1_F_earth
H2O_atmosphere_10_M_earth_1_F_earth.csv,5000,24093.44721562565,O2,35686.58822646574,0.0,12.616816624607898,1611.4932289157698,0.020525100992903514,0.0,124804.91572623429,243305515.7262343,4997.384531194607,648.0,True,Jeans,False,H2O,10_M_earth,1_F_earth
H2O_atmosphere_10_M_earth_1_F_earth.csv,5000,24093.44721562565,N2O,35686.58822646574,0.0,17.34812285883586,1374.2860432282314,0.00020790733639782159,0.0,124804.91572623429,243305515.7262343,4997.384531194607,648.0,True,Jeans,False,H2O,10_M_earth,1_F_earth
H2O_atmosphere_10_M_earth_1_F_earth.csv,5000,24093.44721562565,CO,35686.58822646574,0.0,11.039714546531911,1722.758726773966,0.09391795064633408,0.0,124804.91572623429,243305515.7262343,4997.384531194607,648.0,True,Jeans,False,H2O,10_M_earth,1_F_earth
H2O_atmosphere_10_M_earth_1_F_earth.csv,5000,24093.44721562565,S,35686.58822646574,0.00960310222043792,12.616816624607898,1611.4932289157698,0.020525100992903514,23672460.213915683,124804.91572623429,243305515.7262343,4997.384531194607,648.0,True,Jeans,False,H2O,10_M_earth,1_F_earth
H2O_atmosphere_10_M_earth_1_F_earth.csv,5000,24093.44721562565,NH3,35686.58822646574,0.0,6.702683831822947,2210.950469806301,5.897630389275647,0.0,124804.91572623429,243305515.7262343,4997.384531194607,648.0,True,Jeans,False,H2O,10_M_earth,1_F_earth
H2O_atmosphere_10_M_earth_1_F_earth.csv,5000,24093.44721562565,N,35686.58822646574,0.38516815733448984,5.519857273265956,2436.3487561003476,17.9526704320386,2481192.195688833,124804.91572623429,243305515.7262343,4997.384531194607,648.0,True,Jeans,False,H2O,10_M_earth,1_F_earth
H2O_atmosphere_10_M_earth_1_F_earth.csv,5000,24093.44721562565,C,35686.58822646574,1.7474528266133806,4.7313062342279615,2631.557423195815,37.504324155714194,6286515.568848606,124804.91572623429,243305515.7262343,4997.384531194607,648.0,True,Jeans,False,H2O,10_M_earth,1_F_earth
H2O_atmosphere_10_M_earth_1_F_earth.csv,6000,23221.59502194759,S2,35539.29293000377,0.0,19.170341865049842,1248.2979370699777,3.356239092982899e-05,0.0,148364.85072823768,266865450.7282377,5997.2520188793005,659.0,True,Jeans,False,H2O,10_M_earth,1_F_earth
H2O_atmosphere_10_M_earth_1_F_earth.csv,6000,23221.59502194759,H2S,35539.29293000377,0.0,10.18424411580773,1712.6506403505095,0.20403725171400408,0.0,148364.85072823768,266865450.7282377,5997.2520188793005,659.0,True,Jeans,False,H2O,10_M_earth,1_F_earth
H2O_atmosphere_10_M_earth_1_F_earth.csv,6000,23221.59502194759,SO2,35539.29293000377,0.0,19.170341865049842,1248.2979370699777,3.356239092982899e-05,0.0,148364.85072823768,266865450.7282377,5997.2520188793005,659.0,True,Jeans,False,H2O,10_M_earth,1_F_earth
H2O_atmosphere_10_M_earth_1_F_earth.csv,6000,23221.59502194759,O,35539.29293000377,2982.5702951362746,4.7925854662624605,2496.5958741399554,33.82379587434628,7417109488.326792,148364.85072823768,266865450.7282377,5997.2520188793005,659.0,True,Jeans,False,H2O,10_M_earth,1_F_earth
H2O_atmosphere_10_M_earth_1_F_earth.csv,6000,23221.59502194759,NO2,35539.29293000377,0.0,13.778683215504575,1472.4119176457616,0.006368747686450783,0.0,148364.85072823768,266865450.7282377,5997.2520188793005,659.0,True,Jeans,False,H2O,10_M_earth,1_F_earth
H2O_atmosphere_10_M_earth_1_F_earth.csv,6000,23221.59502194759,CO2,35539.29293000377,0.0,13.179610032221767,1505.50395775847,0.011373898438003573,0.0,148364.85072823768,266865450.7282377,5997.2520188793005,659.0,True,Jeans,False,H2O,10_M_earth,1_F_earth
H2O_atmosphere_10_M_earth_1_F_earth.csv,6000,23221.59502194759,N2,35539.29293000377,0.0,8.387024565959306,1887.2490877726384,1.1384494665918794,0.0,148364.85072823768,266865450.7282377,5997.2520188793005,659.0,True,Jeans,False,H2O,10_M_earth,1_F_earth
H2O_atmosphere_10_M_earth_1_F_earth.csv,6000,23221.59502194759,H2,35539.29293000377,0.0,0.5990731832828076,7061.439489946874,1749.7760681240075,0.0,148364.85072823768,266865450.7282377,5997.2520188793005,659.0,False,hydrodynamic_candidate,False,H2O,10_M_earth,1_F_earth
H2O_atmosphere_10_M_earth_1_F_earth.csv,6000,23221.59502194759,NO,35539.29293000377,0.0,8.986097749242115,1823.2558363210428,0.642725938256379,0.0,148364.85072823768,266865450.7282377,5997.2520188793005,659.0,True,Jeans,False,H2O,10_M_earth,1_F_earth
H2O_atmosphere_10_M_earth_1_F_earth.csv,6000,23221.59502194759,OH,35539.29293000377,0.0,5.092122057903865,2422.053763190657,25.578020562603538,0.0,148364.85072823768,266865450.7282377,5997.2520188793005,659.0,True,Jeans,False,H2O,10_M_earth,1_F_earth
H2O_atmosphere_10_M_earth_1_F_earth.csv,6000,23221.59502194759,H,35539.29293000377,32551.537285533115,0.2995365916414038,9986.383496559822,2713.3432132463095,16145559558.451859,148364.85072823768,266865450.7282377,5997.2520188793005,659.0,False,hydrodynamic_candidate,False,H2O,10_M_earth,1_F_earth
H2O_atmosphere_10_M_earth_1_F_earth.csv,6000,23221.59502194759,CH4,35539.29293000377,0.0,4.7925854662624605,2496.5958741399554,33.82379587434628,0.0,148364.85072823768,266865450.7282377,5997.2520188793005,659.0,True,Jeans,False,H2O,10_M_earth,1_F_earth
H2O_atmosphere_10_M_earth_1_F_earth.csv,6000,23221.59502194759,H2O,35539.29293000377,0.0,5.391658649545269,2353.813163315625,19.329162117203296,0.0,148364.85072823768,266865450.7282377,5997.2520188793005,659.0,True,Jeans,False,H2O,10_M_earth,1_F_earth
H2O_atmosphere_10_M_earth_1_F_earth.csv,6000,23221.59502194759,O2,35539.29293000377,0.0,9.585170932524921,1765.3598724867186,0.36235924829714655,0.0,148364.85072823768,266865450.7282377,5997.2520188793005,659.0,True,Jeans,False,H2O,10_M_earth,1_F_earth
H2O_atmosphere_10_M_earth_1_F_earth.csv,6000,23221.59502194759,N2O,35539.29293000377,0.0,13.179610032221767,1505.50395775847,0.011373898438003573,0.0,148364.85072823768,266865450.7282377,5997.2520188793005,659.0,True,Jeans,False,H2O,10_M_earth,1_F_earth
H2O_atmosphere_10_M_earth_1_F_earth.csv,6000,23221.59502194759,CO,35539.29293000377,0.0,8.387024565959306,1887.2490877726384,1.1384494665918794,0.0,148364.85072823768,266865450.7282377,5997.2520188793005,659.0,True,Jeans,False,H2O,10_M_earth,1_F_earth
H2O_atmosphere_10_M_earth_1_F_earth.csv,6000,23221.59502194759,S,35539.29293000377,0.14135885149516836,9.585170932524921,1765.3598724867186,0.36235924829714655,16406653.596867293,148364.85072823768,266865450.7282377,5997.2520188793005,659.0,True,Jeans,False,H2O,10_M_earth,1_F_earth
H2O_atmosphere_10_M_earth_1_F_earth.csv,6000,23221.59502194759,NH3,35539.29293000377,0.0,5.092122057903865,2422.053763190657,25.578020562603538,0.0,148364.85072823768,266865450.7282377,5997.2520188793005,659.0,True,Jeans,False,H2O,10_M_earth,1_F_earth
H2O_atmosphere_10_M_earth_1_F_earth.csv,6000,23221.59502194759,N,35539.29293000377,1.055747192466308,4.193512282979653,2668.973255504317,59.017554362675135,1719637.9461221914,148364.85072823768,266865450.7282377,5997.2520188793005,659.0,True,Jeans,False,H2O,10_M_earth,1_F_earth
H2O_atmosphere_10_M_earth_1_F_earth.csv,6000,23221.59502194759,C,35539.29293000377,3.988243290419994,3.5944390996968454,2882.8205999848246,102.65972993910722,4356990.457999872,148364.85072823768,266865450.7282377,5997.2520188793005,659.0,True,Jeans,False,H2O,10_M_earth,1_F_earth
H2O_atmosphere_10_M_earth_1_F_earth.csv,7000,23039.091341635205,S2,37111.5319151411,0.0,15.066640273729998,1348.3513140936557,0.0017488979517745185,0.0,172528.33549066223,291028935.4906622,6997.161843404626,669.0,True,Jeans,False,H2O,10_M_earth,1_F_earth
H2O_atmosphere_10_M_earth_1_F_earth.csv,7000,23039.091341635205,H2S,37111.5319151411,0.0,8.004152645419062,1849.9227411368358,1.5697561090159573,0.0,172528.33549066223,291028935.4906622,6997.161843404626,669.0,True,Jeans,False,H2O,10_M_earth,1_F_earth
H2O_atmosphere_10_M_earth_1_F_earth.csv,7000,23039.091341635205,SO2,37111.5319151411,0.0,15.066640273729998,1348.3513140936557,0.0017488979517745185,0.0,172528.33549066223,291028935.4906622,6997.161843404626,669.0,True,Jeans,False,H2O,10_M_earth,1_F_earth
H2O_atmosphere_10_M_earth_1_F_earth.csv,7000,23039.091341635205,O,37111.5319151411,6376.011873018228,3.7666600684324996,2696.7026281873113,83.86922406177136,5376816330.460004,172528.33549066223,291028935.4906622,6997.161843404626,669.0,True,Jeans,False,H2O,10_M_earth,1_F_earth
H2O_atmosphere_10_M_earth_1_F_earth.csv,7000,23039.091341635205,NO2,37111.5319151411,0.0,10.829147696743437,1590.4284426719576,0.10515346010121772,0.0,172528.33549066223,291028935.4906622,6997.161843404626,669.0,True,Jeans,False,H2O,10_M_earth,1_F_earth
H2O_atmosphere_10_M_earth_1_F_earth.csv,7000,23039.091341635205,CO2,37111.5319151411,0.0,10.358315188189374,1626.1728707022903,0.16531663908868885,0.0,172528.33549066223,291028935.4906622,6997.161843404626,669.0,True,Jeans,False,H2O,10_M_earth,1_F_earth
H2O_atmosphere_10_M_earth_1_F_earth.csv,7000,23039.091341635205,N2,37111.5319151411,0.0,6.591655119756875,2038.5155754508303,5.988611325482959,0.0,172528.33549066223,291028935.4906622,6997.161843404626,669.0,True,Jeans,False,H2O,10_M_earth,1_F_earth
H2O_atmosphere_10_M_earth_1_F_earth.csv,7000,23039.091341635205,H2,37111.5319151411,0.0,0.47083250855406245,7627.42686093933,1976.315968233313,0.0,172528.33549066223,291028935.4906622,6997.161843404626,669.0,False,hydrodynamic_candidate,False,H2O,10_M_earth,1_F_earth
H2O_atmosphere_10_M_earth_1_F_earth.csv,7000,23039.091341635205,NO,37111.5319151411,0.0,7.062487628310937,1969.3931471222095,3.837047240348679,0.0,172528.33549066223,291028935.4906622,6997.161843404626,669.0,True,Jeans,False,H2O,10_M_earth,1_F_earth
H2O_atmosphere_10_M_earth_1_F_earth.csv,7000,23039.091341635205,OH,37111.5319151411,0.0,4.002076322709531,2616.1858298581255,67.47366614120077,0.0,172528.33549066223,291028935.4906622,6997.161843404626,669.0,True,Jeans,False,H2O,10_M_earth,1_F_earth
H2O_atmosphere_10_M_earth_1_F_earth.csv,7000,23039.091341635205,H,37111.5319151411,30726.02425394864,0.23541625427703122,10786.810512749245,2970.718142794191,11704250616.082277,172528.33549066223,291028935.4906622,6997.161843404626,669.0,False,hydrodynamic_candidate,False,H2O,10_M_earth,1_F_earth
H2O_atmosphere_10_M_earth_1_F_earth.csv,7000,23039.091341635205,CH4,37111.5319151411,0.0,3.7666600684324996,2696.7026281873113,83.86922406177136,0.0,172528.33549066223,291028935.4906622,6997.161843404626,669.0,True,Jeans,False,H2O,10_M_earth,1_F_earth
H2O_atmosphere_10_M_earth_1_F_earth.csv,7000,23039.091341635205,H2O,37111.5319151411,0.0,4.237492576986563,2542.47562031311,54.25698318859207,0.0,172528.33549066223,291028935.4906622,6997.161843404626,669.0,True,Jeans,False,H2O,10_M_earth,1_F_earth
H2O_atmosphere_10_M_earth_1_F_earth.csv,7000,23039.091341635205,O2,37111.5319151411,0.0,7.533320136864999,1906.8567152348326,2.455567075523951,0.0,172528.33549066223,291028935.4906622,6997.161843404626,669.0,True,Jeans,False,H2O,10_M_earth,1_F_earth
H2O_atmosphere_10_M_earth_1_F_earth.csv,7000,23039.091341635205,N2O,37111.5319151411,0.0,10.358315188189374,1626.1728707022903,0.16531663908868885,0.0,172528.33549066223,291028935.4906622,6997.161843404626,669.0,True,Jeans,False,H2O,10_M_earth,1_F_earth
H2O_atmosphere_10_M_earth_1_F_earth.csv,7000,23039.091341635205,CO,37111.5319151411,0.0,6.591655119756875,2038.5155754508303,5.988611325482959,0.0,172528.33549066223,291028935.4906622,6997.161843404626,669.0,True,Jeans,False,H2O,10_M_earth,1_F_earth
H2O_atmosphere_10_M_earth_1_F_earth.csv,7000,23039.091341635205,S,37111.5319151411,0.825873646670607,7.533320136864999,1906.8567152348326,2.455567075523951,11893523.093689263,172528.33549066223,291028935.4906622,6997.161843404626,669.0,True,Jeans,False,H2O,10_M_earth,1_F_earth
H2O_atmosphere_10_M_earth_1_F_earth.csv,7000,23039.091341635205,NH3,37111.5319151411,0.0,4.002076322709531,2616.1858298581255,67.47366614120077,0.0,172528.33549066223,291028935.4906622,6997.161843404626,669.0,True,Jeans,False,H2O,10_M_earth,1_F_earth
H2O_atmosphere_10_M_earth_1_F_earth.csv,7000,23039.091341635205,N,37111.5319151411,1.9955751728860445,3.2958275598784375,2882.8963739113583,129.39312961577792,1246601.1733735811,172528.33549066223,291028935.4906622,6997.161843404626,669.0,True,Jeans,False,H2O,10_M_earth,1_F_earth
H2O_atmosphere_10_M_earth_1_F_earth.csv,7000,23039.091341635205,C,37111.5319151411,6.67433935467499,2.8249950513243745,3113.8839766166307,199.27306932355293,3158472.648017619,172528.33549066223,291028935.4906622,6997.161843404626,669.0,True,Jeans,False,H2O,10_M_earth,1_F_earth
H2O_atmosphere_10_M_earth_1000_F_earth.csv,200,35.33159984090757,S2,35.335452095158395,0.0,628.9935121245553,227.94841821530187,2.7488830236162485e-269,0.0,125414.8914800095,243915491.4800095,199.98110303095467,674.0,True,Jeans,False,H2O,10_M_earth,1000_F_earth
H2O_atmosphere_10_M_earth_1000_F_earth.csv,200,35.33159984090757,H2S,35.335452095158395,0.0,334.15280331617004,312.7426496751773,2.239269902760791e-141,0.0,125414.8914800095,243915491.4800095,199.98110303095467,674.0,True,Jeans,False,H2O,10_M_earth,1000_F_earth
H2O_atmosphere_10_M_earth_1000_F_earth.csv,200,35.33159984090757,SO2,35.335452095158395,0.0,628.9935121245553,227.94841821530187,2.7488830236162485e-269,0.0,125414.8914800095,243915491.4800095,199.98110303095467,674.0,True,Jeans,False,H2O,10_M_earth,1000_F_earth
H2O_atmosphere_10_M_earth_1000_F_earth.csv,200,35.33159984090757,O,35.335452095158395,2.730985052209018e-66,157.24837803113883,455.89683643060374,1.038718930821413e-64,2647241.4804208726,125414.8914800095,243915491.4800095,199.98110303095467,674.0,True,Jeans,False,H2O,10_M_earth,1000_F_earth
H2O_atmosphere_10_M_earth_1000_F_earth.csv,200,35.33159984090757,NO2,35.335452095158395,0.0,452.08908683952416,268.87328547262956,1.5715586044133498e-192,0.0,125414.8914800095,243915491.4800095,199.98110303095467,674.0,True,Jeans,False,H2O,10_M_earth,1000_F_earth
H2O_atmosphere_10_M_earth_1000_F_earth.csv,200,35.33159984090757,CO2,35.335452095158395,0.0,432.43303958563183,274.91613628188026,5.287305789798577e-184,0.0,125414.8914800095,243915491.4800095,199.98110303095467,674.0,True,Jeans,False,H2O,10_M_earth,1000_F_earth
H2O_atmosphere_10_M_earth_1000_F_earth.csv,200,35.33159984090757,N2,35.335452095158395,0.0,275.184661554493,344.62561505613405,8.274888683126068e-116,0.0,125414.8914800095,243915491.4800095,199.98110303095467,674.0,True,Jeans,False,H2O,10_M_earth,1000_F_earth
H2O_atmosphere_10_M_earth_1000_F_earth.csv,200,35.33159984090757,H2,35.335452095158395,0.0,19.656047253892353,1289.4709782462967,2.1844444244191885e-05,0.0,125414.8914800095,243915491.4800095,199.98110303095467,674.0,True,Jeans,False,H2O,10_M_earth,1000_F_earth
H2O_atmosphere_10_M_earth_1000_F_earth.csv,200,35.33159984090757,NO,35.335452095158395,0.0,294.84070880838533,332.93997494437957,2.4895798996828827e-124,0.0,125414.8914800095,243915491.4800095,199.98110303095467,674.0,True,Jeans,False,H2O,10_M_earth,1000_F_earth
H2O_atmosphere_10_M_earth_1000_F_earth.csv,200,35.33159984090757,OH,35.335452095158395,0.0,167.07640165808502,442.28489670313337,5.770914267838443e-69,0.0,125414.8914800095,243915491.4800095,199.98110303095467,674.0,True,Jeans,False,H2O,10_M_earth,1000_F_earth
H2O_atmosphere_10_M_earth_1000_F_earth.csv,200,35.33159984090757,H,35.335452095158395,35.335452095158395,9.828023626946177,1823.587345722415,0.3003408485257419,189534604982.1786,125414.8914800095,243915491.4800095,199.98110303095467,674.0,True,Jeans,False,H2O,10_M_earth,1000_F_earth
H2O_atmosphere_10_M_earth_1000_F_earth.csv,200,35.33159984090757,CH4,35.335452095158395,0.0,157.24837803113883,455.89683643060374,1.038718930821413e-64,0.0,125414.8914800095,243915491.4800095,199.98110303095467,674.0,True,Jeans,False,H2O,10_M_earth,1000_F_earth
H2O_atmosphere_10_M_earth_1000_F_earth.csv,200,35.33159984090757,H2O,35.335452095158395,0.0,176.9044252850312,429.82365941543225,3.200784319866052e-73,0.0,125414.8914800095,243915491.4800095,199.98110303095467,674.0,True,Jeans,False,H2O,10_M_earth,1000_F_earth
H2O_atmosphere_10_M_earth_1000_F_earth.csv,200,35.33159984090757,O2,35.335452095158395,0.0,314.49675606227765,322.36774456157417,7.473702609162018e-133,0.0,125414.8914800095,243915491.4800095,199.98110303095467,674.0,True,Jeans,False,H2O,10_M_earth,1000_F_earth
H2O_atmosphere_10_M_earth_1000_F_earth.csv,200,35.33159984090757,N2O,35.335452095158395,0.0,432.43303958563183,274.91613628188026,5.287305789798577e-184,0.0,125414.8914800095,243915491.4800095,199.98110303095467,674.0,True,Jeans,False,H2O,10_M_earth,1000_F_earth
H2O_atmosphere_10_M_earth_1000_F_earth.csv,200,35.33159984090757,CO,35.335452095158395,0.0,275.184661554493,344.62561505613405,8.274888683126068e-116,0.0,125414.8914800095,243915491.4800095,199.98110303095467,674.0,True,Jeans,False,H2O,10_M_earth,1000_F_earth
H2O_atmosphere_10_M_earth_1000_F_earth.csv,200,35.33159984090757,S,35.335452095158395,5.576108780651591e-134,314.49675606227765,322.36774456157417,7.473702609162018e-133,3756104.896735048,125414.8914800095,243915491.4800095,199.98110303095467,674.0,True,Jeans,False,H2O,10_M_earth,1000_F_earth
H2O_atmosphere_10_M_earth_1000_F_earth.csv,200,35.33159984090757,NH3,35.335452095158395,0.0,167.07640165808502,442.28489670313337,5.770914267838443e-69,0.0,125414.8914800095,243915491.4800095,199.98110303095467,674.0,True,Jeans,False,H2O,10_M_earth,1000_F_earth
H2O_atmosphere_10_M_earth_1000_F_earth.csv,200,35.33159984090757,N,35.335452095158395,4.145879354573777e-57,137.5923307772465,487.37421875355426,3.3450823195101524e-56,14261791.404085763,125414.8914800095,243915491.4800095,199.98110303095467,674.0,True,Jeans,False,H2O,10_M_earth,1000_F_earth
H2O_atmosphere_10_M_earth_1000_F_earth.csv,200,35.33159984090757,C,35.335452095158395,6.99055046841438e-54,117.93628352335413,526.4243224718158,1.0665180947538723e-47,87.99422424080565,125414.8914800095,243915491.4800095,199.98110303095467,674.0,True,Jeans,False,H2O,10_M_earth,1000_F_earth
H2O_atmosphere_10_M_earth_1000_F_earth.csv,300,1323.746549507192,S2,1323.8908794638116,0.0,351.51866272003656,279.1708696842133,6.037147353001786e-149,0.0,172484.0831416546,290984683.1416546,299.9549219867889,695.0,True,Jeans,False,H2O,10_M_earth,1000_F_earth
H2O_atmosphere_10_M_earth_1000_F_earth.csv,300,1323.746549507192,H2S,1323.8908794638116,0.0,186.74428957001945,383.0192733107703,1.6038654983321724e-77,0.0,172484.0831416546,290984683.1416546,299.9549219867889,695.0,True,Jeans,False,H2O,10_M_earth,1000_F_earth
H2O_atmosphere_10_M_earth_1000_F_earth.csv,300,1323.746549507192,SO2,1323.8908794638116,0.0,351.51866272003656,279.1708696842133,6.037147353001786e-149,0.0,172484.0831416546,290984683.1416546,299.9549219867889,695.0,True,Jeans,False,H2O,10_M_earth,1000_F_earth
H2O_atmosphere_10_M_earth_1000_F_earth.csv,300,1323.746549507192,O,1323.8908794638116,1.679223754045466e-36,87.87966568000914,558.3417393684266,9.559687576138286e-35,1242726.7950188161,172484.0831416546,290984683.1416546,299.9549219867889,695.0,True,Jeans,False,H2O,10_M_earth,1000_F_earth
H2O_atmosphere_10_M_earth_1000_F_earth.csv,300,1323.746549507192,NO2,1323.8908794638116,0.0,252.65403883002628,329.2919930216342,4.425507957507143e-106,0.0,172484.0831416546,290984683.1416546,299.9549219867889,695.0,True,Jeans,False,H2O,10_M_earth,1000_F_earth
H2O_atmosphere_10_M_earth_1000_F_earth.csv,300,1323.746549507192,CO2,1323.8908794638116,0.0,241.66908062002514,336.6927371417231,2.5532603501957984e-101,0.0,172484.0831416546,290984683.1416546,299.9549219867889,695.0,True,Jeans,False,H2O,10_M_earth,1000_F_earth
H2O_atmosphere_10_M_earth_1000_F_earth.csv,300,1323.746549507192,N2,1323.8908794638116,0.0,153.789414940016,422.0666825588853,2.989669039353606e-63,0.0,172484.0831416546,290984683.1416546,299.9549219867889,695.0,True,Jeans,False,H2O,10_M_earth,1000_F_earth
H2O_atmosphere_10_M_earth_1000_F_earth.csv,300,1323.746549507192,H2,1323.8908794638116,0.0,10.984958210001142,1579.2289205076254,0.09052529445742137,0.0,172484.0831416546,290984683.1416546,299.9549219867889,695.0,True,Jeans,False,H2O,10_M_earth,1000_F_earth
H2O_atmosphere_10_M_earth_1000_F_earth.csv,300,1323.746549507192,NO,1323.8908794638116,0.0,164.77437315001714,407.7551539316767,5.24458228130883e-68,0.0,172484.0831416546,290984683.1416546,299.9549219867889,695.0,True,Jeans,False,H2O,10_M_earth,1000_F_earth
H2O_atmosphere_10_M_earth_1000_F_earth.csv,300,1323.746549507192,OH,1323.8908794638116,0.0,93.37214478500972,541.6710509663786,4.054779811573364e-37,0.0,172484.0831416546,290984683.1416546,299.9549219867889,695.0,True,Jeans,False,H2O,10_M_earth,1000_F_earth
H2O_atmosphere_10_M_earth_1000_F_earth.csv,300,1323.746549507192,H,1323.8908794638116,1323.8908794638116,5.492479105000571,2233.3669574737064,16.84272461418589,88975536964.31682,172484.0831416546,290984683.1416546,299.9549219867889,695.0,True,Jeans,False,H2O,10_M_earth,1000_F_earth
H2O_atmosphere_10_M_earth_1000_F_earth.csv,300,1323.746549507192,CH4,1323.8908794638116,0.0,87.87966568000914,558.3417393684266,9.559687576138286e-35,0.0,172484.0831416546,290984683.1416546,299.9549219867889,695.0,True,Jeans,False,H2O,10_M_earth,1000_F_earth
H2O_atmosphere_10_M_earth_1000_F_earth.csv,300,1323.746549507192,H2O,1323.8908794638116,0.0,98.8646238900103,526.4096401692085,1.7169986818906406e-39,0.0,172484.0831416546,290984683.1416546,299.9549219867889,695.0,True,Jeans,False,H2O,10_M_earth,1000_F_earth
H2O_atmosphere_10_M_earth_1000_F_earth.csv,300,1323.746549507192,O2,1323.8908794638116,0.0,175.75933136001828,394.80723012690635,9.180255379330243e-73,0.0,172484.0831416546,290984683.1416546,299.9549219867889,695.0,True,Jeans,False,H2O,10_M_earth,1000_F_earth
H2O_atmosphere_10_M_earth_1000_F_earth.csv,300,1323.746549507192,N2O,1323.8908794638116,0.0,241.66908062002514,336.6927371417231,2.5532603501957984e-101,0.0,172484.0831416546,290984683.1416546,299.9549219867889,695.0,True,Jeans,False,H2O,10_M_earth,1000_F_earth
H2O_atmosphere_10_M_earth_1000_F_earth.csv,300,1323.746549507192,CO,1323.8908794638116,0.0,153.789414940016,422.0666825588853,2.989669039353606e-63,0.0,172484.0831416546,290984683.1416546,299.9549219867889,695.0,True,Jeans,False,H2O,10_M_earth,1000_F_earth
H2O_atmosphere_10_M_earth_1000_F_earth.csv,300,1323.746549507192,S,1323.8908794638116,4.576081823169446e-74,175.75933136001828,394.80723012690635,9.180255379330243e-73,1763274.0475689108,172484.0831416546,290984683.1416546,299.9549219867889,695.0,True,Jeans,False,H2O,10_M_earth,1000_F_earth
H2O_atmosphere_10_M_earth_1000_F_earth.csv,300,1323.746549507192,NH3,1323.8908794638116,0.0,93.37214478500972,541.6710509663786,4.054779811573364e-37,0.0,172484.0831416546,290984683.1416546,299.9549219867889,695.0,True,Jeans,False,H2O,10_M_earth,1000_F_earth
H2O_atmosphere_10_M_earth_1000_F_earth.csv,300,1323.746549507192,N,1323.8908794638116,4.3742680165949874e-31,76.894707470008,596.8924267005955,5.28265131258259e-30,6695086.358350891,172484.0831416546,290984683.1416546,299.9549219867889,695.0,True,Jeans,False,H2O,10_M_earth,1000_F_earth
H2O_atmosphere_10_M_earth_1000_F_earth.csv,300,1323.746549507192,C,1323.8908794638116,1.2659025290442718e-31,65.90974926000686,644.7175070483299,2.8907699172998425e-25,41.3081999053437,172484.0831416546,290984683.1416546,299.9549219867889,695.0,True,Jeans,False,H2O,10_M_earth,1000_F_earth
H2O_atmosphere_10_M_earth_1000_F_earth.csv,500,11447.651044563523,S2,11448.899198131348,0.0,156.33904998607096,360.41074441778954,2.026947994491322e-64,0.0,274050.1287784921,392550728.7784921,499.93236429167564,731.0,True,Jeans,False,H2O,10_M_earth,1000_F_earth
H2O_atmosphere_10_M_earth_1000_F_earth.csv,500,11447.651044563523,H2S,11448.899198131348,0.0,83.0551203051002,494.47946190247416,9.970732334729902e-33,0.0,274050.1287784921,392550728.7784921,499.93236429167564,731.0,True,Jeans,False,H2O,10_M_earth,1000_F_earth
H2O_atmosphere_10_M_earth_1000_F_earth.csv,500,11447.651044563523,SO2,11448.899198131348,0.0,156.33904998607096,360.41074441778954,2.026947994491322e-64,0.0,274050.1287784921,392550728.7784921,499.93236429167564,731.0,True,Jeans,False,H2O,10_M_earth,1000_F_earth
H2O_atmosphere_10_M_earth_1000_F_earth.csv,500,11447.651044563523,O,11448.899198131348,9.090618818275271e-16,39.08476249651774,720.8214888355791,8.647795861076915e-14,408646.226950522,274050.1287784921,392550728.7784921,499.93236429167564,731.0,True,Jeans,False,H2O,10_M_earth,1000_F_earth
H2O_atmosphere_10_M_earth_1000_F_earth.csv,500,11447.651044563523,NO2,11448.899198131348,0.0,112.36869217748851,425.1173214096125,2.1492852285945967e-45,0.0,274050.1287784921,392550728.7784921,499.93236429167564,731.0,True,Jeans,False,H2O,10_M_earth,1000_F_earth
H2O_atmosphere_10_M_earth_1000_F_earth.csv,500,11447.651044563523,CO2,11448.899198131348,0.0,107.4830968654238,434.67171259872174,2.783573249517633e-43,0.0,274050.1287784921,392550728.7784921,499.93236429167564,731.0,True,Jeans,False,H2O,10_M_earth,1000_F_earth
H2O_atmosphere_10_M_earth_1000_F_earth.csv,500,11447.651044563523,N2,11448.899198131348,0.0,68.39833436890605,544.8898283229324,2.103941344911774e-26,0.0,274050.1287784921,392550728.7784921,499.93236429167564,731.0,True,Jeans,False,H2O,10_M_earth,1000_F_earth
H2O_atmosphere_10_M_earth_1000_F_earth.csv,500,11447.651044563523,H2,11448.899198131348,0.0,4.8855953120647175,2038.7910511224848,25.572377032309326,0.0,274050.1287784921,392550728.7784921,499.93236429167564,731.0,True,Jeans,False,H2O,10_M_earth,1000_F_earth
H2O_atmosphere_10_M_earth_1000_F_earth.csv,500,11447.651044563523,NO,11448.899198131348,0.0,73.28392968097077,526.4135858262732,1.6436553387666253e-28,0.0,274050.1287784921,392550728.7784921,499.93236429167564,731.0,True,Jeans,False,H2O,10_M_earth,1000_F_earth
H2O_atmosphere_10_M_earth_1000_F_earth.csv,500,11447.651044563523,OH,11448.899198131348,0.0,41.5275601525501,699.299561337429,7.736393834977601e-15,0.0,274050.1287784921,392550728.7784921,499.93236429167564,731.0,True,Jeans,False,H2O,10_M_earth,1000_F_earth
H2O_atmosphere_10_M_earth_1000_F_earth.csv,500,11447.651044563523,H,11448.899198131348,11448.899198131348,2.4427976560323588,2883.2859553423164,243.38888474545223,29257852664.8846,274050.1287784921,392550728.7784921,499.93236429167564,731.0,True,Jeans,False,H2O,10_M_earth,1000_F_earth
H2O_atmosphere_10_M_earth_1000_F_earth.csv,500,11447.651044563523,CH4,11448.899198131348,0.0,39.08476249651774,720.8214888355791,8.647795861076915e-14,0.0,274050.1287784921,392550728.7784921,499.93236429167564,731.0,True,Jeans,False,H2O,10_M_earth,1000_F_earth
H2O_atmosphere_10_M_earth_1000_F_earth.csv,500,11447.651044563523,H2O,11448.899198131348,0.0,43.97035780858247,679.5970170408283,6.910176040827359e-16,0.0,274050.1287784921,392550728.7784921,499.93236429167564,731.0,True,Jeans,False,H2O,10_M_earth,1000_F_earth
H2O_atmosphere_10_M_earth_1000_F_earth.csv,500,11447.651044563523,O2,11448.899198131348,0.0,78.16952499303548,509.6977627806212,1.2813638784302921e-30,0.0,274050.1287784921,392550728.7784921,499.93236429167564,731.0,True,Jeans,False,H2O,10_M_earth,1000_F_earth
H2O_atmosphere_10_M_earth_1000_F_earth.csv,500,11447.651044563523,N2O,11448.899198131348,0.0,107.4830968654238,434.67171259872174,2.783573249517633e-43,0.0,274050.1287784921,392550728.7784921,499.93236429167564,731.0,True,Jeans,False,H2O,10_M_earth,1000_F_earth
H2O_atmosphere_10_M_earth_1000_F_earth.csv,500,11447.651044563523,CO,11448.899198131348,0.0,68.39833436890605,544.8898283229324,2.103941344911774e-26,0.0,274050.1287784921,392550728.7784921,499.93236429167564,731.0,True,Jeans,False,H2O,10_M_earth,1000_F_earth
H2O_atmosphere_10_M_earth_1000_F_earth.csv,500,11447.651044563523,S,11448.899198131348,3.822386901816303e-32,78.16952499303548,509.6977627806212,1.2813638784302921e-30,579817.9370614607,274050.1287784921,392550728.7784921,499.93236429167564,731.0,True,Jeans,False,H2O,10_M_earth,1000_F_earth
H2O_atmosphere_10_M_earth_1000_F_earth.csv,500,11447.651044563523,NH3,11448.899198131348,0.0,41.5275601525501,699.299561337429,7.736393834977601e-15,0.0,274050.1287784921,392550728.7784921,499.93236429167564,731.0,True,Jeans,False,H2O,10_M_earth,1000_F_earth
H2O_atmosphere_10_M_earth_1000_F_earth.csv,500,11447.651044563523,N,11448.899198131348,5.324982111404531e-13,34.199167184453025,770.5905852134384,1.07458694703969e-11,2201547.2671984816,274050.1287784921,392550728.7784921,499.93236429167564,731.0,True,Jeans,False,H2O,10_M_earth,1000_F_earth
H2O_atmosphere_10_M_earth_1000_F_earth.csv,500,11447.651044563523,C,11448.899198131348,3.467501475081205e-16,29.313571872388305,832.3329612337768,1.3231429437252949e-09,13.583387838017149,274050.1287784921,392550728.7784921,499.93236429167564,731.0,True,Jeans,False,H2O,10_M_earth,1000_F_earth
H2O_atmosphere_10_M_earth_1000_F_earth.csv,1000,22767.09581811297,S2,22769.582420116058,0.0,45.39858668199849,509.7136201163844,1.2819479032322976e-16,0.0,557370.5450510363,675871145.0510362,999.9269436390731,796.0,True,Jeans,False,H2O,10_M_earth,1000_F_earth
H2O_atmosphere_10_M_earth_1000_F_earth.csv,1000,22767.09581811297,H2S,22769.582420116058,0.0,24.1179991748117,699.3213174226092,1.6624282896882207e-07,0.0,557370.5450510363,675871145.0510362,999.9269436390731,796.0,True,Jeans,False,H2O,10_M_earth,1000_F_earth
H2O_atmosphere_10_M_earth_1000_F_earth.csv,1000,22767.09581811297,SO2,22769.582420116058,0.0,45.39858668199849,509.7136201163844,1.2819479032322976e-16,0.0,557370.5450510363,675871145.0510362,999.9269436390731,796.0,True,Jeans,False,H2O,10_M_earth,1000_F_earth
H2O_atmosphere_10_M_earth_1000_F_earth.csv,1000,22767.09581811297,O,22769.582420116058,0.00021994898015638713,11.349646670499622,1019.4272402327688,0.041813537777227135,68980.80820534074,557370.5450510363,675871145.0510362,999.9269436390731,796.0,True,Jeans,False,H2O,10_M_earth,1000_F_earth
H2O_atmosphere_10_M_earth_1000_F_earth.csv,1000,22767.09581811297,NO2,22769.582420116058,0.0,32.63023417768641,601.2253858300306,3.8461978661558756e-11,0.0,557370.5450510363,675871145.0510362,999.9269436390731,796.0,True,Jeans,False,H2O,10_M_earth,1000_F_earth
H2O_atmosphere_10_M_earth_1000_F_earth.csv,1000,22767.09581811297,CO2,22769.582420116058,0.0,31.21152834387396,614.7377558035619,1.5563302368200995e-10,0.0,557370.5450510363,675871145.0510362,999.9269436390731,796.0,True,Jeans,False,H2O,10_M_earth,1000_F_earth
H2O_atmosphere_10_M_earth_1000_F_earth.csv,1000,22767.09581811297,N2,22769.582420116058,0.0,19.86188167337434,770.6145592516586,1.0731987167932985e-05,0.0,557370.5450510363,675871145.0510362,999.9269436390731,796.0,True,Jeans,False,H2O,10_M_earth,1000_F_earth
H2O_atmosphere_10_M_earth_1000_F_earth.csv,1000,22767.09581811297,H2,22769.582420116058,0.0,1.4187058338124527,2883.3756579795136,476.149390522536,0.0,557370.5450510363,675871145.0510362,999.9269436390731,796.0,False,hydrodynamic_candidate,False,H2O,10_M_earth,1000_F_earth
H2O_atmosphere_10_M_earth_1000_F_earth.csv,1000,22767.09581811297,NO,22769.582420116058,0.0,21.28058750718679,744.4843936143006,2.680004841188069e-06,0.0,557370.5450510363,675871145.0510362,999.9269436390731,796.0,True,Jeans,False,H2O,10_M_earth,1000_F_earth
H2O_atmosphere_10_M_earth_1000_F_earth.csv,1000,22767.09581811297,OH,22769.582420116058,0.0,12.05899958740585,988.9896915556741,0.021102784449468615,0.0,557370.5450510363,675871145.0510362,999.9269436390731,796.0,True,Jeans,False,H2O,10_M_earth,1000_F_earth
H2O_atmosphere_10_M_earth_1000_F_earth.csv,1000,22767.09581811297,H,22769.582420116058,22769.578146429656,0.7093529169062264,4077.708960931075,967.3307051543807,4938820402.765851,557370.5450510363,675871145.0510362,999.9269436390731,796.0,False,hydrodynamic_candidate,False,H2O,10_M_earth,1000_F_earth
H2O_atmosphere_10_M_earth_1000_F_earth.csv,1000,22767.09581811297,CH4,22769.582420116058,0.0,11.349646670499622,1019.4272402327688,0.041813537777227135,0.0,557370.5450510363,675871145.0510362,999.9269436390731,796.0,True,Jeans,False,H2O,10_M_earth,1000_F_earth
H2O_atmosphere_10_M_earth_1000_F_earth.csv,1000,22767.09581811297,H2O,22769.582420116058,0.0,12.768352504312077,961.1252193265046,0.010637314064271288,0.0,557370.5450510363,675871145.0510362,999.9269436390731,796.0,True,Jeans,False,H2O,10_M_earth,1000_F_earth
H2O_atmosphere_10_M_earth_1000_F_earth.csv,1000,22767.09581811297,O2,22769.582420116058,0.0,22.699293340999244,720.8439144948784,6.680267598712844e-07,0.0,557370.5450510363,675871145.0510362,999.9269436390731,796.0,True,Jeans,False,H2O,10_M_earth,1000_F_earth
H2O_atmosphere_10_M_earth_1000_F_earth.csv,1000,22767.09581811297,N2O,22769.582420116058,0.0,31.21152834387396,614.7377558035619,1.5563302368200995e-10,0.0,557370.5450510363,675871145.0510362,999.9269436390731,796.0,True,Jeans,False,H2O,10_M_earth,1000_F_earth
H2O_atmosphere_10_M_earth_1000_F_earth.csv,1000,22767.09581811297,CO,22769.582420116058,0.0,19.86188167337434,770.6145592516586,1.0731987167932985e-05,0.0,557370.5450510363,675871145.0510362,999.9269436390731,796.0,True,Jeans,False,H2O,10_M_earth,1000_F_earth
H2O_atmosphere_10_M_earth_1000_F_earth.csv,1000,22767.09581811297,S,22769.582420116058,9.971788234237356e-09,22.699293340999244,720.8439144948784,6.680267598712844e-07,97875.14792176367,557370.5450510363,675871145.0510362,999.9269436390731,796.0,True,Jeans,False,H2O,10_M_earth,1000_F_earth
H2O_atmosphere_10_M_earth_1000_F_earth.csv,1000,22767.09581811297,NH3,22769.582420116058,0.0,12.05899958740585,988.9896915556741,0.021102784449468615,0.0,557370.5450510363,675871145.0510362,999.9269436390731,796.0,True,Jeans,False,H2O,10_M_earth,1000_F_earth
H2O_atmosphere_10_M_earth_1000_F_earth.csv,1000,22767.09581811297,N,22769.582420116058,0.004053644195622861,9.93094083668717,1089.8135610558606,0.16347525141114042,371628.3175471431,557370.5450510363,675871145.0510362,999.9269436390731,796.0,True,Jeans,False,H2O,10_M_earth,1000_F_earth
H2O_atmosphere_10_M_earth_1000_F_earth.csv,1000,22767.09581811297,C,22769.582420116058,8.325560110810937e-08,8.512235002874716,1177.1331831352527,0.6348725520066877,2.292919913210083,557370.5450510363,675871145.0510362,999.9269436390731,796.0,True,Jeans,False,H2O,10_M_earth,1000_F_earth
H2O_atmosphere_10_M_earth_1000_F_earth.csv,2000,18793.44244623272,S2,18797.24939707289,0.0,11.657110444405761,720.8597128165098,0.02228238384338687,0.0,1197530.9330969718,1316031533.0969718,1999.9415475344351,876.0,True,Jeans,False,H2O,10_M_earth,1000_F_earth
H2O_atmosphere_10_M_earth_1000_F_earth.csv,2000,18793.44244623272,H2S,18797.24939707289,0.0,6.192839923590562,989.0113666741335,4.101857228667,0.0,1197530.9330969718,1316031533.0969718,1999.9415475344351,876.0,True,Jeans,False,H2O,10_M_earth,1000_F_earth
H2O_atmosphere_10_M_earth_1000_F_earth.csv,2000,18793.44244623272,SO2,18797.24939707289,0.0,11.657110444405761,720.8597128165098,0.02228238384338687,0.0,1197530.9330969718,1316031533.0969718,1999.9415475344351,876.0,True,Jeans,False,H2O,10_M_earth,1000_F_earth
H2O_atmosphere_10_M_earth_1000_F_earth.csv,2000,18793.44244623272,O,18797.24939707289,0.2262816312573043,2.9142776111014403,1441.7194256330197,86.3520707707346,9063.48049181998,1197530.9330969718,1316031533.0969718,1999.9415475344351,876.0,True,Jeans,False,H2O,10_M_earth,1000_F_earth
H2O_atmosphere_10_M_earth_1000_F_earth.csv,2000,18793.44244623272,NO2,18797.24939707289,0.0,8.378548131916641,850.2797293673887,0.5168152083511534,0.0,1197530.9330969718,1316031533.0969718,1999.9415475344351,876.0,True,Jeans,False,H2O,10_M_earth,1000_F_earth
H2O_atmosphere_10_M_earth_1000_F_earth.csv,2000,18793.44244623272,CO2,18797.24939707289,0.0,8.014263430528962,869.3895250529857,0.7311211247910608,0.0,1197530.9330969718,1316031533.0969718,1999.9415475344351,876.0,True,Jeans,False,H2O,10_M_earth,1000_F_earth
H2O_atmosphere_10_M_earth_1000_F_earth.csv,2000,18793.44244623272,N2,18797.24939707289,0.0,5.099985819427521,1089.8374458731,11.433782328600023,0.0,1197530.9330969718,1316031533.0969718,1999.9415475344351,876.0,True,Jeans,False,H2O,10_M_earth,1000_F_earth
H2O_atmosphere_10_M_earth_1000_F_earth.csv,2000,18793.44244623272,H2,18797.24939707289,0.0,0.36428470138768004,4077.7983297339306,1090.2321506674075,0.0,1197530.9330969718,1316031533.0969718,1999.9415475344351,876.0,False,hydrodynamic_candidate,False,H2O,10_M_earth,1000_F_earth
H2O_atmosphere_10_M_earth_1000_F_earth.csv,2000,18793.44244623272,NO,18797.24939707289,0.0,5.464270520815201,1052.883001350129,8.131902634379548,0.0,1197530.9330969718,1316031533.0969718,1999.9415475344351,876.0,True,Jeans,False,H2O,10_M_earth,1000_F_earth
H2O_atmosphere_10_M_earth_1000_F_earth.csv,2000,18793.44244623272,OH,18797.24939707289,0.0,3.096419961795281,1398.6732880917095,73.07313156001845,0.0,1197530.9330969718,1316031533.0969718,1999.9415475344351,876.0,True,Jeans,False,H2O,10_M_earth,1000_F_earth
H2O_atmosphere_10_M_earth_1000_F_earth.csv,2000,18793.44244623272,H,18797.24939707289,18795.491405782297,0.18214235069384002,5766.877702532079,1602.8842739359236,648918206.9282435,1197530.9330969718,1316031533.0969718,1999.9415475344351,876.0,False,hydrodynamic_candidate,False,H2O,10_M_earth,1000_F_earth
H2O_atmosphere_10_M_earth_1000_F_earth.csv,2000,18793.44244623272,CH4,18797.24939707289,0.0,2.9142776111014403,1441.7194256330197,86.3520707707346,0.0,1197530.9330969718,1316031533.0969718,1999.9415475344351,876.0,True,Jeans,False,H2O,10_M_earth,1000_F_earth
H2O_atmosphere_10_M_earth_1000_F_earth.csv,2000,18793.44244623272,H2O,18797.24939707289,0.0,3.2785623124891212,1359.2661099113102,61.82098172201145,0.0,1197530.9330969718,1316031533.0969718,1999.9415475344351,876.0,True,Jeans,False,H2O,10_M_earth,1000_F_earth
H2O_atmosphere_10_M_earth_1000_F_earth.csv,2000,18793.44244623272,O2,18797.24939707289,0.0,5.828555222202881,1019.4495824334826,5.778036430134663,0.0,1197530.9330969718,1316031533.0969718,1999.9415475344351,876.0,True,Jeans,False,H2O,10_M_earth,1000_F_earth
H2O_atmosphere_10_M_earth_1000_F_earth.csv,2000,18793.44244623272,N2O,18797.24939707289,0.0,8.014263430528962,869.3895250529857,0.7311211247910608,0.0,1197530.9330969718,1316031533.0969718,1999.9415475344351,876.0,True,Jeans,False,H2O,10_M_earth,1000_F_earth
H2O_atmosphere_10_M_earth_1000_F_earth.csv,2000,18793.44244623272,CO,18797.24939707289,0.0,5.099985819427521,1089.8374458731,11.433782328600023,0.0,1197530.9330969718,1316031533.0969718,1999.9415475344351,876.0,True,Jeans,False,H2O,10_M_earth,1000_F_earth
H2O_atmosphere_10_M_earth_1000_F_earth.csv,2000,18793.44244623272,S,18797.24939707289,0.042966598005970635,5.828555222202881,1019.4495824334826,5.778036430134663,12859.946366273776,1197530.9330969718,1316031533.0969718,1999.9415475344351,876.0,True,Jeans,False,H2O,10_M_earth,1000_F_earth
H2O_atmosphere_10_M_earth_1000_F_earth.csv,2000,18793.44244623272,NH3,18797.24939707289,0.0,3.096419961795281,1398.6732880917095,73.07313156001845,0.0,1197530.9330969718,1316031533.0969718,1999.9415475344351,876.0,True,Jeans,False,H2O,10_M_earth,1000_F_earth
H2O_atmosphere_10_M_earth_1000_F_earth.csv,2000,18793.44244623272,N,18797.24939707289,1.4887320761170995,2.5499929097137604,1541.262896735792,120.5178645149672,48828.740832810814,1197530.9330969718,1316031533.0969718,1999.9415475344351,876.0,True,Jeans,False,H2O,10_M_earth,1000_F_earth
H2O_atmosphere_10_M_earth_1000_F_earth.csv,2000,18793.44244623272,C,18797.24939707289,1.0985215531972063e-05,2.1857082083260804,1664.7541969702731,168.15514778599797,0.30126980885498167,1197530.9330969718,1316031533.0969718,1999.9415475344351,876.0,True,Jeans,False,H2O,10_M_earth,1000_F_earth
H2O_atmosphere_10_M_earth_1000_F_earth.csv,3000,15492.305772210497,S2,15498.074202724427,0.0,5.081405175259229,882.8751406361858,9.407453229980119,0.0,1894186.732035144,2012687332.035144,2999.9524465090294,927.0,True,Jeans,False,H2O,10_M_earth,1000_F_earth
H2O_atmosphere_10_M_earth_1000_F_earth.csv,3000,15492.305772210497,H2S,15498.074202724427,0.0,2.6994964993564654,1211.2946998127952,84.99846289073743,0.0,1894186.732035144,2012687332.035144,2999.9524465090294,927.0,True,Jeans,False,H2O,10_M_earth,1000_F_earth
H2O_atmosphere_10_M_earth_1000_F_earth.csv,3000,15492.305772210497,SO2,15498.074202724427,0.0,5.081405175259229,882.8751406361858,9.407453229980119,0.0,1894186.732035144,2012687332.035144,2999.9524465090294,927.0,True,Jeans,False,H2O,10_M_earth,1000_F_earth
H2O_atmosphere_10_M_earth_1000_F_earth.csv,3000,15492.305772210497,O,15498.074202724427,0.5533697486286054,1.2703512938148072,1765.7502812723717,317.4759682089169,2577.525567700031,1894186.732035144,2012687332.035144,2999.9524465090294,927.0,False,hydrodynamic_candidate,False,H2O,10_M_earth,1000_F_earth
H2O_atmosphere_10_M_earth_1000_F_earth.csv,3000,15492.305772210497,NO2,15498.074202724427,0.0,3.6522599697175706,1041.3827022074333,35.44157810901246,0.0,1894186.732035144,2012687332.035144,2999.9524465090294,927.0,True,Jeans,False,H2O,10_M_earth,1000_F_earth
H2O_atmosphere_10_M_earth_1000_F_earth.csv,3000,15492.305772210497,CO2,15498.074202724427,0.0,3.49346605799072,1064.7874829899943,41.02479683649788,0.0,1894186.732035144,2012687332.035144,2999.9524465090294,927.0,True,Jeans,False,H2O,10_M_earth,1000_F_earth
H2O_atmosphere_10_M_earth_1000_F_earth.csv,3000,15492.305772210497,N2,15498.074202724427,0.0,2.2231147641759126,1334.7817490540135,131.39977530309196,0.0,1894186.732035144,2012687332.035144,2999.9524465090294,927.0,True,Jeans,False,H2O,10_M_earth,1000_F_earth
H2O_atmosphere_10_M_earth_1000_F_earth.csv,3000,15492.305772210497,H2,15498.074202724427,0.0,0.1587939117268509,4994.295991078991,1392.8752796843908,0.0,1894186.732035144,2012687332.035144,2999.9524465090294,927.0,False,hydrodynamic_candidate,False,H2O,10_M_earth,1000_F_earth
H2O_atmosphere_10_M_earth_1000_F_earth.csv,3000,15492.305772210497,NO,15498.074202724427,0.0,2.3819086759027637,1289.5216799652933,113.64119647913958,0.0,1894186.732035144,2012687332.035144,2999.9524465090294,927.0,True,Jeans,False,H2O,10_M_earth,1000_F_earth
H2O_atmosphere_10_M_earth_1000_F_earth.csv,3000,15492.305772210497,OH,15498.074202724427,0.0,1.3497482496782327,1713.0293925059018,294.4374180498318,0.0,1894186.732035144,2012687332.035144,2999.9524465090294,927.0,False,hydrodynamic_candidate,False,H2O,10_M_earth,1000_F_earth
H2O_atmosphere_10_M_earth_1000_F_earth.csv,3000,15492.305772210497,H,15498.074202724427,15493.994674086161,0.07939695586342545,7063.001125089487,1986.4785162900712,184543153.2856692,1894186.732035144,2012687332.035144,2999.9524465090294,927.0,False,hydrodynamic_candidate,False,H2O,10_M_earth,1000_F_earth
H2O_atmosphere_10_M_earth_1000_F_earth.csv,3000,15492.305772210497,CH4,15498.074202724427,0.0,1.2703512938148072,1765.7502812723717,317.4759682089169,0.0,1894186.732035144,2012687332.035144,2999.9524465090294,927.0,False,hydrodynamic_candidate,False,H2O,10_M_earth,1000_F_earth
H2O_atmosphere_10_M_earth_1000_F_earth.csv,3000,15492.305772210497,H2O,15498.074202724427,0.0,1.4291452055416582,1664.7653303596635,273.2320813641576,0.0,1894186.732035144,2012687332.035144,2999.9524465090294,927.0,False,hydrodynamic_candidate,False,H2O,10_M_earth,1000_F_earth
H2O_atmosphere_10_M_earth_1000_F_earth.csv,3000,15492.305772210497,O2,15498.074202724427,0.0,2.5407025876296143,1248.5739977697478,98.28464846596349,0.0,1894186.732035144,2012687332.035144,2999.9524465090294,927.0,True,Jeans,False,H2O,10_M_earth,1000_F_earth
H2O_atmosphere_10_M_earth_1000_F_earth.csv,3000,15492.305772210497,N2O,15498.074202724427,0.0,3.49346605799072,1064.7874829899943,41.02479683649788,0.0,1894186.732035144,2012687332.035144,2999.9524465090294,927.0,True,Jeans,False,H2O,10_M_earth,1000_F_earth
H2O_atmosphere_10_M_earth_1000_F_earth.csv,3000,15492.305772210497,CO,15498.074202724427,0.0,2.2231147641759126,1334.7817490540135,131.39977530309196,0.0,1894186.732035144,2012687332.035144,2999.9524465090294,927.0,True,Jeans,False,H2O,10_M_earth,1000_F_earth
H2O_atmosphere_10_M_earth_1000_F_earth.csv,3000,15492.305772210497,S,15498.074202724427,0.48614340066434164,2.5407025876296143,1248.5739977697478,98.28464846596349,3657.1867273546422,1894186.732035144,2012687332.035144,2999.9524465090294,927.0,True,Jeans,False,H2O,10_M_earth,1000_F_earth
H2O_atmosphere_10_M_earth_1000_F_earth.csv,3000,15492.305772210497,NH3,15498.074202724427,0.0,1.3497482496782327,1713.0293925059018,294.4374180498318,0.0,1894186.732035144,2012687332.035144,2999.9524465090294,927.0,False,hydrodynamic_candidate,False,H2O,10_M_earth,1000_F_earth
H2O_atmosphere_10_M_earth_1000_F_earth.csv,3000,15492.305772210497,N,15498.074202724427,3.039996665927407,1.1115573820879563,1887.6664523202671,369.98147222897126,13886.202772627776,1894186.732035144,2012687332.035144,2999.9524465090294,927.0,False,hydrodynamic_candidate,False,H2O,10_M_earth,1000_F_earth
H2O_atmosphere_10_M_earth_1000_F_earth.csv,3000,15492.305772210497,C,15498.074202724427,1.882304468535798e-05,0.9527634703611054,2038.9128004285226,433.17506073091624,0.08567686947642848,1894186.732035144,2012687332.035144,2999.9524465090294,927.0,False,hydrodynamic_candidate,False,H2O,10_M_earth,1000_F_earth
H2O_atmosphere_10_M_earth_1000_F_earth.csv,4000,,None,,,,,,,,,,,False,unphysical_extension,True,H2O,10_M_earth,1000_F_earth
H2O_atmosphere_10_M_earth_1000_F_earth.csv,5000,,None,,,,,,,,,,,False,unphysical_extension,True,H2O,10_M_earth,1000_F_earth
H2O_atmosphere_10_M_earth_1000_F_earth.csv,6000,,None,,,,,,,,,,,False,unphysical_extension,True,H2O,10_M_earth,1000_F_earth
H2O_atmosphere_10_M_earth_1000_F_earth.csv,7000,,None,,,,,,,,,,,False,unphysical_extension,True,H2O,10_M_earth,1000_F_earth
CO2_atmosphere_1_M_earth_1_F_earth.csv,200,4.324211846271733e-13,S2,1.0928800525527547e-11,0.0,2321.601330869586,227.43134392383615,0.0,0.0,329.00450560871604,6638513.308408716,199.07486462140767,304.0,True,Jeans,False,CO2,1_M_earth,1_F_earth
CO2_atmosphere_1_M_earth_1_F_earth.csv,200,4.324211846271733e-13,H2S,1.0928800525527547e-11,0.0,1233.3507070244675,312.03322959997774,0.0,0.0,329.00450560871604,6638513.308408716,199.07486462140767,304.0,True,Jeans,False,CO2,1_M_earth,1_F_earth
CO2_atmosphere_1_M_earth_1_F_earth.csv,200,4.324211846271733e-13,SO2,1.0928800525527547e-11,0.0,2321.601330869586,227.43134392383615,0.0,0.0,329.00450560871604,6638513.308408716,199.07486462140767,304.0,True,Jeans,False,CO2,1_M_earth,1_F_earth
CO2_atmosphere_1_M_earth_1_F_earth.csv,200,4.324211846271733e-13,O,1.0928800525527547e-11,5.347498667782342e-245,580.4003327173965,454.8626878476723,6.4281923454495344e-248,113076201787241.27,329.00450560871604,6638513.308408716,199.07486462140767,304.0,True,Jeans,False,CO2,1_M_earth,1_F_earth
CO2_atmosphere_1_M_earth_1_F_earth.csv,200,4.324211846271733e-13,NO2,1.0928800525527547e-11,0.0,1668.650956562515,268.2633779125406,0.0,0.0,329.00450560871604,6638513.308408716,199.07486462140767,304.0,True,Jeans,False,CO2,1_M_earth,1_F_earth
CO2_atmosphere_1_M_earth_1_F_earth.csv,200,4.324211846271733e-13,CO2,1.0928800525527547e-11,0.0,1596.1009149728407,274.2925212224145,0.0,0.0,329.00450560871604,6638513.308408716,199.07486462140767,304.0,True,Jeans,False,CO2,1_M_earth,1_F_earth
CO2_atmosphere_1_M_earth_1_F_earth.csv,200,4.324211846271733e-13,N2,1.0928800525527547e-11,0.0,1015.7005822554438,343.8438722078122,0.0,0.0,329.00450560871604,6638513.308408716,199.07486462140767,304.0,True,Jeans,False,CO2,1_M_earth,1_F_earth
CO2_atmosphere_1_M_earth_1_F_earth.csv,200,4.324211846271733e-13,H2,1.0928800525527547e-11,0.0,72.55004158967456,1286.5459643433155,8.285535324387727e-28,0.0,329.00450560871604,6638513.308408716,199.07486462140767,304.0,True,Jeans,False,CO2,1_M_earth,1_F_earth
CO2_atmosphere_1_M_earth_1_F_earth.csv,200,4.324211846271733e-13,NO,1.0928800525527547e-11,0.0,1088.2506238451185,332.1847396021348,0.0,0.0,329.00450560871604,6638513.308408716,199.07486462140767,304.0,True,Jeans,False,CO2,1_M_earth,1_F_earth
CO2_atmosphere_1_M_earth_1_F_earth.csv,200,4.324211846271733e-13,OH,1.0928800525527547e-11,0.0,616.6753535122338,441.2816252113664,1.167261142483405e-263,0.0,329.00450560871604,6638513.308408716,199.07486462140767,304.0,True,Jeans,False,CO2,1_M_earth,1_F_earth
CO2_atmosphere_1_M_earth_1_F_earth.csv,200,4.324211846271733e-13,H,1.0928800525527547e-11,1.0928800525527547e-11,36.27502079483728,1819.4507513906892,3.3706363880081217e-12,7051637317037.724,329.00450560871604,6638513.308408716,199.07486462140767,304.0,True,Jeans,False,CO2,1_M_earth,1_F_earth
CO2_atmosphere_1_M_earth_1_F_earth.csv,200,4.324211846271733e-13,CH4,1.0928800525527547e-11,0.0,580.4003327173965,454.8626878476723,6.4281923454495344e-248,0.0,329.00450560871604,6638513.308408716,199.07486462140767,304.0,True,Jeans,False,CO2,1_M_earth,1_F_earth
CO2_atmosphere_1_M_earth_1_F_earth.csv,200,4.324211846271733e-13,H2O,1.0928800525527547e-11,0.0,652.950374307071,428.84865478110515,2.11592073554723e-279,0.0,329.00450560871604,6638513.308408716,199.07486462140767,304.0,True,Jeans,False,CO2,1_M_earth,1_F_earth
CO2_atmosphere_1_M_earth_1_F_earth.csv,200,4.324211846271733e-13,O2,1.0928800525527547e-11,0.0,1160.800665434793,321.6364910858289,0.0,0.0,329.00450560871604,6638513.308408716,199.07486462140767,304.0,True,Jeans,False,CO2,1_M_earth,1_F_earth
CO2_atmosphere_1_M_earth_1_F_earth.csv,200,4.324211846271733e-13,N2O,1.0928800525527547e-11,0.0,1596.1009149728407,274.2925212224145,0.0,0.0,329.00450560871604,6638513.308408716,199.07486462140767,304.0,True,Jeans,False,CO2,1_M_earth,1_F_earth
CO2_atmosphere_1_M_earth_1_F_earth.csv,200,4.324211846271733e-13,CO,1.0928800525527547e-11,0.0,1015.7005822554438,343.8438722078122,0.0,0.0,329.00450560871604,6638513.308408716,199.07486462140767,304.0,True,Jeans,False,CO2,1_M_earth,1_F_earth
CO2_atmosphere_1_M_earth_1_F_earth.csv,200,4.324211846271733e-13,S,1.0928800525527547e-11,0.0,1160.800665434793,321.6364910858289,0.0,2144899036833.7178,329.00450560871604,6638513.308408716,199.07486462140767,304.0,True,Jeans,False,CO2,1_M_earth,1_F_earth
CO2_atmosphere_1_M_earth_1_F_earth.csv,200,4.324211846271733e-13,NH3,1.0928800525527547e-11,0.0,616.6753535122338,441.2816252113664,1.167261142483405e-263,0.0,329.00450560871604,6638513.308408716,199.07486462140767,304.0,True,Jeans,False,CO2,1_M_earth,1_F_earth
CO2_atmosphere_1_M_earth_1_F_earth.csv,200,4.324211846271733e-13,N,1.0928800525527547e-11,6.312209971502047e-217,507.8502911277219,486.26866741516926,1.9376811410704926e-216,50605819482.25946,329.00450560871604,6638513.308408716,199.07486462140767,304.0,True,Jeans,False,CO2,1_M_earth,1_F_earth
CO2_atmosphere_1_M_earth_1_F_earth.csv,200,4.324211846271733e-13,C,1.0928800525527547e-11,1.783070787555259e-182,435.3002495380473,525.2301905463406,5.781411280851074e-185,55896272367214.17,329.00450560871604,6638513.308408716,199.07486462140767,304.0,True,Jeans,False,CO2,1_M_earth,1_F_earth
CO2_atmosphere_1_M_earth_1_F_earth.csv,300,3.158795745965653e-08,S2,7.983385142961441e-07,0.0,1568.174252095481,276.5968841190268,0.0,0.0,335.1123415221144,6644621.144322114,294.44918772844596,304.0,True,Jeans,False,CO2,1_M_earth,1_F_earth
CO2_atmosphere_1_M_earth_1_F_earth.csv,300,3.158795745965653e-08,H2S,7.983385142961441e-07,0.0,833.0925714257244,379.48779424991653,0.0,0.0,335.1123415221144,6644621.144322114,294.44918772844596,304.0,True,Jeans,False,CO2,1_M_earth,1_F_earth
CO2_atmosphere_1_M_earth_1_F_earth.csv,300,3.158795745965653e-08,SO2,7.983385142961441e-07,0.0,1568.174252095481,276.5968841190268,0.0,0.0,335.1123415221144,6644621.144322114,294.44918772844596,304.0,True,Jeans,False,CO2,1_M_earth,1_F_earth
CO2_atmosphere_1_M_earth_1_F_earth.csv,300,3.158795745965653e-08,O,7.983385142961441e-07,1.8889637586459277e-163,392.04356302387026,553.1937682380536,3.352408616756916e-166,76449963188413.78,335.1123415221144,6644621.144322114,294.44918772844596,304.0,True,Jeans,False,CO2,1_M_earth,1_F_earth
CO2_atmosphere_1_M_earth_1_F_earth.csv,300,3.158795745965653e-08,NO2,7.983385142961441e-07,0.0,1127.125243693627,326.2558852868697,0.0,0.0,335.1123415221144,6644621.144322114,294.44918772844596,304.0,True,Jeans,False,CO2,1_M_earth,1_F_earth
CO2_atmosphere_1_M_earth_1_F_earth.csv,300,3.158795745965653e-08,CO2,7.983385142961441e-07,0.0,1078.1197983156435,333.58839374699056,0.0,0.0,335.1123415221144,6644621.144322114,294.44918772844596,304.0,True,Jeans,False,CO2,1_M_earth,1_F_earth
CO2_atmosphere_1_M_earth_1_F_earth.csv,300,3.158795745965653e-08,N2,7.983385142961441e-07,0.0,686.076235291773,418.17518216816904,8.905024075074568e-294,0.0,335.1123415221144,6644621.144322114,294.44918772844596,304.0,True,Jeans,False,CO2,1_M_earth,1_F_earth
CO2_atmosphere_1_M_earth_1_F_earth.csv,300,3.158795745965653e-08,H2,7.983385142961441e-07,0.0,49.00544537798378,1564.6682593250682,1.1509067294794138e-17,0.0,335.1123415221144,6644621.144322114,294.44918772844596,304.0,True,Jeans,False,CO2,1_M_earth,1_F_earth
CO2_atmosphere_1_M_earth_1_F_earth.csv,300,3.158795745965653e-08,NO,7.983385142961441e-07,0.0,735.0816806697568,403.9956073803558,4.80607544e-315,0.0,335.1123415221144,6644621.144322114,294.44918772844596,304.0,True,Jeans,False,CO2,1_M_earth,1_F_earth
CO2_atmosphere_1_M_earth_1_F_earth.csv,300,3.158795745965653e-08,OH,7.983385142961441e-07,0.0,416.5462857128622,536.6767853832827,7.889675844071566e-177,0.0,335.1123415221144,6644621.144322114,294.44918772844596,304.0,True,Jeans,False,CO2,1_M_earth,1_F_earth
CO2_atmosphere_1_M_earth_1_F_earth.csv,300,3.158795745965653e-08,H,7.983385142961441e-07,7.983385142961441e-07,24.50272268899189,2212.7750729522145,3.635144101491647e-07,4767558555954.315,335.1123415221144,6644621.144322114,294.44918772844596,304.0,True,Jeans,False,CO2,1_M_earth,1_F_earth
CO2_atmosphere_1_M_earth_1_F_earth.csv,300,3.158795745965653e-08,CH4,7.983385142961441e-07,0.0,392.04356302387026,553.1937682380536,3.352408616756916e-166,0.0,335.1123415221144,6644621.144322114,294.44918772844596,304.0,True,Jeans,False,CO2,1_M_earth,1_F_earth
CO2_atmosphere_1_M_earth_1_F_earth.csv,300,3.158795745965653e-08,H2O,7.983385142961441e-07,0.0,441.04900840185405,521.5560864416894,1.8535995218533418e-187,0.0,335.1123415221144,6644621.144322114,294.44918772844596,304.0,True,Jeans,False,CO2,1_M_earth,1_F_earth
CO2_atmosphere_1_M_earth_1_F_earth.csv,300,3.158795745965653e-08,O2,7.983385142961441e-07,0.0,784.0871260477405,391.16706483126706,0.0,0.0,335.1123415221144,6644621.144322114,294.44918772844596,304.0,True,Jeans,False,CO2,1_M_earth,1_F_earth
CO2_atmosphere_1_M_earth_1_F_earth.csv,300,3.158795745965653e-08,N2O,7.983385142961441e-07,0.0,1078.1197983156435,333.58839374699056,0.0,0.0,335.1123415221144,6644621.144322114,294.44918772844596,304.0,True,Jeans,False,CO2,1_M_earth,1_F_earth
CO2_atmosphere_1_M_earth_1_F_earth.csv,300,3.158795745965653e-08,CO,7.983385142961441e-07,0.0,686.076235291773,418.17518216816904,8.905024075074568e-294,0.0,335.1123415221144,6644621.144322114,294.44918772844596,304.0,True,Jeans,False,CO2,1_M_earth,1_F_earth
CO2_atmosphere_1_M_earth_1_F_earth.csv,300,3.158795745965653e-08,S,7.983385142961441e-07,0.0,784.0871260477405,391.16706483126706,0.0,1450149985735.5833,335.1123415221144,6644621.144322114,294.44918772844596,304.0,True,Jeans,False,CO2,1_M_earth,1_F_earth
CO2_atmosphere_1_M_earth_1_F_earth.csv,300,3.158795745965653e-08,NH3,7.983385142961441e-07,0.0,416.5462857128622,536.6767853832827,7.889675844071566e-177,0.0,335.1123415221144,6644621.144322114,294.44918772844596,304.0,True,Jeans,False,CO2,1_M_earth,1_F_earth
CO2_atmosphere_1_M_earth_1_F_earth.csv,300,3.158795745965653e-08,N,7.983385142961441e-07,1.327447297211458e-145,343.0381176458865,591.3890140700643,6.016075907764566e-145,34214211084.111404,335.1123415221144,6644621.144322114,294.44918772844596,304.0,True,Jeans,False,CO2,1_M_earth,1_F_earth
CO2_atmosphere_1_M_earth_1_F_earth.csv,300,3.158795745965653e-08,C,7.983385142961441e-07,2.232463351758818e-121,294.0326722679027,638.7731420125274,1.0686728179691189e-123,37791046190987.64,335.1123415221144,6644621.144322114,294.44918772844596,304.0,True,Jeans,False,CO2,1_M_earth,1_F_earth
CO2_atmosphere_1_M_earth_1_F_earth.csv,500,0.0002405835046701734,S2,0.006080389272647643,0.0,949.9224223480861,355.0598210373269,0.0,0.0,347.32801334891,6656836.81614891,485.19783394252266,304.0,True,Jeans,False,CO2,1_M_earth,1_F_earth
CO2_atmosphere_1_M_earth_1_F_earth.csv,500,0.0002405835046701734,H2S,0.006080389272647643,0.0,504.64628687242083,487.1380555908317,4.751122706943902e-215,0.0,347.32801334891,6656836.81614891,485.19783394252266,304.0,True,Jeans,False,CO2,1_M_earth,1_F_earth
CO2_atmosphere_1_M_earth_1_F_earth.csv,500,0.0002405835046701734,SO2,0.006080389272647643,0.0,949.9224223480861,355.0598210373269,0.0,0.0,347.32801334891,6656836.81614891,485.19783394252266,304.0,True,Jeans,False,CO2,1_M_earth,1_F_earth
CO2_atmosphere_1_M_earth_1_F_earth.csv,500,0.0002405835046701734,O,0.006080389272647643,1.1973376875012678e-96,237.48060558702153,710.1196420746538,3.488695731408279e-99,46394744551486.75,347.32801334891,6656836.81614891,485.19783394252266,304.0,True,Jeans,False,CO2,1_M_earth,1_F_earth
CO2_atmosphere_1_M_earth_1_F_earth.csv,500,0.0002405835046701734,NO2,0.006080389272647643,0.0,682.756741062687,418.8057165260094,2.4537152620306735e-292,0.0,347.32801334891,6656836.81614891,485.19783394252266,304.0,True,Jeans,False,CO2,1_M_earth,1_F_earth
CO2_atmosphere_1_M_earth_1_F_earth.csv,500,0.0002405835046701734,CO2,0.006080389272647643,0.0,653.0716653643094,428.2182561860182,1.871824068300794e-279,0.0,347.32801334891,6656836.81614891,485.19783394252266,304.0,True,Jeans,False,CO2,1_M_earth,1_F_earth
CO2_atmosphere_1_M_earth_1_F_earth.csv,500,0.0002405835046701734,N2,0.006080389272647643,0.0,415.5910597772877,536.7999925804952,2.0465083695751327e-176,0.0,347.32801334891,6656836.81614891,485.19783394252266,304.0,True,Jeans,False,CO2,1_M_earth,1_F_earth
CO2_atmosphere_1_M_earth_1_F_earth.csv,500,0.0002405835046701734,H2,0.006080389272647643,0.0,29.68507569837769,2008.5216574590067,2.229123936095678e-09,0.0,347.32801334891,6656836.81614891,485.19783394252266,304.0,True,Jeans,False,CO2,1_M_earth,1_F_earth
CO2_atmosphere_1_M_earth_1_F_earth.csv,500,0.0002405835046701734,NO,0.006080389272647643,0.0,445.2761354756654,518.5980619890433,2.7155703665639953e-189,0.0,347.32801334891,6656836.81614891,485.19783394252266,304.0,True,Jeans,False,CO2,1_M_earth,1_F_earth
CO2_atmosphere_1_M_earth_1_F_earth.csv,500,0.0002405835046701734,OH,0.006080389272647643,0.0,252.32314343621042,688.9172449646129,1.2873248173450273e-105,0.0,347.32801334891,6656836.81614891,485.19783394252266,304.0,True,Jeans,False,CO2,1_M_earth,1_F_earth
CO2_atmosphere_1_M_earth_1_F_earth.csv,500,0.0002405835046701734,H,0.006080389272647643,0.006080389272647643,14.842537849188846,2840.4785682986153,0.004545472690521771,2893260534248.073,347.32801334891,6656836.81614891,485.19783394252266,304.0,True,Jeans,False,CO2,1_M_earth,1_F_earth
CO2_atmosphere_1_M_earth_1_F_earth.csv,500,0.0002405835046701734,CH4,0.006080389272647643,0.0,237.48060558702153,710.1196420746538,3.488695731408279e-99,0.0,347.32801334891,6656836.81614891,485.19783394252266,304.0,True,Jeans,False,CO2,1_M_earth,1_F_earth
CO2_atmosphere_1_M_earth_1_F_earth.csv,500,0.0002405835046701734,H2O,0.006080389272647643,0.0,267.1656812853992,669.5072191530022,4.742118409352292e-112,0.0,347.32801334891,6656836.81614891,485.19783394252266,304.0,True,Jeans,False,CO2,1_M_earth,1_F_earth
CO2_atmosphere_1_M_earth_1_F_earth.csv,500,0.0002405835046701734,O2,0.006080389272647643,0.0,474.96121117404306,502.1304143647517,3.5954232764924008e-202,0.0,347.32801334891,6656836.81614891,485.19783394252266,304.0,True,Jeans,False,CO2,1_M_earth,1_F_earth
CO2_atmosphere_1_M_earth_1_F_earth.csv,500,0.0002405835046701734,N2O,0.006080389272647643,0.0,653.0716653643094,428.2182561860182,1.871824068300794e-279,0.0,347.32801334891,6656836.81614891,485.19783394252266,304.0,True,Jeans,False,CO2,1_M_earth,1_F_earth
CO2_atmosphere_1_M_earth_1_F_earth.csv,500,0.0002405835046701734,CO,0.006080389272647643,0.0,415.5910597772877,536.7999925804952,2.0465083695751327e-176,0.0,347.32801334891,6656836.81614891,485.19783394252266,304.0,True,Jeans,False,CO2,1_M_earth,1_F_earth
CO2_atmosphere_1_M_earth_1_F_earth.csv,500,0.0002405835046701734,S,0.006080389272647643,4.681329625838952e-201,474.96121117404306,502.1304143647517,3.5954232764924008e-202,880044088232.3531,347.32801334891,6656836.81614891,485.19783394252266,304.0,True,Jeans,False,CO2,1_M_earth,1_F_earth
CO2_atmosphere_1_M_earth_1_F_earth.csv,500,0.0002405835046701734,NH3,0.006080389272647643,0.0,252.32314343621042,688.9172449646129,1.2873248173450273e-105,0.0,347.32801334891,6656836.81614891,485.19783394252266,304.0,True,Jeans,False,CO2,1_M_earth,1_F_earth
CO2_atmosphere_1_M_earth_1_F_earth.csv,500,0.0002405835046701734,N,0.006080389272647643,3.422808724861624e-87,207.79552988864384,759.149829789113,2.5467819827639274e-86,20763379301.64713,347.32801334891,6656836.81614891,485.19783394252266,304.0,True,Jeans,False,CO2,1_M_earth,1_F_earth
CO2_atmosphere_1_M_earth_1_F_earth.csv,500,0.0002405835046701734,C,0.006080389272647643,2.3418330414805426e-71,178.11045419026613,819.9755330172842,1.840473094034628e-73,22934032421221.977,347.32801334891,6656836.81614891,485.19783394252266,304.0,True,Jeans,False,CO2,1_M_earth,1_F_earth
CO2_atmosphere_1_M_earth_1_F_earth.csv,1000,0.14726333828900864,S2,3.721861245700689,0.0,476.6340388328572,500.09010610588876,6.745367992377656e-203,0.0,378.2027060926454,6687711.508892645,962.5256653559917,305.0,True,Jeans,False,CO2,1_M_earth,1_F_earth
CO2_atmosphere_1_M_earth_1_F_earth.csv,1000,0.14726333828900864,H2S,3.721861245700689,0.0,253.2118331299554,686.1179651274164,5.290390627872848e-106,0.0,378.2027060926454,6687711.508892645,962.5256653559917,305.0,True,Jeans,False,CO2,1_M_earth,1_F_earth
CO2_atmosphere_1_M_earth_1_F_earth.csv,1000,0.14726333828900864,SO2,3.721861245700689,0.0,476.6340388328572,500.09010610588876,6.745367992377656e-203,0.0,378.2027060926454,6687711.508892645,962.5256653559917,305.0,True,Jeans,False,CO2,1_M_earth,1_F_earth
CO2_atmosphere_1_M_earth_1_F_earth.csv,1000,0.14726333828900864,O,3.721861245700689,1.0361365648630894e-45,119.1585097082143,1000.1802122117775,6.030379188037678e-48,23012742012609.027,378.2027060926454,6687711.508892645,962.5256653559917,305.0,True,Jeans,False,CO2,1_M_earth,1_F_earth
CO2_atmosphere_1_M_earth_1_F_earth.csv,1000,0.14726333828900864,NO2,3.721861245700689,0.0,342.5807154111161,589.8741079836984,9.46823158196007e-145,0.0,378.2027060926454,6687711.508892645,962.5256653559917,305.0,True,Jeans,False,CO2,1_M_earth,1_F_earth
CO2_atmosphere_1_M_earth_1_F_earth.csv,1000,0.14726333828900864,CO2,3.721861245700689,0.0,327.6859016975894,603.131361208092,2.7252675856950703e-138,0.0,378.2027060926454,6687711.508892645,962.5256653559917,305.0,True,Jeans,False,CO2,1_M_earth,1_F_earth
CO2_atmosphere_1_M_earth_1_F_earth.csv,1000,0.14726333828900864,N2,3.721861245700689,0.0,208.52739198937502,756.0651736457631,1.2243326815188173e-86,0.0,378.2027060926454,6687711.508892645,962.5256653559917,305.0,True,Jeans,False,CO2,1_M_earth,1_F_earth
CO2_atmosphere_1_M_earth_1_F_earth.csv,1000,0.14726333828900864,H2,3.721861245700689,0.0,14.894813713526787,2828.936841854192,0.0043106062791819335,0.0,378.2027060926454,6687711.508892645,962.5256653559917,305.0,True,Jeans,False,CO2,1_M_earth,1_F_earth
CO2_atmosphere_1_M_earth_1_F_earth.csv,1000,0.14726333828900864,NO,3.721861245700689,0.0,223.4222057029018,730.4283517315928,4.305339910709534e-93,0.0,378.2027060926454,6687711.508892645,962.5256653559917,305.0,True,Jeans,False,CO2,1_M_earth,1_F_earth
CO2_atmosphere_1_M_earth_1_F_earth.csv,1000,0.14726333828900864,OH,3.721861245700689,0.0,126.6059165649777,970.3173316710225,3.621835553060322e-51,0.0,378.2027060926454,6687711.508892645,962.5256653559917,305.0,True,Jeans,False,CO2,1_M_earth,1_F_earth
CO2_atmosphere_1_M_earth_1_F_earth.csv,1000,0.14726333828900864,H,3.721861245700689,3.721861245700689,7.4474068567633935,4000.72084884711,5.557622279618724,1435116388582.0037,378.2027060926454,6687711.508892645,962.5256653559917,305.0,True,Jeans,False,CO2,1_M_earth,1_F_earth
CO2_atmosphere_1_M_earth_1_F_earth.csv,1000,0.14726333828900864,CH4,3.721861245700689,0.0,119.1585097082143,1000.1802122117775,6.030379188037678e-48,0.0,378.2027060926454,6687711.508892645,962.5256653559917,305.0,True,Jeans,False,CO2,1_M_earth,1_F_earth
CO2_atmosphere_1_M_earth_1_F_earth.csv,1000,0.14726333828900864,H2O,3.721861245700689,0.0,134.05332342174108,942.9789472847308,2.17161932579134e-54,0.0,378.2027060926454,6687711.508892645,962.5256653559917,305.0,True,Jeans,False,CO2,1_M_earth,1_F_earth
CO2_atmosphere_1_M_earth_1_F_earth.csv,1000,0.14726333828900864,O2,3.721861245700689,0.0,238.3170194164286,707.234210463548,1.5106555039930026e-99,0.0,378.2027060926454,6687711.508892645,962.5256653559917,305.0,True,Jeans,False,CO2,1_M_earth,1_F_earth
CO2_atmosphere_1_M_earth_1_F_earth.csv,1000,0.14726333828900864,N2O,3.721861245700689,0.0,327.6859016975894,603.131361208092,2.7252675856950703e-138,0.0,378.2027060926454,6687711.508892645,962.5256653559917,305.0,True,Jeans,False,CO2,1_M_earth,1_F_earth
CO2_atmosphere_1_M_earth_1_F_earth.csv,1000,0.14726333828900864,CO,3.721861245700689,0.0,208.52739198937502,756.0651736457631,1.2243326815188173e-86,0.0,378.2027060926454,6687711.508892645,962.5256653559917,305.0,True,Jeans,False,CO2,1_M_earth,1_F_earth
CO2_atmosphere_1_M_earth_1_F_earth.csv,1000,0.14726333828900864,S,3.721861245700689,9.846989023888618e-99,238.3170194164286,707.234210463548,1.5106555039930026e-99,436519863575.01953,378.2027060926454,6687711.508892645,962.5256653559917,305.0,True,Jeans,False,CO2,1_M_earth,1_F_earth
CO2_atmosphere_1_M_earth_1_F_earth.csv,1000,0.14726333828900864,NH3,3.721861245700689,0.0,126.6059165649777,970.3173316710225,3.621835553060322e-51,0.0,378.2027060926454,6687711.508892645,962.5256653559917,305.0,True,Jeans,False,CO2,1_M_earth,1_F_earth
CO2_atmosphere_1_M_earth_1_F_earth.csv,1000,0.14726333828900864,N,3.721861245700689,1.1181749601625705e-42,104.26369599468751,1069.2376226078075,1.6618816062165077e-41,10299060719.01067,378.2027060926454,6687711.508892645,962.5256653559917,305.0,True,Jeans,False,CO2,1_M_earth,1_F_earth
CO2_atmosphere_1_M_earth_1_F_earth.csv,1000,0.14726333828900864,C,3.721861245700689,2.8886468661482268e-33,89.36888228116071,1154.9086295172137,4.534706428790667e-35,11375749053487.988,378.2027060926454,6687711.508892645,962.5256653559917,305.0,True,Jeans,False,CO2,1_M_earth,1_F_earth
CO2_atmosphere_1_M_earth_1_F_earth.csv,2000,2.461046883692293,S2,62.19928956309975,0.0,237.01479398129402,705.9056616347253,5.5147842853758e-99,0.0,440.28218458068466,6749790.987380684,1917.8256550276342,306.0,True,Jeans,False,CO2,1_M_earth,1_F_earth
CO2_atmosphere_1_M_earth_1_F_earth.csv,2000,2.461046883692293,H2S,62.19928956309975,0.0,125.91410930256247,968.4945777155358,7.181237728555191e-51,0.0,440.28218458068466,6749790.987380684,1917.8256550276342,306.0,True,Jeans,False,CO2,1_M_earth,1_F_earth
CO2_atmosphere_1_M_earth_1_F_earth.csv,2000,2.461046883692293,SO2,62.19928956309975,0.0,237.01479398129402,705.9056616347253,5.5147842853758e-99,0.0,440.28218458068466,6749790.987380684,1917.8256550276342,306.0,True,Jeans,False,CO2,1_M_earth,1_F_earth
CO2_atmosphere_1_M_earth_1_F_earth.csv,2000,2.461046883692293,O,62.19928956309975,3.8308518603504973e-20,59.253698495323505,1411.8113232694507,4.432014267938378e-22,11364873593195.432,440.28218458068466,6749790.987380684,1917.8256550276342,306.0,True,Jeans,False,CO2,1_M_earth,1_F_earth
CO2_atmosphere_1_M_earth_1_F_earth.csv,2000,2.461046883692293,NO2,62.19928956309975,0.0,170.3543831740551,832.6408928979265,4.176182236052847e-70,0.0,440.28218458068466,6749790.987380684,1917.8256550276342,306.0,True,Jeans,False,CO2,1_M_earth,1_F_earth
CO2_atmosphere_1_M_earth_1_F_earth.csv,2000,2.461046883692293,CO2,62.19928956309975,0.0,162.9476708621397,851.3542607381675,6.728780147698682e-67,0.0,440.28218458068466,6749790.987380684,1917.8256550276342,306.0,True,Jeans,False,CO2,1_M_earth,1_F_earth
CO2_atmosphere_1_M_earth_1_F_earth.csv,2000,2.461046883692293,N2,62.19928956309975,0.0,103.69397236681614,1067.2290455759953,2.9164489394016226e-41,0.0,440.28218458068466,6749790.987380684,1917.8256550276342,306.0,True,Jeans,False,CO2,1_M_earth,1_F_earth
CO2_atmosphere_1_M_earth_1_F_earth.csv,2000,2.461046883692293,H2,62.19928956309975,0.0,7.406712311915438,3993.205441759126,5.749745496322683,0.0,440.28218458068466,6749790.987380684,1917.8256550276342,306.0,True,Jeans,False,CO2,1_M_earth,1_F_earth
CO2_atmosphere_1_M_earth_1_F_earth.csv,2000,2.461046883692293,NO,62.19928956309975,0.0,111.10068467873158,1031.0412115945285,1.8317452171964023e-44,0.0,440.28218458068466,6749790.987380684,1917.8256550276342,306.0,True,Jeans,False,CO2,1_M_earth,1_F_earth
CO2_atmosphere_1_M_earth_1_F_earth.csv,2000,2.461046883692293,OH,62.19928956309975,0.0,62.95705465128123,1369.6581668901142,1.1245901696235642e-23,0.0,440.28218458068466,6749790.987380684,1917.8256550276342,306.0,True,Jeans,False,CO2,1_M_earth,1_F_earth
CO2_atmosphere_1_M_earth_1_F_earth.csv,2000,2.461046883692293,H,62.19928956309975,62.19928956309971,3.703356155957719,5647.245293077803,184.6258226584862,708734158616.1771,440.28218458068466,6749790.987380684,1917.8256550276342,306.0,True,Jeans,False,CO2,1_M_earth,1_F_earth
CO2_atmosphere_1_M_earth_1_F_earth.csv,2000,2.461046883692293,CH4,62.19928956309975,0.0,59.253698495323505,1411.8113232694507,4.432014267938378e-22,0.0,440.28218458068466,6749790.987380684,1917.8256550276342,306.0,True,Jeans,False,CO2,1_M_earth,1_F_earth
CO2_atmosphere_1_M_earth_1_F_earth.csv,2000,2.461046883692293,H2O,62.19928956309975,0.0,66.66041080723895,1331.0684805863752,2.848928323300227e-25,0.0,440.28218458068466,6749790.987380684,1917.8256550276342,306.0,True,Jeans,False,CO2,1_M_earth,1_F_earth
CO2_atmosphere_1_M_earth_1_F_earth.csv,2000,2.461046883692293,O2,62.19928956309975,0.0,118.50739699064701,998.3013604397815,1.1480027813183356e-47,0.0,440.28218458068466,6749790.987380684,1917.8256550276342,306.0,True,Jeans,False,CO2,1_M_earth,1_F_earth
CO2_atmosphere_1_M_earth_1_F_earth.csv,2000,2.461046883692293,N2O,62.19928956309975,0.0,162.9476708621397,851.3542607381675,6.728780147698682e-67,0.0,440.28218458068466,6749790.987380684,1917.8256550276342,306.0,True,Jeans,False,CO2,1_M_earth,1_F_earth
CO2_atmosphere_1_M_earth_1_F_earth.csv,2000,2.461046883692293,CO,62.19928956309975,0.0,103.69397236681614,1067.2290455759953,2.9164489394016226e-41,0.0,440.28218458068466,6749790.987380684,1917.8256550276342,306.0,True,Jeans,False,CO2,1_M_earth,1_F_earth
CO2_atmosphere_1_M_earth_1_F_earth.csv,2000,2.461046883692293,S,62.19928956309975,3.7644608611166023e-47,118.50739699064701,998.3013604397815,1.1480027813183356e-47,215575921710.27725,440.28218458068466,6749790.987380684,1917.8256550276342,306.0,True,Jeans,False,CO2,1_M_earth,1_F_earth
CO2_atmosphere_1_M_earth_1_F_earth.csv,2000,2.461046883692293,NH3,62.19928956309975,0.0,62.95705465128123,1369.6581668901142,1.1245901696235642e-23,0.0,440.28218458068466,6749790.987380684,1917.8256550276342,306.0,True,Jeans,False,CO2,1_M_earth,1_F_earth
CO2_atmosphere_1_M_earth_1_F_earth.csv,2000,2.461046883692293,N,62.19928956309975,2.3166447191883635e-20,51.84698618340807,1509.2897904120666,6.844282461039123e-19,5086204987.4833975,440.28218458068466,6749790.987380684,1917.8256550276342,306.0,True,Jeans,False,CO2,1_M_earth,1_F_earth
CO2_atmosphere_1_M_earth_1_F_earth.csv,2000,2.461046883692293,C,62.19928956309975,3.354929717407647e-14,44.44027387149263,1630.219295069158,1.0469268079872678e-15,5617928969523.36,440.28218458068466,6749790.987380684,1917.8256550276342,306.0,True,Jeans,False,CO2,1_M_earth,1_F_earth
CO2_atmosphere_1_M_earth_1_F_earth.csv,3000,5.18263506270811,S2,130.9833713504913,0.0,156.6924637115593,864.1737589176893,3.4208555447666794e-64,0.0,503.02784114621954,6812536.643946219,2874.2063392305286,307.0,True,Jeans,False,CO2,1_M_earth,1_F_earth
CO2_atmosphere_1_M_earth_1_F_earth.csv,3000,5.18263506270811,H2S,130.9833713504913,0.0,83.2428713467659,1185.6366157733378,1.9859126781117102e-32,0.0,503.02784114621954,6812536.643946219,2874.2063392305286,307.0,True,Jeans,False,CO2,1_M_earth,1_F_earth
CO2_atmosphere_1_M_earth_1_F_earth.csv,3000,5.18263506270811,SO2,130.9833713504913,0.0,156.6924637115593,864.1737589176893,3.4208555447666794e-64,0.0,503.02784114621954,6812536.643946219,2874.2063392305286,307.0,True,Jeans,False,CO2,1_M_earth,1_F_earth
CO2_atmosphere_1_M_earth_1_F_earth.csv,3000,5.18263506270811,O,130.9833713504913,1.0997882067703256e-11,39.173115927889825,1728.3475178353785,1.902363785288461e-13,7461889901043.543,503.02784114621954,6812536.643946219,2874.2063392305286,307.0,True,Jeans,False,CO2,1_M_earth,1_F_earth
CO2_atmosphere_1_M_earth_1_F_earth.csv,3000,5.18263506270811,NO2,130.9833713504913,0.0,112.62270829268326,1019.3237557804367,4.0063750450591683e-45,0.0,503.02784114621954,6812536.643946219,2874.2063392305286,307.0,True,Jeans,False,CO2,1_M_earth,1_F_earth
CO2_atmosphere_1_M_earth_1_F_earth.csv,3000,5.18263506270811,CO2,130.9833713504913,0.0,107.72606880169705,1042.2327680003705,5.246337664608469e-43,0.0,503.02784114621954,6812536.643946219,2874.2063392305286,307.0,True,Jeans,False,CO2,1_M_earth,1_F_earth
CO2_atmosphere_1_M_earth_1_F_earth.csv,3000,5.18263506270811,N2,130.9833713504913,0.0,68.5529528738072,1306.5079175109097,4.331651767835762e-26,0.0,503.02784114621954,6812536.643946219,2874.2063392305286,307.0,True,Jeans,False,CO2,1_M_earth,1_F_earth
CO2_atmosphere_1_M_earth_1_F_earth.csv,3000,5.18263506270811,H2,130.9833713504913,0.0,4.896639490986228,4888.505000433334,60.75642307208223,0.0,503.02784114621954,6812536.643946219,2874.2063392305286,307.0,True,Jeans,False,CO2,1_M_earth,1_F_earth
CO2_atmosphere_1_M_earth_1_F_earth.csv,3000,5.18263506270811,NO,130.9833713504913,0.0,73.44959236479343,1262.2065636353323,3.3468416452749755e-28,0.0,503.02784114621954,6812536.643946219,2874.2063392305286,307.0,True,Jeans,False,CO2,1_M_earth,1_F_earth
CO2_atmosphere_1_M_earth_1_F_earth.csv,3000,5.18263506270811,OH,130.9833713504913,0.0,41.62143567338295,1676.7433820727927,1.692504770962119e-14,0.0,503.02784114621954,6812536.643946219,2874.2063392305286,307.0,True,Jeans,False,CO2,1_M_earth,1_F_earth
CO2_atmosphere_1_M_earth_1_F_earth.csv,3000,5.18263506270811,H,130.9833713504913,130.98337128670215,2.448319745493114,6913.390071341514,581.302115093562,465337006816.25366,503.02784114621954,6812536.643946219,2874.2063392305286,307.0,True,Jeans,False,CO2,1_M_earth,1_F_earth
CO2_atmosphere_1_M_earth_1_F_earth.csv,3000,5.18263506270811,CH4,130.9833713504913,0.0,39.173115927889825,1728.3475178353785,1.902363785288461e-13,0.0,503.02784114621954,6812536.643946219,2874.2063392305286,307.0,True,Jeans,False,CO2,1_M_earth,1_F_earth
CO2_atmosphere_1_M_earth_1_F_earth.csv,3000,5.18263506270811,H2O,130.9833713504913,0.0,44.069755418876056,1629.5016668111114,1.5034309312042256e-15,0.0,503.02784114621954,6812536.643946219,2874.2063392305286,307.0,True,Jeans,False,CO2,1_M_earth,1_F_earth
CO2_atmosphere_1_M_earth_1_F_earth.csv,3000,5.18263506270811,O2,130.9833713504913,0.0,78.34623185577965,1222.1262501083336,2.5804846173706203e-30,0.0,503.02784114621954,6812536.643946219,2874.2063392305286,307.0,True,Jeans,False,CO2,1_M_earth,1_F_earth
CO2_atmosphere_1_M_earth_1_F_earth.csv,3000,5.18263506270811,N2O,130.9833713504913,0.0,107.72606880169705,1042.2327680003705,5.246337664608469e-43,0.0,503.02784114621954,6812536.643946219,2874.2063392305286,307.0,True,Jeans,False,CO2,1_M_earth,1_F_earth
CO2_atmosphere_1_M_earth_1_F_earth.csv,3000,5.18263506270811,CO,130.9833713504913,0.0,68.5529528738072,1306.5079175109097,4.331651767835762e-26,0.0,503.02784114621954,6812536.643946219,2874.2063392305286,307.0,True,Jeans,False,CO2,1_M_earth,1_F_earth
CO2_atmosphere_1_M_earth_1_F_earth.csv,3000,5.18263506270811,S,130.9833713504913,5.659556511084291e-30,78.34623185577965,1222.1262501083336,2.5804846173706203e-30,141541723269.24966,503.02784114621954,6812536.643946219,2874.2063392305286,307.0,True,Jeans,False,CO2,1_M_earth,1_F_earth
CO2_atmosphere_1_M_earth_1_F_earth.csv,3000,5.18263506270811,NH3,130.9833713504913,0.0,41.62143567338295,1676.7433820727927,1.692504770962119e-14,0.0,503.02784114621954,6812536.643946219,2874.2063392305286,307.0,True,Jeans,False,CO2,1_M_earth,1_F_earth
CO2_atmosphere_1_M_earth_1_F_earth.csv,3000,5.18263506270811,N,130.9833713504913,5.410974994083952e-13,34.2764764369036,1847.6812162917574,2.3901366732639478e-11,3339474154.2451754,503.02784114621954,6812536.643946219,2874.2063392305286,307.0,True,Jeans,False,CO2,1_M_earth,1_F_earth
CO2_atmosphere_1_M_earth_1_F_earth.csv,3000,5.18263506270811,C,130.9833713504913,6.377761382433744e-08,29.37983694591737,1995.7238093509548,2.975636521068799e-09,3688590735190.014,503.02784114621954,6812536.643946219,2874.2063392305286,307.0,True,Jeans,False,CO2,1_M_earth,1_F_earth
CO2_atmosphere_1_M_earth_1_F_earth.csv,4000,6.8990235149211205,S2,174.36198257048082,0.0,116.45459450193084,997.7802800418052,8.7844021535638e-47,0.0,566.440238519608,6875949.041319608,3831.6481880180095,308.0,True,Jeans,False,CO2,1_M_earth,1_F_earth
CO2_atmosphere_1_M_earth_1_F_earth.csv,4000,6.8990235149211205,H2S,174.36198257048082,0.0,61.86650332915076,1368.9432504821266,3.287901570489805e-23,0.0,566.440238519608,6875949.041319608,3831.6481880180095,308.0,True,Jeans,False,CO2,1_M_earth,1_F_earth
CO2_atmosphere_1_M_earth_1_F_earth.csv,4000,6.8990235149211205,SO2,174.36198257048082,0.0,116.45459450193084,997.7802800418052,8.7844021535638e-47,0.0,566.440238519608,6875949.041319608,3831.6481880180095,308.0,True,Jeans,False,CO2,1_M_earth,1_F_earth
CO2_atmosphere_1_M_earth_1_F_earth.csv,4000,6.8990235149211205,O,174.36198257048082,1.673072881435886e-07,29.11364862548271,1995.5605600836104,3.848809470436644e-09,5507749749963.461,566.440238519608,6875949.041319608,3831.6481880180095,308.0,True,Jeans,False,CO2,1_M_earth,1_F_earth
CO2_atmosphere_1_M_earth_1_F_earth.csv,4000,6.8990235149211205,NO2,174.36198257048082,0.0,83.70173979826279,1176.9174104171584,1.252649779739702e-32,0.0,566.440238519608,6875949.041319608,3831.6481880180095,308.0,True,Jeans,False,CO2,1_M_earth,1_F_earth
CO2_atmosphere_1_M_earth_1_F_earth.csv,4000,6.8990235149211205,CO2,174.36198257048082,0.0,80.06253372007747,1203.3682953143289,4.665489381935035e-31,0.0,566.440238519608,6875949.041319608,3831.6481880180095,308.0,True,Jeans,False,CO2,1_M_earth,1_F_earth
CO2_atmosphere_1_M_earth_1_F_earth.csv,4000,6.8990235149211205,N2,174.36198257048082,0.0,50.948885094594736,1508.5019909000002,1.6508116736634857e-18,0.0,566.440238519608,6875949.041319608,3831.6481880180095,308.0,True,Jeans,False,CO2,1_M_earth,1_F_earth
CO2_atmosphere_1_M_earth_1_F_earth.csv,4000,6.8990235149211205,H2,174.36198257048082,0.0,3.639206078185339,5644.2976172141825,194.07139159530072,0.0,566.440238519608,6875949.041319608,3831.6481880180095,308.0,True,Jeans,False,CO2,1_M_earth,1_F_earth
CO2_atmosphere_1_M_earth_1_F_earth.csv,4000,6.8990235149211205,NO,174.36198257048082,0.0,54.58809117278008,1457.351378167249,4.4836771269641256e-20,0.0,566.440238519608,6875949.041319608,3831.6481880180095,308.0,True,Jeans,False,CO2,1_M_earth,1_F_earth
CO2_atmosphere_1_M_earth_1_F_earth.csv,4000,6.8990235149211205,OH,174.36198257048082,0.0,30.93325166457538,1935.9781109509327,6.417976891821105e-10,0.0,566.440238519608,6875949.041319608,3831.6481880180095,308.0,True,Jeans,False,CO2,1_M_earth,1_F_earth
CO2_atmosphere_1_M_earth_1_F_earth.csv,4000,6.8990235149211205,H,174.36198257048082,174.36190371917291,1.8196030390926694,7982.242240334442,1029.1161228473413,343473277806.2749,566.440238519608,6875949.041319608,3831.6481880180095,308.0,True,Jeans,False,CO2,1_M_earth,1_F_earth
CO2_atmosphere_1_M_earth_1_F_earth.csv,4000,6.8990235149211205,CH4,174.36198257048082,0.0,29.11364862548271,1995.5605600836104,3.848809470436644e-09,0.0,566.440238519608,6875949.041319608,3831.6481880180095,308.0,True,Jeans,False,CO2,1_M_earth,1_F_earth
CO2_atmosphere_1_M_earth_1_F_earth.csv,4000,6.8990235149211205,H2O,174.36198257048082,0.0,32.75285470366805,1881.4325390713943,1.0685876837355034e-10,0.0,566.440238519608,6875949.041319608,3831.6481880180095,308.0,True,Jeans,False,CO2,1_M_earth,1_F_earth
CO2_atmosphere_1_M_earth_1_F_earth.csv,4000,6.8990235149211205,O2,174.36198257048082,0.0,58.22729725096542,1411.0744043035456,1.2152706368003935e-21,0.0,566.440238519608,6875949.041319608,3831.6481880180095,308.0,True,Jeans,False,CO2,1_M_earth,1_F_earth
CO2_atmosphere_1_M_earth_1_F_earth.csv,4000,6.8990235149211205,N2O,174.36198257048082,0.0,80.06253372007747,1203.3682953143289,4.665489381935035e-31,0.0,566.440238519608,6875949.041319608,3831.6481880180095,308.0,True,Jeans,False,CO2,1_M_earth,1_F_earth
CO2_atmosphere_1_M_earth_1_F_earth.csv,4000,6.8990235149211205,CO,174.36198257048082,0.0,50.948885094594736,1508.5019909000002,1.6508116736634857e-18,0.0,566.440238519608,6875949.041319608,3831.6481880180095,308.0,True,Jeans,False,CO2,1_M_earth,1_F_earth
CO2_atmosphere_1_M_earth_1_F_earth.csv,4000,6.8990235149211205,S,174.36198257048082,2.004135540445811e-21,58.22729725096542,1411.0744043035456,1.2152706368003935e-21,104474389368.38022,566.440238519608,6875949.041319608,3831.6481880180095,308.0,True,Jeans,False,CO2,1_M_earth,1_F_earth
CO2_atmosphere_1_M_earth_1_F_earth.csv,4000,6.8990235149211205,NH3,174.36198257048082,0.0,30.93325166457538,1935.9781109509327,6.417976891821105e-10,0.0,566.440238519608,6875949.041319608,3831.6481880180095,308.0,True,Jeans,False,CO2,1_M_earth,1_F_earth
CO2_atmosphere_1_M_earth_1_F_earth.csv,4000,6.8990235149211205,N,174.36198257048082,2.3436820836903464e-09,25.474442547297368,2133.3439743975955,1.3768066339587776e-07,2464923522.321209,566.440238519608,6875949.041319608,3831.6481880180095,308.0,True,Jeans,False,CO2,1_M_earth,1_F_earth
CO2_atmosphere_1_M_earth_1_F_earth.csv,4000,6.8990235149211205,C,174.36198257048082,7.868165693225416e-05,21.83523646911203,2304.2748530969457,4.882161616966883e-06,2722612497487.959,566.440238519608,6875949.041319608,3831.6481880180095,308.0,True,Jeans,False,CO2,1_M_earth,1_F_earth
CO2_atmosphere_1_M_earth_1_F_earth.csv,5000,7.815908132474659,S2,197.49831805114164,0.0,92.2924457423386,1115.6188484792076,2.4302865449436675e-36,0.0,630.5199303992372,6940028.733199237,4790.131984904318,309.0,True,Jeans,False,CO2,1_M_earth,1_F_earth
CO2_atmosphere_1_M_earth_1_F_earth.csv,5000,7.815908132474659,H2S,197.49831805114164,0.0,49.030361800617385,1530.6164325799923,1.098700968587645e-17,0.0,630.5199303992372,6940028.733199237,4790.131984904318,309.0,True,Jeans,False,CO2,1_M_earth,1_F_earth
CO2_atmosphere_1_M_earth_1_F_earth.csv,5000,7.815908132474659,SO2,197.49831805114164,0.0,92.2924457423386,1115.6188484792076,2.4302865449436675e-36,0.0,630.5199303992372,6940028.733199237,4790.131984904318,309.0,True,Jeans,False,CO2,1_M_earth,1_F_earth
CO2_atmosphere_1_M_earth_1_F_earth.csv,5000,7.815908132474659,O,197.49831805114164,5.037615707288633e-05,23.07311143558465,2231.237696958415,1.44526723185181e-06,4335162608217.8823,630.5199303992372,6940028.733199237,4790.131984904318,309.0,True,Jeans,False,CO2,1_M_earth,1_F_earth
CO2_atmosphere_1_M_earth_1_F_earth.csv,5000,7.815908132474659,NO2,197.49831805114164,0.0,66.33519537730587,1315.9122027443852,3.8802061394558484e-25,0.0,630.5199303992372,6940028.733199237,4790.131984904318,309.0,True,Jeans,False,CO2,1_M_earth,1_F_earth
CO2_atmosphere_1_M_earth_1_F_earth.csv,5000,7.815908132474659,CO2,197.49831805114164,0.0,63.451056447857795,1345.486956165049,6.792989042933581e-24,0.0,630.5199303992372,6940028.733199237,4790.131984904318,309.0,True,Jeans,False,CO2,1_M_earth,1_F_earth
CO2_atmosphere_1_M_earth_1_F_earth.csv,5000,7.815908132474659,N2,197.49831805114164,0.0,40.37794501227313,1686.6571605784186,5.731550075596467e-14,0.0,630.5199303992372,6940028.733199237,4790.131984904318,309.0,True,Jeans,False,CO2,1_M_earth,1_F_earth
CO2_atmosphere_1_M_earth_1_F_earth.csv,5000,7.815908132474659,H2,197.49831805114164,0.0,2.8841389294480813,6310.893223833401,386.5583275972011,0.0,630.5199303992372,6940028.733199237,4790.131984904318,309.0,True,Jeans,False,CO2,1_M_earth,1_F_earth
CO2_atmosphere_1_M_earth_1_F_earth.csv,5000,7.815908132474659,NO,197.49831805114164,0.0,43.262083941721215,1629.4656237066667,3.311218170882218e-15,0.0,630.5199303992372,6940028.733199237,4790.131984904318,309.0,True,Jeans,False,CO2,1_M_earth,1_F_earth
CO2_atmosphere_1_M_earth_1_F_earth.csv,5000,7.815908132474659,OH,197.49831805114164,0.0,24.515180900308692,2164.618517745749,3.5137212190361747e-07,0.0,630.5199303992372,6940028.733199237,4790.131984904318,309.0,True,Jeans,False,CO2,1_M_earth,1_F_earth
CO2_atmosphere_1_M_earth_1_F_earth.csv,5000,7.815908132474659,H,197.49831805114164,197.4930200887447,1.4420694647240406,8924.95078783366,1453.7043845698156,270348613946.6802,630.5199303992372,6940028.733199237,4790.131984904318,309.0,False,hydrodynamic_candidate,False,CO2,1_M_earth,1_F_earth
CO2_atmosphere_1_M_earth_1_F_earth.csv,5000,7.815908132474659,CH4,197.49831805114164,0.0,23.07311143558465,2231.237696958415,1.44526723185181e-06,0.0,630.5199303992372,6940028.733199237,4790.131984904318,309.0,True,Jeans,False,CO2,1_M_earth,1_F_earth
CO2_atmosphere_1_M_earth_1_F_earth.csv,5000,7.815908132474659,H2O,197.49831805114164,0.0,25.95725036503273,2103.6310746111335,8.530011934015746e-08,0.0,630.5199303992372,6940028.733199237,4790.131984904318,309.0,True,Jeans,False,CO2,1_M_earth,1_F_earth
CO2_atmosphere_1_M_earth_1_F_earth.csv,5000,7.815908132474659,O2,197.49831805114164,0.0,46.1462228711693,1577.7233059583502,1.9090744273769266e-16,0.0,630.5199303992372,6940028.733199237,4790.131984904318,309.0,True,Jeans,False,CO2,1_M_earth,1_F_earth
CO2_atmosphere_1_M_earth_1_F_earth.csv,5000,7.815908132474659,N2O,197.49831805114164,0.0,63.451056447857795,1345.486956165049,6.792989042933581e-24,0.0,630.5199303992372,6940028.733199237,4790.131984904318,309.0,True,Jeans,False,CO2,1_M_earth,1_F_earth
CO2_atmosphere_1_M_earth_1_F_earth.csv,5000,7.815908132474659,CO,197.49831805114164,0.0,40.37794501227313,1686.6571605784186,5.731550075596467e-14,0.0,630.5199303992372,6940028.733199237,4790.131984904318,309.0,True,Jeans,False,CO2,1_M_earth,1_F_earth
CO2_atmosphere_1_M_earth_1_F_earth.csv,5000,7.815908132474659,S,197.49831805114164,2.5244418783454432e-16,46.1462228711693,1577.7233059583502,1.9090744273769266e-16,82232034291.17354,630.5199303992372,6940028.733199237,4790.131984904318,309.0,True,Jeans,False,CO2,1_M_earth,1_F_earth
CO2_atmosphere_1_M_earth_1_F_earth.csv,5000,7.815908132474659,NH3,197.49831805114164,0.0,24.515180900308692,2164.618517745749,3.5137212190361747e-07,0.0,630.5199303992372,6940028.733199237,4790.131984904318,309.0,True,Jeans,False,CO2,1_M_earth,1_F_earth
CO2_atmosphere_1_M_earth_1_F_earth.csv,5000,7.815908132474659,N,197.49831805114164,3.3204856222327517e-07,20.188972506136565,2385.293431563695,2.4326936582263998e-05,1940147023.9555664,630.5199303992372,6940028.733199237,4790.131984904318,309.0,True,Jeans,False,CO2,1_M_earth,1_F_earth
CO2_atmosphere_1_M_earth_1_F_earth.csv,5000,7.815908132474659,C,197.49831805114164,0.005247254191329904,17.304833576688484,2576.4113699299633,0.0004060526294575877,2142974614243.286,630.5199303992372,6940028.733199237,4790.131984904318,309.0,True,Jeans,False,CO2,1_M_earth,1_F_earth
CO2_atmosphere_1_M_earth_1_F_earth.csv,6000,8.150457247013486,S2,205.3915195402827,0.0,76.11817619465813,1222.5766081821328,2.328756104618058e-29,0.0,697.2726467093435,7006781.449509343,5752.6500820196225,311.0,True,Jeans,False,CO2,1_M_earth,1_F_earth
CO2_atmosphere_1_M_earth_1_F_earth.csv,6000,8.150457247013486,H2S,205.3915195402827,0.0,40.437781103412135,1677.3612682525054,5.376664984865678e-14,0.0,697.2726467093435,7006781.449509343,5752.6500820196225,311.0,True,Jeans,False,CO2,1_M_earth,1_F_earth
CO2_atmosphere_1_M_earth_1_F_earth.csv,6000,8.150457247013486,SO2,205.3915195402827,0.0,76.11817619465813,1222.5766081821328,2.328756104618058e-29,0.0,697.2726467093435,7006781.449509343,5752.6500820196225,311.0,True,Jeans,False,CO2,1_M_earth,1_F_earth
CO2_atmosphere_1_M_earth_1_F_earth.csv,6000,8.150457247013486,O,205.3915195402827,0.0021527982612794365,19.029544048664533,2445.1532163642655,7.515298507277188e-05,3495191749049.5527,697.2726467093435,7006781.449509343,5752.6500820196225,311.0,True,Jeans,False,CO2,1_M_earth,1_F_earth
CO2_atmosphere_1_M_earth_1_F_earth.csv,6000,8.150457247013486,NO2,205.3915195402827,0.0,54.70993913991054,1442.072693276743,3.936318501740664e-20,0.0,697.2726467093435,7006781.449509343,5752.6500820196225,311.0,True,Jeans,False,CO2,1_M_earth,1_F_earth
CO2_atmosphere_1_M_earth_1_F_earth.csv,6000,8.150457247013486,CO2,205.3915195402827,0.0,52.33124613382748,1474.4828679292661,4.1576229706282133e-19,0.0,697.2726467093435,7006781.449509343,5752.6500820196225,311.0,True,Jeans,False,CO2,1_M_earth,1_F_earth
CO2_atmosphere_1_M_earth_1_F_earth.csv,6000,8.150457247013486,N2,205.3915195402827,0.0,33.30170208516293,1848.3620936998732,6.162434816442365e-11,0.0,697.2726467093435,7006781.449509343,5752.6500820196225,311.0,True,Jeans,False,CO2,1_M_earth,1_F_earth
CO2_atmosphere_1_M_earth_1_F_earth.csv,6000,8.150457247013486,H2,205.3915195402827,0.0,2.3786930060830667,6915.937681325078,610.859912141632,0.0,697.2726467093435,7006781.449509343,5752.6500820196225,311.0,True,Jeans,False,CO2,1_M_earth,1_F_earth
CO2_atmosphere_1_M_earth_1_F_earth.csv,6000,8.150457247013486,NO,205.3915195402827,0.0,35.680395091246005,1785.6874308786912,5.899779959647386e-12,0.0,697.2726467093435,7006781.449509343,5752.6500820196225,311.0,True,Jeans,False,CO2,1_M_earth,1_F_earth
CO2_atmosphere_1_M_earth_1_F_earth.csv,6000,8.150457247013486,OH,205.3915195402827,0.0,20.218890551706068,2372.147054562028,2.351293007199938e-05,0.0,697.2726467093435,7006781.449509343,5752.6500820196225,311.0,True,Jeans,False,CO2,1_M_earth,1_F_earth
CO2_atmosphere_1_M_earth_1_F_earth.csv,6000,8.150457247013486,H,205.3915195402827,205.30753403378537,1.1893465030415333,9780.612865457062,1838.8614806573776,217966505579.7899,697.2726467093435,7006781.449509343,5752.6500820196225,311.0,False,hydrodynamic_candidate,False,CO2,1_M_earth,1_F_earth
CO2_atmosphere_1_M_earth_1_F_earth.csv,6000,8.150457247013486,CH4,205.3915195402827,0.0,19.029544048664533,2445.1532163642655,7.515298507277188e-05,0.0,697.2726467093435,7006781.449509343,5752.6500820196225,311.0,True,Jeans,False,CO2,1_M_earth,1_F_earth
CO2_atmosphere_1_M_earth_1_F_earth.csv,6000,8.150457247013486,H2O,205.3915195402827,0.0,21.4082370547476,2305.3125604416928,7.3460411124188736e-06,0.0,697.2726467093435,7006781.449509343,5752.6500820196225,311.0,True,Jeans,False,CO2,1_M_earth,1_F_earth
CO2_atmosphere_1_M_earth_1_F_earth.csv,6000,8.150457247013486,O2,205.3915195402827,0.0,38.05908809732907,1728.9844203312696,5.637107289073541e-13,0.0,697.2726467093435,7006781.449509343,5752.6500820196225,311.0,True,Jeans,False,CO2,1_M_earth,1_F_earth
CO2_atmosphere_1_M_earth_1_F_earth.csv,6000,8.150457247013486,N2O,205.3915195402827,0.0,52.33124613382748,1474.4828679292661,4.1576229706282133e-19,0.0,697.2726467093435,7006781.449509343,5752.6500820196225,311.0,True,Jeans,False,CO2,1_M_earth,1_F_earth
CO2_atmosphere_1_M_earth_1_F_earth.csv,6000,8.150457247013486,CO,205.3915195402827,0.0,33.30170208516293,1848.3620936998732,6.162434816442365e-11,0.0,697.2726467093435,7006781.449509343,5752.6500820196225,311.0,True,Jeans,False,CO2,1_M_earth,1_F_earth
CO2_atmosphere_1_M_earth_1_F_earth.csv,6000,8.150457247013486,S,205.3915195402827,6.126028838549861e-13,38.05908809732907,1728.9844203312696,5.637107289073541e-13,66298949713.49695,697.2726467093435,7006781.449509343,5752.6500820196225,311.0,True,Jeans,False,CO2,1_M_earth,1_F_earth
CO2_atmosphere_1_M_earth_1_F_earth.csv,6000,8.150457247013486,NH3,205.3915195402827,0.0,20.218890551706068,2372.147054562028,2.351293007199938e-05,0.0,697.2726467093435,7006781.449509343,5752.6500820196225,311.0,True,Jeans,False,CO2,1_M_earth,1_F_earth
CO2_atmosphere_1_M_earth_1_F_earth.csv,6000,8.150457247013486,N,205.3915195402827,8.570071470141692e-06,16.650851042581465,2613.97874108669,0.0007639941661916347,1564228722.8667946,697.2726467093435,7006781.449509343,5752.6500820196225,311.0,True,Jeans,False,CO2,1_M_earth,1_F_earth
CO2_atmosphere_1_M_earth_1_F_earth.csv,6000,8.150457247013486,C,205.3915195402827,0.08182413816396242,14.272158036498398,2823.419735355576,0.007704623897838919,1727756918720.2524,697.2726467093435,7006781.449509343,5752.6500820196225,311.0,True,Jeans,False,CO2,1_M_earth,1_F_earth
CO2_atmosphere_1_M_earth_1_F_earth.csv,7000,8.478315200431204,S2,209.91712610617313,0.0,64.61630960860951,1320.7511842012038,2.1170015399022873e-24,0.0,763.0235264188713,7072532.329218871,6713.636313070701,312.0,True,Jeans,False,CO2,1_M_earth,1_F_earth
CO2_atmosphere_1_M_earth_1_F_earth.csv,7000,8.478315200431204,H2S,209.91712610617313,0.0,34.32741447957381,1812.055675326396,2.2308572052583256e-11,0.0,763.0235264188713,7072532.329218871,6713.636313070701,312.0,True,Jeans,False,CO2,1_M_earth,1_F_earth
CO2_atmosphere_1_M_earth_1_F_earth.csv,7000,8.478315200431204,SO2,209.91712610617313,0.0,64.61630960860951,1320.7511842012038,2.1170015399022873e-24,0.0,763.0235264188713,7072532.329218871,6713.636313070701,312.0,True,Jeans,False,CO2,1_M_earth,1_F_earth
CO2_atmosphere_1_M_earth_1_F_earth.csv,7000,8.478315200431204,O,209.91712610617313,0.030343089132832606,16.154077402152378,2641.5023684024077,0.0012330672461152744,2946959716569.379,763.0235264188713,7072532.329218871,6713.636313070701,312.0,True,Jeans,False,CO2,1_M_earth,1_F_earth
CO2_atmosphere_1_M_earth_1_F_earth.csv,7000,8.478315200431204,NO2,209.91712610617313,0.0,46.44297253118809,1557.8731055401788,1.409848174316007e-16,0.0,763.0235264188713,7072532.329218871,6713.636313070701,312.0,True,Jeans,False,CO2,1_M_earth,1_F_earth
CO2_atmosphere_1_M_earth_1_F_earth.csv,7000,8.478315200431204,CO2,209.91712610617313,0.0,44.42371285591905,1592.885861604714,1.0396544009801116e-15,0.0,763.0235264188713,7072532.329218871,6713.636313070701,312.0,True,Jeans,False,CO2,1_M_earth,1_F_earth
CO2_atmosphere_1_M_earth_1_F_earth.csv,7000,8.478315200431204,N2,209.91712610617313,0.0,28.26963545376666,1996.7881012516832,8.705579352235956e-09,0.0,763.0235264188713,7072532.329218871,6713.636313070701,312.0,True,Jeans,False,CO2,1_M_earth,1_F_earth
CO2_atmosphere_1_M_earth_1_F_earth.csv,7000,8.478315200431204,H2,209.91712610617313,0.0,2.0192596752690473,7471.296948870673,844.7694467101066,0.0,763.0235264188713,7072532.329218871,6713.636313070701,312.0,True,Jeans,False,CO2,1_M_earth,1_F_earth
CO2_atmosphere_1_M_earth_1_F_earth.csv,7000,8.478315200431204,NO,209.91712610617313,0.0,30.288895129035712,1929.0805771697603,1.1935363396670681e-09,0.0,763.0235264188713,7072532.329218871,6713.636313070701,312.0,True,Jeans,False,CO2,1_M_earth,1_F_earth
CO2_atmosphere_1_M_earth_1_F_earth.csv,7000,8.478315200431204,OH,209.91712610617313,0.0,17.163707239786905,2562.633711821727,0.00046151174004342233,0.0,763.0235264188713,7072532.329218871,6713.636313070701,312.0,True,Jeans,False,CO2,1_M_earth,1_F_earth
CO2_atmosphere_1_M_earth_1_F_earth.csv,7000,8.478315200431204,H,209.91712610617313,209.32315419740146,1.0096298376345236,10566.00947360963,2182.4558489826454,183777760313.06625,763.0235264188713,7072532.329218871,6713.636313070701,312.0,False,hydrodynamic_candidate,False,CO2,1_M_earth,1_F_earth
CO2_atmosphere_1_M_earth_1_F_earth.csv,7000,8.478315200431204,CH4,209.91712610617313,0.0,16.154077402152378,2641.5023684024077,0.0012330672461152744,0.0,763.0235264188713,7072532.329218871,6713.636313070701,312.0,True,Jeans,False,CO2,1_M_earth,1_F_earth
CO2_atmosphere_1_M_earth_1_F_earth.csv,7000,8.478315200431204,H2O,209.91712610617313,0.0,18.173337077421426,2490.432316290224,0.00017249936796041916,0.0,763.0235264188713,7072532.329218871,6713.636313070701,312.0,True,Jeans,False,CO2,1_M_earth,1_F_earth
CO2_atmosphere_1_M_earth_1_F_earth.csv,7000,8.478315200431204,O2,209.91712610617313,0.0,32.308154804304756,1867.8242372176683,1.6331583549902404e-10,0.0,763.0235264188713,7072532.329218871,6713.636313070701,312.0,True,Jeans,False,CO2,1_M_earth,1_F_earth
CO2_atmosphere_1_M_earth_1_F_earth.csv,7000,8.478315200431204,N2O,209.91712610617313,0.0,44.42371285591905,1592.885861604714,1.0396544009801116e-15,0.0,763.0235264188713,7072532.329218871,6713.636313070701,312.0,True,Jeans,False,CO2,1_M_earth,1_F_earth
CO2_atmosphere_1_M_earth_1_F_earth.csv,7000,8.478315200431204,CO,209.91712610617313,0.0,28.26963545376666,1996.7881012516832,8.705579352235956e-09,0.0,763.0235264188713,7072532.329218871,6713.636313070701,312.0,True,Jeans,False,CO2,1_M_earth,1_F_earth
CO2_atmosphere_1_M_earth_1_F_earth.csv,7000,8.478315200431204,S,209.91712610617313,1.5246387929489783e-10,32.308154804304756,1867.8242372176683,1.6331583549902404e-10,55899746876.45226,763.0235264188713,7072532.329218871,6713.636313070701,312.0,True,Jeans,False,CO2,1_M_earth,1_F_earth
CO2_atmosphere_1_M_earth_1_F_earth.csv,7000,8.478315200431204,NH3,209.91712610617313,0.0,17.163707239786905,2562.633711821727,0.00046151174004342233,0.0,763.0235264188713,7072532.329218871,6713.636313070701,312.0,True,Jeans,False,CO2,1_M_earth,1_F_earth
CO2_atmosphere_1_M_earth_1_F_earth.csv,7000,8.478315200431204,N,209.91712610617313,8.442211598651839e-05,14.13481772688333,2823.8848139753513,0.008760843036765545,1318874432.2948034,763.0235264188713,7072532.329218871,6713.636313070701,312.0,True,Jeans,False,CO2,1_M_earth,1_F_earth
CO2_atmosphere_1_M_earth_1_F_earth.csv,7000,8.478315200431204,C,209.91712610617313,0.5635443973704164,12.115558051614283,3050.144206924328,0.06177065517743693,1456752706307.7969,763.0235264188713,7072532.329218871,6713.636313070701,312.0,True,Jeans,False,CO2,1_M_earth,1_F_earth
CO2_atmosphere_1_M_earth_1000_F_earth.csv,200,5.266582605261078e-12,S2,7.471696701976013e-10,0.0,1925.6336798238187,238.97275364968627,0.0,0.0,939.6674742024569,7249176.277002457,219.7923485172654,314.0,True,Jeans,False,CO2,1_M_earth,1000_F_earth
CO2_atmosphere_1_M_earth_1000_F_earth.csv,200,5.266582605261078e-12,H2S,7.471696701976013e-10,0.0,1022.9928924064038,327.86791310824407,0.0,0.0,939.6674742024569,7249176.277002457,219.7923485172654,314.0,True,Jeans,False,CO2,1_M_earth,1000_F_earth
CO2_atmosphere_1_M_earth_1000_F_earth.csv,200,5.266582605261078e-12,SO2,7.471696701976013e-10,0.0,1925.6336798238187,238.97275364968627,0.0,0.0,939.6674742024569,7249176.277002457,219.7923485172654,314.0,True,Jeans,False,CO2,1_M_earth,1000_F_earth
CO2_atmosphere_1_M_earth_1000_F_earth.csv,200,5.266582605261078e-12,O,7.471696701976013e-10,4.231699492632058e-202,481.4084199559547,477.94550729937254,5.4975349916127865e-205,87744629983447.48,939.6674742024569,7249176.277002457,219.7923485172654,314.0,True,Jeans,False,CO2,1_M_earth,1000_F_earth
CO2_atmosphere_1_M_earth_1000_F_earth.csv,200,5.266582605261078e-12,NO2,7.471696701976013e-10,0.0,1384.0492073733699,281.8768821266566,0.0,0.0,939.6674742024569,7249176.277002457,219.7923485172654,314.0,True,Jeans,False,CO2,1_M_earth,1000_F_earth
CO2_atmosphere_1_M_earth_1000_F_earth.csv,200,5.266582605261078e-12,CO2,7.471696701976013e-10,0.0,1323.8731548788755,288.2119850814703,0.0,0.0,939.6674742024569,7249176.277002457,219.7923485172654,314.0,True,Jeans,False,CO2,1_M_earth,1000_F_earth
CO2_atmosphere_1_M_earth_1000_F_earth.csv,200,5.266582605261078e-12,N2,7.471696701976013e-10,0.0,842.4647349229207,361.29284358707025,0.0,0.0,939.6674742024569,7249176.277002457,219.7923485172654,314.0,True,Jeans,False,CO2,1_M_earth,1000_F_earth
CO2_atmosphere_1_M_earth_1000_F_earth.csv,200,5.266582605261078e-12,H2,7.471696701976013e-10,0.0,60.176052494494336,1351.8340369961236,1.713059129919825e-22,0.0,939.6674742024569,7249176.277002457,219.7923485172654,314.0,True,Jeans,False,CO2,1_M_earth,1000_F_earth
CO2_atmosphere_1_M_earth_1000_F_earth.csv,200,5.266582605261078e-12,NO,7.471696701976013e-10,0.0,902.6407874174151,349.04204747482186,0.0,0.0,939.6674742024569,7249176.277002457,219.7923485172654,314.0,True,Jeans,False,CO2,1_M_earth,1000_F_earth
CO2_atmosphere_1_M_earth_1000_F_earth.csv,200,5.266582605261078e-12,OH,7.471696701976013e-10,0.0,511.4964462032019,463.67524938464226,4.855296332229156e-218,0.0,939.6674742024569,7249176.277002457,219.7923485172654,314.0,True,Jeans,False,CO2,1_M_earth,1000_F_earth
CO2_atmosphere_1_M_earth_1000_F_earth.csv,200,5.266582605261078e-12,H,7.471696701976013e-10,7.471696701976013e-10,30.088026247247168,1911.7820291974901,1.4366891842045539e-09,948527932188.5547,939.6674742024569,7249176.277002457,219.7923485172654,314.0,True,Jeans,False,CO2,1_M_earth,1000_F_earth
CO2_atmosphere_1_M_earth_1000_F_earth.csv,200,5.266582605261078e-12,CH4,7.471696701976013e-10,0.0,481.4084199559547,477.94550729937254,5.4975349916127865e-205,0.0,939.6674742024569,7249176.277002457,219.7923485172654,314.0,True,Jeans,False,CO2,1_M_earth,1000_F_earth
CO2_atmosphere_1_M_earth_1000_F_earth.csv,200,5.266582605261078e-12,H2O,7.471696701976013e-10,0.0,541.5844724504491,450.6113456653745,4.28071861957181e-231,0.0,939.6674742024569,7249176.277002457,219.7923485172654,314.0,True,Jeans,False,CO2,1_M_earth,1000_F_earth
CO2_atmosphere_1_M_earth_1000_F_earth.csv,200,5.266582605261078e-12,O2,7.471696701976013e-10,0.0,962.8168399119094,337.9585092490309,0.0,0.0,939.6674742024569,7249176.277002457,219.7923485172654,314.0,True,Jeans,False,CO2,1_M_earth,1000_F_earth
CO2_atmosphere_1_M_earth_1000_F_earth.csv,200,5.266582605261078e-12,N2O,7.471696701976013e-10,0.0,1323.8731548788755,288.2119850814703,0.0,0.0,939.6674742024569,7249176.277002457,219.7923485172654,314.0,True,Jeans,False,CO2,1_M_earth,1000_F_earth
CO2_atmosphere_1_M_earth_1000_F_earth.csv,200,5.266582605261078e-12,CO,7.471696701976013e-10,0.0,842.4647349229207,361.29284358707025,0.0,0.0,939.6674742024569,7249176.277002457,219.7923485172654,314.0,True,Jeans,False,CO2,1_M_earth,1000_F_earth
CO2_atmosphere_1_M_earth_1000_F_earth.csv,200,5.266582605261078e-12,S,7.471696701976013e-10,0.0,962.8168399119094,337.9585092490309,0.0,110983080742.9774,939.6674742024569,7249176.277002457,219.7923485172654,314.0,True,Jeans,False,CO2,1_M_earth,1000_F_earth
CO2_atmosphere_1_M_earth_1000_F_earth.csv,200,5.266582605261078e-12,NH3,7.471696701976013e-10,0.0,511.4964462032019,463.67524938464226,4.855296332229156e-218,0.0,939.6674742024569,7249176.277002457,219.7923485172654,314.0,True,Jeans,False,CO2,1_M_earth,1000_F_earth
CO2_atmosphere_1_M_earth_1000_F_earth.csv,200,5.266582605261078e-12,N,7.471696701976013e-10,7.78966626125778e-179,421.23236746146034,510.94523938917604,7.005322926225923e-179,144862630858.12097,939.6674742024569,7249176.277002457,219.7923485172654,314.0,True,Jeans,False,CO2,1_M_earth,1000_F_earth
CO2_atmosphere_1_M_earth_1000_F_earth.csv,200,5.266582605261078e-12,C,7.471696701976013e-10,2.6520579477115665e-150,361.056314966966,551.88393459453,8.835959166880481e-153,45618581348751.78,939.6674742024569,7249176.277002457,219.7923485172654,314.0,True,Jeans,False,CO2,1_M_earth,1000_F_earth
CO2_atmosphere_1_M_earth_1000_F_earth.csv,300,2.960143733242139e-08,S2,4.199553643561211e-06,0.0,1339.247584642377,286.40113286923605,0.0,0.0,947.3517005803772,7256860.503380377,315.6932213646992,314.0,True,Jeans,False,CO2,1_M_earth,1000_F_earth
CO2_atmosphere_1_M_earth_1000_F_earth.csv,300,2.960143733242139e-08,H2S,4.199553643561211e-06,0.0,711.4752793412628,392.9391125622853,8.085414700685721e-305,0.0,947.3517005803772,7256860.503380377,315.6932213646992,314.0,True,Jeans,False,CO2,1_M_earth,1000_F_earth
CO2_atmosphere_1_M_earth_1000_F_earth.csv,300,2.960143733242139e-08,SO2,4.199553643561211e-06,0.0,1339.247584642377,286.40113286923605,0.0,0.0,947.3517005803772,7256860.503380377,315.6932213646992,314.0,True,Jeans,False,CO2,1_M_earth,1000_F_earth
CO2_atmosphere_1_M_earth_1000_F_earth.csv,300,2.960143733242139e-08,O,4.199553643561211e-06,1.1416980322356085e-138,334.81189616059424,572.8022657384721,2.1258709338037425e-141,61089681338330.11,947.3517005803772,7256860.503380377,315.6932213646992,314.0,True,Jeans,False,CO2,1_M_earth,1000_F_earth
CO2_atmosphere_1_M_earth_1000_F_earth.csv,300,2.960143733242139e-08,NO2,4.199553643561211e-06,0.0,962.5842014617084,337.8203462017501,0.0,0.0,947.3517005803772,7256860.503380377,315.6932213646992,314.0,True,Jeans,False,CO2,1_M_earth,1000_F_earth
CO2_atmosphere_1_M_earth_1000_F_earth.csv,300,2.960143733242139e-08,CO2,4.199553643561211e-06,0.0,920.7327144416344,345.41276263999237,0.0,0.0,947.3517005803772,7256860.503380377,315.6932213646992,314.0,True,Jeans,False,CO2,1_M_earth,1000_F_earth
CO2_atmosphere_1_M_earth_1000_F_earth.csv,300,2.960143733242139e-08,N2,4.199553643561211e-06,0.0,585.9208182810398,432.9978130166659,2.4733300468423065e-250,0.0,947.3517005803772,7256860.503380377,315.6932213646992,314.0,True,Jeans,False,CO2,1_M_earth,1000_F_earth
CO2_atmosphere_1_M_earth_1000_F_earth.csv,300,2.960143733242139e-08,H2,4.199553643561211e-06,0.0,41.85148702007428,1620.1294655307697,1.3062936438671867e-14,0.0,947.3517005803772,7256860.503380377,315.6932213646992,314.0,True,Jeans,False,CO2,1_M_earth,1000_F_earth
CO2_atmosphere_1_M_earth_1000_F_earth.csv,300,2.960143733242139e-08,NO,4.199553643561211e-06,0.0,627.7723053011142,418.3156292467063,1.707436180360867e-268,0.0,947.3517005803772,7256860.503380377,315.6932213646992,314.0,True,Jeans,False,CO2,1_M_earth,1000_F_earth
CO2_atmosphere_1_M_earth_1000_F_earth.csv,300,2.960143733242139e-08,OH,4.199553643561211e-06,0.0,355.7376396706314,555.699822172432,1.789329598983735e-150,0.0,947.3517005803772,7256860.503380377,315.6932213646992,314.0,True,Jeans,False,CO2,1_M_earth,1000_F_earth
CO2_atmosphere_1_M_earth_1000_F_earth.csv,300,2.960143733242139e-08,H,4.199553643561211e-06,4.199553643561211e-06,20.92574351003714,2291.2090629538884,1.157388545037227e-05,660385360663.4963,947.3517005803772,7256860.503380377,315.6932213646992,314.0,True,Jeans,False,CO2,1_M_earth,1000_F_earth
CO2_atmosphere_1_M_earth_1000_F_earth.csv,300,2.960143733242139e-08,CH4,4.199553643561211e-06,0.0,334.81189616059424,572.8022657384721,2.1258709338037425e-141,0.0,947.3517005803772,7256860.503380377,315.6932213646992,314.0,True,Jeans,False,CO2,1_M_earth,1000_F_earth
CO2_atmosphere_1_M_earth_1000_F_earth.csv,300,2.960143733242139e-08,H2O,4.199553643561211e-06,0.0,376.6633831806685,540.0431551769232,1.5034866038709253e-159,0.0,947.3517005803772,7256860.503380377,315.6932213646992,314.0,True,Jeans,False,CO2,1_M_earth,1000_F_earth
CO2_atmosphere_1_M_earth_1000_F_earth.csv,300,2.960143733242139e-08,O2,4.199553643561211e-06,0.0,669.6237923211885,405.03236638269243,1.176104193055958e-286,0.0,947.3517005803772,7256860.503380377,315.6932213646992,314.0,True,Jeans,False,CO2,1_M_earth,1000_F_earth
CO2_atmosphere_1_M_earth_1000_F_earth.csv,300,2.960143733242139e-08,N2O,4.199553643561211e-06,0.0,920.7327144416344,345.41276263999237,0.0,0.0,947.3517005803772,7256860.503380377,315.6932213646992,314.0,True,Jeans,False,CO2,1_M_earth,1000_F_earth
CO2_atmosphere_1_M_earth_1000_F_earth.csv,300,2.960143733242139e-08,CO,4.199553643561211e-06,0.0,585.9208182810398,432.9978130166659,2.4733300468423065e-250,0.0,947.3517005803772,7256860.503380377,315.6932213646992,314.0,True,Jeans,False,CO2,1_M_earth,1000_F_earth
CO2_atmosphere_1_M_earth_1000_F_earth.csv,300,2.960143733242139e-08,S,4.199553643561211e-06,1.597814586994365e-286,669.6237923211885,405.03236638269243,1.176104193055958e-286,77268785996.51791,947.3517005803772,7256860.503380377,315.6932213646992,314.0,True,Jeans,False,CO2,1_M_earth,1000_F_earth
CO2_atmosphere_1_M_earth_1000_F_earth.csv,300,2.960143733242139e-08,NH3,4.199553643561211e-06,0.0,355.7376396706314,555.699822172432,1.789329598983735e-150,0.0,947.3517005803772,7256860.503380377,315.6932213646992,314.0,True,Jeans,False,CO2,1_M_earth,1000_F_earth
CO2_atmosphere_1_M_earth_1000_F_earth.csv,300,2.960143733242139e-08,N,4.199553643561211e-06,2.3139487655551106e-123,292.9604091405199,612.3513796460583,2.9826033819717126e-123,100856450800.74057,947.3517005803772,7256860.503380377,315.6932213646992,314.0,True,Jeans,False,CO2,1_M_earth,1000_F_earth
CO2_atmosphere_1_M_earth_1000_F_earth.csv,300,2.960143733242139e-08,C,4.199553643561211e-06,8.674311140515166e-103,251.10892212044564,661.4150846330688,4.142267538962e-105,31760628521969.426,947.3517005803772,7256860.503380377,315.6932213646992,314.0,True,Jeans,False,CO2,1_M_earth,1000_F_earth
CO2_atmosphere_1_M_earth_1000_F_earth.csv,500,4.183530919900766e-05,S2,0.005935172106787393,0.0,831.3341482581826,363.1265244408869,0.0,0.0,962.7201533362177,7272228.956136217,507.49496705956665,314.0,True,Jeans,False,CO2,1_M_earth,1000_F_earth
CO2_atmosphere_1_M_earth_1000_F_earth.csv,500,4.183530919900766e-05,H2S,0.005935172106787393,0.0,441.6462662621596,498.2054813546301,9.757172517489754e-188,0.0,962.7201533362177,7272228.956136217,507.49496705956665,314.0,True,Jeans,False,CO2,1_M_earth,1000_F_earth
CO2_atmosphere_1_M_earth_1000_F_earth.csv,500,4.183530919900766e-05,SO2,0.005935172106787393,0.0,831.3341482581826,363.1265244408869,0.0,0.0,962.7201533362177,7272228.956136217,507.49496705956665,314.0,True,Jeans,False,CO2,1_M_earth,1000_F_earth
CO2_atmosphere_1_M_earth_1000_F_earth.csv,500,4.183530919900766e-05,O,0.005935172106787393,7.870646235268479e-84,207.83353706454565,726.2530488817738,2.345983640778964e-86,38001555770259.99,962.7201533362177,7272228.956136217,507.49496705956665,314.0,True,Jeans,False,CO2,1_M_earth,1000_F_earth
CO2_atmosphere_1_M_earth_1000_F_earth.csv,500,4.183530919900766e-05,NO2,0.005935172106787393,0.0,597.5214190605687,428.3206807623474,2.2855392927657158e-255,0.0,962.7201533362177,7272228.956136217,507.49496705956665,314.0,True,Jeans,False,CO2,1_M_earth,1000_F_earth
CO2_atmosphere_1_M_earth_1000_F_earth.csv,500,4.183530919900766e-05,CO2,0.005935172106787393,0.0,571.5422269275007,437.9470665440878,4.2853755087737946e-244,0.0,962.7201533362177,7272228.956136217,507.49496705956665,314.0,True,Jeans,False,CO2,1_M_earth,1000_F_earth
CO2_atmosphere_1_M_earth_1000_F_earth.csv,500,4.183530919900766e-05,N2,0.005935172106787393,0.0,363.7086898629549,548.9957017838884,6.240696981567232e-154,0.0,962.7201533362177,7272228.956136217,507.49496705956665,314.0,True,Jeans,False,CO2,1_M_earth,1000_F_earth
CO2_atmosphere_1_M_earth_1000_F_earth.csv,500,4.183530919900766e-05,H2,0.005935172106787393,0.0,25.979192133068207,2054.15382288683,8.155248206042136e-08,0.0,962.7201533362177,7272228.956136217,507.49496705956665,314.0,True,Jeans,False,CO2,1_M_earth,1000_F_earth
CO2_atmosphere_1_M_earth_1000_F_earth.csv,500,4.183530919900766e-05,NO,0.005935172106787393,0.0,389.6878819960231,530.3802364392661,3.369112600911124e-165,0.0,962.7201533362177,7272228.956136217,507.49496705956665,314.0,True,Jeans,False,CO2,1_M_earth,1000_F_earth
CO2_atmosphere_1_M_earth_1000_F_earth.csv,500,4.183530919900766e-05,OH,0.005935172106787393,0.0,220.8231331310798,704.568948580334,5.521501659101505e-92,0.0,962.7201533362177,7272228.956136217,507.49496705956665,314.0,True,Jeans,False,CO2,1_M_earth,1000_F_earth
CO2_atmosphere_1_M_earth_1000_F_earth.csv,500,4.183530919900766e-05,H,0.005935172106787393,0.005935172106787393,12.989596066534103,2905.012195527095,0.026184139676414784,410800491397.7361,962.7201533362177,7272228.956136217,507.49496705956665,314.0,True,Jeans,False,CO2,1_M_earth,1000_F_earth
CO2_atmosphere_1_M_earth_1000_F_earth.csv,500,4.183530919900766e-05,CH4,0.005935172106787393,0.0,207.83353706454565,726.2530488817738,2.345983640778964e-86,0.0,962.7201533362177,7272228.956136217,507.49496705956665,314.0,True,Jeans,False,CO2,1_M_earth,1000_F_earth
CO2_atmosphere_1_M_earth_1000_F_earth.csv,500,4.183530919900766e-05,H2O,0.005935172106787393,0.0,233.8127291976139,684.7179409622765,1.2973295860366932e-97,0.0,962.7201533362177,7272228.956136217,507.49496705956665,314.0,True,Jeans,False,CO2,1_M_earth,1000_F_earth
CO2_atmosphere_1_M_earth_1000_F_earth.csv,500,4.183530919900766e-05,O2,0.005935172106787393,0.0,415.6670741290913,513.5384557217075,1.814849510414489e-176,0.0,962.7201533362177,7272228.956136217,507.49496705956665,314.0,True,Jeans,False,CO2,1_M_earth,1000_F_earth
CO2_atmosphere_1_M_earth_1000_F_earth.csv,500,4.183530919900766e-05,N2O,0.005935172106787393,0.0,571.5422269275007,437.9470665440878,4.2853755087737946e-244,0.0,962.7201533362177,7272228.956136217,507.49496705956665,314.0,True,Jeans,False,CO2,1_M_earth,1000_F_earth
CO2_atmosphere_1_M_earth_1000_F_earth.csv,500,4.183530919900766e-05,CO,0.005935172106787393,0.0,363.7086898629549,548.9957017838884,6.240696981567232e-154,0.0,962.7201533362177,7272228.956136217,507.49496705956665,314.0,True,Jeans,False,CO2,1_M_earth,1000_F_earth
CO2_atmosphere_1_M_earth_1000_F_earth.csv,500,4.183530919900766e-05,S,0.005935172106787393,1.540253685299845e-176,415.6670741290913,513.5384557217075,1.814849510414489e-176,48065958374.947136,962.7201533362177,7272228.956136217,507.49496705956665,314.0,True,Jeans,False,CO2,1_M_earth,1000_F_earth
CO2_atmosphere_1_M_earth_1000_F_earth.csv,500,4.183530919900766e-05,NH3,0.005935172106787393,0.0,220.8231331310798,704.568948580334,5.521501659101505e-92,0.0,962.7201533362177,7272228.956136217,507.49496705956665,314.0,True,Jeans,False,CO2,1_M_earth,1000_F_earth
CO2_atmosphere_1_M_earth_1000_F_earth.csv,500,4.183530919900766e-05,N,0.005935172106787393,2.040210921237502e-75,181.85434493147744,776.3971671473101,4.2096479790141337e-75,62738943074.00874,962.7201533362177,7272228.956136217,507.49496705956665,314.0,True,Jeans,False,CO2,1_M_earth,1000_F_earth
CO2_atmosphere_1_M_earth_1000_F_earth.csv,500,4.183530919900766e-05,C,0.005935172106787393,9.782632651139497e-62,155.87515279840923,838.6047865433572,7.478040976327019e-64,19757073038108.004,962.7201533362177,7272228.956136217,507.49496705956665,314.0,True,Jeans,False,CO2,1_M_earth,1000_F_earth
CO2_atmosphere_1_M_earth_1000_F_earth.csv,1000,0.009303355467080325,S2,1.3198663264344388,0.0,425.11738199544254,506.44808115826635,1.439879293653835e-180,0.0,1001.5518538212488,7311060.656621248,987.155691312538,315.0,True,Jeans,False,CO2,1_M_earth,1000_F_earth
CO2_atmosphere_1_M_earth_1000_F_earth.csv,1000,0.009303355467080325,H2S,1.3198663264344388,0.0,225.84360918507886,694.8410349342493,3.6759858650737166e-94,0.0,1001.5518538212488,7311060.656621248,987.155691312538,315.0,True,Jeans,False,CO2,1_M_earth,1000_F_earth
CO2_atmosphere_1_M_earth_1000_F_earth.csv,1000,0.009303355467080325,SO2,1.3198663264344388,0.0,425.11738199544254,506.44808115826635,1.439879293653835e-180,0.0,1001.5518538212488,7311060.656621248,987.155691312538,315.0,True,Jeans,False,CO2,1_M_earth,1000_F_earth
CO2_atmosphere_1_M_earth_1000_F_earth.csv,1000,0.009303355467080325,O,1.3198663264344388,3.6668521164211507e-40,106.27934549886064,1012.8961623165327,2.1376806125723906e-42,19223871445843.395,1001.5518538212488,7311060.656621248,987.155691312538,315.0,True,Jeans,False,CO2,1_M_earth,1000_F_earth
CO2_atmosphere_1_M_earth_1000_F_earth.csv,1000,0.009303355467080325,NO2,1.3198663264344388,0.0,305.5531183092243,597.3735662149511,1.0306556712140074e-128,0.0,1001.5518538212488,7311060.656621248,987.155691312538,315.0,True,Jeans,False,CO2,1_M_earth,1000_F_earth
CO2_atmosphere_1_M_earth_1000_F_earth.csv,1000,0.009303355467080325,CO2,1.3198663264344388,0.0,292.2682001218668,610.7993676354289,5.930510399596679e-123,0.0,1001.5518538212488,7311060.656621248,987.155691312538,315.0,True,Jeans,False,CO2,1_M_earth,1000_F_earth
CO2_atmosphere_1_M_earth_1000_F_earth.csv,1000,0.009303355467080325,N2,1.3198663264344388,0.0,185.9888546230061,765.6775284060739,6.797096448266757e-77,0.0,1001.5518538212488,7311060.656621248,987.155691312538,315.0,True,Jeans,False,CO2,1_M_earth,1000_F_earth
CO2_atmosphere_1_M_earth_1000_F_earth.csv,1000,0.009303355467080325,H2,1.3198663264344388,0.0,13.28491818735758,2864.902980047401,0.019625290014193213,0.0,1001.5518538212488,7311060.656621248,987.155691312538,315.0,True,Jeans,False,CO2,1_M_earth,1000_F_earth
CO2_atmosphere_1_M_earth_1000_F_earth.csv,1000,0.009303355467080325,NO,1.3198663264344388,0.0,199.2737728103637,739.7147686815722,1.1955934229768852e-82,0.0,1001.5518538212488,7311060.656621248,987.155691312538,315.0,True,Jeans,False,CO2,1_M_earth,1000_F_earth
CO2_atmosphere_1_M_earth_1000_F_earth.csv,1000,0.009303355467080325,OH,1.3198663264344388,0.0,112.92180459253943,982.6536152973729,2.8713475238635485e-45,0.0,1001.5518538212488,7311060.656621248,987.155691312538,315.0,True,Jeans,False,CO2,1_M_earth,1000_F_earth
CO2_atmosphere_1_M_earth_1000_F_earth.csv,1000,0.009303355467080325,H,1.3198663264344388,1.3198663264344388,6.64245909367879,4051.584649266131,11.38858525241926,207811908656.111,1001.5518538212488,7311060.656621248,987.155691312538,315.0,True,Jeans,False,CO2,1_M_earth,1000_F_earth
CO2_atmosphere_1_M_earth_1000_F_earth.csv,1000,0.009303355467080325,CH4,1.3198663264344388,0.0,106.27934549886064,1012.8961623165327,2.1376806125723906e-42,0.0,1001.5518538212488,7311060.656621248,987.155691312538,315.0,True,Jeans,False,CO2,1_M_earth,1000_F_earth
CO2_atmosphere_1_M_earth_1000_F_earth.csv,1000,0.009303355467080325,H2O,1.3198663264344388,0.0,119.56426368621821,954.9676600158002,3.850369237065814e-48,0.0,1001.5518538212488,7311060.656621248,987.155691312538,315.0,True,Jeans,False,CO2,1_M_earth,1000_F_earth
CO2_atmosphere_1_M_earth_1000_F_earth.csv,1000,0.009303355467080325,O2,1.3198663264344388,0.0,212.55869099772127,716.2257450118502,2.0984356950840745e-88,0.0,1001.5518538212488,7311060.656621248,987.155691312538,315.0,True,Jeans,False,CO2,1_M_earth,1000_F_earth
CO2_atmosphere_1_M_earth_1000_F_earth.csv,1000,0.009303355467080325,N2O,1.3198663264344388,0.0,292.2682001218668,610.7993676354289,5.930510399596679e-123,0.0,1001.5518538212488,7311060.656621248,987.155691312538,315.0,True,Jeans,False,CO2,1_M_earth,1000_F_earth
CO2_atmosphere_1_M_earth_1000_F_earth.csv,1000,0.009303355467080325,CO,1.3198663264344388,0.0,185.9888546230061,765.6775284060739,6.797096448266757e-77,0.0,1001.5518538212488,7311060.656621248,987.155691312538,315.0,True,Jeans,False,CO2,1_M_earth,1000_F_earth
CO2_atmosphere_1_M_earth_1000_F_earth.csv,1000,0.009303355467080325,S,1.3198663264344388,9.10568173841102e-89,212.55869099772127,716.2257450118502,2.0984356950840745e-88,24315157261.12394,1001.5518538212488,7311060.656621248,987.155691312538,315.0,True,Jeans,False,CO2,1_M_earth,1000_F_earth
CO2_atmosphere_1_M_earth_1000_F_earth.csv,1000,0.009303355467080325,NH3,1.3198663264344388,0.0,112.92180459253943,982.6536152973729,2.8713475238635485e-45,0.0,1001.5518538212488,7311060.656621248,987.155691312538,315.0,True,Jeans,False,CO2,1_M_earth,1000_F_earth
CO2_atmosphere_1_M_earth_1000_F_earth.csv,1000,0.009303355467080325,N,1.3198663264344388,2.9186760558409407e-37,92.99442731150305,1082.8315450761804,1.177853953959484e-36,31737789462.996487,1001.5518538212488,7311060.656621248,987.155691312538,315.0,True,Jeans,False,CO2,1_M_earth,1000_F_earth
CO2_atmosphere_1_M_earth_1000_F_earth.csv,1000,0.009303355467080325,C,1.3198663264344388,4.2982054329222e-29,79.70950912414547,1169.591743949178,6.426197962034709e-31,9994523238123.953,1001.5518538212488,7311060.656621248,987.155691312538,315.0,True,Jeans,False,CO2,1_M_earth,1000_F_earth
CO2_atmosphere_1_M_earth_1000_F_earth.csv,2000,0.10341705798377901,S2,14.671770082683567,0.0,213.23084713017346,711.3091925883665,1.0674688588332786e-88,0.0,1079.6029468616862,7389111.749661686,1947.298980022902,316.0,True,Jeans,False,CO2,1_M_earth,1000_F_earth
CO2_atmosphere_1_M_earth_1000_F_earth.csv,2000,0.10341705798377901,H2S,14.671770082683567,0.0,113.27888753790467,975.9081610221215,2.0015859689725463e-45,0.0,1079.6029468616862,7389111.749661686,1947.298980022902,316.0,True,Jeans,False,CO2,1_M_earth,1000_F_earth
CO2_atmosphere_1_M_earth_1000_F_earth.csv,2000,0.10341705798377901,SO2,14.671770082683567,0.0,213.23084713017346,711.3091925883665,1.0674688588332786e-88,0.0,1079.6029468616862,7389111.749661686,1947.298980022902,316.0,True,Jeans,False,CO2,1_M_earth,1000_F_earth
CO2_atmosphere_1_M_earth_1000_F_earth.csv,2000,0.10341705798377901,O,14.671770082683567,1.3446851218149827e-17,53.307711782543365,1422.618385176733,1.5385085688120236e-19,9589307863089.295,1079.6029468616862,7389111.749661686,1947.298980022902,316.0,True,Jeans,False,CO2,1_M_earth,1000_F_earth
CO2_atmosphere_1_M_earth_1000_F_earth.csv,2000,0.10341705798377901,NO2,14.671770082683567,0.0,153.25967137481217,839.0145502895137,1.005975458489451e-62,0.0,1079.6029468616862,7389111.749661686,1947.298980022902,316.0,True,Jeans,False,CO2,1_M_earth,1000_F_earth
CO2_atmosphere_1_M_earth_1000_F_earth.csv,2000,0.10341705798377901,CO2,14.671770082683567,0.0,146.5962074019943,857.8711642713672,7.708473673933874e-60,0.0,1079.6029468616862,7389111.749661686,1947.298980022902,316.0,True,Jeans,False,CO2,1_M_earth,1000_F_earth
CO2_atmosphere_1_M_earth_1000_F_earth.csv,2000,0.10341705798377901,N2,14.671770082683567,0.0,93.28849561945088,1075.3984164931235,8.744687509921977e-37,0.0,1079.6029468616862,7389111.749661686,1947.298980022902,316.0,True,Jeans,False,CO2,1_M_earth,1000_F_earth
CO2_atmosphere_1_M_earth_1000_F_earth.csv,2000,0.10341705798377901,H2,14.671770082683567,0.0,6.663463972817921,4023.7724287964948,11.105751837922389,0.0,1079.6029468616862,7389111.749661686,1947.298980022902,316.0,True,Jeans,False,CO2,1_M_earth,1000_F_earth
CO2_atmosphere_1_M_earth_1000_F_earth.csv,2000,0.10341705798377901,NO,14.671770082683567,0.0,99.95195959226882,1038.933573710493,1.154816807590427e-39,0.0,1079.6029468616862,7389111.749661686,1947.298980022902,316.0,True,Jeans,False,CO2,1_M_earth,1000_F_earth
CO2_atmosphere_1_M_earth_1000_F_earth.csv,2000,0.10341705798377901,OH,14.671770082683567,0.0,56.63944376895233,1380.1425569480705,5.660319030206133e-21,0.0,1079.6029468616862,7389111.749661686,1947.298980022902,316.0,True,Jeans,False,CO2,1_M_earth,1000_F_earth
CO2_atmosphere_1_M_earth_1000_F_earth.csv,2000,0.10341705798377901,H,14.671770082683567,14.671770082680764,3.3317319864089603,5690.473540706932,248.4575723587377,103661344975.88509,1079.6029468616862,7389111.749661686,1947.298980022902,316.0,True,Jeans,False,CO2,1_M_earth,1000_F_earth
CO2_atmosphere_1_M_earth_1000_F_earth.csv,2000,0.10341705798377901,CH4,14.671770082683567,0.0,53.307711782543365,1422.618385176733,1.5385085688120236e-19,0.0,1079.6029468616862,7389111.749661686,1947.298980022902,316.0,True,Jeans,False,CO2,1_M_earth,1000_F_earth
CO2_atmosphere_1_M_earth_1000_F_earth.csv,2000,0.10341705798377901,H2O,14.671770082683567,0.0,59.97117575536129,1341.2574762654983,2.0791273428064148e-22,0.0,1079.6029468616862,7389111.749661686,1947.298980022902,316.0,True,Jeans,False,CO2,1_M_earth,1000_F_earth
CO2_atmosphere_1_M_earth_1000_F_earth.csv,2000,0.10341705798377901,O2,14.671770082683567,0.0,106.61542356508673,1005.9431071991237,1.5217834842026287e-42,0.0,1079.6029468616862,7389111.749661686,1947.298980022902,316.0,True,Jeans,False,CO2,1_M_earth,1000_F_earth
CO2_atmosphere_1_M_earth_1000_F_earth.csv,2000,0.10341705798377901,N2O,14.671770082683567,0.0,146.5962074019943,857.8711642713672,7.708473673933874e-60,0.0,1079.6029468616862,7389111.749661686,1947.298980022902,316.0,True,Jeans,False,CO2,1_M_earth,1000_F_earth
CO2_atmosphere_1_M_earth_1000_F_earth.csv,2000,0.10341705798377901,CO,14.671770082683567,0.0,93.28849561945088,1075.3984164931235,8.744687509921977e-37,0.0,1079.6029468616862,7389111.749661686,1947.298980022902,316.0,True,Jeans,False,CO2,1_M_earth,1000_F_earth
CO2_atmosphere_1_M_earth_1000_F_earth.csv,2000,0.10341705798377901,S,14.671770082683567,3.364649047895068e-43,106.61542356508673,1005.9431071991237,1.5217834842026287e-42,12128957966.308277,1079.6029468616862,7389111.749661686,1947.298980022902,316.0,True,Jeans,False,CO2,1_M_earth,1000_F_earth
CO2_atmosphere_1_M_earth_1000_F_earth.csv,2000,0.10341705798377901,NH3,14.671770082683567,0.0,56.63944376895233,1380.1425569480705,5.660319030206133e-21,0.0,1079.6029468616862,7389111.749661686,1947.298980022902,316.0,True,Jeans,False,CO2,1_M_earth,1000_F_earth
CO2_atmosphere_1_M_earth_1000_F_earth.csv,2000,0.10341705798377901,N,14.671770082683567,1.42697068605793e-17,46.64424780972544,1520.8430255591254,1.1301874932055251e-16,15831537102.81339,1079.6029468616862,7389111.749661686,1947.298980022902,316.0,True,Jeans,False,CO2,1_M_earth,1000_F_earth
CO2_atmosphere_1_M_earth_1000_F_earth.csv,2000,0.10341705798377901,C,14.671770082683567,2.802866957532569e-12,39.98078383690752,1642.698215271795,8.22430696512717e-14,4985497356511.579,1079.6029468616862,7389111.749661686,1947.298980022902,316.0,True,Jeans,False,CO2,1_M_earth,1000_F_earth
CO2_atmosphere_1_M_earth_1000_F_earth.csv,3000,0.1938843807809565,S2,27.50630935997871,0.0,141.25969359834343,869.299407495839,1.564375030684044e-57,0.0,1158.4529063750124,7467961.709175012,2908.402845970511,317.0,True,Jeans,False,CO2,1_M_earth,1000_F_earth
CO2_atmosphere_1_M_earth_1000_F_earth.csv,3000,0.1938843807809565,H2S,27.50630935997871,0.0,75.04421222411995,1192.668947606061,6.55682930215256e-29,0.0,1158.4529063750124,7467961.709175012,2908.402845970511,317.0,True,Jeans,False,CO2,1_M_earth,1000_F_earth
CO2_atmosphere_1_M_earth_1000_F_earth.csv,3000,0.1938843807809565,SO2,27.50630935997871,0.0,141.25969359834343,869.299407495839,1.564375030684044e-57,0.0,1158.4529063750124,7467961.709175012,2908.402845970511,317.0,True,Jeans,False,CO2,1_M_earth,1000_F_earth
CO2_atmosphere_1_M_earth_1000_F_earth.csv,3000,0.1938843807809565,O,27.50630935997871,4.820755002590655e-10,35.31492339958586,1738.598814991678,8.196023942696186e-12,6317696054538.188,1158.4529063750124,7467961.709175012,2908.402845970511,317.0,True,Jeans,False,CO2,1_M_earth,1000_F_earth
CO2_atmosphere_1_M_earth_1000_F_earth.csv,3000,0.1938843807809565,NO2,27.50630935997871,0.0,101.53040477380934,1025.3696410038363,2.387996335381367e-40,0.0,1158.4529063750124,7467961.709175012,2908.402845970511,317.0,True,Jeans,False,CO2,1_M_earth,1000_F_earth
CO2_atmosphere_1_M_earth_1000_F_earth.csv,3000,0.1938843807809565,CO2,27.50630935997871,0.0,97.11603934886112,1048.4145327788947,1.9306702990756348e-38,0.0,1158.4529063750124,7467961.709175012,2908.402845970511,317.0,True,Jeans,False,CO2,1_M_earth,1000_F_earth
CO2_atmosphere_1_M_earth_1000_F_earth.csv,3000,0.1938843807809565,N2,27.50630935997871,0.0,61.80111594927524,1314.257169765593,3.3663491013610727e-23,0.0,1158.4529063750124,7467961.709175012,2908.402845970511,317.0,True,Jeans,False,CO2,1_M_earth,1000_F_earth
CO2_atmosphere_1_M_earth_1000_F_earth.csv,3000,0.1938843807809565,H2,27.50630935997871,0.0,4.414365424948232,4917.500047374045,90.89760895160865,0.0,1158.4529063750124,7467961.709175012,2908.402845970511,317.0,True,Jeans,False,CO2,1_M_earth,1000_F_earth
CO2_atmosphere_1_M_earth_1000_F_earth.csv,3000,0.1938843807809565,NO,27.50630935997871,0.0,66.21548137422349,1269.6930525635908,4.21254882062736e-25,0.0,1158.4529063750124,7467961.709175012,2908.402845970511,317.0,True,Jeans,False,CO2,1_M_earth,1000_F_earth
CO2_atmosphere_1_M_earth_1000_F_earth.csv,3000,0.1938843807809565,OH,27.50630935997871,0.0,37.52210611205997,1686.6886011257377,9.278897285725695e-13,0.0,1158.4529063750124,7467961.709175012,2908.402845970511,317.0,True,Jeans,False,CO2,1_M_earth,1000_F_earth
CO2_atmosphere_1_M_earth_1000_F_earth.csv,3000,0.1938843807809565,H,27.50630935997871,27.506308237771673,2.207182712474116,6954.395259966712,692.1669656296356,68294905066.41091,1158.4529063750124,7467961.709175012,2908.402845970511,317.0,True,Jeans,False,CO2,1_M_earth,1000_F_earth
CO2_atmosphere_1_M_earth_1000_F_earth.csv,3000,0.1938843807809565,CH4,27.50630935997871,0.0,35.31492339958586,1738.598814991678,8.196023942696186e-12,0.0,1158.4529063750124,7467961.709175012,2908.402845970511,317.0,True,Jeans,False,CO2,1_M_earth,1000_F_earth
CO2_atmosphere_1_M_earth_1000_F_earth.csv,3000,0.1938843807809565,H2O,27.50630935997871,0.0,39.72928882453409,1639.166682458015,1.0488517484864257e-13,0.0,1158.4529063750124,7467961.709175012,2908.402845970511,317.0,True,Jeans,False,CO2,1_M_earth,1000_F_earth
CO2_atmosphere_1_M_earth_1000_F_earth.csv,3000,0.1938843807809565,O2,27.50630935997871,0.0,70.62984679917172,1229.3750118435112,5.260423983891744e-27,0.0,1158.4529063750124,7467961.709175012,2908.402845970511,317.0,True,Jeans,False,CO2,1_M_earth,1000_F_earth
CO2_atmosphere_1_M_earth_1000_F_earth.csv,3000,0.1938843807809565,N2O,27.50630935997871,0.0,97.11603934886112,1048.4145327788947,1.9306702990756348e-38,0.0,1158.4529063750124,7467961.709175012,2908.402845970511,317.0,True,Jeans,False,CO2,1_M_earth,1000_F_earth
CO2_atmosphere_1_M_earth_1000_F_earth.csv,3000,0.1938843807809565,CO,27.50630935997871,0.0,61.80111594927524,1314.257169765593,3.3663491013610727e-23,0.0,1158.4529063750124,7467961.709175012,2908.402845970511,317.0,True,Jeans,False,CO2,1_M_earth,1000_F_earth
CO2_atmosphere_1_M_earth_1000_F_earth.csv,3000,0.1938843807809565,S,27.50630935997871,7.827062760988176e-28,70.62984679917172,1229.3750118435112,5.260423983891744e-27,7990886410.515045,1158.4529063750124,7467961.709175012,2908.402845970511,317.0,True,Jeans,False,CO2,1_M_earth,1000_F_earth
CO2_atmosphere_1_M_earth_1000_F_earth.csv,3000,0.1938843807809565,NH3,27.50630935997871,0.0,37.52210611205997,1686.6886011257377,9.278897285725695e-13,0.0,1158.4529063750124,7467961.709175012,2908.402845970511,317.0,True,Jeans,False,CO2,1_M_earth,1000_F_earth
CO2_atmosphere_1_M_earth_1000_F_earth.csv,3000,0.1938843807809565,N,27.50630935997871,5.403841478432161e-11,30.90055797463762,1858.640313928581,6.359850165515408e-10,10430245948.897606,1158.4529063750124,7467961.709175012,2908.402845970511,317.0,True,Jeans,False,CO2,1_M_earth,1000_F_earth
CO2_atmosphere_1_M_earth_1000_F_earth.csv,3000,0.1938843807809565,C,27.50630935997871,1.1216709266488124e-06,26.486192549689388,2007.5609876964193,4.890701188521004e-08,3284580850759.8306,1158.4529063750124,7467961.709175012,2908.402845970511,317.0,True,Jeans,False,CO2,1_M_earth,1000_F_earth
CO2_atmosphere_1_M_earth_1000_F_earth.csv,4000,0.24153571338220514,S2,34.23563268212851,0.0,104.9630620929039,1003.0214699093111,7.797962217115744e-42,0.0,1239.7125414739196,7549221.344273919,3872.0080567483874,319.0,True,Jeans,False,CO2,1_M_earth,1000_F_earth
CO2_atmosphere_1_M_earth_1000_F_earth.csv,4000,0.24153571338220514,H2S,34.23563268212851,0.0,55.7616267368552,1376.134103656051,1.3370383537530301e-20,0.0,1239.7125414739196,7549221.344273919,3872.0080567483874,319.0,True,Jeans,False,CO2,1_M_earth,1000_F_earth
CO2_atmosphere_1_M_earth_1000_F_earth.csv,4000,0.24153571338220514,SO2,34.23563268212851,0.0,104.9630620929039,1003.0214699093111,7.797962217115744e-42,0.0,1239.7125414739196,7549221.344273919,3872.0080567483874,319.0,True,Jeans,False,CO2,1_M_earth,1000_F_earth
CO2_atmosphere_1_M_earth_1000_F_earth.csv,4000,0.24153571338220514,O,34.23563268212851,2.7061509567148263e-06,26.240765523225974,2006.0429398186222,6.190631216114049e-08,4594770440352.044,1239.7125414739196,7549221.344273919,3872.0080567483874,319.0,True,Jeans,False,CO2,1_M_earth,1000_F_earth
CO2_atmosphere_1_M_earth_1000_F_earth.csv,4000,0.24153571338220514,NO2,34.23563268212851,0.0,75.44220087927468,1183.0995807103131,4.3915517662390176e-29,0.0,1239.7125414739196,7549221.344273919,3872.0080567483874,319.0,True,Jeans,False,CO2,1_M_earth,1000_F_earth
CO2_atmosphere_1_M_earth_1000_F_earth.csv,4000,0.24153571338220514,CO2,34.23563268212851,0.0,72.16210518887145,1209.689408130885,1.1422234012037209e-27,0.0,1239.7125414739196,7549221.344273919,3872.0080567483874,319.0,True,Jeans,False,CO2,1_M_earth,1000_F_earth
CO2_atmosphere_1_M_earth_1000_F_earth.csv,4000,0.24153571338220514,N2,34.23563268212851,0.0,45.921339665645455,1516.425925164853,2.286663468133658e-16,0.0,1239.7125414739196,7549221.344273919,3872.0080567483874,319.0,True,Jeans,False,CO2,1_M_earth,1000_F_earth
CO2_atmosphere_1_M_earth_1000_F_earth.csv,4000,0.24153571338220514,H2,34.23563268212851,0.0,3.2800956904032468,5673.946264388581,257.7545299843562,0.0,1239.7125414739196,7549221.344273919,3872.0080567483874,319.0,True,Jeans,False,CO2,1_M_earth,1000_F_earth
CO2_atmosphere_1_M_earth_1000_F_earth.csv,4000,0.24153571338220514,NO,34.23563268212851,0.0,49.201435356048705,1465.006625950184,8.89280797778912e-18,0.0,1239.7125414739196,7549221.344273919,3872.0080567483874,319.0,True,Jeans,False,CO2,1_M_earth,1000_F_earth
CO2_atmosphere_1_M_earth_1000_F_earth.csv,4000,0.24153571338220514,OH,34.23563268212851,0.0,27.8808133684276,1946.14751303453,1.2350849985786585e-08,0.0,1239.7125414739196,7549221.344273919,3872.0080567483874,319.0,True,Jeans,False,CO2,1_M_earth,1000_F_earth
CO2_atmosphere_1_M_earth_1000_F_earth.csv,4000,0.24153571338220514,H,34.23563268212851,34.23497644374758,1.6400478452016234,8024.171759274489,1159.1599104435472,49669912625.882416,1239.7125414739196,7549221.344273919,3872.0080567483874,319.0,True,Jeans,False,CO2,1_M_earth,1000_F_earth
CO2_atmosphere_1_M_earth_1000_F_earth.csv,4000,0.24153571338220514,CH4,34.23563268212851,0.0,26.240765523225974,2006.0429398186222,6.190631216114049e-08,0.0,1239.7125414739196,7549221.344273919,3872.0080567483874,319.0,True,Jeans,False,CO2,1_M_earth,1000_F_earth
CO2_atmosphere_1_M_earth_1000_F_earth.csv,4000,0.24153571338220514,H2O,34.23563268212851,0.0,29.52086121362922,1891.31542146286,2.4604168332883058e-09,0.0,1239.7125414739196,7549221.344273919,3872.0080567483874,319.0,True,Jeans,False,CO2,1_M_earth,1000_F_earth
CO2_atmosphere_1_M_earth_1000_F_earth.csv,4000,0.24153571338220514,O2,34.23563268212851,0.0,52.48153104645195,1418.4865660971452,3.451316529041289e-19,0.0,1239.7125414739196,7549221.344273919,3872.0080567483874,319.0,True,Jeans,False,CO2,1_M_earth,1000_F_earth
CO2_atmosphere_1_M_earth_1000_F_earth.csv,4000,0.24153571338220514,N2O,34.23563268212851,0.0,72.16210518887145,1209.689408130885,1.1422234012037209e-27,0.0,1239.7125414739196,7549221.344273919,3872.0080567483874,319.0,True,Jeans,False,CO2,1_M_earth,1000_F_earth
CO2_atmosphere_1_M_earth_1000_F_earth.csv,4000,0.24153571338220514,CO,34.23563268212851,0.0,45.921339665645455,1516.425925164853,2.286663468133658e-16,0.0,1239.7125414739196,7549221.344273919,3872.0080567483874,319.0,True,Jeans,False,CO2,1_M_earth,1000_F_earth
CO2_atmosphere_1_M_earth_1000_F_earth.csv,4000,0.24153571338220514,S,34.23563268212851,3.816524916194043e-20,52.48153104645195,1418.4865660971452,3.451316529041289e-19,5811657976.940974,1239.7125414739196,7549221.344273919,3872.0080567483874,319.0,True,Jeans,False,CO2,1_M_earth,1000_F_earth
CO2_atmosphere_1_M_earth_1000_F_earth.csv,4000,0.24153571338220514,NH3,34.23563268212851,0.0,27.8808133684276,1946.14751303453,1.2350849985786585e-08,0.0,1239.7125414739196,7549221.344273919,3872.0080567483874,319.0,True,Jeans,False,CO2,1_M_earth,1000_F_earth
CO2_atmosphere_1_M_earth_1000_F_earth.csv,4000,0.24153571338220514,N,34.23563268212851,9.770099173817942e-08,22.960669832822727,2144.5501097023034,1.547169915589635e-06,7585769457.391154,1239.7125414739196,7549221.344273919,3872.0080567483874,319.0,True,Jeans,False,CO2,1_M_earth,1000_F_earth
CO2_atmosphere_1_M_earth_1000_F_earth.csv,4000,0.24153571338220514,C,34.23563268212851,0.0006534345289860469,19.68057414241948,2316.37886262046,3.83356209434032e-05,2388828913536.713,1239.7125414739196,7549221.344273919,3872.0080567483874,319.0,True,Jeans,False,CO2,1_M_earth,1000_F_earth
CO2_atmosphere_1_M_earth_1000_F_earth.csv,5000,0.2756128554382393,S2,37.735373410789144,0.0,83.15942890137055,1120.880989143863,2.0388076803831065e-32,0.0,1320.5626478753873,7630071.450675387,4835.426656783584,320.0,True,Jeans,False,CO2,1_M_earth,1000_F_earth
CO2_atmosphere_1_M_earth_1000_F_earth.csv,5000,0.2756128554382393,H2S,37.735373410789144,0.0,44.178446603853104,1537.8360300104664,1.2757947624897897e-15,0.0,1320.5626478753873,7630071.450675387,4835.426656783584,320.0,True,Jeans,False,CO2,1_M_earth,1000_F_earth
CO2_atmosphere_1_M_earth_1000_F_earth.csv,5000,0.2756128554382393,SO2,37.735373410789144,0.0,83.15942890137055,1120.880989143863,2.0388076803831065e-32,0.0,1320.5626478753873,7630071.450675387,4835.426656783584,320.0,True,Jeans,False,CO2,1_M_earth,1000_F_earth
CO2_atmosphere_1_M_earth_1000_F_earth.csv,5000,0.2756128554382393,O,37.735373410789144,0.0004536109180452938,20.789857225342637,2241.761978287726,1.2891951976233495e-05,3620417548257.7676,1320.5626478753873,7630071.450675387,4835.426656783584,320.0,True,Jeans,False,CO2,1_M_earth,1000_F_earth
CO2_atmosphere_1_M_earth_1000_F_earth.csv,5000,0.2756128554382393,NO2,37.735373410789144,0.0,59.77083952286008,1322.1190852496575,2.495830541819193e-22,0.0,1320.5626478753873,7630071.450675387,4835.426656783584,320.0,True,Jeans,False,CO2,1_M_earth,1000_F_earth
CO2_atmosphere_1_M_earth_1000_F_earth.csv,5000,0.2756128554382393,CO2,37.735373410789144,0.0,57.17210736969226,1351.8333365936792,3.28474959418281e-21,0.0,1320.5626478753873,7630071.450675387,4835.426656783584,320.0,True,Jeans,False,CO2,1_M_earth,1000_F_earth
CO2_atmosphere_1_M_earth_1000_F_earth.csv,5000,0.2756128554382393,N2,37.735373410789144,0.0,36.38225014434961,1694.6127694712861,2.8282676429308085e-12,0.0,1320.5626478753873,7630071.450675387,4835.426656783584,320.0,True,Jeans,False,CO2,1_M_earth,1000_F_earth
CO2_atmosphere_1_M_earth_1000_F_earth.csv,5000,0.2756128554382393,H2,37.735373410789144,0.0,2.5987321531678296,6340.660386613685,478.70068676215345,0.0,1320.5626478753873,7630071.450675387,4835.426656783584,320.0,True,Jeans,False,CO2,1_M_earth,1000_F_earth
CO2_atmosphere_1_M_earth_1000_F_earth.csv,5000,0.2756128554382393,NO,37.735373410789144,0.0,38.98098229751744,1637.1514720874586,2.1732609680266955e-13,0.0,1320.5626478753873,7630071.450675387,4835.426656783584,320.0,True,Jeans,False,CO2,1_M_earth,1000_F_earth
CO2_atmosphere_1_M_earth_1000_F_earth.csv,5000,0.2756128554382393,OH,37.735373410789144,0.0,22.089223301926552,2174.8285703467996,3.6141122074564637e-06,0.0,1320.5626478753873,7630071.450675387,4835.426656783584,320.0,True,Jeans,False,CO2,1_M_earth,1000_F_earth
CO2_atmosphere_1_M_earth_1000_F_earth.csv,5000,0.2756128554382393,H,37.735373410789144,37.70679119600961,1.2993660765839148,8967.047913150904,1586.1533070264693,39137063673.93553,1320.5626478753873,7630071.450675387,4835.426656783584,320.0,False,hydrodynamic_candidate,False,CO2,1_M_earth,1000_F_earth
CO2_atmosphere_1_M_earth_1000_F_earth.csv,5000,0.2756128554382393,CH4,37.735373410789144,0.0,20.789857225342637,2241.761978287726,1.2891951976233495e-05,0.0,1320.5626478753873,7630071.450675387,4835.426656783584,320.0,True,Jeans,False,CO2,1_M_earth,1000_F_earth
CO2_atmosphere_1_M_earth_1000_F_earth.csv,5000,0.2756128554382393,H2O,37.735373410789144,0.0,23.388589378510467,2113.553462204561,1.011718475328664e-06,0.0,1320.5626478753873,7630071.450675387,4835.426656783584,320.0,True,Jeans,False,CO2,1_M_earth,1000_F_earth
CO2_atmosphere_1_M_earth_1000_F_earth.csv,5000,0.2756128554382393,O2,37.735373410789144,0.0,41.57971445068527,1585.1650966534212,1.666601501362205e-14,0.0,1320.5626478753873,7630071.450675387,4835.426656783584,320.0,True,Jeans,False,CO2,1_M_earth,1000_F_earth
CO2_atmosphere_1_M_earth_1000_F_earth.csv,5000,0.2756128554382393,N2O,37.735373410789144,0.0,57.17210736969226,1351.8333365936792,3.28474959418281e-21,0.0,1320.5626478753873,7630071.450675387,4835.426656783584,320.0,True,Jeans,False,CO2,1_M_earth,1000_F_earth
CO2_atmosphere_1_M_earth_1000_F_earth.csv,5000,0.2756128554382393,CO,37.735373410789144,0.0,36.38225014434961,1694.6127694712861,2.8282676429308085e-12,0.0,1320.5626478753873,7630071.450675387,4835.426656783584,320.0,True,Jeans,False,CO2,1_M_earth,1000_F_earth
CO2_atmosphere_1_M_earth_1000_F_earth.csv,5000,0.2756128554382393,S,37.735373410789144,1.4834155036097728e-15,41.57971445068527,1585.1650966534212,1.666601501362205e-14,4579255655.3874855,1320.5626478753873,7630071.450675387,4835.426656783584,320.0,True,Jeans,False,CO2,1_M_earth,1000_F_earth
CO2_atmosphere_1_M_earth_1000_F_earth.csv,5000,0.2756128554382393,NH3,37.735373410789144,0.0,22.089223301926552,2174.8285703467996,3.6141122074564637e-06,0.0,1320.5626478753873,7630071.450675387,4835.426656783584,320.0,True,Jeans,False,CO2,1_M_earth,1000_F_earth
CO2_atmosphere_1_M_earth_1000_F_earth.csv,5000,0.2756128554382393,N,37.735373410789144,8.296299697004364e-06,18.191125072174806,2396.5443615569243,0.00016322088857453212,5977154510.13316,1320.5626478753873,7630071.450675387,4835.426656783584,320.0,True,Jeans,False,CO2,1_M_earth,1000_F_earth
CO2_atmosphere_1_M_earth_1000_F_earth.csv,5000,0.2756128554382393,C,37.735373410789144,0.028120307561791118,15.592392919006976,2588.5637632469734,0.0020496171881990892,1882261199036.358,1320.5626478753873,7630071.450675387,4835.426656783584,320.0,True,Jeans,False,CO2,1_M_earth,1000_F_earth
CO2_atmosphere_1_M_earth_1000_F_earth.csv,6000,0.39666878102370257,S2,39.493904950037006,0.0,68.59851342284382,1227.5706723883375,3.8912191395781387e-26,0.0,1402.2137564826066,7711722.5592826065,5799.743705393346,321.0,True,Jeans,False,CO2,1_M_earth,1000_F_earth
CO2_atmosphere_1_M_earth_1000_F_earth.csv,6000,0.39666878102370257,H2S,39.493904950037006,0.0,36.44296025588579,1684.213067816305,2.649633062251396e-12,0.0,1402.2137564826066,7711722.5592826065,5799.743705393346,321.0,True,Jeans,False,CO2,1_M_earth,1000_F_earth
CO2_atmosphere_1_M_earth_1000_F_earth.csv,6000,0.39666878102370257,SO2,39.493904950037006,0.0,68.59851342284382,1227.5706723883375,3.8912191395781387e-26,0.0,1402.2137564826066,7711722.5592826065,5799.743705393346,321.0,True,Jeans,False,CO2,1_M_earth,1000_F_earth
CO2_atmosphere_1_M_earth_1000_F_earth.csv,6000,0.39666878102370257,O,39.493904950037006,0.0132123520076049,17.149628355710956,2455.141344776675,0.0004480746176583334,2970147725484.4263,1402.2137564826066,7711722.5592826065,5799.743705393346,321.0,True,Jeans,False,CO2,1_M_earth,1000_F_earth
CO2_atmosphere_1_M_earth_1000_F_earth.csv,6000,0.39666878102370257,NO2,39.493904950037006,0.0,49.305181522669,1447.9633700425509,7.939572143613133e-18,0.0,1402.2137564826066,7711722.5592826065,5799.743705393346,321.0,True,Jeans,False,CO2,1_M_earth,1000_F_earth
CO2_atmosphere_1_M_earth_1000_F_earth.csv,6000,0.39666878102370257,CO2,39.493904950037006,0.0,47.16147797820514,1480.505935984148,6.63033363951704e-17,0.0,1402.2137564826066,7711722.5592826065,5799.743705393346,321.0,True,Jeans,False,CO2,1_M_earth,1000_F_earth
CO2_atmosphere_1_M_earth_1000_F_earth.csv,6000,0.39666878102370257,N2,39.493904950037006,0.0,30.011849622494175,1855.912409083363,1.5014107815864479e-09,0.0,1402.2137564826066,7711722.5592826065,5799.743705393346,321.0,True,Jeans,False,CO2,1_M_earth,1000_F_earth
CO2_atmosphere_1_M_earth_1000_F_earth.csv,6000,0.39666878102370257,H2,39.493904950037006,0.0,2.1437035444638695,6944.188374652186,721.8708850697471,0.0,1402.2137564826066,7711722.5592826065,5799.743705393346,321.0,True,Jeans,False,CO2,1_M_earth,1000_F_earth
CO2_atmosphere_1_M_earth_1000_F_earth.csv,6000,0.39666878102370257,NO,39.493904950037006,0.0,32.15555316695804,1792.9817285303377,1.817807567251184e-10,0.0,1402.2137564826066,7711722.5592826065,5799.743705393346,321.0,True,Jeans,False,CO2,1_M_earth,1000_F_earth
CO2_atmosphere_1_M_earth_1000_F_earth.csv,6000,0.39666878102370257,OH,39.493904950037006,0.0,18.221480127942893,2381.8369624318157,0.00015761794242255832,0.0,1402.2137564826066,7711722.5592826065,5799.743705393346,321.0,True,Jeans,False,CO2,1_M_earth,1000_F_earth
CO2_atmosphere_1_M_earth_1000_F_earth.csv,6000,0.39666878102370257,H,39.493904950037006,39.149869446774716,1.0718517722319347,9820.5653791067,1965.1283919072744,32107584029.69781,1402.2137564826066,7711722.5592826065,5799.743705393346,321.0,False,hydrodynamic_candidate,False,CO2,1_M_earth,1000_F_earth
CO2_atmosphere_1_M_earth_1000_F_earth.csv,6000,0.39666878102370257,CH4,39.493904950037006,0.0,17.149628355710956,2455.141344776675,0.0004480746176583334,0.0,1402.2137564826066,7711722.5592826065,5799.743705393346,321.0,True,Jeans,False,CO2,1_M_earth,1000_F_earth
CO2_atmosphere_1_M_earth_1000_F_earth.csv,6000,0.39666878102370257,H2O,39.493904950037006,0.0,19.293331900174827,2314.7294582173954,5.536828647580504e-05,0.0,1402.2137564826066,7711722.5592826065,5799.743705393346,321.0,True,Jeans,False,CO2,1_M_earth,1000_F_earth
CO2_atmosphere_1_M_earth_1000_F_earth.csv,6000,0.39666878102370257,O2,39.493904950037006,0.0,34.29925671142191,1736.0470936630466,2.1965657499532452e-11,0.0,1402.2137564826066,7711722.5592826065,5799.743705393346,321.0,True,Jeans,False,CO2,1_M_earth,1000_F_earth
CO2_atmosphere_1_M_earth_1000_F_earth.csv,6000,0.39666878102370257,N2O,39.493904950037006,0.0,47.16147797820514,1480.505935984148,6.63033363951704e-17,0.0,1402.2137564826066,7711722.5592826065,5799.743705393346,321.0,True,Jeans,False,CO2,1_M_earth,1000_F_earth
CO2_atmosphere_1_M_earth_1000_F_earth.csv,6000,0.39666878102370257,CO,39.493904950037006,0.0,30.011849622494175,1855.912409083363,1.5014107815864479e-09,0.0,1402.2137564826066,7711722.5592826065,5799.743705393346,321.0,True,Jeans,False,CO2,1_M_earth,1000_F_earth
CO2_atmosphere_1_M_earth_1000_F_earth.csv,6000,0.39666878102370257,S,39.493904950037006,1.6384765318931912e-12,34.29925671142191,1736.0470936630466,2.1965657499532452e-11,3756767165.1039248,1402.2137564826066,7711722.5592826065,5799.743705393346,321.0,True,Jeans,False,CO2,1_M_earth,1000_F_earth
CO2_atmosphere_1_M_earth_1000_F_earth.csv,6000,0.39666878102370257,NH3,39.493904950037006,0.0,18.221480127942893,2381.8369624318157,0.00015761794242255832,0.0,1402.2137564826066,7711722.5592826065,5799.743705393346,321.0,True,Jeans,False,CO2,1_M_earth,1000_F_earth
CO2_atmosphere_1_M_earth_1000_F_earth.csv,6000,0.39666878102370257,N,39.493904950037006,0.00015350822133774266,15.005924811247088,2624.6564995022154,0.003603777524859068,4903586847.788916,1402.2137564826066,7711722.5592826065,5799.743705393346,321.0,True,Jeans,False,CO2,1_M_earth,1000_F_earth
CO2_atmosphere_1_M_earth_1000_F_earth.csv,6000,0.39666878102370257,C,39.493904950037006,0.33066964303170643,12.862221266783216,2834.9530326107865,0.028759547044644278,1544184819724.9395,1402.2137564826066,7711722.5592826065,5799.743705393346,321.0,True,Jeans,False,CO2,1_M_earth,1000_F_earth
CO2_atmosphere_1_M_earth_1000_F_earth.csv,7000,0.9927149419860868,S2,40.896892356473316,0.0,58.14365902848942,1326.0652563434396,1.2399320335918799e-21,0.0,1487.4808511009608,7796989.65390096,6767.769932227822,323.0,True,Jeans,False,CO2,1_M_earth,1000_F_earth
CO2_atmosphere_1_M_earth_1000_F_earth.csv,7000,0.9927149419860868,H2S,40.896892356473316,0.0,30.888818858885003,1819.3465221563056,6.296588959472706e-10,0.0,1487.4808511009608,7796989.65390096,6767.769932227822,323.0,True,Jeans,False,CO2,1_M_earth,1000_F_earth
CO2_atmosphere_1_M_earth_1000_F_earth.csv,7000,0.9927149419860868,SO2,40.896892356473316,0.0,58.14365902848942,1326.0652563434396,1.2399320335918799e-21,0.0,1487.4808511009608,7796989.65390096,6767.769932227822,323.0,True,Jeans,False,CO2,1_M_earth,1000_F_earth
CO2_atmosphere_1_M_earth_1000_F_earth.csv,7000,0.9927149419860868,O,40.896892356473316,0.1414458252601247,14.535914757122354,2652.1305126868792,0.005655346529606344,2464495602605.593,1487.4808511009608,7796989.65390096,6767.769932227822,323.0,True,Jeans,False,CO2,1_M_earth,1000_F_earth
CO2_atmosphere_1_M_earth_1000_F_earth.csv,7000,0.9927149419860868,NO2,40.896892356473316,0.0,41.79075492672677,1564.1412430745747,1.338217561457868e-14,0.0,1487.4808511009608,7796989.65390096,6767.769932227822,323.0,True,Jeans,False,CO2,1_M_earth,1000_F_earth
CO2_atmosphere_1_M_earth_1000_F_earth.csv,7000,0.9927149419860868,CO2,40.896892356473316,0.0,39.97376558208648,1599.294873751869,8.062016421402479e-14,0.0,1487.4808511009608,7796989.65390096,6767.769932227822,323.0,True,Jeans,False,CO2,1_M_earth,1000_F_earth
CO2_atmosphere_1_M_earth_1000_F_earth.csv,7000,0.9927149419860868,N2,40.896892356473316,0.0,25.437850824964116,2004.822223158776,1.3402284684312331e-07,0.0,1487.4808511009608,7796989.65390096,6767.769932227822,323.0,True,Jeans,False,CO2,1_M_earth,1000_F_earth
CO2_atmosphere_1_M_earth_1000_F_earth.csv,7000,0.9927149419860868,H2,40.896892356473316,0.0,1.8169893446402943,7501.357880450589,968.7499917052916,0.0,1487.4808511009608,7796989.65390096,6767.769932227822,323.0,True,Jeans,False,CO2,1_M_earth,1000_F_earth
CO2_atmosphere_1_M_earth_1000_F_earth.csv,7000,0.9927149419860868,NO,40.896892356473316,0.0,27.254840169604414,1936.84227632846,2.2488241070838153e-08,0.0,1487.4808511009608,7796989.65390096,6767.769932227822,323.0,True,Jeans,False,CO2,1_M_earth,1000_F_earth
CO2_atmosphere_1_M_earth_1000_F_earth.csv,7000,0.9927149419860868,OH,40.896892356473316,0.0,15.444409429442501,2572.9445262897702,0.0023411108648856735,0.0,1487.4808511009608,7796989.65390096,6767.769932227822,323.0,True,Jeans,False,CO2,1_M_earth,1000_F_earth
CO2_atmosphere_1_M_earth_1000_F_earth.csv,7000,0.9927149419860868,H,40.896892356473316,38.90695008491782,0.9084946723201471,10608.522050747517,2302.4312986959008,26641435701.17342,1487.4808511009608,7796989.65390096,6767.769932227822,323.0,False,hydrodynamic_candidate,False,CO2,1_M_earth,1000_F_earth
CO2_atmosphere_1_M_earth_1000_F_earth.csv,7000,0.9927149419860868,CH4,40.896892356473316,0.0,14.535914757122354,2652.1305126868792,0.005655346529606344,0.0,1487.4808511009608,7796989.65390096,6767.769932227822,323.0,True,Jeans,False,CO2,1_M_earth,1000_F_earth
CO2_atmosphere_1_M_earth_1000_F_earth.csv,7000,0.9927149419860868,H2O,40.896892356473316,0.0,16.352904101762647,2500.452626816863,0.0009678540040942149,0.0,1487.4808511009608,7796989.65390096,6767.769932227822,323.0,True,Jeans,False,CO2,1_M_earth,1000_F_earth
CO2_atmosphere_1_M_earth_1000_F_earth.csv,7000,0.9927149419860868,O2,40.896892356473316,0.0,29.07182951424471,1875.3394701126472,3.766167887198392e-09,0.0,1487.4808511009608,7796989.65390096,6767.769932227822,323.0,True,Jeans,False,CO2,1_M_earth,1000_F_earth
CO2_atmosphere_1_M_earth_1000_F_earth.csv,7000,0.9927149419860868,N2O,40.896892356473316,0.0,39.97376558208648,1599.294873751869,8.062016421402479e-14,0.0,1487.4808511009608,7796989.65390096,6767.769932227822,323.0,True,Jeans,False,CO2,1_M_earth,1000_F_earth
CO2_atmosphere_1_M_earth_1000_F_earth.csv,7000,0.9927149419860868,CO,40.896892356473316,0.0,25.437850824964116,2004.822223158776,1.3402284684312331e-07,0.0,1487.4808511009608,7796989.65390096,6767.769932227822,323.0,True,Jeans,False,CO2,1_M_earth,1000_F_earth
CO2_atmosphere_1_M_earth_1000_F_earth.csv,7000,0.9927149419860868,S,40.896892356473316,2.38285059760555e-10,29.07182951424471,1875.3394701126472,3.766167887198392e-09,3117197194.9313226,1487.4808511009608,7796989.65390096,6767.769932227822,323.0,True,Jeans,False,CO2,1_M_earth,1000_F_earth
CO2_atmosphere_1_M_earth_1000_F_earth.csv,7000,0.9927149419860868,NH3,40.896892356473316,0.0,15.444409429442501,2572.9445262897702,0.0023411108648856735,0.0,1487.4808511009608,7796989.65390096,6767.769932227822,323.0,True,Jeans,False,CO2,1_M_earth,1000_F_earth
CO2_atmosphere_1_M_earth_1000_F_earth.csv,7000,0.9927149419860868,N,40.896892356473316,0.0011869206697558052,12.718925412482058,2835.2467781381206,0.03285087230869342,4068776822.0011277,1487.4808511009608,7796989.65390096,6767.769932227822,323.0,True,Jeans,False,CO2,1_M_earth,1000_F_earth
CO2_atmosphere_1_M_earth_1000_F_earth.csv,7000,0.9927149419860868,C,40.896892356473316,1.8473095253873293,10.901936067841763,3062.4165308515803,0.1894201888078755,1281295426880.4019,1487.4808511009608,7796989.65390096,6767.769932227822,323.0,True,Jeans,False,CO2,1_M_earth,1000_F_earth
CO2_atmosphere_10_M_earth_1_F_earth.csv,200,1.2751244711138662e-05,S2,0.0008810291698222692,0.0,1198.3681644218289,227.90601322728494,0.0,0.0,9572.310284475088,128072910.28447509,199.90670543202992,546.0,True,Jeans,False,CO2,10_M_earth,1_F_earth
CO2_atmosphere_10_M_earth_1_F_earth.csv,200,1.2751244711138662e-05,H2S,0.0008810291698222692,0.0,636.6330873490965,312.68447051159416,1.8358423861035682e-272,0.0,9572.310284475088,128072910.28447509,199.90670543202992,546.0,True,Jeans,False,CO2,10_M_earth,1_F_earth
CO2_atmosphere_10_M_earth_1_F_earth.csv,200,1.2751244711138662e-05,SO2,0.0008810291698222692,0.0,1198.3681644218289,227.90601322728494,0.0,0.0,9572.310284475088,128072910.28447509,199.90670543202992,546.0,True,Jeans,False,CO2,10_M_earth,1_F_earth
CO2_atmosphere_10_M_earth_1_F_earth.csv,200,1.2751244711138662e-05,O,0.0008810291698222692,2.5160780142663555e-122,299.5920411054572,455.8120264545699,2.992182309038103e-126,3070948589992.6143,9572.310284475088,128072910.28447509,199.90670543202992,546.0,True,Jeans,False,CO2,10_M_earth,1_F_earth
CO2_atmosphere_10_M_earth_1_F_earth.csv,200,1.2751244711138662e-05,NO2,0.0008810291698222692,0.0,861.3271181781895,268.823267277558,0.0,0.0,9572.310284475088,128072910.28447509,199.90670543202992,546.0,True,Jeans,False,CO2,10_M_earth,1_F_earth
CO2_atmosphere_10_M_earth_1_F_earth.csv,200,1.2751244711138662e-05,CO2,0.0008810291698222692,0.0,823.8781130400073,274.86499394206504,0.0,0.0,9572.310284475088,128072910.28447509,199.90670543202992,546.0,True,Jeans,False,CO2,10_M_earth,1_F_earth
CO2_atmosphere_10_M_earth_1_F_earth.csv,200,1.2751244711138662e-05,N2,0.0008810291698222692,0.0,524.2860719345501,344.5615047403389,1.0315961888594796e-223,0.0,9572.310284475088,128072910.28447509,199.90670543202992,546.0,True,Jeans,False,CO2,10_M_earth,1_F_earth
CO2_atmosphere_10_M_earth_1_F_earth.csv,200,1.2751244711138662e-05,H2,0.0008810291698222692,0.0,37.44900513818215,1289.2310994096333,7.615784804536687e-13,0.0,9572.310284475088,128072910.28447509,199.90670543202992,546.0,True,Jeans,False,CO2,10_M_earth,1_F_earth
CO2_atmosphere_10_M_earth_1_F_earth.csv,200,1.2751244711138662e-05,NO,0.0008810291698222692,0.0,561.7350770727322,332.87803849507924,5.814868990018172e-240,0.0,9572.310284475088,128072910.28447509,199.90670543202992,546.0,True,Jeans,False,CO2,10_M_earth,1_F_earth
CO2_atmosphere_10_M_earth_1_F_earth.csv,200,1.2751244711138662e-05,OH,0.0008810291698222692,0.0,318.31654367454826,442.20261894094654,2.2757229105403336e-134,0.0,9572.310284475088,128072910.28447509,199.90670543202992,546.0,True,Jeans,False,CO2,10_M_earth,1_F_earth
CO2_atmosphere_10_M_earth_1_F_earth.csv,200,1.2751244711138662e-05,H,0.0008810291698222692,0.0008810291698222692,18.724502569091076,1823.2481058182796,7.486843525002367e-05,68761922088.797,9572.310284475088,128072910.28447509,199.90670543202992,546.0,True,Jeans,False,CO2,10_M_earth,1_F_earth
CO2_atmosphere_10_M_earth_1_F_earth.csv,200,1.2751244711138662e-05,CH4,0.0008810291698222692,0.0,299.5920411054572,455.8120264545699,2.992182309038103e-126,0.0,9572.310284475088,128072910.28447509,199.90670543202992,546.0,True,Jeans,False,CO2,10_M_earth,1_F_earth
CO2_atmosphere_10_M_earth_1_F_earth.csv,200,1.2751244711138662e-05,H2O,0.0008810291698222692,0.0,337.0410462436393,429.7436998032111,1.727855680634779e-142,0.0,9572.310284475088,128072910.28447509,199.90670543202992,546.0,True,Jeans,False,CO2,10_M_earth,1_F_earth
CO2_atmosphere_10_M_earth_1_F_earth.csv,200,1.2751244711138662e-05,O2,0.0008810291698222692,0.0,599.1840822109144,322.30777485240833,3.270467023923436e-256,0.0,9572.310284475088,128072910.28447509,199.90670543202992,546.0,True,Jeans,False,CO2,10_M_earth,1_F_earth
CO2_atmosphere_10_M_earth_1_F_earth.csv,200,1.2751244711138662e-05,N2O,0.0008810291698222692,0.0,823.8781130400073,274.86499394206504,0.0,0.0,9572.310284475088,128072910.28447509,199.90670543202992,546.0,True,Jeans,False,CO2,10_M_earth,1_F_earth
CO2_atmosphere_10_M_earth_1_F_earth.csv,200,1.2751244711138662e-05,CO,0.0008810291698222692,0.0,524.2860719345501,344.5615047403389,1.0315961888594796e-223,0.0,9572.310284475088,128072910.28447509,199.90670543202992,546.0,True,Jeans,False,CO2,10_M_earth,1_F_earth
CO2_atmosphere_10_M_earth_1_F_earth.csv,200,1.2751244711138662e-05,S,0.0008810291698222692,2.2513326806193578e-255,599.1840822109144,322.30777485240833,3.270467023923436e-256,1257003247.2942553,9572.310284475088,128072910.28447509,199.90670543202992,546.0,True,Jeans,False,CO2,10_M_earth,1_F_earth
CO2_atmosphere_10_M_earth_1_F_earth.csv,200,1.2751244711138662e-05,NH3,0.0008810291698222692,0.0,318.31654367454826,442.20261894094654,2.2757229105403336e-134,0.0,9572.310284475088,128072910.28447509,199.90670543202992,546.0,True,Jeans,False,CO2,10_M_earth,1_F_earth
CO2_atmosphere_10_M_earth_1_F_earth.csv,200,1.2751244711138662e-05,N,0.0008810291698222692,2.556026693243961e-109,262.14303596727507,487.2835530754687,5.141557679633067e-110,2074909283.6973884,9572.310284475088,128072910.28447509,199.90670543202992,546.0,True,Jeans,False,CO2,10_M_earth,1_F_earth
CO2_atmosphere_10_M_earth_1_F_earth.csv,200,1.2751244711138662e-05,C,0.0008810291698222692,2.887978539670645e-90,224.6940308290929,526.3263923468295,8.745659875056858e-94,1607965065688.2507,9572.310284475088,128072910.28447509,199.90670543202992,546.0,True,Jeans,False,CO2,10_M_earth,1_F_earth
CO2_atmosphere_10_M_earth_1_F_earth.csv,300,0.003796375847516082,S2,0.26230520525958373,0.0,795.7643651709229,279.0604804042525,0.0,0.0,10139.967498137043,128640567.49813704,299.71775353588043,547.0,True,Jeans,False,CO2,10_M_earth,1_F_earth
CO2_atmosphere_10_M_earth_1_F_earth.csv,300,0.003796375847516082,H2S,0.26230520525958373,0.0,422.74981899705284,382.8678204681449,1.1551538866445452e-179,0.0,10139.967498137043,128640567.49813704,299.71775353588043,547.0,True,Jeans,False,CO2,10_M_earth,1_F_earth
CO2_atmosphere_10_M_earth_1_F_earth.csv,300,0.003796375847516082,SO2,0.26230520525958373,0.0,795.7643651709229,279.0604804042525,0.0,0.0,10139.967498137043,128640567.49813704,299.71775353588043,547.0,True,Jeans,False,CO2,10_M_earth,1_F_earth
CO2_atmosphere_10_M_earth_1_F_earth.csv,300,0.003796375847516082,O,0.26230520525958373,6.988991193661698e-79,198.94109129273073,558.120960808505,1.2560510391080986e-82,2014198936998.4082,10139.967498137043,128640567.49813704,299.71775353588043,547.0,True,Jeans,False,CO2,10_M_earth,1_F_earth
CO2_atmosphere_10_M_earth_1_F_earth.csv,300,0.003796375847516082,NO2,0.26230520525958373,0.0,571.9556374666009,329.1617849306266,2.1318086909157433e-244,0.0,10139.967498137043,128640567.49813704,299.71775353588043,547.0,True,Jeans,False,CO2,10_M_earth,1_F_earth
CO2_atmosphere_10_M_earth_1_F_earth.csv,300,0.003796375847516082,CO2,0.26230520525958373,0.0,547.0880010550096,336.55960266081127,1.315247167091345e-233,0.0,10139.967498137043,128640567.49813704,299.71775353588043,547.0,True,Jeans,False,CO2,10_M_earth,1_F_earth
CO2_atmosphere_10_M_earth_1_F_earth.csv,300,0.003796375847516082,N2,0.26230520525958373,0.0,348.1469097622788,421.89978965478025,2.632272083821839e-147,0.0,10139.967498137043,128640567.49813704,299.71775353588043,547.0,True,Jeans,False,CO2,10_M_earth,1_F_earth
CO2_atmosphere_10_M_earth_1_F_earth.csv,300,0.003796375847516082,H2,0.26230520525958373,0.0,24.86763641159134,1578.6044644401807,1.8261980350293294e-07,0.0,10139.967498137043,128640567.49813704,299.71775353588043,547.0,True,Jeans,False,CO2,10_M_earth,1_F_earth
CO2_atmosphere_10_M_earth_1_F_earth.csv,300,0.003796375847516082,NO,0.26230520525958373,0.0,373.01454617387014,407.5939200683666,4.318691533857751e-158,0.0,10139.967498137043,128640567.49813704,299.71775353588043,547.0,True,Jeans,False,CO2,10_M_earth,1_F_earth
CO2_atmosphere_10_M_earth_1_F_earth.csv,300,0.003796375847516082,OH,0.26230520525958373,0.0,211.37490949852642,541.4568643022778,5.153536195453091e-88,0.0,10139.967498137043,128640567.49813704,299.71775353588043,547.0,True,Jeans,False,CO2,10_M_earth,1_F_earth
CO2_atmosphere_10_M_earth_1_F_earth.csv,300,0.003796375847516082,H,0.26230520525958373,0.26230520525958373,12.43381820579567,2232.48384323402,0.033685595060812645,45100133173.36431,10139.967498137043,128640567.49813704,299.71775353588043,547.0,True,Jeans,False,CO2,10_M_earth,1_F_earth
CO2_atmosphere_10_M_earth_1_F_earth.csv,300,0.003796375847516082,CH4,0.26230520525958373,0.0,198.94109129273073,558.120960808505,1.2560510391080986e-82,0.0,10139.967498137043,128640567.49813704,299.71775353588043,547.0,True,Jeans,False,CO2,10_M_earth,1_F_earth
CO2_atmosphere_10_M_earth_1_F_earth.csv,300,0.003796375847516082,H2O,0.26230520525958373,0.0,223.80872770432208,526.2014881467269,2.1108864102514322e-93,0.0,10139.967498137043,128640567.49813704,299.71775353588043,547.0,True,Jeans,False,CO2,10_M_earth,1_F_earth
CO2_atmosphere_10_M_earth_1_F_earth.csv,300,0.003796375847516082,O2,0.26230520525958373,0.0,397.88218258546146,394.65111611004517,7.069955762691912e-169,0.0,10139.967498137043,128640567.49813704,299.71775353588043,547.0,True,Jeans,False,CO2,10_M_earth,1_F_earth
CO2_atmosphere_10_M_earth_1_F_earth.csv,300,0.003796375847516082,N2O,0.26230520525958373,0.0,547.0880010550096,336.55960266081127,1.315247167091345e-233,0.0,10139.967498137043,128640567.49813704,299.71775353588043,547.0,True,Jeans,False,CO2,10_M_earth,1_F_earth
CO2_atmosphere_10_M_earth_1_F_earth.csv,300,0.003796375847516082,CO,0.26230520525958373,0.0,348.1469097622788,421.89978965478025,2.632272083821839e-147,0.0,10139.967498137043,128640567.49813704,299.71775353588043,547.0,True,Jeans,False,CO2,10_M_earth,1_F_earth
CO2_atmosphere_10_M_earth_1_F_earth.csv,300,0.003796375847516082,S,0.26230520525958373,3.220458831163904e-168,397.88218258546146,394.65111611004517,7.069955762691912e-169,824453594.8124499,10139.967498137043,128640567.49813704,299.71775353588043,547.0,True,Jeans,False,CO2,10_M_earth,1_F_earth
CO2_atmosphere_10_M_earth_1_F_earth.csv,300,0.003796375847516082,NH3,0.26230520525958373,0.0,211.37490949852642,541.4568643022778,5.153536195453091e-88,0.0,10139.967498137043,128640567.49813704,299.71775353588043,547.0,True,Jeans,False,CO2,10_M_earth,1_F_earth
CO2_atmosphere_10_M_earth_1_F_earth.csv,300,0.003796375847516082,N,0.26230520525958373,2.4397234638771166e-71,174.0734548811394,596.6564044921463,7.416496158577799e-72,1360908511.2041748,10139.967498137043,128640567.49813704,299.71775353588043,547.0,True,Jeans,False,CO2,10_M_earth,1_F_earth
CO2_atmosphere_10_M_earth_1_F_earth.csv,300,0.003796375847516082,C,0.26230520525958373,9.47301944919411e-58,149.20581846954806,644.4625739263258,4.335267464115752e-61,1054645309463.6921,10139.967498137043,128640567.49813704,299.71775353588043,547.0,True,Jeans,False,CO2,10_M_earth,1_F_earth
CO2_atmosphere_10_M_earth_1_F_earth.csv,500,0.28314627446025264,S2,19.563590282921368,0.0,473.45097917405866,360.1992494746632,1.1640764729838334e-201,0.0,11276.624976879373,129777224.97687937,499.3457994036376,548.0,True,Jeans,False,CO2,10_M_earth,1_F_earth
CO2_atmosphere_10_M_earth_1_F_earth.csv,500,0.28314627446025264,H2S,19.563590282921368,0.0,251.52083268621868,494.18929323438647,2.053411043759372e-105,0.0,11276.624976879373,129777224.97687937,499.3457994036376,548.0,True,Jeans,False,CO2,10_M_earth,1_F_earth
CO2_atmosphere_10_M_earth_1_F_earth.csv,500,0.28314627446025264,SO2,19.563590282921368,0.0,473.45097917405866,360.1992494746632,1.1640764729838334e-201,0.0,11276.624976879373,129777224.97687937,499.3457994036376,548.0,True,Jeans,False,CO2,10_M_earth,1_F_earth
CO2_atmosphere_10_M_earth_1_F_earth.csv,500,0.28314627446025264,O,19.563590282921368,3.1961268465541203e-44,118.36274479351466,720.3984989493264,9.562021976282272e-48,1188853535544.5764,11276.624976879373,129777224.97687937,499.3457994036376,548.0,True,Jeans,False,CO2,10_M_earth,1_F_earth
CO2_atmosphere_10_M_earth_1_F_earth.csv,500,0.28314627446025264,NO2,19.563590282921368,0.0,340.2928912813547,424.86785558456114,6.675000012645482e-144,0.0,11276.624976879373,129777224.97687937,499.3457994036376,548.0,True,Jeans,False,CO2,10_M_earth,1_F_earth
CO2_atmosphere_10_M_earth_1_F_earth.csv,500,0.28314627446025264,CO2,19.563590282921368,0.0,325.49754818216536,434.4166401000281,1.739371685369736e-137,0.0,11276.624976879373,129777224.97687937,499.3457994036376,548.0,True,Jeans,False,CO2,10_M_earth,1_F_earth
CO2_atmosphere_10_M_earth_1_F_earth.csv,500,0.28314627446025264,N2,19.563590282921368,0.0,207.13480338865068,544.570078024041,3.5260740470175695e-86,0.0,11276.624976879373,129777224.97687937,499.3457994036376,548.0,True,Jeans,False,CO2,10_M_earth,1_F_earth
CO2_atmosphere_10_M_earth_1_F_earth.csv,500,0.28314627446025264,H2,19.563590282921368,0.0,14.795343099189333,2037.5946550547144,0.0034080507927891366,0.0,11276.624976879373,129777224.97687937,499.3457994036376,548.0,True,Jeans,False,CO2,10_M_earth,1_F_earth
CO2_atmosphere_10_M_earth_1_F_earth.csv,500,0.28314627446025264,NO,19.563590282921368,0.0,221.93014648784,526.104677689877,1.3696135531017838e-92,0.0,11276.624976879373,129777224.97687937,499.3457994036376,548.0,True,Jeans,False,CO2,10_M_earth,1_F_earth
CO2_atmosphere_10_M_earth_1_F_earth.csv,500,0.28314627446025264,OH,19.563590282921368,0.0,125.76041634310934,698.8892008716438,6.035763232099029e-51,0.0,11276.624976879373,129777224.97687937,499.3457994036376,548.0,True,Jeans,False,CO2,10_M_earth,1_F_earth
CO2_atmosphere_10_M_earth_1_F_earth.csv,500,0.28314627446025264,H,19.563590282921368,19.563590282921368,7.3976715495946666,2881.5939957973055,4.182334939944063,26619740380.05749,11276.624976879373,129777224.97687937,499.3457994036376,548.0,True,Jeans,False,CO2,10_M_earth,1_F_earth
CO2_atmosphere_10_M_earth_1_F_earth.csv,500,0.28314627446025264,CH4,19.563590282921368,0.0,118.36274479351466,720.3984989493264,9.562021976282272e-48,0.0,11276.624976879373,129777224.97687937,499.3457994036376,548.0,True,Jeans,False,CO2,10_M_earth,1_F_earth
CO2_atmosphere_10_M_earth_1_F_earth.csv,500,0.28314627446025264,H2O,19.563590282921368,0.0,133.158087892704,679.1982183515715,3.803519728215371e-54,0.0,11276.624976879373,129777224.97687937,499.3457994036376,548.0,True,Jeans,False,CO2,10_M_earth,1_F_earth
CO2_atmosphere_10_M_earth_1_F_earth.csv,500,0.28314627446025264,O2,19.563590282921368,0.0,236.72548958702933,509.3986637636786,5.308291532403057e-99,0.0,11276.624976879373,129777224.97687937,499.3457994036376,548.0,True,Jeans,False,CO2,10_M_earth,1_F_earth
CO2_atmosphere_10_M_earth_1_F_earth.csv,500,0.28314627446025264,N2O,19.563590282921368,0.0,325.49754818216536,434.4166401000281,1.739371685369736e-137,0.0,11276.624976879373,129777224.97687937,499.3457994036376,548.0,True,Jeans,False,CO2,10_M_earth,1_F_earth
CO2_atmosphere_10_M_earth_1_F_earth.csv,500,0.28314627446025264,CO,19.563590282921368,0.0,207.13480338865068,544.570078024041,3.5260740470175695e-86,0.0,11276.624976879373,129777224.97687937,499.3457994036376,548.0,True,Jeans,False,CO2,10_M_earth,1_F_earth
CO2_atmosphere_10_M_earth_1_F_earth.csv,500,0.28314627446025264,S,19.563590282921368,1.4525225559059327e-98,236.72548958702933,509.3986637636786,5.308291532403057e-99,486622524.260617,11276.624976879373,129777224.97687937,499.3457994036376,548.0,True,Jeans,False,CO2,10_M_earth,1_F_earth
CO2_atmosphere_10_M_earth_1_F_earth.csv,500,0.28314627446025264,NH3,19.563590282921368,0.0,125.76041634310934,698.8892008716438,6.035763232099029e-51,0.0,11276.624976879373,129777224.97687937,499.3457994036376,548.0,True,Jeans,False,CO2,10_M_earth,1_F_earth
CO2_atmosphere_10_M_earth_1_F_earth.csv,500,0.28314627446025264,N,19.563590282921368,4.714308369431838e-41,103.56740169432534,770.1383900041733,2.385663008515241e-41,803257744.4951097,11276.624976879373,129777224.97687937,499.3457994036376,548.0,True,Jeans,False,CO2,10_M_earth,1_F_earth
CO2_atmosphere_10_M_earth_1_F_earth.csv,500,0.28314627446025264,C,19.563590282921368,7.735757031407296e-32,88.772058595136,831.8445345843919,5.893363441912259e-35,622490053921.8214,11276.624976879373,129777224.97687937,499.3457994036376,548.0,True,Jeans,False,CO2,10_M_earth,1_F_earth
CO2_atmosphere_10_M_earth_1_F_earth.csv,1000,4.864127359834203,S2,336.0799817448921,0.0,231.6805543943369,509.3361956965354,8.064424127752694e-97,0.0,14135.103595685125,132635703.59568512,998.4466727285944,550.0,True,Jeans,False,CO2,10_M_earth,1_F_earth
CO2_atmosphere_10_M_earth_1_F_earth.csv,1000,4.864127359834203,H2S,336.0799817448921,0.0,123.08029452199148,698.8034953905906,8.617081695728468e-50,0.0,14135.103595685125,132635703.59568512,998.4466727285944,550.0,True,Jeans,False,CO2,10_M_earth,1_F_earth
CO2_atmosphere_10_M_earth_1_F_earth.csv,1000,4.864127359834203,SO2,336.0799817448921,0.0,231.6805543943369,509.3361956965354,8.064424127752694e-97,0.0,14135.103595685125,132635703.59568512,998.4466727285944,550.0,True,Jeans,False,CO2,10_M_earth,1_F_earth
CO2_atmosphere_10_M_earth_1_F_earth.csv,1000,4.864127359834203,O,336.0799817448921,2.0035553579426886e-18,57.920138598584224,1018.6723913930708,1.1865793311494397e-21,574956154434.3198,14135.103595685125,132635703.59568512,998.4466727285944,550.0,True,Jeans,False,CO2,10_M_earth,1_F_earth
CO2_atmosphere_10_M_earth_1_F_earth.csv,1000,4.864127359834203,NO2,336.0799817448921,0.0,166.52039847092965,600.7802002719254,1.3623484326123324e-68,0.0,14135.103595685125,132635703.59568512,998.4466727285944,550.0,True,Jeans,False,CO2,10_M_earth,1_F_earth
CO2_atmosphere_10_M_earth_1_F_earth.csv,1000,4.864127359834203,CO2,336.0799817448921,0.0,159.28038114610663,614.2825648263413,1.858031259223614e-65,0.0,14135.103595685125,132635703.59568512,998.4466727285944,550.0,True,Jeans,False,CO2,10_M_earth,1_F_earth
CO2_atmosphere_10_M_earth_1_F_earth.csv,1000,4.864127359834203,N2,336.0799817448921,0.0,101.3602425475224,770.0439471638625,2.1225008019905727e-40,0.0,14135.103595685125,132635703.59568512,998.4466727285944,550.0,True,Jeans,False,CO2,10_M_earth,1_F_earth
CO2_atmosphere_10_M_earth_1_F_earth.csv,1000,4.864127359834203,H2,336.0799817448921,0.0,7.240017324823028,2881.240623046229,4.804001663079251,0.0,14135.103595685125,132635703.59568512,998.4466727285944,550.0,True,Jeans,False,CO2,10_M_earth,1_F_earth
CO2_atmosphere_10_M_earth_1_F_earth.csv,1000,4.864127359834203,NO,336.0799817448921,0.0,108.60025987234542,743.933129964955,1.5748781437509016e-43,0.0,14135.103595685125,132635703.59568512,998.4466727285944,550.0,True,Jeans,False,CO2,10_M_earth,1_F_earth
CO2_atmosphere_10_M_earth_1_F_earth.csv,1000,4.864127359834203,OH,336.0799817448921,0.0,61.54014726099574,988.2573806150978,3.272484988402631e-23,0.0,14135.103595685125,132635703.59568512,998.4466727285944,550.0,True,Jeans,False,CO2,10_M_earth,1_F_earth
CO2_atmosphere_10_M_earth_1_F_earth.csv,1000,4.864127359834203,H,336.0799817448921,336.0799817448908,3.620008662411514,4074.6895655722833,142.22717976918656,12873901707.283913,14135.103595685125,132635703.59568512,998.4466727285944,550.0,True,Jeans,False,CO2,10_M_earth,1_F_earth
CO2_atmosphere_10_M_earth_1_F_earth.csv,1000,4.864127359834203,CH4,336.0799817448921,0.0,57.920138598584224,1018.6723913930708,1.1865793311494397e-21,0.0,14135.103595685125,132635703.59568512,998.4466727285944,550.0,True,Jeans,False,CO2,10_M_earth,1_F_earth
CO2_atmosphere_10_M_earth_1_F_earth.csv,1000,4.864127359834203,H2O,336.0799817448921,0.0,65.16015592340725,960.4135410154096,9.010599882446941e-25,0.0,14135.103595685125,132635703.59568512,998.4466727285944,550.0,True,Jeans,False,CO2,10_M_earth,1_F_earth
CO2_atmosphere_10_M_earth_1_F_earth.csv,1000,4.864127359834203,O2,336.0799817448921,0.0,115.84027719716845,720.3101557615572,1.1660415223000844e-46,0.0,14135.103595685125,132635703.59568512,998.4466727285944,550.0,True,Jeans,False,CO2,10_M_earth,1_F_earth
CO2_atmosphere_10_M_earth_1_F_earth.csv,1000,4.864127359834203,N2O,336.0799817448921,0.0,159.28038114610663,614.2825648263413,1.858031259223614e-65,0.0,14135.103595685125,132635703.59568512,998.4466727285944,550.0,True,Jeans,False,CO2,10_M_earth,1_F_earth
CO2_atmosphere_10_M_earth_1_F_earth.csv,1000,4.864127359834203,CO,336.0799817448921,0.0,101.3602425475224,770.0439471638625,2.1225008019905727e-40,0.0,14135.103595685125,132635703.59568512,998.4466727285944,550.0,True,Jeans,False,CO2,10_M_earth,1_F_earth
CO2_atmosphere_10_M_earth_1_F_earth.csv,1000,4.864127359834203,S,336.0799817448921,1.6118047534617678e-46,115.84027719716845,720.3101557615572,1.1660415223000844e-46,235341534.3815624,14135.103595685125,132635703.59568512,998.4466727285944,550.0,True,Jeans,False,CO2,10_M_earth,1_F_earth
CO2_atmosphere_10_M_earth_1_F_earth.csv,1000,4.864127359834203,NH3,336.0799817448921,0.0,61.54014726099574,988.2573806150978,3.272484988402631e-23,0.0,14135.103595685125,132635703.59568512,998.4466727285944,550.0,True,Jeans,False,CO2,10_M_earth,1_F_earth
CO2_atmosphere_10_M_earth_1_F_earth.csv,1000,4.864127359834203,N,336.0799817448921,1.5484289344683975e-18,50.6801212737612,1089.0065937024453,1.5511439027018182e-18,388473407.35117584,14135.103595685125,132635703.59568512,998.4466727285944,550.0,True,Jeans,False,CO2,10_M_earth,1_F_earth
CO2_atmosphere_10_M_earth_1_F_earth.csv,1000,4.864127359834203,C,336.0799817448921,1.3318229476408435e-12,43.440103948938166,1176.2615587736584,2.008522031710482e-15,301050109938.5284,14135.103595685125,132635703.59568512,998.4466727285944,550.0,True,Jeans,False,CO2,10_M_earth,1_F_earth
CO2_atmosphere_10_M_earth_1_F_earth.csv,2000,13.449221117043411,S2,929.1844877733145,0.0,110.97108399727313,720.2973286252378,1.4550681143831197e-44,0.0,19959.82905684051,138460429.0568405,1996.8222255517303,555.0,True,Jeans,False,CO2,10_M_earth,1_F_earth
CO2_atmosphere_10_M_earth_1_F_earth.csv,2000,13.449221117043411,H2S,929.1844877733145,0.0,58.95338837355135,988.2397819292561,4.1681167340335472e-22,0.0,19959.82905684051,138460429.0568405,1996.8222255517303,555.0,True,Jeans,False,CO2,10_M_earth,1_F_earth
CO2_atmosphere_10_M_earth_1_F_earth.csv,2000,13.449221117043411,SO2,929.1844877733145,0.0,110.97108399727313,720.2973286252378,1.4550681143831197e-44,0.0,19959.82905684051,138460429.0568405,1996.8222255517303,555.0,True,Jeans,False,CO2,10_M_earth,1_F_earth
CO2_atmosphere_10_M_earth_1_F_earth.csv,2000,13.449221117043411,O,929.1844877733145,8.837476171414898e-06,27.74277099931828,1440.5946572504756,1.0445594076374121e-08,264359435480.9604,19959.82905684051,138460429.0568405,1996.8222255517303,555.0,True,Jeans,False,CO2,10_M_earth,1_F_earth
CO2_atmosphere_10_M_earth_1_F_earth.csv,2000,13.449221117043411,NO2,929.1844877733145,0.0,79.76046662304006,849.6163771652148,4.43901113476171e-31,0.0,19959.82905684051,138460429.0568405,1996.8222255517303,555.0,True,Jeans,False,CO2,10_M_earth,1_F_earth
CO2_atmosphere_10_M_earth_1_F_earth.csv,2000,13.449221117043411,CO2,929.1844877733145,0.0,76.29262024812527,868.7112641982669,1.3929789942630196e-29,0.0,19959.82905684051,138460429.0568405,1996.8222255517303,555.0,True,Jeans,False,CO2,10_M_earth,1_F_earth
CO2_atmosphere_10_M_earth_1_F_earth.csv,2000,13.449221117043411,N2,929.1844877733145,0.0,48.54984924880699,1088.9872008951686,1.2517815752015571e-17,0.0,19959.82905684051,138460429.0568405,1996.8222255517303,555.0,True,Jeans,False,CO2,10_M_earth,1_F_earth
CO2_atmosphere_10_M_earth_1_F_earth.csv,2000,13.449221117043411,H2,929.1844877733145,0.0,3.467846374914785,4074.617004331686,160.1450606241752,0.0,19959.82905684051,138460429.0568405,1996.8222255517303,555.0,True,Jeans,False,CO2,10_M_earth,1_F_earth
CO2_atmosphere_10_M_earth_1_F_earth.csv,2000,13.449221117043411,NO,929.1844877733145,0.0,52.01769562372177,1052.061586663345,4.035142799231378e-19,0.0,19959.82905684051,138460429.0568405,1996.8222255517303,555.0,True,Jeans,False,CO2,10_M_earth,1_F_earth
CO2_atmosphere_10_M_earth_1_F_earth.csv,2000,13.449221117043411,OH,929.1844877733145,0.0,29.476694186775674,1397.5821024809838,1.897468721371536e-09,0.0,19959.82905684051,138460429.0568405,1996.8222255517303,555.0,True,Jeans,False,CO2,10_M_earth,1_F_earth
CO2_atmosphere_10_M_earth_1_F_earth.csv,2000,13.449221117043411,H,929.1844877733145,929.1813522318723,1.7339231874573926,5762.3786290019025,784.7835572682859,5919298996.152807,19959.82905684051,138460429.0568405,1996.8222255517303,555.0,True,Jeans,False,CO2,10_M_earth,1_F_earth
CO2_atmosphere_10_M_earth_1_F_earth.csv,2000,13.449221117043411,CH4,929.1844877733145,0.0,27.74277099931828,1440.5946572504756,1.0445594076374121e-08,0.0,19959.82905684051,138460429.0568405,1996.8222255517303,555.0,True,Jeans,False,CO2,10_M_earth,1_F_earth
CO2_atmosphere_10_M_earth_1_F_earth.csv,2000,13.449221117043411,H2O,929.1844877733145,0.0,31.210617374233063,1358.205668110562,3.4416028528600665e-10,0.0,19959.82905684051,138460429.0568405,1996.8222255517303,555.0,True,Jeans,False,CO2,10_M_earth,1_F_earth
CO2_atmosphere_10_M_earth_1_F_earth.csv,2000,13.449221117043411,O2,929.1844877733145,0.0,55.48554199863656,1018.6542510829215,1.2980590662177533e-20,0.0,19959.82905684051,138460429.0568405,1996.8222255517303,555.0,True,Jeans,False,CO2,10_M_earth,1_F_earth
CO2_atmosphere_10_M_earth_1_F_earth.csv,2000,13.449221117043411,N2O,929.1844877733145,0.0,76.29262024812527,868.7112641982669,1.3929789942630196e-29,0.0,19959.82905684051,138460429.0568405,1996.8222255517303,555.0,True,Jeans,False,CO2,10_M_earth,1_F_earth
CO2_atmosphere_10_M_earth_1_F_earth.csv,2000,13.449221117043411,CO,929.1844877733145,0.0,48.54984924880699,1088.9872008951686,1.2517815752015571e-17,0.0,19959.82905684051,138460429.0568405,1996.8222255517303,555.0,True,Jeans,False,CO2,10_M_earth,1_F_earth
CO2_atmosphere_10_M_earth_1_F_earth.csv,2000,13.449221117043411,S,929.1844877733145,8.990491091325639e-21,55.48554199863656,1018.6542510829215,1.2980590662177533e-20,108207825.40460652,19959.82905684051,138460429.0568405,1996.8222255517303,555.0,True,Jeans,False,CO2,10_M_earth,1_F_earth
CO2_atmosphere_10_M_earth_1_F_earth.csv,2000,13.449221117043411,NH3,929.1844877733145,0.0,29.476694186775674,1397.5821024809838,1.897468721371536e-09,0.0,19959.82905684051,138460429.0568405,1996.8222255517303,555.0,True,Jeans,False,CO2,10_M_earth,1_F_earth
CO2_atmosphere_10_M_earth_1_F_earth.csv,2000,13.449221117043411,N,929.1844877733145,1.5750220170737068e-07,24.274924624403496,1540.0604687566617,3.148885705016563e-07,178616421.22565287,19959.82905684051,138460429.0568405,1996.8222255517303,555.0,True,Jeans,False,CO2,10_M_earth,1_F_earth
CO2_atmosphere_10_M_earth_1_F_earth.csv,2000,13.449221117043411,C,929.1844877733145,0.003126546463847127,20.807078249488708,1663.4554263133978,9.410321251671847e-06,138420010814.79312,19959.82905684051,138460429.0568405,1996.8222255517303,555.0,True,Jeans,False,CO2,10_M_earth,1_F_earth
CO2_atmosphere_10_M_earth_1_F_earth.csv,3000,16.93798783384508,S2,1097.3593619908997,0.0,70.92394179578183,882.205241576678,2.8246303809381257e-27,0.0,25919.279180723875,144419879.18072388,2995.4016265951623,560.0,True,Jeans,False,CO2,10_M_earth,1_F_earth
CO2_atmosphere_10_M_earth_1_F_earth.csv,3000,16.93798783384508,H2S,1097.3593619908997,0.0,37.6783440790091,1210.3756058856438,5.718553414391868e-13,0.0,25919.279180723875,144419879.18072388,2995.4016265951623,560.0,True,Jeans,False,CO2,10_M_earth,1_F_earth
CO2_atmosphere_10_M_earth_1_F_earth.csv,3000,16.93798783384508,SO2,1097.3593619908997,0.0,70.92394179578183,882.205241576678,2.8246303809381257e-27,0.0,25919.279180723875,144419879.18072388,2995.4016265951623,560.0,True,Jeans,False,CO2,10_M_earth,1_F_earth
CO2_atmosphere_10_M_earth_1_F_earth.csv,3000,16.93798783384508,O,1097.3593619908997,0.10484382612016481,17.730985448945457,1764.410483153356,0.0001858173168691727,162051767781.36615,25919.279180723875,144419879.18072388,2995.4016265951623,560.0,True,Jeans,False,CO2,10_M_earth,1_F_earth
CO2_atmosphere_10_M_earth_1_F_earth.csv,3000,16.93798783384508,NO2,1097.3593619908997,0.0,50.97658316571819,1040.592532385352,1.1082423043807426e-18,0.0,25919.279180723875,144419879.18072388,2995.4016265951623,560.0,True,Jeans,False,CO2,10_M_earth,1_F_earth
CO2_atmosphere_10_M_earth_1_F_earth.csv,3000,16.93798783384508,CO2,1097.3593619908997,0.0,48.76020998460001,1063.9795543253397,9.952230411753719e-18,0.0,25919.279180723875,144419879.18072388,2995.4016265951623,560.0,True,Jeans,False,CO2,10_M_earth,1_F_earth
CO2_atmosphere_10_M_earth_1_F_earth.csv,3000,16.93798783384508,N2,1097.3593619908997,0.0,31.029224535654553,1333.7689568740284,4.029035588658622e-10,0.0,25919.279180723875,144419879.18072388,2995.4016265951623,560.0,True,Jeans,False,CO2,10_M_earth,1_F_earth
CO2_atmosphere_10_M_earth_1_F_earth.csv,3000,16.93798783384508,H2,1097.3593619908997,0.0,2.216373181118182,4990.506469737483,493.5685521821584,0.0,25919.279180723875,144419879.18072388,2995.4016265951623,560.0,True,Jeans,False,CO2,10_M_earth,1_F_earth
CO2_atmosphere_10_M_earth_1_F_earth.csv,3000,16.93798783384508,NO,1097.3593619908997,0.0,33.24559771677273,1288.5432297622426,4.5364818343713495e-11,0.0,25919.279180723875,144419879.18072388,2995.4016265951623,560.0,True,Jeans,False,CO2,10_M_earth,1_F_earth
CO2_atmosphere_10_M_earth_1_F_earth.csv,3000,16.93798783384508,OH,1097.3593619908997,0.0,18.83917203950455,1711.7295974090298,6.303841880767771e-05,0.0,25919.279180723875,144419879.18072388,2995.4016265951623,560.0,True,Jeans,False,CO2,10_M_earth,1_F_earth
CO2_atmosphere_10_M_earth_1_F_earth.csv,3000,16.93798783384508,H,1097.3593619908997,1094.199646488576,1.108186590559091,7057.641932613424,1385.7484904758317,3628517607.506065,25919.279180723875,144419879.18072388,2995.4016265951623,560.0,False,hydrodynamic_candidate,False,CO2,10_M_earth,1_F_earth
CO2_atmosphere_10_M_earth_1_F_earth.csv,3000,16.93798783384508,CH4,1097.3593619908997,0.0,17.730985448945457,1764.410483153356,0.0001858173168691727,0.0,25919.279180723875,144419879.18072388,2995.4016265951623,560.0,True,Jeans,False,CO2,10_M_earth,1_F_earth
CO2_atmosphere_10_M_earth_1_F_earth.csv,3000,16.93798783384508,H2O,1097.3593619908997,0.0,19.94735863006364,1663.5021565791608,2.1356000520131427e-05,0.0,25919.279180723875,144419879.18072388,2995.4016265951623,560.0,True,Jeans,False,CO2,10_M_earth,1_F_earth
CO2_atmosphere_10_M_earth_1_F_earth.csv,3000,16.93798783384508,O2,1097.3593619908997,0.0,35.461970897890915,1247.6266174343707,5.0977855431091534e-12,0.0,25919.279180723875,144419879.18072388,2995.4016265951623,560.0,True,Jeans,False,CO2,10_M_earth,1_F_earth
CO2_atmosphere_10_M_earth_1_F_earth.csv,3000,16.93798783384508,N2O,1097.3593619908997,0.0,48.76020998460001,1063.9795543253397,9.952230411753719e-18,0.0,25919.279180723875,144419879.18072388,2995.4016265951623,560.0,True,Jeans,False,CO2,10_M_earth,1_F_earth
CO2_atmosphere_10_M_earth_1_F_earth.csv,3000,16.93798783384508,CO,1097.3593619908997,0.0,31.029224535654553,1333.7689568740284,4.029035588658622e-10,0.0,25919.279180723875,144419879.18072388,2995.4016265951623,560.0,True,Jeans,False,CO2,10_M_earth,1_F_earth
CO2_atmosphere_10_M_earth_1_F_earth.csv,3000,16.93798783384508,S,1097.3593619908997,2.354681042421251e-12,35.461970897890915,1247.6266174343707,5.0977855431091534e-12,66331165.228474796,25919.279180723875,144419879.18072388,2995.4016265951623,560.0,True,Jeans,False,CO2,10_M_earth,1_F_earth
CO2_atmosphere_10_M_earth_1_F_earth.csv,3000,16.93798783384508,NH3,1097.3593619908997,0.0,18.83917203950455,1711.7295974090298,6.303841880767771e-05,0.0,25919.279180723875,144419879.18072388,2995.4016265951623,560.0,True,Jeans,False,CO2,10_M_earth,1_F_earth
CO2_atmosphere_10_M_earth_1_F_earth.csv,3000,16.93798783384508,N,1097.3593619908997,0.0005359692248796306,15.514612267827276,1886.2341478834667,0.001606750914884707,109491483.67538732,25919.279180723875,144419879.18072388,2995.4016265951623,560.0,True,Jeans,False,CO2,10_M_earth,1_F_earth
CO2_atmosphere_10_M_earth_1_F_earth.csv,3000,16.93798783384508,C,1097.3593619908997,3.054335706976214,13.298239086709092,2037.3657348191755,0.013784618975858214,84851170180.64058,25919.279180723875,144419879.18072388,2995.4016265951623,560.0,True,Jeans,False,CO2,10_M_earth,1_F_earth
CO2_atmosphere_10_M_earth_1_F_earth.csv,4000,49.67159571858207,S2,1191.9638960993525,0.0,51.03541787538949,1018.7207717318676,1.0241154337701721e-18,0.0,32013.474151851296,150514074.1518513,3994.166057908493,565.0,True,Jeans,False,CO2,10_M_earth,1_F_earth
CO2_atmosphere_10_M_earth_1_F_earth.csv,4000,49.67159571858207,H2S,1191.9638960993525,0.0,27.112565746300668,1397.6733680584,1.8615021760863662e-08,0.0,32013.474151851296,150514074.1518513,3994.166057908493,565.0,True,Jeans,False,CO2,10_M_earth,1_F_earth
CO2_atmosphere_10_M_earth_1_F_earth.csv,4000,49.67159571858207,SO2,1191.9638960993525,0.0,51.03541787538949,1018.7207717318676,1.0241154337701721e-18,0.0,32013.474151851296,150514074.1518513,3994.166057908493,565.0,True,Jeans,False,CO2,10_M_earth,1_F_earth
CO2_atmosphere_10_M_earth_1_F_earth.csv,4000,49.67159571858207,O,1191.9638960993525,9.61441617150826,12.758854468847373,2037.4415434637351,0.022749005252090712,111752522296.83801,32013.474151851296,150514074.1518513,3994.166057908493,565.0,True,Jeans,False,CO2,10_M_earth,1_F_earth
CO2_atmosphere_10_M_earth_1_F_earth.csv,4000,49.67159571858207,NO2,1191.9638960993525,0.0,36.6817065979362,1201.617466878184,1.4984046153398373e-12,0.0,32013.474151851296,150514074.1518513,3994.166057908493,565.0,True,Jeans,False,CO2,10_M_earth,1_F_earth
CO2_atmosphere_10_M_earth_1_F_earth.csv,4000,49.67159571858207,CO2,1191.9638960993525,0.0,35.08684978933027,1228.6234785366896,7.229988379191784e-12,0.0,32013.474151851296,150514074.1518513,3994.166057908493,565.0,True,Jeans,False,CO2,10_M_earth,1_F_earth
CO2_atmosphere_10_M_earth_1_F_earth.csv,4000,49.67159571858207,N2,1191.9638960993525,0.0,22.327995320482902,1540.1610385247543,2.0366362087932148e-06,0.0,32013.474151851296,150514074.1518513,3994.166057908493,565.0,True,Jeans,False,CO2,10_M_earth,1_F_earth
CO2_atmosphere_10_M_earth_1_F_earth.csv,4000,49.67159571858207,H2,1191.9638960993525,0.0,1.5948568086059216,5762.754926617572,856.0538889111637,0.0,32013.474151851296,150514074.1518513,3994.166057908493,565.0,True,Jeans,False,CO2,10_M_earth,1_F_earth
CO2_atmosphere_10_M_earth_1_F_earth.csv,4000,49.67159571858207,NO,1191.9638960993525,0.0,23.92285212908882,1487.9369239376401,4.2659391748741577e-07,0.0,32013.474151851296,150514074.1518513,3994.166057908493,565.0,True,Jeans,False,CO2,10_M_earth,1_F_earth
CO2_atmosphere_10_M_earth_1_F_earth.csv,4000,49.67159571858207,OH,1191.9638960993525,0.0,13.556282873150334,1976.608632875872,0.010518344613733022,0.0,32013.474151851296,150514074.1518513,3994.166057908493,565.0,True,Jeans,False,CO2,10_M_earth,1_F_earth
CO2_atmosphere_10_M_earth_1_F_earth.csv,4000,49.67159571858207,H,1191.9638960993525,1101.0043798751906,0.7974284043029608,8149.7661738549405,1861.5429518353894,2502262088.151794,32013.474151851296,150514074.1518513,3994.166057908493,565.0,False,hydrodynamic_candidate,False,CO2,10_M_earth,1_F_earth
CO2_atmosphere_10_M_earth_1_F_earth.csv,4000,49.67159571858207,CH4,1191.9638960993525,0.0,12.758854468847373,2037.4415434637351,0.022749005252090712,0.0,32013.474151851296,150514074.1518513,3994.166057908493,565.0,True,Jeans,False,CO2,10_M_earth,1_F_earth
CO2_atmosphere_10_M_earth_1_F_earth.csv,4000,49.67159571858207,H2O,1191.9638960993525,0.0,14.353711277453293,1920.918308872524,0.004857130038560847,0.0,32013.474151851296,150514074.1518513,3994.166057908493,565.0,True,Jeans,False,CO2,10_M_earth,1_F_earth
CO2_atmosphere_10_M_earth_1_F_earth.csv,4000,49.67159571858207,O2,1191.9638960993525,0.0,25.517708937694746,1440.688731654393,8.918689497486635e-08,0.0,32013.474151851296,150514074.1518513,3994.166057908493,565.0,True,Jeans,False,CO2,10_M_earth,1_F_earth
CO2_atmosphere_10_M_earth_1_F_earth.csv,4000,49.67159571858207,N2O,1191.9638960993525,0.0,35.08684978933027,1228.6234785366896,7.229988379191784e-12,0.0,32013.474151851296,150514074.1518513,3994.166057908493,565.0,True,Jeans,False,CO2,10_M_earth,1_F_earth
CO2_atmosphere_10_M_earth_1_F_earth.csv,4000,49.67159571858207,CO,1191.9638960993525,0.0,22.327995320482902,1540.1610385247543,2.0366362087932148e-06,0.0,32013.474151851296,150514074.1518513,3994.166057908493,565.0,True,Jeans,False,CO2,10_M_earth,1_F_earth
CO2_atmosphere_10_M_earth_1_F_earth.csv,4000,49.67159571858207,S,1191.9638960993525,3.085712072891184e-08,25.517708937694746,1440.688731654393,8.918689497486635e-08,45742635.96538648,32013.474151851296,150514074.1518513,3994.166057908493,565.0,True,Jeans,False,CO2,10_M_earth,1_F_earth
CO2_atmosphere_10_M_earth_1_F_earth.csv,4000,49.67159571858207,NH3,1191.9638960993525,0.0,13.556282873150334,1976.608632875872,0.010518344613733022,0.0,32013.474151851296,150514074.1518513,3994.166057908493,565.0,True,Jeans,False,CO2,10_M_earth,1_F_earth
CO2_atmosphere_10_M_earth_1_F_earth.csv,4000,49.67159571858207,N,1191.9638960993525,0.02647189757210464,11.163997660241451,2178.1166289203384,0.1059473130040104,75506423.89323305,32013.474151851296,150514074.1518513,3994.166057908493,565.0,True,Jeans,False,CO2,10_M_earth,1_F_earth
CO2_atmosphere_10_M_earth_1_F_earth.csv,4000,49.67159571858207,C,1191.9638960993525,81.31862812422436,9.56914085163553,2352.634847153828,0.4899640442203237,58514216890.97538,32013.474151851296,150514074.1518513,3994.166057908493,565.0,True,Jeans,False,CO2,10_M_earth,1_F_earth
CO2_atmosphere_10_M_earth_1_F_earth.csv,5000,277.4813649978243,S2,1716.7199593893415,0.0,39.202751326465346,1139.0090074296052,1.217977948957232e-13,0.0,38242.43250628632,156743032.50628632,4993.098238387556,570.0,True,Jeans,False,CO2,10_M_earth,1_F_earth
CO2_atmosphere_10_M_earth_1_F_earth.csv,5000,277.4813649978243,H2S,1716.7199593893415,0.0,20.826461642184718,1562.7074659100049,8.678381201547484e-06,0.0,38242.43250628632,156743032.50628632,4993.098238387556,570.0,True,Jeans,False,CO2,10_M_earth,1_F_earth
CO2_atmosphere_10_M_earth_1_F_earth.csv,5000,277.4813649978243,SO2,1716.7199593893415,0.0,39.202751326465346,1139.0090074296052,1.217977948957232e-13,0.0,38242.43250628632,156743032.50628632,4993.098238387556,570.0,True,Jeans,False,CO2,10_M_earth,1_F_earth
CO2_atmosphere_10_M_earth_1_F_earth.csv,5000,277.4813649978243,O,1716.7199593893415,129.66787312229548,9.800687831616337,2278.0180148592103,0.38460860094757726,82203054739.49956,38242.43250628632,156743032.50628632,4993.098238387556,570.0,True,Jeans,False,CO2,10_M_earth,1_F_earth
CO2_atmosphere_10_M_earth_1_F_earth.csv,5000,277.4813649978243,NO2,1716.7199593893415,0.0,28.17697751589697,1343.50172906775,6.405716979400784e-09,0.0,38242.43250628632,156743032.50628632,4993.098238387556,570.0,True,Jeans,False,CO2,10_M_earth,1_F_earth
CO2_atmosphere_10_M_earth_1_F_earth.csv,5000,277.4813649978243,CO2,1716.7199593893415,0.0,26.95189153694493,1373.6965492651368,2.1361871897354174e-08,0.0,38242.43250628632,156743032.50628632,4993.098238387556,570.0,True,Jeans,False,CO2,10_M_earth,1_F_earth
CO2_atmosphere_10_M_earth_1_F_earth.csv,5000,277.4813649978243,N2,1716.7199593893415,0.0,17.15120370532859,1722.0197569835748,0.0003138090769267895,0.0,38242.43250628632,156743032.50628632,4993.098238387556,570.0,True,Jeans,False,CO2,10_M_earth,1_F_earth
CO2_atmosphere_10_M_earth_1_F_earth.csv,5000,277.4813649978243,H2,1716.7199593893415,0.0,1.225085978952042,6443.20794388826,1187.9439012853825,0.0,38242.43250628632,156743032.50628632,4993.098238387556,570.0,False,hydrodynamic_candidate,False,CO2,10_M_earth,1_F_earth
CO2_atmosphere_10_M_earth_1_F_earth.csv,5000,277.4813649978243,NO,1716.7199593893415,0.0,18.376289684280632,1663.6291375220376,9.50606976329683e-05,0.0,38242.43250628632,156743032.50628632,4993.098238387556,570.0,True,Jeans,False,CO2,10_M_earth,1_F_earth
CO2_atmosphere_10_M_earth_1_F_earth.csv,5000,277.4813649978243,OH,1716.7199593893415,0.0,10.413230821092359,2210.00209231162,0.2136917073415692,0.0,38242.43250628632,156743032.50628632,4993.098238387556,570.0,True,Jeans,False,CO2,10_M_earth,1_F_earth
CO2_atmosphere_10_M_earth_1_F_earth.csv,5000,277.4813649978243,H,1716.7199593893415,1059.908437184633,0.612542989476021,9112.072059436841,2246.4640591821203,1840616955.9068317,38242.43250628632,156743032.50628632,4993.098238387556,570.0,False,hydrodynamic_candidate,False,CO2,10_M_earth,1_F_earth
CO2_atmosphere_10_M_earth_1_F_earth.csv,5000,277.4813649978243,CH4,1716.7199593893415,0.0,9.800687831616337,2278.0180148592103,0.38460860094757726,0.0,38242.43250628632,156743032.50628632,4993.098238387556,570.0,True,Jeans,False,CO2,10_M_earth,1_F_earth
CO2_atmosphere_10_M_earth_1_F_earth.csv,5000,277.4813649978243,H2O,1716.7199593893415,0.0,11.02577381056838,2147.7359812960867,0.11859223868770122,0.0,38242.43250628632,156743032.50628632,4993.098238387556,570.0,True,Jeans,False,CO2,10_M_earth,1_F_earth
CO2_atmosphere_10_M_earth_1_F_earth.csv,5000,277.4813649978243,O2,1716.7199593893415,0.0,19.601375663232673,1610.801985972065,2.874512209157332e-05,0.0,38242.43250628632,156743032.50628632,4993.098238387556,570.0,True,Jeans,False,CO2,10_M_earth,1_F_earth
CO2_atmosphere_10_M_earth_1_F_earth.csv,5000,277.4813649978243,N2O,1716.7199593893415,0.0,26.95189153694493,1373.6965492651368,2.1361871897354174e-08,0.0,38242.43250628632,156743032.50628632,4993.098238387556,570.0,True,Jeans,False,CO2,10_M_earth,1_F_earth
CO2_atmosphere_10_M_earth_1_F_earth.csv,5000,277.4813649978243,CO,1716.7199593893415,0.0,17.15120370532859,1722.0197569835748,0.0003138090769267895,0.0,38242.43250628632,156743032.50628632,4993.098238387556,570.0,True,Jeans,False,CO2,10_M_earth,1_F_earth
CO2_atmosphere_10_M_earth_1_F_earth.csv,5000,277.4813649978243,S,1716.7199593893415,7.933620129157996e-06,19.601375663232673,1610.801985972065,2.874512209157332e-05,33647423.17138786,38242.43250628632,156743032.50628632,4993.098238387556,570.0,True,Jeans,False,CO2,10_M_earth,1_F_earth
CO2_atmosphere_10_M_earth_1_F_earth.csv,5000,277.4813649978243,NH3,1716.7199593893415,0.0,10.413230821092359,2210.00209231162,0.2136917073415692,0.0,38242.43250628632,156743032.50628632,4993.098238387556,570.0,True,Jeans,False,CO2,10_M_earth,1_F_earth
CO2_atmosphere_10_M_earth_1_F_earth.csv,5000,277.4813649978243,N,1716.7199593893415,0.24735786756084205,8.575601852664295,2435.3036950005926,1.2410169470555847,55541106.08790179,38242.43250628632,156743032.50628632,4993.098238387556,570.0,True,Jeans,False,CO2,10_M_earth,1_F_earth
CO2_atmosphere_10_M_earth_1_F_earth.csv,5000,277.4813649978243,C,1716.7199593893415,526.8962832812322,7.3505158737122525,2630.428628195564,3.9796640629230136,43041958027.1424,38242.43250628632,156743032.50628632,4993.098238387556,570.0,True,Jeans,False,CO2,10_M_earth,1_F_earth
CO2_atmosphere_10_M_earth_1_F_earth.csv,6000,1032.5540750457455,S2,3395.802529262897,0.0,31.391921135320537,1247.770207894888,2.6523342964620596e-10,0.0,44606.17125761682,163106771.25761682,5992.182306326644,575.0,True,Jeans,False,CO2,10_M_earth,1_F_earth
CO2_atmosphere_10_M_earth_1_F_earth.csv,6000,1032.5540750457455,H2S,3395.802529262897,0.0,16.676958103139036,1711.926601895579,0.0004881764917132193,0.0,44606.17125761682,163106771.25761682,5992.182306326644,575.0,True,Jeans,False,CO2,10_M_earth,1_F_earth
CO2_atmosphere_10_M_earth_1_F_earth.csv,6000,1032.5540750457455,SO2,3395.802529262897,0.0,31.391921135320537,1247.770207894888,2.6523342964620596e-10,0.0,44606.17125761682,163106771.25761682,5992.182306326644,575.0,True,Jeans,False,CO2,10_M_earth,1_F_earth
CO2_atmosphere_10_M_earth_1_F_earth.csv,6000,1032.5540750457455,O,3395.802529262897,680.471416911458,7.847980283830134,2495.540415789776,2.4325920920861464,62986527517.54337,44606.17125761682,163106771.25761682,5992.182306326644,575.0,True,Jeans,False,CO2,10_M_earth,1_F_earth
CO2_atmosphere_10_M_earth_1_F_earth.csv,6000,1032.5540750457455,NO2,3395.802529262897,0.0,22.562943316011637,1471.7894422705995,1.5542057525718567e-06,0.0,44606.17125761682,163106771.25761682,5992.182306326644,575.0,True,Jeans,False,CO2,10_M_earth,1_F_earth
CO2_atmosphere_10_M_earth_1_F_earth.csv,6000,1032.5540750457455,CO2,3395.802529262897,0.0,21.581945780532873,1504.8674924258532,4.061951446989998e-06,0.0,44606.17125761682,163106771.25761682,5992.182306326644,575.0,True,Jeans,False,CO2,10_M_earth,1_F_earth
CO2_atmosphere_10_M_earth_1_F_earth.csv,6000,1032.5540750457455,N2,3395.802529262897,0.0,13.733965496702737,1886.4512362544208,0.008506969388386762,0.0,44606.17125761682,163106771.25761682,5992.182306326644,575.0,True,Jeans,False,CO2,10_M_earth,1_F_earth
CO2_atmosphere_10_M_earth_1_F_earth.csv,6000,1032.5540750457455,H2,3395.802529262897,0.0,0.9809975354787668,7058.4542029201875,1478.9271714675174,0.0,44606.17125761682,163106771.25761682,5992.182306326644,575.0,False,hydrodynamic_candidate,False,CO2,10_M_earth,1_F_earth
CO2_atmosphere_10_M_earth_1_F_earth.csv,6000,1032.5540750457455,NO,3395.802529262897,0.0,14.714963032181503,1822.4850385251755,0.0032865871820949326,0.0,44606.17125761682,163106771.25761682,5992.182306326644,575.0,True,Jeans,False,CO2,10_M_earth,1_F_earth
CO2_atmosphere_10_M_earth_1_F_earth.csv,6000,1032.5540750457455,OH,3395.802529262897,0.0,8.338479051569518,2421.0298181880144,1.525161787841405,0.0,44606.17125761682,163106771.25761682,5992.182306326644,575.0,True,Jeans,False,CO2,10_M_earth,1_F_earth
CO2_atmosphere_10_M_earth_1_F_earth.csv,6000,1032.5540750457455,H,3395.802529262897,1006.0659628422898,0.4904987677393834,9982.161663159104,2569.9837670199377,1410337741.2174788,44606.17125761682,163106771.25761682,5992.182306326644,575.0,False,hydrodynamic_candidate,False,CO2,10_M_earth,1_F_earth
CO2_atmosphere_10_M_earth_1_F_earth.csv,6000,1032.5540750457455,CH4,3395.802529262897,0.0,7.847980283830134,2495.540415789776,2.4325920920861464,0.0,44606.17125761682,163106771.25761682,5992.182306326644,575.0,True,Jeans,False,CO2,10_M_earth,1_F_earth
CO2_atmosphere_10_M_earth_1_F_earth.csv,6000,1032.5540750457455,H2O,3395.802529262897,0.0,8.828977819308902,2352.8180676400625,0.9552464266109656,0.0,44606.17125761682,163106771.25761682,5992.182306326644,575.0,True,Jeans,False,CO2,10_M_earth,1_F_earth
CO2_atmosphere_10_M_earth_1_F_earth.csv,6000,1032.5540750457455,O2,3395.802529262897,0.0,15.695960567660268,1764.6135507300469,0.0012676139955948105,0.0,44606.17125761682,163106771.25761682,5992.182306326644,575.0,True,Jeans,False,CO2,10_M_earth,1_F_earth
CO2_atmosphere_10_M_earth_1_F_earth.csv,6000,1032.5540750457455,N2O,3395.802529262897,0.0,21.581945780532873,1504.8674924258532,4.061951446989998e-06,0.0,44606.17125761682,163106771.25761682,5992.182306326644,575.0,True,Jeans,False,CO2,10_M_earth,1_F_earth
CO2_atmosphere_10_M_earth_1_F_earth.csv,6000,1032.5540750457455,CO,3395.802529262897,0.0,13.733965496702737,1886.4512362544208,0.008506969388386762,0.0,44606.17125761682,163106771.25761682,5992.182306326644,575.0,True,Jeans,False,CO2,10_M_earth,1_F_earth
CO2_atmosphere_10_M_earth_1_F_earth.csv,6000,1032.5540750457455,S,3395.802529262897,0.0002902829123431081,15.695960567660268,1764.6135507300469,0.0012676139955948105,25781698.164322376,44606.17125761682,163106771.25761682,5992.182306326644,575.0,True,Jeans,False,CO2,10_M_earth,1_F_earth
CO2_atmosphere_10_M_earth_1_F_earth.csv,6000,1032.5540750457455,NH3,3395.802529262897,0.0,8.338479051569518,2421.0298181880144,1.525161787841405,0.0,44606.17125761682,163106771.25761682,5992.182306326644,575.0,True,Jeans,False,CO2,10_M_earth,1_F_earth
CO2_atmosphere_10_M_earth_1_F_earth.csv,6000,1032.5540750457455,N,3395.802529262897,1.019873599424244,6.866982748351369,2667.8449230664937,6.1669600080264315,42557316.36794547,44606.17125761682,163106771.25761682,5992.182306326644,575.0,True,Jeans,False,CO2,10_M_earth,1_F_earth
CO2_atmosphere_10_M_earth_1_F_earth.csv,6000,1032.5540750457455,C,3395.802529262897,1708.244985626813,5.885985212872601,2881.6018616596357,15.550495477305336,32980081850.69129,44606.17125761682,163106771.25761682,5992.182306326644,575.0,True,Jeans,False,CO2,10_M_earth,1_F_earth
CO2_atmosphere_10_M_earth_1_F_earth.csv,7000,2643.8140507367907,S2,6813.744312808582,0.0,25.87444766842542,1347.7964045398974,5.918737294301874e-08,0.0,51104.70601369834,169605306.01369834,6991.403710579176,580.0,True,Jeans,False,CO2,10_M_earth,1_F_earth
CO2_atmosphere_10_M_earth_1_F_earth.csv,7000,2643.8140507367907,H2S,6813.744312808582,0.0,13.745800323851006,1849.161411510023,0.00824732309461189,0.0,51104.70601369834,169605306.01369834,6991.403710579176,580.0,True,Jeans,False,CO2,10_M_earth,1_F_earth
CO2_atmosphere_10_M_earth_1_F_earth.csv,7000,2643.8140507367907,SO2,6813.744312808582,0.0,25.87444766842542,1347.7964045398974,5.918737294301874e-08,0.0,51104.70601369834,169605306.01369834,6991.403710579176,580.0,True,Jeans,False,CO2,10_M_earth,1_F_earth
CO2_atmosphere_10_M_earth_1_F_earth.csv,7000,2643.8140507367907,O,6813.744312808582,2100.2816008350287,6.468611917106355,2695.5928090797947,8.81062646395671,49641274127.06274,51104.70601369834,169605306.01369834,6991.403710579176,580.0,True,Jeans,False,CO2,10_M_earth,1_F_earth
CO2_atmosphere_10_M_earth_1_F_earth.csv,7000,2643.8140507367907,NO2,6813.744312808582,0.0,18.597259261680772,1589.7739070711964,7.366118394270597e-05,0.0,51104.70601369834,169605306.01369834,6991.403710579176,580.0,True,Jeans,False,CO2,10_M_earth,1_F_earth
CO2_atmosphere_10_M_earth_1_F_earth.csv,7000,2643.8140507367907,CO2,6813.744312808582,0.0,17.788682772042478,1625.5036245995996,0.00016208863907438056,0.0,51104.70601369834,169605306.01369834,6991.403710579176,580.0,True,Jeans,False,CO2,10_M_earth,1_F_earth
CO2_atmosphere_10_M_earth_1_F_earth.csv,7000,2643.8140507367907,N2,6813.744312808582,0.0,11.320070854936123,2037.6766310626142,0.08588142289753756,0.0,51104.70601369834,169605306.01369834,6991.403710579176,580.0,True,Jeans,False,CO2,10_M_earth,1_F_earth
CO2_atmosphere_10_M_earth_1_F_earth.csv,7000,2643.8140507367907,H2,6813.744312808582,0.0,0.8085764896382944,7624.287818472069,1732.8897144428204,0.0,51104.70601369834,169605306.01369834,6991.403710579176,580.0,False,hydrodynamic_candidate,False,CO2,10_M_earth,1_F_earth
CO2_atmosphere_10_M_earth_1_F_earth.csv,7000,2643.8140507367907,NO,6813.744312808582,0.0,12.128647344574416,1968.5826498422934,0.039388014496217684,0.0,51104.70601369834,169605306.01369834,6991.403710579176,580.0,True,Jeans,False,CO2,10_M_earth,1_F_earth
CO2_atmosphere_10_M_earth_1_F_earth.csv,7000,2643.8140507367907,OH,6813.744312808582,0.0,6.872900161925503,2615.1091471744503,6.013911279620648,0.0,51104.70601369834,169605306.01369834,6991.403710579176,580.0,True,Jeans,False,CO2,10_M_earth,1_F_earth
CO2_atmosphere_10_M_earth_1_F_earth.csv,7000,2643.8140507367907,H,6813.744312808582,951.0682263355525,0.4042882448191472,10782.371236319179,2850.922785789082,1111522815.7961159,51104.70601369834,169605306.01369834,6991.403710579176,580.0,False,hydrodynamic_candidate,False,CO2,10_M_earth,1_F_earth
CO2_atmosphere_10_M_earth_1_F_earth.csv,7000,2643.8140507367907,CH4,6813.744312808582,0.0,6.468611917106355,2695.5928090797947,8.81062646395671,0.0,51104.70601369834,169605306.01369834,6991.403710579176,580.0,True,Jeans,False,CO2,10_M_earth,1_F_earth
CO2_atmosphere_10_M_earth_1_F_earth.csv,7000,2643.8140507367907,H2O,6813.744312808582,0.0,7.277188406744649,2541.429272824023,4.101220956674768,0.0,51104.70601369834,169605306.01369834,6991.403710579176,580.0,True,Jeans,False,CO2,10_M_earth,1_F_earth
CO2_atmosphere_10_M_earth_1_F_earth.csv,7000,2643.8140507367907,O2,6813.744312808582,0.0,12.93722383421271,1906.0719546180173,0.018036227801561902,0.0,51104.70601369834,169605306.01369834,6991.403710579176,580.0,True,Jeans,False,CO2,10_M_earth,1_F_earth
CO2_atmosphere_10_M_earth_1_F_earth.csv,7000,2643.8140507367907,N2O,6813.744312808582,0.0,17.788682772042478,1625.5036245995996,0.00016208863907438056,0.0,51104.70601369834,169605306.01369834,6991.403710579176,580.0,True,Jeans,False,CO2,10_M_earth,1_F_earth
CO2_atmosphere_10_M_earth_1_F_earth.csv,7000,2643.8140507367907,CO,6813.744312808582,0.0,11.320070854936123,2037.6766310626142,0.08588142289753756,0.0,51104.70601369834,169605306.01369834,6991.403710579176,580.0,True,Jeans,False,CO2,10_M_earth,1_F_earth
CO2_atmosphere_10_M_earth_1_F_earth.csv,7000,2643.8140507367907,S,6813.744312808582,0.0035197376980257394,12.93722383421271,1906.0719546180173,0.018036227801561902,20319207.876316875,51104.70601369834,169605306.01369834,6991.403710579176,580.0,True,Jeans,False,CO2,10_M_earth,1_F_earth
CO2_atmosphere_10_M_earth_1_F_earth.csv,7000,2643.8140507367907,NH3,6813.744312808582,0.0,6.872900161925503,2615.1091471744503,6.013911279620648,0.0,51104.70601369834,169605306.01369834,6991.403710579176,580.0,True,Jeans,False,CO2,10_M_earth,1_F_earth
CO2_atmosphere_10_M_earth_1_F_earth.csv,7000,2643.8140507367907,N,6813.744312808582,2.6570827248909787,5.6600354274680615,2881.7099273794665,18.853835627412384,33540496.53467405,51104.70601369834,169605306.01369834,6991.403710579176,580.0,True,Jeans,False,CO2,10_M_earth,1_F_earth
CO2_atmosphere_10_M_earth_1_F_earth.csv,7000,2643.8140507367907,C,6813.744312808582,3759.7338831754123,4.851458937829766,3112.6024678956783,40.162527998089075,25992435976.521133,51104.70601369834,169605306.01369834,6991.403710579176,580.0,True,Jeans,False,CO2,10_M_earth,1_F_earth
CO2_atmosphere_10_M_earth_1000_F_earth.csv,200,1.1396561168970278e-05,S2,0.0009722791842287105,0.0,1177.5363031423915,227.89063123154483,0.0,0.0,11855.650978444084,130356250.97844408,199.87972184981555,546.0,True,Jeans,False,CO2,10_M_earth,1000_F_earth
CO2_atmosphere_10_M_earth_1000_F_earth.csv,200,1.1396561168970278e-05,H2S,0.0009722791842287105,0.0,625.5661610443955,312.6633665875454,1.1548011217306408e-267,0.0,11855.650978444084,130356250.97844408,199.87972184981555,546.0,True,Jeans,False,CO2,10_M_earth,1000_F_earth
CO2_atmosphere_10_M_earth_1000_F_earth.csv,200,1.1396561168970278e-05,SO2,0.0009722791842287105,0.0,1177.5363031423915,227.89063123154483,0.0,0.0,11855.650978444084,130356250.97844408,199.87972184981555,546.0,True,Jeans,False,CO2,10_M_earth,1000_F_earth
CO2_atmosphere_10_M_earth_1000_F_earth.csv,200,1.1396561168970278e-05,O,0.0009722791842287105,4.520395768918308e-120,294.3840757855979,455.78126246308966,5.372283712028687e-124,2966230166438.534,11855.650978444084,130356250.97844408,199.87972184981555,546.0,True,Jeans,False,CO2,10_M_earth,1000_F_earth
CO2_atmosphere_10_M_earth_1000_F_earth.csv,200,1.1396561168970278e-05,NO2,0.0009722791842287105,0.0,846.354217883594,268.8051236652261,0.0,0.0,11855.650978444084,130356250.97844408,199.87972184981555,546.0,True,Jeans,False,CO2,10_M_earth,1000_F_earth
CO2_atmosphere_10_M_earth_1000_F_earth.csv,200,1.1396561168970278e-05,CO2,0.0009722791842287105,0.0,809.5562084103942,274.8464425571935,0.0,0.0,11855.650978444084,130356250.97844408,199.87972184981555,546.0,True,Jeans,False,CO2,10_M_earth,1000_F_earth
CO2_atmosphere_10_M_earth_1000_F_earth.csv,200,1.1396561168970278e-05,N2,0.0009722791842287105,0.0,515.1721326247963,344.53824934868396,9.204763515668033e-220,0.0,11855.650978444084,130356250.97844408,199.87972184981555,546.0,True,Jeans,False,CO2,10_M_earth,1000_F_earth
CO2_atmosphere_10_M_earth_1000_F_earth.csv,200,1.1396561168970278e-05,H2,0.0009722791842287105,0.0,36.798009473199734,1289.1440857016653,1.4354662922022104e-12,0.0,11855.650978444084,130356250.97844408,199.87972184981555,546.0,True,Jeans,False,CO2,10_M_earth,1000_F_earth
CO2_atmosphere_10_M_earth_1000_F_earth.csv,200,1.1396561168970278e-05,NO,0.0009722791842287105,0.0,551.970142097996,332.85557165228914,9.948685279480173e-236,0.0,11855.650978444084,130356250.97844408,199.87972184981555,546.0,True,Jeans,False,CO2,10_M_earth,1000_F_earth
CO2_atmosphere_10_M_earth_1000_F_earth.csv,200,1.1396561168970278e-05,OH,0.0009722791842287105,0.0,312.78308052219774,442.17277348533753,5.657840296184802e-132,0.0,11855.650978444084,130356250.97844408,199.87972184981555,546.0,True,Jeans,False,CO2,10_M_earth,1000_F_earth
CO2_atmosphere_10_M_earth_1000_F_earth.csv,200,1.1396561168970278e-05,H,0.0009722791842287105,0.0009722791842287105,18.399004736599867,1823.1250498523586,0.00010195411186322413,53789010143.82384,11855.650978444084,130356250.97844408,199.87972184981555,546.0,True,Jeans,False,CO2,10_M_earth,1000_F_earth
CO2_atmosphere_10_M_earth_1000_F_earth.csv,200,1.1396561168970278e-05,CH4,0.0009722791842287105,0.0,294.3840757855979,455.78126246308966,5.372283712028687e-124,0.0,11855.650978444084,130356250.97844408,199.87972184981555,546.0,True,Jeans,False,CO2,10_M_earth,1000_F_earth
CO2_atmosphere_10_M_earth_1000_F_earth.csv,200,1.1396561168970278e-05,H2O,0.0009722791842287105,0.0,331.1820852587976,429.7146952338884,5.948388806417279e-140,0.0,11855.650978444084,130356250.97844408,199.87972184981555,546.0,True,Jeans,False,CO2,10_M_earth,1000_F_earth
CO2_atmosphere_10_M_earth_1000_F_earth.csv,200,1.1396561168970278e-05,O2,0.0009722791842287105,0.0,588.7681515711957,322.2860214254163,1.0728981728119126e-251,0.0,11855.650978444084,130356250.97844408,199.87972184981555,546.0,True,Jeans,False,CO2,10_M_earth,1000_F_earth
CO2_atmosphere_10_M_earth_1000_F_earth.csv,200,1.1396561168970278e-05,N2O,0.0009722791842287105,0.0,809.5562084103942,274.8464425571935,0.0,0.0,11855.650978444084,130356250.97844408,199.87972184981555,546.0,True,Jeans,False,CO2,10_M_earth,1000_F_earth
CO2_atmosphere_10_M_earth_1000_F_earth.csv,200,1.1396561168970278e-05,CO,0.0009722791842287105,0.0,515.1721326247963,344.53824934868396,9.204763515668033e-220,0.0,11855.650978444084,130356250.97844408,199.87972184981555,546.0,True,Jeans,False,CO2,10_M_earth,1000_F_earth
CO2_atmosphere_10_M_earth_1000_F_earth.csv,200,1.1396561168970278e-05,S,0.0009722791842287105,1.8295396007177293e-250,588.7681515711957,322.2860214254163,1.0728981728119126e-251,3005665458.5938272,11855.650978444084,130356250.97844408,199.87972184981555,546.0,True,Jeans,False,CO2,10_M_earth,1000_F_earth
CO2_atmosphere_10_M_earth_1000_F_earth.csv,200,1.1396561168970278e-05,NH3,0.0009722791842287105,0.0,312.78308052219774,442.17277348533753,5.657840296184802e-132,0.0,11855.650978444084,130356250.97844408,199.87972184981555,546.0,True,Jeans,False,CO2,10_M_earth,1000_F_earth
CO2_atmosphere_10_M_earth_1000_F_earth.csv,200,1.1396561168970278e-05,N,0.0009722791842287105,2.5676346899266673e-107,257.58606631239815,487.25066498519203,4.8144359511343784e-108,2148657014.512541,11855.650978444084,130356250.97844408,199.87972184981555,546.0,True,Jeans,False,CO2,10_M_earth,1000_F_earth
CO2_atmosphere_10_M_earth_1000_F_earth.csv,200,1.1396561168970278e-05,C,0.0009722791842287105,1.4209057084101303e-88,220.7880568391984,526.2908691493046,4.2709481969996025e-92,1563748907248.9788,11855.650978444084,130356250.97844408,199.87972184981555,546.0,True,Jeans,False,CO2,10_M_earth,1000_F_earth
CO2_atmosphere_10_M_earth_1000_F_earth.csv,300,0.0030512920423566847,S2,0.2603160456738167,0.0,781.7632250607198,279.0474487051419,0.0,0.0,12456.11136496751,130956711.36496751,299.6897614649263,547.0,True,Jeans,False,CO2,10_M_earth,1000_F_earth
CO2_atmosphere_10_M_earth_1000_F_earth.csv,300,0.0030512920423566847,H2S,0.2603160456738167,0.0,415.3117133135074,382.8499411244691,1.9286655410370327e-176,0.0,12456.11136496751,130956711.36496751,299.6897614649263,547.0,True,Jeans,False,CO2,10_M_earth,1000_F_earth
CO2_atmosphere_10_M_earth_1000_F_earth.csv,300,0.0030512920423566847,SO2,0.2603160456738167,0.0,781.7632250607198,279.0474487051419,0.0,0.0,12456.11136496751,130956711.36496751,299.6897614649263,547.0,True,Jeans,False,CO2,10_M_earth,1000_F_earth
CO2_atmosphere_10_M_earth_1000_F_earth.csv,300,0.0030512920423566847,O,0.2603160456738167,2.276671604731665e-77,195.44080626517996,558.0948974102838,4.087625766712561e-81,1945471141536.6396,12456.11136496751,130956711.36496751,299.6897614649263,547.0,True,Jeans,False,CO2,10_M_earth,1000_F_earth
CO2_atmosphere_10_M_earth_1000_F_earth.csv,300,0.0030512920423566847,NO2,0.2603160456738167,0.0,561.8923180123924,329.1464135769555,4.914466516271463e-240,0.0,12456.11136496751,130956711.36496751,299.6897614649263,547.0,True,Jeans,False,CO2,10_M_earth,1000_F_earth
CO2_atmosphere_10_M_earth_1000_F_earth.csv,300,0.0030512920423566847,CO2,0.2603160456738167,0.0,537.462217229245,336.54388584032745,1.957567895682117e-229,0.0,12456.11136496751,130956711.36496751,299.6897614649263,547.0,True,Jeans,False,CO2,10_M_earth,1000_F_earth
CO2_atmosphere_10_M_earth_1000_F_earth.csv,300,0.0030512920423566847,N2,0.2603160456738167,0.0,342.02141096406496,421.8800875776333,1.1827524328183661e-144,0.0,12456.11136496751,130956711.36496751,299.6897614649263,547.0,True,Jeans,False,CO2,10_M_earth,1000_F_earth
CO2_atmosphere_10_M_earth_1000_F_earth.csv,300,0.0030512920423566847,H2,0.2603160456738167,0.0,24.430100783147495,1578.530746017689,2.780598167483968e-07,0.0,12456.11136496751,130956711.36496751,299.6897614649263,547.0,True,Jeans,False,CO2,10_M_earth,1000_F_earth
CO2_atmosphere_10_M_earth_1000_F_earth.csv,300,0.0030512920423566847,NO,0.2603160456738167,0.0,366.4515117472124,407.5748860535253,3.0056131720116907e-155,0.0,12456.11136496751,130956711.36496751,299.6897614649263,547.0,True,Jeans,False,CO2,10_M_earth,1000_F_earth
CO2_atmosphere_10_M_earth_1000_F_earth.csv,300,0.0030512920423566847,OH,0.2603160456738167,0.0,207.6558566567537,541.4315790919652,2.0872599919926902e-86,0.0,12456.11136496751,130956711.36496751,299.6897614649263,547.0,True,Jeans,False,CO2,10_M_earth,1000_F_earth
CO2_atmosphere_10_M_earth_1000_F_earth.csv,300,0.0030512920423566847,H,0.2603160456738167,0.2603160456738167,12.215050391573747,2232.379589641135,0.04123850887595392,35278775110.117294,12456.11136496751,130956711.36496751,299.6897614649263,547.0,True,Jeans,False,CO2,10_M_earth,1000_F_earth
CO2_atmosphere_10_M_earth_1000_F_earth.csv,300,0.0030512920423566847,CH4,0.2603160456738167,0.0,195.44080626517996,558.0948974102838,4.087625766712561e-81,0.0,12456.11136496751,130956711.36496751,299.6897614649263,547.0,True,Jeans,False,CO2,10_M_earth,1000_F_earth
CO2_atmosphere_10_M_earth_1000_F_earth.csv,300,0.0030512920423566847,H2O,0.2603160456738167,0.0,219.87090704832747,526.1769153392296,1.064005103708701e-91,0.0,12456.11136496751,130956711.36496751,299.6897614649263,547.0,True,Jeans,False,CO2,10_M_earth,1000_F_earth
CO2_atmosphere_10_M_earth_1000_F_earth.csv,300,0.0030512920423566847,O2,0.2603160456738167,0.0,390.8816125303599,394.6326865044222,7.621064005188661e-166,0.0,12456.11136496751,130956711.36496751,299.6897614649263,547.0,True,Jeans,False,CO2,10_M_earth,1000_F_earth
CO2_atmosphere_10_M_earth_1000_F_earth.csv,300,0.0030512920423566847,N2O,0.2603160456738167,0.0,537.462217229245,336.54388584032745,1.957567895682117e-229,0.0,12456.11136496751,130956711.36496751,299.6897614649263,547.0,True,Jeans,False,CO2,10_M_earth,1000_F_earth
CO2_atmosphere_10_M_earth_1000_F_earth.csv,300,0.0030512920423566847,CO,0.2603160456738167,0.0,342.02141096406496,421.8800875776333,1.1827524328183661e-144,0.0,12456.11136496751,130956711.36496751,299.6897614649263,547.0,True,Jeans,False,CO2,10_M_earth,1000_F_earth
CO2_atmosphere_10_M_earth_1000_F_earth.csv,300,0.0030512920423566847,S,0.2603160456738167,8.602222282802617e-165,390.8816125303599,394.6326865044222,7.621064005188661e-166,1971335696.389544,12456.11136496751,130956711.36496751,299.6897614649263,547.0,True,Jeans,False,CO2,10_M_earth,1000_F_earth
CO2_atmosphere_10_M_earth_1000_F_earth.csv,300,0.0030512920423566847,NH3,0.2603160456738167,0.0,207.6558566567537,541.4315790919652,2.0872599919926902e-86,0.0,12456.11136496751,130956711.36496751,299.6897614649263,547.0,True,Jeans,False,CO2,10_M_earth,1000_F_earth
CO2_atmosphere_10_M_earth_1000_F_earth.csv,300,0.0030512920423566847,N,0.2603160456738167,5.5010855281570295e-70,171.01070548203248,596.6285415474381,1.5582919715424172e-70,1409246747.6363795,12456.11136496751,130956711.36496751,299.6897614649263,547.0,True,Jeans,False,CO2,10_M_earth,1000_F_earth
CO2_atmosphere_10_M_earth_1000_F_earth.csv,300,0.0030512920423566847,C,0.2603160456738167,1.2951101199707387e-56,146.58060469888497,644.4324785063678,5.881038179806565e-60,1025621142311.7775,12456.11136496751,130956711.36496751,299.6897614649263,547.0,True,Jeans,False,CO2,10_M_earth,1000_F_earth
CO2_atmosphere_10_M_earth_1000_F_earth.csv,500,0.20908748094850935,S2,17.837960275469737,0.0,464.9464566007914,360.18831862692633,5.643911864291796e-198,0.0,13658.453429582372,132159053.42958237,499.3154928991732,548.0,True,Jeans,False,CO2,10_M_earth,1000_F_earth
CO2_atmosphere_10_M_earth_1000_F_earth.csv,500,0.20908748094850935,H2S,17.837960275469737,0.0,247.00280506917045,494.1742962350162,1.848317422592109e-103,0.0,13658.453429582372,132159053.42958237,499.3154928991732,548.0,True,Jeans,False,CO2,10_M_earth,1000_F_earth
CO2_atmosphere_10_M_earth_1000_F_earth.csv,500,0.20908748094850935,SO2,17.837960275469737,0.0,464.9464566007914,360.18831862692633,5.643911864291796e-198,0.0,13658.453429582372,132159053.42958237,499.3154928991732,548.0,True,Jeans,False,CO2,10_M_earth,1000_F_earth
CO2_atmosphere_10_M_earth_1000_F_earth.csv,500,0.20908748094850935,O,17.837960275469737,2.6356357821277036e-43,116.23661415019785,720.3766372538527,7.872231090680283e-47,1148271994155.9546,13658.453429582372,132159053.42958237,499.3154928991732,548.0,True,Jeans,False,CO2,10_M_earth,1000_F_earth
CO2_atmosphere_10_M_earth_1000_F_earth.csv,500,0.20908748094850935,NO2,17.837960275469737,0.0,334.1802656818188,424.85496225997906,2.959844241619941e-141,0.0,13658.453429582372,132159053.42958237,499.3154928991732,548.0,True,Jeans,False,CO2,10_M_earth,1000_F_earth
CO2_atmosphere_10_M_earth_1000_F_earth.csv,500,0.20908748094850935,CO2,17.837960275469737,0.0,319.6506889130441,434.40345700163397,5.912759118779136e-135,0.0,13658.453429582372,132159053.42958237,499.3154928991732,548.0,True,Jeans,False,CO2,10_M_earth,1000_F_earth
CO2_atmosphere_10_M_earth_1000_F_earth.csv,500,0.20908748094850935,N2,17.837960275469737,0.0,203.41407476284624,544.5535521356234,1.4300006926071313e-84,0.0,13658.453429582372,132159053.42958237,499.3154928991732,548.0,True,Jeans,False,CO2,10_M_earth,1000_F_earth
CO2_atmosphere_10_M_earth_1000_F_earth.csv,500,0.20908748094850935,H2,17.837960275469737,0.0,14.529576768774731,2037.5328208422436,0.0043706324515571954,0.0,13658.453429582372,132159053.42958237,499.3154928991732,548.0,True,Jeans,False,CO2,10_M_earth,1000_F_earth
CO2_atmosphere_10_M_earth_1000_F_earth.csv,500,0.20908748094850935,NO,17.837960275469737,0.0,217.94365153162096,526.0887121648686,7.245380243299503e-91,0.0,13658.453429582372,132159053.42958237,499.3154928991732,548.0,True,Jeans,False,CO2,10_M_earth,1000_F_earth
CO2_atmosphere_10_M_earth_1000_F_earth.csv,500,0.20908748094850935,OH,17.837960275469737,0.0,123.50140253458522,698.8679919117394,5.675274001688251e-50,0.0,13658.453429582372,132159053.42958237,499.3154928991732,548.0,True,Jeans,False,CO2,10_M_earth,1000_F_earth
CO2_atmosphere_10_M_earth_1000_F_earth.csv,500,0.20908748094850935,H,17.837960275469737,17.837960275469737,7.264788384387366,2881.5065490154107,4.700985477977181,20822529094.45735,13658.453429582372,132159053.42958237,499.3154928991732,548.0,True,Jeans,False,CO2,10_M_earth,1000_F_earth
CO2_atmosphere_10_M_earth_1000_F_earth.csv,500,0.20908748094850935,CH4,17.837960275469737,0.0,116.23661415019785,720.3766372538527,7.872231090680283e-47,0.0,13658.453429582372,132159053.42958237,499.3154928991732,548.0,True,Jeans,False,CO2,10_M_earth,1000_F_earth
CO2_atmosphere_10_M_earth_1000_F_earth.csv,500,0.20908748094850935,H2O,17.837960275469737,0.0,130.76619091897257,679.1776069474145,4.084578832550104e-53,0.0,13658.453429582372,132159053.42958237,499.3154928991732,548.0,True,Jeans,False,CO2,10_M_earth,1000_F_earth
CO2_atmosphere_10_M_earth_1000_F_earth.csv,500,0.20908748094850935,O2,17.837960275469737,0.0,232.4732283003957,509.3832052105609,3.662996782332644e-97,0.0,13658.453429582372,132159053.42958237,499.3154928991732,548.0,True,Jeans,False,CO2,10_M_earth,1000_F_earth
CO2_atmosphere_10_M_earth_1000_F_earth.csv,500,0.20908748094850935,N2O,17.837960275469737,0.0,319.6506889130441,434.40345700163397,5.912759118779136e-135,0.0,13658.453429582372,132159053.42958237,499.3154928991732,548.0,True,Jeans,False,CO2,10_M_earth,1000_F_earth
CO2_atmosphere_10_M_earth_1000_F_earth.csv,500,0.20908748094850935,CO,17.837960275469737,0.0,203.41407476284624,544.5535521356234,1.4300006926071313e-84,0.0,13658.453429582372,132159053.42958237,499.3154928991732,548.0,True,Jeans,False,CO2,10_M_earth,1000_F_earth
CO2_atmosphere_10_M_earth_1000_F_earth.csv,500,0.20908748094850935,S,17.837960275469737,2.4853633311821325e-96,232.4732283003957,509.3832052105609,3.662996782332644e-97,1163537984.6632423,13658.453429582372,132159053.42958237,499.3154928991732,548.0,True,Jeans,False,CO2,10_M_earth,1000_F_earth
CO2_atmosphere_10_M_earth_1000_F_earth.csv,500,0.20908748094850935,NH3,17.837960275469737,0.0,123.50140253458522,698.8679919117394,5.675274001688251e-50,0.0,13658.453429582372,132159053.42958237,499.3154928991732,548.0,True,Jeans,False,CO2,10_M_earth,1000_F_earth
CO2_atmosphere_10_M_earth_1000_F_earth.csv,500,0.20908748094850935,N,17.837960275469737,3.1952409945189838e-40,101.70703738142312,770.1150188686428,1.505725334542443e-40,831777217.6708192,13658.453429582372,132159053.42958237,499.3154928991732,548.0,True,Jeans,False,CO2,10_M_earth,1000_F_earth
CO2_atmosphere_10_M_earth_1000_F_earth.csv,500,0.20908748094850935,C,17.837960275469737,3.774874773060004e-31,87.17746061264839,831.8192908728585,2.851619350762257e-34,605350554519.4812,13658.453429582372,132159053.42958237,499.3154928991732,548.0,True,Jeans,False,CO2,10_M_earth,1000_F_earth
CO2_atmosphere_10_M_earth_1000_F_earth.csv,1000,3.3216525710936105,S2,283.3814169230623,0.0,227.29512316954867,509.3320548117865,6.351480301463985e-95,0.0,16696.374630424023,135196974.63042402,998.4304381243069,551.0,True,Jeans,False,CO2,10_M_earth,1000_F_earth
CO2_atmosphere_10_M_earth_1000_F_earth.csv,1000,3.3216525710936105,H2S,283.3814169230623,0.0,120.75053418382274,698.7978141435851,8.68813975585615e-49,0.0,16696.374630424023,135196974.63042402,998.4304381243069,551.0,True,Jeans,False,CO2,10_M_earth,1000_F_earth
CO2_atmosphere_10_M_earth_1000_F_earth.csv,1000,3.3216525710936105,SO2,283.3814169230623,0.0,227.29512316954867,509.3320548117865,6.351480301463985e-95,0.0,16696.374630424023,135196974.63042402,998.4304381243069,551.0,True,Jeans,False,CO2,10_M_earth,1000_F_earth
CO2_atmosphere_10_M_earth_1000_F_earth.csv,1000,3.3216525710936105,O,283.3814169230623,5.808076955748659e-18,56.82378079238717,1018.664109623573,3.485604587291007e-21,546098958013.233,16696.374630424023,135196974.63042402,998.4304381243069,551.0,True,Jeans,False,CO2,10_M_earth,1000_F_earth
CO2_atmosphere_10_M_earth_1000_F_earth.csv,1000,3.3216525710936105,NO2,283.3814169230623,0.0,163.3683697781131,600.7753159507447,3.125675467637482e-67,0.0,16696.374630424023,135196974.63042402,998.4304381243069,551.0,True,Jeans,False,CO2,10_M_earth,1000_F_earth
CO2_atmosphere_10_M_earth_1000_F_earth.csv,1000,3.3216525710936105,CO2,283.3814169230623,0.0,156.26539717906473,614.2775707314278,3.717005424665822e-64,0.0,16696.374630424023,135196974.63042402,998.4304381243069,551.0,True,Jeans,False,CO2,10_M_earth,1000_F_earth
CO2_atmosphere_10_M_earth_1000_F_earth.csv,1000,3.3216525710936105,N2,283.3814169230623,0.0,99.44161638667755,770.0376867345749,1.4186506896088172e-39,0.0,16696.374630424023,135196974.63042402,998.4304381243069,551.0,True,Jeans,False,CO2,10_M_earth,1000_F_earth
CO2_atmosphere_10_M_earth_1000_F_earth.csv,1000,3.3216525710936105,H2,283.3814169230623,0.0,7.102972599048396,2881.2171986647404,5.417933022906286,0.0,16696.374630424023,135196974.63042402,998.4304381243069,551.0,True,Jeans,False,CO2,10_M_earth,1000_F_earth
CO2_atmosphere_10_M_earth_1000_F_earth.csv,1000,3.3216525710936105,NO,283.3814169230623,0.0,106.54458898572594,743.9270818156618,1.2072214070060459e-42,0.0,16696.374630424023,135196974.63042402,998.4304381243069,551.0,True,Jeans,False,CO2,10_M_earth,1000_F_earth
CO2_atmosphere_10_M_earth_1000_F_earth.csv,1000,3.3216525710936105,OH,283.3814169230623,0.0,60.37526709191137,988.2493461185315,1.0294604282385104e-22,0.0,16696.374630424023,135196974.63042402,998.4304381243069,551.0,True,Jeans,False,CO2,10_M_earth,1000_F_earth
CO2_atmosphere_10_M_earth_1000_F_earth.csv,1000,3.3216525710936105,H,283.3814169230623,283.38141692305936,3.551486299524198,4074.656438494292,150.05428496565307,9902846624.803247,16696.374630424023,135196974.63042402,998.4304381243069,551.0,True,Jeans,False,CO2,10_M_earth,1000_F_earth
CO2_atmosphere_10_M_earth_1000_F_earth.csv,1000,3.3216525710936105,CH4,283.3814169230623,0.0,56.82378079238717,1018.664109623573,3.485604587291007e-21,0.0,16696.374630424023,135196974.63042402,998.4304381243069,551.0,True,Jeans,False,CO2,10_M_earth,1000_F_earth
CO2_atmosphere_10_M_earth_1000_F_earth.csv,1000,3.3216525710936105,H2O,283.3814169230623,0.0,63.92675339143557,960.4057328882468,3.0355490496670837e-24,0.0,16696.374630424023,135196974.63042402,998.4304381243069,551.0,True,Jeans,False,CO2,10_M_earth,1000_F_earth
CO2_atmosphere_10_M_earth_1000_F_earth.csv,1000,3.3216525710936105,O2,283.3814169230623,0.0,113.64756158477434,720.3042996661851,1.0251018549735352e-45,0.0,16696.374630424023,135196974.63042402,998.4304381243069,551.0,True,Jeans,False,CO2,10_M_earth,1000_F_earth
CO2_atmosphere_10_M_earth_1000_F_earth.csv,1000,3.3216525710936105,N2O,283.3814169230623,0.0,156.26539717906473,614.2775707314278,3.717005424665822e-64,0.0,16696.374630424023,135196974.63042402,998.4304381243069,551.0,True,Jeans,False,CO2,10_M_earth,1000_F_earth
CO2_atmosphere_10_M_earth_1000_F_earth.csv,1000,3.3216525710936105,CO,283.3814169230623,0.0,99.44161638667755,770.0376867345749,1.4186506896088172e-39,0.0,16696.374630424023,135196974.63042402,998.4304381243069,551.0,True,Jeans,False,CO2,10_M_earth,1000_F_earth
CO2_atmosphere_10_M_earth_1000_F_earth.csv,1000,3.3216525710936105,S,283.3814169230623,3.4616810580317976e-45,113.64756158477434,720.3042996661851,1.0251018549735352e-45,553359207.8072705,16696.374630424023,135196974.63042402,998.4304381243069,551.0,True,Jeans,False,CO2,10_M_earth,1000_F_earth
CO2_atmosphere_10_M_earth_1000_F_earth.csv,1000,3.3216525710936105,NH3,283.3814169230623,0.0,60.37526709191137,988.2493461185315,1.0294604282385104e-22,0.0,16696.374630424023,135196974.63042402,998.4304381243069,551.0,True,Jeans,False,CO2,10_M_earth,1000_F_earth
CO2_atmosphere_10_M_earth_1000_F_earth.csv,1000,3.3216525710936105,N,283.3814169230623,4.196238095289632e-18,49.720808193338776,1088.9977401184406,3.973155634959073e-18,395579335.0190235,16696.374630424023,135196974.63042402,998.4304381243069,551.0,True,Jeans,False,CO2,10_M_earth,1000_F_earth
CO2_atmosphere_10_M_earth_1000_F_earth.csv,1000,3.3216525710936105,C,283.3814169230623,2.9556050645432114e-12,42.617835594290376,1176.2519958099608,4.486097655286377e-15,287894600528.69934,16696.374630424023,135196974.63042402,998.4304381243069,551.0,True,Jeans,False,CO2,10_M_earth,1000_F_earth
CO2_atmosphere_10_M_earth_1000_F_earth.csv,2000,8.935608530491193,S2,762.1944816566039,0.0,108.68550796114762,720.2962326623294,1.4013257155236921e-43,0.0,22871.979921859325,141372579.92185932,1996.8161490570888,556.0,True,Jeans,False,CO2,10_M_earth,1000_F_earth
CO2_atmosphere_10_M_earth_1000_F_earth.csv,2000,8.935608530491193,H2S,762.1944816566039,0.0,57.73917610435967,988.2382782805508,1.3752416561161278e-21,0.0,22871.979921859325,141372579.92185932,1996.8161490570888,556.0,True,Jeans,False,CO2,10_M_earth,1000_F_earth
CO2_atmosphere_10_M_earth_1000_F_earth.csv,2000,8.935608530491193,SO2,762.1944816566039,0.0,108.68550796114762,720.2962326623294,1.4013257155236921e-43,0.0,22871.979921859325,141372579.92185932,1996.8161490570888,556.0,True,Jeans,False,CO2,10_M_earth,1000_F_earth
CO2_atmosphere_10_M_earth_1000_F_earth.csv,2000,8.935608530491193,O,762.1944816566039,1.518836979587646e-05,27.171376990286905,1440.5924653246589,1.8128638538042174e-08,251111531363.2877,22871.979921859325,141372579.92185932,1996.8161490570888,556.0,True,Jeans,False,CO2,10_M_earth,1000_F_earth
CO2_atmosphere_10_M_earth_1000_F_earth.csv,2000,8.935608530491193,NO2,762.1944816566039,0.0,78.11770884707485,849.6150844378941,2.248024775927558e-30,0.0,22871.979921859325,141372579.92185932,1996.8161490570888,556.0,True,Jeans,False,CO2,10_M_earth,1000_F_earth
CO2_atmosphere_10_M_earth_1000_F_earth.csv,2000,8.935608530491193,CO2,762.1944816566039,0.0,74.721286723289,868.7099424172665,6.568184455967177e-29,0.0,22871.979921859325,141372579.92185932,1996.8161490570888,556.0,True,Jeans,False,CO2,10_M_earth,1000_F_earth
CO2_atmosphere_10_M_earth_1000_F_earth.csv,2000,8.935608530491193,N2,762.1944816566039,0.0,47.54990973300208,1088.9855439549963,3.333820381588842e-17,0.0,22871.979921859325,141372579.92185932,1996.8161490570888,556.0,True,Jeans,False,CO2,10_M_earth,1000_F_earth
CO2_atmosphere_10_M_earth_1000_F_earth.csv,2000,8.935608530491193,H2,762.1944816566039,0.0,3.396422123785863,4074.6108046292507,169.25176197526739,0.0,22871.979921859325,141372579.92185932,1996.8161490570888,556.0,True,Jeans,False,CO2,10_M_earth,1000_F_earth
CO2_atmosphere_10_M_earth_1000_F_earth.csv,2000,8.935608530491193,NO,762.1944816566039,0.0,50.94633185678794,1052.0599859070594,1.1541962474307111e-18,0.0,22871.979921859325,141372579.92185932,1996.8161490570888,556.0,True,Jeans,False,CO2,10_M_earth,1000_F_earth
CO2_atmosphere_10_M_earth_1000_F_earth.csv,2000,8.935608530491193,OH,762.1944816566039,0.0,28.869588052179836,1397.5799760005918,3.4127005682323277e-09,0.0,22871.979921859325,141372579.92185932,1996.8161490570888,556.0,True,Jeans,False,CO2,10_M_earth,1000_F_earth
CO2_atmosphere_10_M_earth_1000_F_earth.csv,2000,8.935608530491193,H,762.1944816566039,762.1897751642397,1.6982110618929316,5762.369861298635,802.691055208071,4553605064.28553,22871.979921859325,141372579.92185932,1996.8161490570888,556.0,True,Jeans,False,CO2,10_M_earth,1000_F_earth
CO2_atmosphere_10_M_earth_1000_F_earth.csv,2000,8.935608530491193,CH4,762.1944816566039,0.0,27.171376990286905,1440.5924653246589,1.8128638538042174e-08,0.0,22871.979921859325,141372579.92185932,1996.8161490570888,556.0,True,Jeans,False,CO2,10_M_earth,1000_F_earth
CO2_atmosphere_10_M_earth_1000_F_earth.csv,2000,8.935608530491193,H2O,762.1944816566039,0.0,30.567799114072766,1358.2036015430836,6.414720981543529e-10,0.0,22871.979921859325,141372579.92185932,1996.8161490570888,556.0,True,Jeans,False,CO2,10_M_earth,1000_F_earth
CO2_atmosphere_10_M_earth_1000_F_earth.csv,2000,8.935608530491193,O2,762.1944816566039,0.0,54.34275398057381,1018.6527011573127,3.9877120509074303e-20,0.0,22871.979921859325,141372579.92185932,1996.8161490570888,556.0,True,Jeans,False,CO2,10_M_earth,1000_F_earth
CO2_atmosphere_10_M_earth_1000_F_earth.csv,2000,8.935608530491193,N2O,762.1944816566039,0.0,74.721286723289,868.7099424172665,6.568184455967177e-29,0.0,22871.979921859325,141372579.92185932,1996.8161490570888,556.0,True,Jeans,False,CO2,10_M_earth,1000_F_earth
CO2_atmosphere_10_M_earth_1000_F_earth.csv,2000,8.935608530491193,CO,762.1944816566039,0.0,47.54990973300208,1088.9855439549963,3.333820381588842e-17,0.0,22871.979921859325,141372579.92185932,1996.8161490570888,556.0,True,Jeans,False,CO2,10_M_earth,1000_F_earth
CO2_atmosphere_10_M_earth_1000_F_earth.csv,2000,8.935608530491193,S,762.1944816566039,6.770730883130918e-20,54.34275398057381,1018.6527011573127,3.9877120509074303e-20,254449996.70387998,22871.979921859325,141372579.92185932,1996.8161490570888,556.0,True,Jeans,False,CO2,10_M_earth,1000_F_earth
CO2_atmosphere_10_M_earth_1000_F_earth.csv,2000,8.935608530491193,NH3,762.1944816566039,0.0,28.869588052179836,1397.5799760005918,3.4127005682323277e-09,0.0,22871.979921859325,141372579.92185932,1996.8161490570888,556.0,True,Jeans,False,CO2,10_M_earth,1000_F_earth
CO2_atmosphere_10_M_earth_1000_F_earth.csv,2000,8.935608530491193,N,762.1944816566039,2.702275478831252e-07,23.77495486650104,1540.058125489398,5.088776141668348e-07,181898410.7819721,22871.979921859325,141372579.92185932,1996.8161490570888,556.0,True,Jeans,False,CO2,10_M_earth,1000_F_earth
CO2_atmosphere_10_M_earth_1000_F_earth.csv,2000,8.935608530491193,C,762.1944816566039,0.004691033766835855,20.378532742715176,1663.452895295477,1.4161170480155184e-05,132381966581.6536,22871.979921859325,141372579.92185932,1996.8161490570888,556.0,True,Jeans,False,CO2,10_M_earth,1000_F_earth
CO2_atmosphere_10_M_earth_1000_F_earth.csv,3000,11.919233524656988,S2,895.9268397958596,0.0,69.35315571030097,882.2056356705438,1.3290938573247568e-26,0.0,29190.12652902624,147690726.52902624,2995.4043027743883,561.0,True,Jeans,False,CO2,10_M_earth,1000_F_earth
CO2_atmosphere_10_M_earth_1000_F_earth.csv,3000,11.919233524656988,H2S,895.9268397958596,0.0,36.84386397109739,1210.3761465779671,1.2889144196651713e-12,0.0,29190.12652902624,147690726.52902624,2995.4043027743883,561.0,True,Jeans,False,CO2,10_M_earth,1000_F_earth
CO2_atmosphere_10_M_earth_1000_F_earth.csv,3000,11.919233524656988,SO2,895.9268397958596,0.0,69.35315571030097,882.2056356705438,1.3290938573247568e-26,0.0,29190.12652902624,147690726.52902624,2995.4043027743883,561.0,True,Jeans,False,CO2,10_M_earth,1000_F_earth
CO2_atmosphere_10_M_earth_1000_F_earth.csv,3000,11.919233524656988,O,895.9268397958596,0.15102566701859074,17.338288927575242,1764.4112713410875,0.0002694204117343958,153944743416.66827,29190.12652902624,147690726.52902624,2995.4043027743883,561.0,True,Jeans,False,CO2,10_M_earth,1000_F_earth
CO2_atmosphere_10_M_earth_1000_F_earth.csv,3000,11.919233524656988,NO2,895.9268397958596,0.0,49.847580666778825,1040.5929972331157,3.35287251785339e-18,0.0,29190.12652902624,147690726.52902624,2995.4043027743883,561.0,True,Jeans,False,CO2,10_M_earth,1000_F_earth
CO2_atmosphere_10_M_earth_1000_F_earth.csv,3000,11.919233524656988,CO2,895.9268397958596,0.0,47.68029455083192,1063.9800296204253,2.8667704746174315e-17,0.0,29190.12652902624,147690726.52902624,2995.4043027743883,561.0,True,Jeans,False,CO2,10_M_earth,1000_F_earth
CO2_atmosphere_10_M_earth_1000_F_earth.csv,3000,11.919233524656988,N2,895.9268397958596,0.0,30.342005623256675,1333.7695526879495,7.838573577467691e-10,0.0,29190.12652902624,147690726.52902624,2995.4043027743883,561.0,True,Jeans,False,CO2,10_M_earth,1000_F_earth
CO2_atmosphere_10_M_earth_1000_F_earth.csv,3000,11.919233524656988,H2,895.9268397958596,0.0,2.1672861159469052,4990.508699069042,510.48946164538364,0.0,29190.12652902624,147690726.52902624,2995.4043027743883,561.0,True,Jeans,False,CO2,10_M_earth,1000_F_earth
CO2_atmosphere_10_M_earth_1000_F_earth.csv,3000,11.919233524656988,NO,895.9268397958596,0.0,32.509291739203576,1288.5438053731762,9.269439859468306e-11,0.0,29190.12652902624,147690726.52902624,2995.4043027743883,561.0,True,Jeans,False,CO2,10_M_earth,1000_F_earth
CO2_atmosphere_10_M_earth_1000_F_earth.csv,3000,11.919233524656988,OH,895.9268397958596,0.0,18.421931985548696,1711.7303620634464,9.366545425372039e-05,0.0,29190.12652902624,147690726.52902624,2995.4043027743883,561.0,True,Jeans,False,CO2,10_M_earth,1000_F_earth
CO2_atmosphere_10_M_earth_1000_F_earth.csv,3000,11.919233524656988,H,895.9268397958596,891.757960801978,1.0836430579734526,7057.64508536435,1403.647336115024,2791602438.3130474,29190.12652902624,147690726.52902624,2995.4043027743883,561.0,False,hydrodynamic_candidate,False,CO2,10_M_earth,1000_F_earth
CO2_atmosphere_10_M_earth_1000_F_earth.csv,3000,11.919233524656988,CH4,895.9268397958596,0.0,17.338288927575242,1764.4112713410875,0.0002694204117343958,0.0,29190.12652902624,147690726.52902624,2995.4043027743883,561.0,True,Jeans,False,CO2,10_M_earth,1000_F_earth
CO2_atmosphere_10_M_earth_1000_F_earth.csv,3000,11.919233524656988,H2O,895.9268397958596,0.0,19.505575043522146,1663.5028996896808,3.2518235752490734e-05,0.0,29190.12652902624,147690726.52902624,2995.4043027743883,561.0,True,Jeans,False,CO2,10_M_earth,1000_F_earth
CO2_atmosphere_10_M_earth_1000_F_earth.csv,3000,11.919233524656988,O2,895.9268397958596,0.0,34.676577855150484,1247.6271747672606,1.0939983561689523e-11,0.0,29190.12652902624,147690726.52902624,2995.4043027743883,561.0,True,Jeans,False,CO2,10_M_earth,1000_F_earth
CO2_atmosphere_10_M_earth_1000_F_earth.csv,3000,11.919233524656988,N2O,895.9268397958596,0.0,47.68029455083192,1063.9800296204253,2.8667704746174315e-17,0.0,29190.12652902624,147690726.52902624,2995.4043027743883,561.0,True,Jeans,False,CO2,10_M_earth,1000_F_earth
CO2_atmosphere_10_M_earth_1000_F_earth.csv,3000,11.919233524656988,CO,895.9268397958596,0.0,30.342005623256675,1333.7695526879495,7.838573577467691e-10,0.0,29190.12652902624,147690726.52902624,2995.4043027743883,561.0,True,Jeans,False,CO2,10_M_earth,1000_F_earth
CO2_atmosphere_10_M_earth_1000_F_earth.csv,3000,11.919233524656988,S,895.9268397958596,1.242804236894916e-11,34.676577855150484,1247.6271747672606,1.0939983561689523e-11,155991400.4836406,29190.12652902624,147690726.52902624,2995.4043027743883,561.0,True,Jeans,False,CO2,10_M_earth,1000_F_earth
CO2_atmosphere_10_M_earth_1000_F_earth.csv,3000,11.919233524656988,NH3,895.9268397958596,0.0,18.421931985548696,1711.7303620634464,9.366545425372039e-05,0.0,29190.12652902624,147690726.52902624,2995.4043027743883,561.0,True,Jeans,False,CO2,10_M_earth,1000_F_earth
CO2_atmosphere_10_M_earth_1000_F_earth.csv,3000,11.919233524656988,N,895.9268397958596,0.0007881984559205247,15.171002811628338,1886.2349904915948,0.002218426331981455,111513414.0742385,29190.12652902624,147690726.52902624,2995.4043027743883,561.0,True,Jeans,False,CO2,10_M_earth,1000_F_earth
CO2_atmosphere_10_M_earth_1000_F_earth.csv,3000,11.919233524656988,C,895.9268397958596,4.017065128394608,13.003716695681431,2037.3666449399736,0.018124463949402453,81157196436.84227,29190.12652902624,147690726.52902624,2995.4043027743883,561.0,True,Jeans,False,CO2,10_M_earth,1000_F_earth
CO2_atmosphere_10_M_earth_1000_F_earth.csv,4000,52.79074145016504,S2,1008.7536504601253,0.0,49.831057861538206,1018.7220687806536,3.3360033173291648e-18,0.0,35650.83566386682,154151435.66386682,3994.1762287652737,566.0,True,Jeans,False,CO2,10_M_earth,1000_F_earth
CO2_atmosphere_10_M_earth_1000_F_earth.csv,4000,52.79074145016504,H2S,1008.7536504601253,0.0,26.472749488942174,1397.6751475946533,3.4493273590148806e-08,0.0,35650.83566386682,154151435.66386682,3994.1762287652737,566.0,True,Jeans,False,CO2,10_M_earth,1000_F_earth
CO2_atmosphere_10_M_earth_1000_F_earth.csv,4000,52.79074145016504,SO2,1008.7536504601253,0.0,49.831057861538206,1018.7220687806536,3.3360033173291648e-18,0.0,35650.83566386682,154151435.66386682,3994.1762287652737,566.0,True,Jeans,False,CO2,10_M_earth,1000_F_earth
CO2_atmosphere_10_M_earth_1000_F_earth.csv,4000,52.79074145016504,O,1008.7536504601253,12.663918330161941,12.457764465384551,2037.4441375613071,0.0300687474259375,106171674591.07295,35650.83566386682,154151435.66386682,3994.1762287652737,566.0,True,Jeans,False,CO2,10_M_earth,1000_F_earth
CO2_atmosphere_10_M_earth_1000_F_earth.csv,4000,52.79074145016504,NO2,1008.7536504601253,0.0,35.816072837980585,1201.6189967934658,3.4791769481236595e-12,0.0,35650.83566386682,154151435.66386682,3994.1762287652737,566.0,True,Jeans,False,CO2,10_M_earth,1000_F_earth
CO2_atmosphere_10_M_earth_1000_F_earth.csv,4000,52.79074145016504,CO2,1008.7536504601253,0.0,34.25885227980752,1228.6250428363833,1.6167843664653797e-11,0.0,35650.83566386682,154151435.66386682,3994.1762287652737,566.0,True,Jeans,False,CO2,10_M_earth,1000_F_earth
CO2_atmosphere_10_M_earth_1000_F_earth.csv,4000,52.79074145016504,N2,1008.7536504601253,0.0,21.801087814422967,1540.162999478198,3.371515679092499e-06,0.0,35650.83566386682,154151435.66386682,3994.1762287652737,566.0,True,Jeans,False,CO2,10_M_earth,1000_F_earth
CO2_atmosphere_10_M_earth_1000_F_earth.csv,4000,52.79074145016504,H2,1008.7536504601253,0.0,1.557220558173069,5762.762263833509,875.9950725529625,0.0,35650.83566386682,154151435.66386682,3994.1762287652737,566.0,True,Jeans,False,CO2,10_M_earth,1000_F_earth
CO2_atmosphere_10_M_earth_1000_F_earth.csv,4000,52.79074145016504,NO,1008.7536504601253,0.0,23.35830837259603,1487.9388183986487,7.332344028283058e-07,0.0,35650.83566386682,154151435.66386682,3994.1762287652737,566.0,True,Jeans,False,CO2,10_M_earth,1000_F_earth
CO2_atmosphere_10_M_earth_1000_F_earth.csv,4000,52.79074145016504,OH,1008.7536504601253,0.0,13.236374744471087,1976.611149520176,0.014165477162408251,0.0,35650.83566386682,154151435.66386682,3994.1762287652737,566.0,True,Jeans,False,CO2,10_M_earth,1000_F_earth
CO2_atmosphere_10_M_earth_1000_F_earth.csv,4000,52.79074145016504,H,1008.7536504601253,895.9770917881573,0.7786102790865345,8149.7765502452285,1877.0481772647258,1925295395.5433805,35650.83566386682,154151435.66386682,3994.1762287652737,566.0,False,hydrodynamic_candidate,False,CO2,10_M_earth,1000_F_earth
CO2_atmosphere_10_M_earth_1000_F_earth.csv,4000,52.79074145016504,CH4,1008.7536504601253,0.0,12.457764465384551,2037.4441375613071,0.0300687474259375,0.0,35650.83566386682,154151435.66386682,3994.1762287652737,566.0,True,Jeans,False,CO2,10_M_earth,1000_F_earth
CO2_atmosphere_10_M_earth_1000_F_earth.csv,4000,52.79074145016504,H2O,1008.7536504601253,0.0,14.01498502355762,1920.9207546111695,0.00666497861921471,0.0,35650.83566386682,154151435.66386682,3994.1762287652737,566.0,True,Jeans,False,CO2,10_M_earth,1000_F_earth
CO2_atmosphere_10_M_earth_1000_F_earth.csv,4000,52.79074145016504,O2,1008.7536504601253,0.0,24.915528930769103,1440.6905659583772,1.5916557007602646e-07,0.0,35650.83566386682,154151435.66386682,3994.1762287652737,566.0,True,Jeans,False,CO2,10_M_earth,1000_F_earth
CO2_atmosphere_10_M_earth_1000_F_earth.csv,4000,52.79074145016504,N2O,1008.7536504601253,0.0,34.25885227980752,1228.6250428363833,1.6167843664653797e-11,0.0,35650.83566386682,154151435.66386682,3994.1762287652737,566.0,True,Jeans,False,CO2,10_M_earth,1000_F_earth
CO2_atmosphere_10_M_earth_1000_F_earth.csv,4000,52.79074145016504,CO,1008.7536504601253,0.0,21.801087814422967,1540.162999478198,3.371515679092499e-06,0.0,35650.83566386682,154151435.66386682,3994.1762287652737,566.0,True,Jeans,False,CO2,10_M_earth,1000_F_earth
CO2_atmosphere_10_M_earth_1000_F_earth.csv,4000,52.79074145016504,S,1008.7536504601253,1.3585251469441993e-07,24.915528930769103,1440.6905659583772,1.5916557007602646e-07,107583200.59249003,35650.83566386682,154151435.66386682,3994.1762287652737,566.0,True,Jeans,False,CO2,10_M_earth,1000_F_earth
CO2_atmosphere_10_M_earth_1000_F_earth.csv,4000,52.79074145016504,NH3,1008.7536504601253,0.0,13.236374744471087,1976.611149520176,0.014165477162408251,0.0,35650.83566386682,154151435.66386682,3994.1762287652737,566.0,True,Jeans,False,CO2,10_M_earth,1000_F_earth
CO2_atmosphere_10_M_earth_1000_F_earth.csv,4000,52.79074145016504,N,1008.7536504601253,0.036009787556258686,10.900543907211484,2178.1194021272936,0.13489550986580076,76907893.37044488,35650.83566386682,154151435.66386682,3994.1762287652737,566.0,True,Jeans,False,CO2,10_M_earth,1000_F_earth
CO2_atmosphere_10_M_earth_1000_F_earth.csv,4000,52.79074145016504,C,1008.7536504601253,100.0766304183974,9.343323349038414,2352.6378425596913,0.6009750952231948,55972001768.80639,35650.83566386682,154151435.66386682,3994.1762287652737,566.0,True,Jeans,False,CO2,10_M_earth,1000_F_earth
CO2_atmosphere_10_M_earth_1000_F_earth.csv,5000,326.9519985672471,S2,1647.8636759501442,0.0,38.22430538082585,1139.0108941106384,3.1613552824996496e-13,0.0,42254.12680772749,160754726.8077275,4993.114779769556,571.0,True,Jeans,False,CO2,10_M_earth,1000_F_earth
CO2_atmosphere_10_M_earth_1000_F_earth.csv,5000,326.9519985672471,H2S,1647.8636759501442,0.0,20.30666223356373,1562.7100544150276,1.4246807022978425e-05,0.0,42254.12680772749,160754726.8077275,4993.114779769556,571.0,True,Jeans,False,CO2,10_M_earth,1000_F_earth
CO2_atmosphere_10_M_earth_1000_F_earth.csv,5000,326.9519985672471,SO2,1647.8636759501442,0.0,38.22430538082585,1139.0108941106384,3.1613552824996496e-13,0.0,42254.12680772749,160754726.8077275,4993.114779769556,571.0,True,Jeans,False,CO2,10_M_earth,1000_F_earth
CO2_atmosphere_10_M_earth_1000_F_earth.csv,5000,326.9519985672471,O,1647.8636759501442,161.75607796256236,9.556076345206462,2278.021788221277,0.48006963672703595,78105194271.40297,42254.12680772749,160754726.8077275,4993.114779769556,571.0,True,Jeans,False,CO2,10_M_earth,1000_F_earth
CO2_atmosphere_10_M_earth_1000_F_earth.csv,5000,326.9519985672471,NO2,1647.8636759501442,0.0,27.47371949246858,1343.5039544752874,1.2629711974634376e-08,0.0,42254.12680772749,160754726.8077275,4993.114779769556,571.0,True,Jeans,False,CO2,10_M_earth,1000_F_earth
CO2_atmosphere_10_M_earth_1000_F_earth.csv,5000,326.9519985672471,CO2,1647.8636759501442,0.0,26.279209949317774,1373.6988246880774,4.085098316272342e-08,0.0,42254.12680772749,160754726.8077275,4993.114779769556,571.0,True,Jeans,False,CO2,10_M_earth,1000_F_earth
CO2_atmosphere_10_M_earth_1000_F_earth.csv,5000,326.9519985672471,N2,1647.8636759501442,0.0,16.72313360411131,1722.0226093771848,0.0004701211439107708,0.0,42254.12680772749,160754726.8077275,4993.114779769556,571.0,True,Jeans,False,CO2,10_M_earth,1000_F_earth
CO2_atmosphere_10_M_earth_1000_F_earth.csv,5000,326.9519985672471,H2,1647.8636759501442,0.0,1.1945095431508077,6443.218616567881,1207.9988078286551,0.0,42254.12680772749,160754726.8077275,4993.114779769556,571.0,False,hydrodynamic_candidate,False,CO2,10_M_earth,1000_F_earth
CO2_atmosphere_10_M_earth_1000_F_earth.csv,5000,326.9519985672471,NO,1647.8636759501442,0.0,17.917643147262115,1663.6318931960664,0.0001468201917313673,0.0,42254.12680772749,160754726.8077275,4993.114779769556,571.0,True,Jeans,False,CO2,10_M_earth,1000_F_earth
CO2_atmosphere_10_M_earth_1000_F_earth.csv,5000,326.9519985672471,OH,1647.8636759501442,0.0,10.153331116781866,2210.005753010529,0.2708054440863702,0.0,42254.12680772749,160754726.8077275,4993.114779769556,571.0,True,Jeans,False,CO2,10_M_earth,1000_F_earth
CO2_atmosphere_10_M_earth_1000_F_earth.csv,5000,326.9519985672471,H,1647.8636759501442,862.835027251127,0.5972547715754039,9112.087152885108,2259.449689770175,1416343591.432786,42254.12680772749,160754726.8077275,4993.114779769556,571.0,False,hydrodynamic_candidate,False,CO2,10_M_earth,1000_F_earth
CO2_atmosphere_10_M_earth_1000_F_earth.csv,5000,326.9519985672471,CH4,1647.8636759501442,0.0,9.556076345206462,2278.021788221277,0.48006963672703595,0.0,42254.12680772749,160754726.8077275,4993.114779769556,571.0,True,Jeans,False,CO2,10_M_earth,1000_F_earth
CO2_atmosphere_10_M_earth_1000_F_earth.csv,5000,326.9519985672471,H2O,1647.8636759501442,0.0,10.75058588835727,2147.7395388559603,0.15258648653106088,0.0,42254.12680772749,160754726.8077275,4993.114779769556,571.0,True,Jeans,False,CO2,10_M_earth,1000_F_earth
CO2_atmosphere_10_M_earth_1000_F_earth.csv,5000,326.9519985672471,O2,1647.8636759501442,0.0,19.112152690412923,1610.8046541419703,4.5771384633676844e-05,0.0,42254.12680772749,160754726.8077275,4993.114779769556,571.0,True,Jeans,False,CO2,10_M_earth,1000_F_earth
CO2_atmosphere_10_M_earth_1000_F_earth.csv,5000,326.9519985672471,N2O,1647.8636759501442,0.0,26.279209949317774,1373.6988246880774,4.085098316272342e-08,0.0,42254.12680772749,160754726.8077275,4993.114779769556,571.0,True,Jeans,False,CO2,10_M_earth,1000_F_earth
CO2_atmosphere_10_M_earth_1000_F_earth.csv,5000,326.9519985672471,CO,1647.8636759501442,0.0,16.72313360411131,1722.0226093771848,0.0004701211439107708,0.0,42254.12680772749,160754726.8077275,4993.114779769556,571.0,True,Jeans,False,CO2,10_M_earth,1000_F_earth
CO2_atmosphere_10_M_earth_1000_F_earth.csv,5000,326.9519985672471,S,1647.8636759501442,3.125476290091763e-05,19.112152690412923,1610.8046541419703,4.5771384633676844e-05,79143583.39905347,42254.12680772749,160754726.8077275,4993.114779769556,571.0,True,Jeans,False,CO2,10_M_earth,1000_F_earth
CO2_atmosphere_10_M_earth_1000_F_earth.csv,5000,326.9519985672471,NH3,1647.8636759501442,0.0,10.153331116781866,2210.005753010529,0.2708054440863702,0.0,42254.12680772749,160754726.8077275,4993.114779769556,571.0,True,Jeans,False,CO2,10_M_earth,1000_F_earth
CO2_atmosphere_10_M_earth_1000_F_earth.csv,5000,326.9519985672471,N,1647.8636759501442,0.3209532695660486,8.361566802055656,2435.3077288943214,1.5028482624544295,56577293.10420061,42254.12680772749,160754726.8077275,4993.114779769556,571.0,True,Jeans,False,CO2,10_M_earth,1000_F_earth
CO2_atmosphere_10_M_earth_1000_F_earth.csv,5000,326.9519985672471,C,1647.8636759501442,622.9515862121258,7.167057258904847,2630.432985298774,4.67599987924351,41175804080.98331,42254.12680772749,160754726.8077275,4993.114779769556,571.0,True,Jeans,False,CO2,10_M_earth,1000_F_earth
CO2_atmosphere_10_M_earth_1000_F_earth.csv,6000,1208.608475813563,S2,3605.8307026734556,0.0,30.568342044794637,1247.7724889985104,5.890063495853287e-10,0.0,49000.01784347451,167500617.8434745,5992.204215490964,576.0,True,Jeans,False,CO2,10_M_earth,1000_F_earth
CO2_atmosphere_10_M_earth_1000_F_earth.csv,6000,1208.608475813563,H2S,3605.8307026734556,0.0,16.23943171129715,1711.9297315439296,0.0007374088856448208,0.0,49000.01784347451,167500617.8434745,5992.204215490964,576.0,True,Jeans,False,CO2,10_M_earth,1000_F_earth
CO2_atmosphere_10_M_earth_1000_F_earth.csv,6000,1208.608475813563,SO2,3605.8307026734556,0.0,30.568342044794637,1247.7724889985104,5.890063495853287e-10,0.0,49000.01784347451,167500617.8434745,5992.204215490964,576.0,True,Jeans,False,CO2,10_M_earth,1000_F_earth
CO2_atmosphere_10_M_earth_1000_F_earth.csv,6000,1208.608475813563,O,3605.8307026734556,818.3247267941961,7.642085511198659,2495.544977997021,2.9191973840038443,59852243934.57645,49000.01784347451,167500617.8434745,5992.204215490964,576.0,True,Jeans,False,CO2,10_M_earth,1000_F_earth
CO2_atmosphere_10_M_earth_1000_F_earth.csv,6000,1208.608475813563,NO2,3605.8307026734556,0.0,21.970995844696144,1471.7921329136418,2.7386662585913814e-06,0.0,49000.01784347451,167500617.8434745,5992.204215490964,576.0,True,Jeans,False,CO2,10_M_earth,1000_F_earth
CO2_atmosphere_10_M_earth_1000_F_earth.csv,6000,1208.608475813563,CO2,3605.8307026734556,0.0,21.015735155796314,1504.8702435403343,6.976048697397127e-06,0.0,49000.01784347451,167500617.8434745,5992.204215490964,576.0,True,Jeans,False,CO2,10_M_earth,1000_F_earth
CO2_atmosphere_10_M_earth_1000_F_earth.csv,6000,1208.608475813563,N2,3605.8307026734556,0.0,13.373649644597654,1886.4546849589349,0.011898884709381474,0.0,49000.01784347451,167500617.8434745,5992.204215490964,576.0,True,Jeans,False,CO2,10_M_earth,1000_F_earth
CO2_atmosphere_10_M_earth_1000_F_earth.csv,6000,1208.608475813563,H2,3605.8307026734556,0.0,0.9552606888998324,7058.467106790908,1497.7719259227165,0.0,49000.01784347451,167500617.8434745,5992.204215490964,576.0,False,hydrodynamic_candidate,False,CO2,10_M_earth,1000_F_earth
CO2_atmosphere_10_M_earth_1000_F_earth.csv,6000,1208.608475813563,NO,3605.8307026734556,0.0,14.328910333497486,1822.488370290269,0.004716332639231014,0.0,49000.01784347451,167500617.8434745,5992.204215490964,576.0,True,Jeans,False,CO2,10_M_earth,1000_F_earth
CO2_atmosphere_10_M_earth_1000_F_earth.csv,6000,1208.608475813563,OH,3605.8307026734556,0.0,8.119715855648575,2421.0342441791568,1.8536576026885798,0.0,49000.01784347451,167500617.8434745,5992.204215490964,576.0,True,Jeans,False,CO2,10_M_earth,1000_F_earth
CO2_atmosphere_10_M_earth_1000_F_earth.csv,6000,1208.608475813563,H,3605.8307026734556,819.9454767199182,0.4776303444499162,9982.179911988083,2580.7981526739213,1085348329.5239296,49000.01784347451,167500617.8434745,5992.204215490964,576.0,False,hydrodynamic_candidate,False,CO2,10_M_earth,1000_F_earth
CO2_atmosphere_10_M_earth_1000_F_earth.csv,6000,1208.608475813563,CH4,3605.8307026734556,0.0,7.642085511198659,2495.544977997021,2.9191973840038443,0.0,49000.01784347451,167500617.8434745,5992.204215490964,576.0,True,Jeans,False,CO2,10_M_earth,1000_F_earth
CO2_atmosphere_10_M_earth_1000_F_earth.csv,6000,1208.608475813563,H2O,3605.8307026734556,0.0,8.59734620009849,2352.822368930302,1.1758592932786993,0.0,49000.01784347451,167500617.8434745,5992.204215490964,576.0,True,Jeans,False,CO2,10_M_earth,1000_F_earth
CO2_atmosphere_10_M_earth_1000_F_earth.csv,6000,1208.608475813563,O2,3605.8307026734556,0.0,15.284171022397318,1764.616776697727,0.0018662937051080659,0.0,49000.01784347451,167500617.8434745,5992.204215490964,576.0,True,Jeans,False,CO2,10_M_earth,1000_F_earth
CO2_atmosphere_10_M_earth_1000_F_earth.csv,6000,1208.608475813563,N2O,3605.8307026734556,0.0,21.015735155796314,1504.8702435403343,6.976048697397127e-06,0.0,49000.01784347451,167500617.8434745,5992.204215490964,576.0,True,Jeans,False,CO2,10_M_earth,1000_F_earth
CO2_atmosphere_10_M_earth_1000_F_earth.csv,6000,1208.608475813563,CO,3605.8307026734556,0.0,13.373649644597654,1886.4546849589349,0.011898884709381474,0.0,49000.01784347451,167500617.8434745,5992.204215490964,576.0,True,Jeans,False,CO2,10_M_earth,1000_F_earth
CO2_atmosphere_10_M_earth_1000_F_earth.csv,6000,1208.608475813563,S,3605.8307026734556,0.00106024929642511,15.284171022397318,1764.616776697727,0.0018662937051080659,60647964.62827563,49000.01784347451,167500617.8434745,5992.204215490964,576.0,True,Jeans,False,CO2,10_M_earth,1000_F_earth
CO2_atmosphere_10_M_earth_1000_F_earth.csv,6000,1208.608475813563,NH3,3605.8307026734556,0.0,8.119715855648575,2421.0342441791568,1.8536576026885798,0.0,49000.01784347451,167500617.8434745,5992.204215490964,576.0,True,Jeans,False,CO2,10_M_earth,1000_F_earth
CO2_atmosphere_10_M_earth_1000_F_earth.csv,6000,1208.608475813563,N,3605.8307026734556,1.2819905371537907,6.686824822298827,2667.84980027119,7.21526531466642,43355348.89349196,49000.01784347451,167500617.8434745,5992.204215490964,576.0,True,Jeans,False,CO2,10_M_earth,1000_F_earth
CO2_atmosphere_10_M_earth_1000_F_earth.csv,6000,1208.608475813563,C,3605.8307026734556,1966.277448372891,5.731564133398995,2881.607129642797,17.74022607286007,31553141798.658424,49000.01784347451,167500617.8434745,5992.204215490964,576.0,True,Jeans,False,CO2,10_M_earth,1000_F_earth
CO2_atmosphere_10_M_earth_1000_F_earth.csv,7000,3046.076867343981,S2,7485.447718475219,0.0,25.164568313310436,1347.7989477028352,1.171927098974553e-07,0.0,55888.52517793709,174389125.1779371,6991.430094824624,581.0,True,Jeans,False,CO2,10_M_earth,1000_F_earth
CO2_atmosphere_10_M_earth_1000_F_earth.csv,7000,3046.076867343981,H2S,7485.447718475219,0.0,13.36867691644617,1849.1649007007882,0.011717767426868692,0.0,55888.52517793709,174389125.1779371,6991.430094824624,581.0,True,Jeans,False,CO2,10_M_earth,1000_F_earth
CO2_atmosphere_10_M_earth_1000_F_earth.csv,7000,3046.076867343981,SO2,7485.447718475219,0.0,25.164568313310436,1347.7989477028352,1.171927098974553e-07,0.0,55888.52517793709,174389125.1779371,6991.430094824624,581.0,True,Jeans,False,CO2,10_M_earth,1000_F_earth
CO2_atmosphere_10_M_earth_1000_F_earth.csv,7000,3046.076867343981,O,7485.447718475219,2460.037885534267,6.291142078327609,2695.5978954056704,10.271584619032405,47175509576.54554,55888.52517793709,174389125.1779371,6991.430094824624,581.0,True,Jeans,False,CO2,10_M_earth,1000_F_earth
CO2_atmosphere_10_M_earth_1000_F_earth.csv,7000,3046.076867343981,NO2,7485.447718475219,0.0,18.087033475191877,1589.7769068225434,0.00011950081164428678,0.0,55888.52517793709,174389125.1779371,6991.430094824624,581.0,True,Jeans,False,CO2,10_M_earth,1000_F_earth
CO2_atmosphere_10_M_earth_1000_F_earth.csv,7000,3046.076867343981,CO2,7485.447718475219,0.0,17.300640715400927,1625.5066917695071,0.0002572037690881282,0.0,55888.52517793709,174389125.1779371,6991.430094824624,581.0,True,Jeans,False,CO2,10_M_earth,1000_F_earth
CO2_atmosphere_10_M_earth_1000_F_earth.csv,7000,3046.076867343981,N2,7485.447718475219,0.0,11.009498637073317,2037.6804759635725,0.11420668424385245,0.0,55888.52517793709,174389125.1779371,6991.430094824624,581.0,True,Jeans,False,CO2,10_M_earth,1000_F_earth
CO2_atmosphere_10_M_earth_1000_F_earth.csv,7000,3046.076867343981,H2,7485.447718475219,0.0,0.7863927597909511,7624.302204774142,1750.0323779974412,0.0,55888.52517793709,174389125.1779371,6991.430094824624,581.0,False,hydrodynamic_candidate,False,CO2,10_M_earth,1000_F_earth
CO2_atmosphere_10_M_earth_1000_F_earth.csv,7000,3046.076867343981,NO,7485.447718475219,0.0,11.795891396864267,1968.5863643695163,0.05354630941444877,0.0,55888.52517793709,174389125.1779371,6991.430094824624,581.0,True,Jeans,False,CO2,10_M_earth,1000_F_earth
CO2_atmosphere_10_M_earth_1000_F_earth.csv,7000,3046.076867343981,OH,7485.447718475219,0.0,6.684338458223085,2615.1140816353522,7.087953910270285,0.0,55888.52517793709,174389125.1779371,6991.430094824624,581.0,True,Jeans,False,CO2,10_M_earth,1000_F_earth
CO2_atmosphere_10_M_earth_1000_F_earth.csv,7000,3046.076867343981,H,7485.447718475219,776.3053095593348,0.39319637989547557,10782.391581622682,2859.956892524282,855471025.7699243,55888.52517793709,174389125.1779371,6991.430094824624,581.0,False,hydrodynamic_candidate,False,CO2,10_M_earth,1000_F_earth
CO2_atmosphere_10_M_earth_1000_F_earth.csv,7000,3046.076867343981,CH4,7485.447718475219,0.0,6.291142078327609,2695.5978954056704,10.271584619032405,0.0,55888.52517793709,174389125.1779371,6991.430094824624,581.0,True,Jeans,False,CO2,10_M_earth,1000_F_earth
CO2_atmosphere_10_M_earth_1000_F_earth.csv,7000,3046.076867343981,H2O,7485.447718475219,0.0,7.07753483811856,2541.4340682580473,4.886730959928248,0.0,55888.52517793709,174389125.1779371,6991.430094824624,581.0,True,Jeans,False,CO2,10_M_earth,1000_F_earth
CO2_atmosphere_10_M_earth_1000_F_earth.csv,7000,3046.076867343981,O2,7485.447718475219,0.0,12.582284156655218,1906.0755511935356,0.025066368039956113,0.0,55888.52517793709,174389125.1779371,6991.430094824624,581.0,True,Jeans,False,CO2,10_M_earth,1000_F_earth
CO2_atmosphere_10_M_earth_1000_F_earth.csv,7000,3046.076867343981,N2O,7485.447718475219,0.0,17.300640715400927,1625.5066917695071,0.0002572037690881282,0.0,55888.52517793709,174389125.1779371,6991.430094824624,581.0,True,Jeans,False,CO2,10_M_earth,1000_F_earth
CO2_atmosphere_10_M_earth_1000_F_earth.csv,7000,3046.076867343981,CO,7485.447718475219,0.0,11.009498637073317,2037.6804759635725,0.11420668424385245,0.0,55888.52517793709,174389125.1779371,6991.430094824624,581.0,True,Jeans,False,CO2,10_M_earth,1000_F_earth
CO2_atmosphere_10_M_earth_1000_F_earth.csv,7000,3046.076867343981,S,7485.447718475219,0.012166384788170491,12.582284156655218,1906.0755511935356,0.025066368039956113,47802696.24053919,55888.52517793709,174389125.1779371,6991.430094824624,581.0,True,Jeans,False,CO2,10_M_earth,1000_F_earth
CO2_atmosphere_10_M_earth_1000_F_earth.csv,7000,3046.076867343981,NH3,7485.447718475219,0.0,6.684338458223085,2615.1140816353522,7.087953910270285,0.0,55888.52517793709,174389125.1779371,6991.430094824624,581.0,True,Jeans,False,CO2,10_M_earth,1000_F_earth
CO2_atmosphere_10_M_earth_1000_F_earth.csv,7000,3046.076867343981,N,7485.447718475219,3.264894178041247,5.504749318536659,2881.715364890548,21.507724315452098,34172664.92389324,55888.52517793709,174389125.1779371,6991.430094824624,581.0,True,Jeans,False,CO2,10_M_earth,1000_F_earth
CO2_atmosphere_10_M_earth_1000_F_earth.csv,7000,3046.076867343981,C,7485.447718475219,4245.827462818787,4.718356558745707,3112.608341078905,44.8367948310031,24870171028.50487,55888.52517793709,174389125.1779371,6991.430094824624,581.0,True,Jeans,False,CO2,10_M_earth,1000_F_earth
N2_atmosphere_1_M_earth_1_F_earth.csv,200,4.153491774533436e-12,S2,5.3415889975321254e-11,0.0,2260.7319115084747,227.294711743293,0.0,0.0,518.1188039554088,6825457.0058554085,198.8357431177655,285.0,True,Jeans,False,N2,1_M_earth,1_F_earth
N2_atmosphere_1_M_earth_1_F_earth.csv,200,4.153491774533436e-12,H2S,5.3415889975321254e-11,0.0,1201.0138279888772,311.8457717947931,0.0,0.0,518.1188039554088,6825457.0058554085,198.8357431177655,285.0,True,Jeans,False,N2,1_M_earth,1_F_earth
N2_atmosphere_1_M_earth_1_F_earth.csv,200,4.153491774533436e-12,SO2,5.3415889975321254e-11,0.0,2260.7319115084747,227.294711743293,0.0,0.0,518.1188039554088,6825457.0058554085,198.8357431177655,285.0,True,Jeans,False,N2,1_M_earth,1_F_earth
N2_atmosphere_1_M_earth_1_F_earth.csv,200,4.153491774533436e-12,O,5.3415889975321254e-11,4.021646572238264e-242,565.1829778771187,454.589423486586,2.5416903835100862e-241,20345521957.042538,518.1188039554088,6825457.0058554085,198.8357431177655,285.0,True,Jeans,False,N2,1_M_earth,1_F_earth
N2_atmosphere_1_M_earth_1_F_earth.csv,200,4.153491774533436e-12,NO2,5.3415889975321254e-11,0.0,1624.9010613967162,268.1022153847567,0.0,0.0,518.1188039554088,6825457.0058554085,198.8357431177655,285.0,True,Jeans,False,N2,1_M_earth,1_F_earth
N2_atmosphere_1_M_earth_1_F_earth.csv,200,4.153491774533436e-12,CO2,5.3415889975321254e-11,0.0,1554.2531891620765,274.12773661254187,0.0,0.0,518.1188039554088,6825457.0058554085,198.8357431177655,285.0,True,Jeans,False,N2,1_M_earth,1_F_earth
N2_atmosphere_1_M_earth_1_F_earth.csv,200,4.153491774533436e-12,N2,5.3415889975321254e-11,0.0,989.0702112849577,343.6373037673518,0.0,0.0,518.1188039554088,6825457.0058554085,198.8357431177655,285.0,True,Jeans,False,N2,1_M_earth,1_F_earth
N2_atmosphere_1_M_earth_1_F_earth.csv,200,4.153491774533436e-12,H2,5.3415889975321254e-11,0.0,70.64787223463983,1285.7730560121925,5.404824747075454e-27,0.0,518.1188039554088,6825457.0058554085,198.8357431177655,285.0,True,Jeans,False,N2,1_M_earth,1_F_earth
N2_atmosphere_1_M_earth_1_F_earth.csv,200,4.153491774533436e-12,NO,5.3415889975321254e-11,0.0,1059.7180835195975,331.9851755291625,0.0,0.0,518.1188039554088,6825457.0058554085,198.8357431177655,285.0,True,Jeans,False,N2,1_M_earth,1_F_earth
N2_atmosphere_1_M_earth_1_F_earth.csv,200,4.153491774533436e-12,OH,5.3415889975321254e-11,0.0,600.5069139944386,441.0165198409016,1.194679624982915e-256,0.0,518.1188039554088,6825457.0058554085,198.8357431177655,285.0,True,Jeans,False,N2,1_M_earth,1_F_earth
N2_atmosphere_1_M_earth_1_F_earth.csv,200,4.153491774533436e-12,H,5.3415889975321254e-11,5.3415889975321254e-11,35.32393611731992,1818.357693946344,8.49721789109262e-12,12933059533068.613,518.1188039554088,6825457.0058554085,198.8357431177655,285.0,True,Jeans,False,N2,1_M_earth,1_F_earth
N2_atmosphere_1_M_earth_1_F_earth.csv,200,4.153491774533436e-12,CH4,5.3415889975321254e-11,0.0,565.1829778771187,454.589423486586,2.5416903835100862e-241,0.0,518.1188039554088,6825457.0058554085,198.8357431177655,285.0,True,Jeans,False,N2,1_M_earth,1_F_earth
N2_atmosphere_1_M_earth_1_F_earth.csv,200,4.153491774533436e-12,H2O,5.3415889975321254e-11,0.0,635.8308501117584,428.5910186707309,5.605735476259393e-272,0.0,518.1188039554088,6825457.0058554085,198.8357431177655,285.0,True,Jeans,False,N2,1_M_earth,1_F_earth
N2_atmosphere_1_M_earth_1_F_earth.csv,200,4.153491774533436e-12,O2,5.3415889975321254e-11,0.0,1130.3659557542373,321.4432640030481,0.0,0.0,518.1188039554088,6825457.0058554085,198.8357431177655,285.0,True,Jeans,False,N2,1_M_earth,1_F_earth
N2_atmosphere_1_M_earth_1_F_earth.csv,200,4.153491774533436e-12,N2O,5.3415889975321254e-11,0.0,1554.2531891620765,274.12773661254187,0.0,0.0,518.1188039554088,6825457.0058554085,198.8357431177655,285.0,True,Jeans,False,N2,1_M_earth,1_F_earth
N2_atmosphere_1_M_earth_1_F_earth.csv,200,4.153491774533436e-12,CO,5.3415889975321254e-11,0.0,989.0702112849577,343.6373037673518,0.0,0.0,518.1188039554088,6825457.0058554085,198.8357431177655,285.0,True,Jeans,False,N2,1_M_earth,1_F_earth
N2_atmosphere_1_M_earth_1_F_earth.csv,200,4.153491774533436e-12,S,5.3415889975321254e-11,0.0,1130.3659557542373,321.4432640030481,0.0,1894464916455.9336,518.1188039554088,6825457.0058554085,198.8357431177655,285.0,True,Jeans,False,N2,1_M_earth,1_F_earth
N2_atmosphere_1_M_earth_1_F_earth.csv,200,4.153491774533436e-12,NH3,5.3415889975321254e-11,0.0,600.5069139944386,441.0165198409016,1.194679624982915e-256,0.0,518.1188039554088,6825457.0058554085,198.8357431177655,285.0,True,Jeans,False,N2,1_M_earth,1_F_earth
N2_atmosphere_1_M_earth_1_F_earth.csv,200,4.153491774533436e-12,N,5.3415889975321254e-11,1.1785234995936116e-207,494.53510564247887,485.97653552511196,1.1434503393461632e-210,151460876662015.2,518.1188039554088,6825457.0058554085,198.8357431177655,285.0,True,Jeans,False,N2,1_M_earth,1_F_earth
N2_atmosphere_1_M_earth_1_F_earth.csv,200,4.153491774533436e-12,C,5.3415889975321254e-11,4.924769998076339e-181,423.88723340783895,524.9146520414744,5.091796371451845e-180,16582165372.462105,518.1188039554088,6825457.0058554085,198.8357431177655,285.0,True,Jeans,False,N2,1_M_earth,1_F_earth
N2_atmosphere_1_M_earth_1_F_earth.csv,300,2.0552248234119705e-07,S2,2.643117381742129e-06,0.0,1531.5701364213799,275.9617468406907,0.0,0.0,527.4459335093703,6834784.13540937,293.0984788194981,286.0,True,Jeans,False,N2,1_M_earth,1_F_earth
N2_atmosphere_1_M_earth_1_F_earth.csv,300,2.0552248234119705e-07,H2S,2.643117381742129e-06,0.0,813.6466349738581,378.6163930930693,0.0,0.0,527.4459335093703,6834784.13540937,293.0984788194981,286.0,True,Jeans,False,N2,1_M_earth,1_F_earth
N2_atmosphere_1_M_earth_1_F_earth.csv,300,2.0552248234119705e-07,SO2,2.643117381742129e-06,0.0,1531.5701364213799,275.9617468406907,0.0,0.0,527.4459335093703,6834784.13540937,293.0984788194981,286.0,True,Jeans,False,N2,1_M_earth,1_F_earth
N2_atmosphere_1_M_earth_1_F_earth.csv,300,2.0552248234119705e-07,O,2.643117381742129e-06,3.2606950827824647e-163,382.89253410534496,551.9234936813814,3.078710771865829e-162,13581343790.929806,527.4459335093703,6834784.13540937,293.0984788194981,286.0,True,Jeans,False,N2,1_M_earth,1_F_earth
N2_atmosphere_1_M_earth_1_F_earth.csv,300,2.0552248234119705e-07,NO2,2.643117381742129e-06,0.0,1100.8160355528669,325.50671822491154,0.0,0.0,527.4459335093703,6834784.13540937,293.0984788194981,286.0,True,Jeans,False,N2,1_M_earth,1_F_earth
N2_atmosphere_1_M_earth_1_F_earth.csv,300,2.0552248234119705e-07,CO2,2.643117381742129e-06,0.0,1052.954468789699,332.82238936786024,0.0,0.0,527.4459335093703,6834784.13540937,293.0984788194981,286.0,True,Jeans,False,N2,1_M_earth,1_F_earth
N2_atmosphere_1_M_earth_1_F_earth.csv,300,2.0552248234119705e-07,N2,2.643117381742129e-06,0.0,670.0619346843538,417.21494486138977,7.821981103596341e-287,0.0,527.4459335093703,6834784.13540937,293.0984788194981,286.0,True,Jeans,False,N2,1_M_earth,1_F_earth
N2_atmosphere_1_M_earth_1_F_earth.csv,300,2.0552248234119705e-07,H2,2.643117381742129e-06,0.0,47.86156676316812,1561.0753803131017,3.5218592107664876e-17,0.0,527.4459335093703,6834784.13540937,293.0984788194981,286.0,True,Jeans,False,N2,1_M_earth,1_F_earth
N2_atmosphere_1_M_earth_1_F_earth.csv,300,2.0552248234119705e-07,NO,2.643117381742129e-06,0.0,717.9235014475219,403.06793000847017,1.325076300444033e-307,0.0,527.4459335093703,6834784.13540937,293.0984788194981,286.0,True,Jeans,False,N2,1_M_earth,1_F_earth
N2_atmosphere_1_M_earth_1_F_earth.csv,300,2.0552248234119705e-07,OH,2.643117381742129e-06,0.0,406.82331748692906,535.4444380490016,1.2836884647892378e-172,0.0,527.4459335093703,6834784.13540937,293.0984788194981,286.0,True,Jeans,False,N2,1_M_earth,1_F_earth
N2_atmosphere_1_M_earth_1_F_earth.csv,300,2.0552248234119705e-07,H,2.643117381742129e-06,2.643117381742129e-06,23.93078338158406,2207.6939747255255,6.28149032716045e-07,8633267220080.672,527.4459335093703,6834784.13540937,293.0984788194981,286.0,True,Jeans,False,N2,1_M_earth,1_F_earth
N2_atmosphere_1_M_earth_1_F_earth.csv,300,2.0552248234119705e-07,CH4,2.643117381742129e-06,0.0,382.89253410534496,551.9234936813814,3.078710771865829e-162,0.0,527.4459335093703,6834784.13540937,293.0984788194981,286.0,True,Jeans,False,N2,1_M_earth,1_F_earth
N2_atmosphere_1_M_earth_1_F_earth.csv,300,2.0552248234119705e-07,H2O,2.643117381742129e-06,0.0,430.7541008685131,520.3584601043673,5.343245081585211e-183,0.0,527.4459335093703,6834784.13540937,293.0984788194981,286.0,True,Jeans,False,N2,1_M_earth,1_F_earth
N2_atmosphere_1_M_earth_1_F_earth.csv,300,2.0552248234119705e-07,O2,2.643117381742129e-06,0.0,765.7850682106899,390.26884507827543,0.0,0.0,527.4459335093703,6834784.13540937,293.0984788194981,286.0,True,Jeans,False,N2,1_M_earth,1_F_earth
N2_atmosphere_1_M_earth_1_F_earth.csv,300,2.0552248234119705e-07,N2O,2.643117381742129e-06,0.0,1052.954468789699,332.82238936786024,0.0,0.0,527.4459335093703,6834784.13540937,293.0984788194981,286.0,True,Jeans,False,N2,1_M_earth,1_F_earth
N2_atmosphere_1_M_earth_1_F_earth.csv,300,2.0552248234119705e-07,CO,2.643117381742129e-06,0.0,670.0619346843538,417.21494486138977,7.821981103596341e-287,0.0,527.4459335093703,6834784.13540937,293.0984788194981,286.0,True,Jeans,False,N2,1_M_earth,1_F_earth
N2_atmosphere_1_M_earth_1_F_earth.csv,300,2.0552248234119705e-07,S,2.643117381742129e-06,0.0,765.7850682106899,390.26884507827543,0.0,1264621246118.3384,527.4459335093703,6834784.13540937,293.0984788194981,286.0,True,Jeans,False,N2,1_M_earth,1_F_earth
N2_atmosphere_1_M_earth_1_F_earth.csv,300,2.0552248234119705e-07,NH3,2.643117381742129e-06,0.0,406.82331748692906,535.4444380490016,1.2836884647892378e-172,0.0,527.4459335093703,6834784.13540937,293.0984788194981,286.0,True,Jeans,False,N2,1_M_earth,1_F_earth
N2_atmosphere_1_M_earth_1_F_earth.csv,300,2.0552248234119705e-07,N,2.643117381742129e-06,1.2143106999320627e-138,335.0309673421769,590.0310334477205,1.760146600825059e-141,101105404971456.44,527.4459335093703,6834784.13540937,293.0984788194981,286.0,True,Jeans,False,N2,1_M_earth,1_F_earth
N2_atmosphere_1_M_earth_1_F_earth.csv,300,2.0552248234119705e-07,C,2.643117381742129e-06,6.44881776118121e-122,287.1694005790087,637.3063552980486,9.961050400678729e-121,11069172331.727983,527.4459335093703,6834784.13540937,293.0984788194981,286.0,True,Jeans,False,N2,1_M_earth,1_F_earth
N2_atmosphere_1_M_earth_1_F_earth.csv,500,0.0012204062760190486,S2,0.015695008177149396,0.0,929.6053299038659,353.7394638549982,0.0,0.0,545.868508488737,6853206.710388737,481.59594351866156,286.0,True,Jeans,False,N2,1_M_earth,1_F_earth
N2_atmosphere_1_M_earth_1_F_earth.csv,500,0.0012204062760190486,H2S,0.015695008177149396,0.0,493.85283151142875,485.32654048161464,2.2560336422099512e-210,0.0,545.868508488737,6853206.710388737,481.59594351866156,286.0,True,Jeans,False,N2,1_M_earth,1_F_earth
N2_atmosphere_1_M_earth_1_F_earth.csv,500,0.0012204062760190486,SO2,0.015695008177149396,0.0,929.6053299038659,353.7394638549982,0.0,0.0,545.868508488737,6853206.710388737,481.59594351866156,286.0,True,Jeans,False,N2,1_M_earth,1_F_earth
N2_atmosphere_1_M_earth_1_F_earth.csv,500,0.0012204062760190486,O,0.015695008177149396,3.5416506976602337e-98,232.40133247596648,707.4789277099964,5.465068712300287e-97,8265582920.741343,545.868508488737,6853206.710388737,481.59594351866156,286.0,True,Jeans,False,N2,1_M_earth,1_F_earth
N2_atmosphere_1_M_earth_1_F_earth.csv,500,0.0012204062760190486,NO2,0.015695008177149396,0.0,668.1538308684036,417.2483081597237,5.257675912641061e-286,0.0,545.868508488737,6853206.710388737,481.59594351866156,286.0,True,Jeans,False,N2,1_M_earth,1_F_earth
N2_atmosphere_1_M_earth_1_F_earth.csv,500,0.0012204062760190486,CO2,0.015695008177149396,0.0,639.1036643089079,426.62584550855087,2.1256794294537277e-273,0.0,545.868508488737,6853206.710388737,481.59594351866156,286.0,True,Jeans,False,N2,1_M_earth,1_F_earth
N2_atmosphere_1_M_earth_1_F_earth.csv,500,0.0012204062760190486,N2,0.015695008177149396,0.0,406.70233183294135,534.8038001540839,1.4466193026313713e-172,0.0,545.868508488737,6853206.710388737,481.59594351866156,286.0,True,Jeans,False,N2,1_M_earth,1_F_earth
N2_atmosphere_1_M_earth_1_F_earth.csv,500,0.0012204062760190486,H2,0.015695008177149396,0.0,29.05016655949581,2001.0525893213028,4.103679348813667e-09,0.0,545.868508488737,6853206.710388737,481.59594351866156,286.0,True,Jeans,False,N2,1_M_earth,1_F_earth
N2_atmosphere_1_M_earth_1_F_earth.csv,500,0.0012204062760190486,NO,0.015695008177149396,0.0,435.75249839243713,516.6695568884423,3.621911309672215e-185,0.0,545.868508488737,6853206.710388737,481.59594351866156,286.0,True,Jeans,False,N2,1_M_earth,1_F_earth
N2_atmosphere_1_M_earth_1_F_earth.csv,500,0.0012204062760190486,OH,0.015695008177149396,0.0,246.92641575571437,686.3553757287144,2.770046825788203e-103,0.0,545.868508488737,6853206.710388737,481.59594351866156,286.0,True,Jeans,False,N2,1_M_earth,1_F_earth
N2_atmosphere_1_M_earth_1_F_earth.csv,500,0.0012204062760190486,H,0.015695008177149396,0.015695008177149396,14.525083279747905,2829.9157108399854,0.006095916213760053,5254191866651.033,545.868508488737,6853206.710388737,481.59594351866156,286.0,True,Jeans,False,N2,1_M_earth,1_F_earth
N2_atmosphere_1_M_earth_1_F_earth.csv,500,0.0012204062760190486,CH4,0.015695008177149396,0.0,232.40133247596648,707.4789277099964,5.465068712300287e-97,0.0,545.868508488737,6853206.710388737,481.59594351866156,286.0,True,Jeans,False,N2,1_M_earth,1_F_earth
N2_atmosphere_1_M_earth_1_F_earth.csv,500,0.0012204062760190486,H2O,0.015695008177149396,0.0,261.4514990354623,667.0175297737676,1.4016450799308384e-109,0.0,545.868508488737,6853206.710388737,481.59594351866156,286.0,True,Jeans,False,N2,1_M_earth,1_F_earth
N2_atmosphere_1_M_earth_1_F_earth.csv,500,0.0012204062760190486,O2,0.015695008177149396,0.0,464.80266495193297,500.2631473303257,9.048216538406955e-198,0.0,545.868508488737,6853206.710388737,481.59594351866156,286.0,True,Jeans,False,N2,1_M_earth,1_F_earth
N2_atmosphere_1_M_earth_1_F_earth.csv,500,0.0012204062760190486,N2O,0.015695008177149396,0.0,639.1036643089079,426.62584550855087,2.1256794294537277e-273,0.0,545.868508488737,6853206.710388737,481.59594351866156,286.0,True,Jeans,False,N2,1_M_earth,1_F_earth
N2_atmosphere_1_M_earth_1_F_earth.csv,500,0.0012204062760190486,CO,0.015695008177149396,0.0,406.70233183294135,534.8038001540839,1.4466193026313713e-172,0.0,545.868508488737,6853206.710388737,481.59594351866156,286.0,True,Jeans,False,N2,1_M_earth,1_F_earth
N2_atmosphere_1_M_earth_1_F_earth.csv,500,0.0012204062760190486,S,0.015695008177149396,1.0919954056731905e-196,464.80266495193297,500.2631473303257,9.048216538406955e-198,769646357093.4133,545.868508488737,6853206.710388737,481.59594351866156,286.0,True,Jeans,False,N2,1_M_earth,1_F_earth
N2_atmosphere_1_M_earth_1_F_earth.csv,500,0.0012204062760190486,NH3,0.015695008177149396,0.0,246.92641575571437,686.3553757287144,2.770046825788203e-103,0.0,545.868508488737,6853206.710388737,481.59594351866156,286.0,True,Jeans,False,N2,1_M_earth,1_F_earth
N2_atmosphere_1_M_earth_1_F_earth.csv,500,0.0012204062760190486,N,0.015695008177149396,8.925698371261035e-82,203.35116591647068,756.3267873865758,2.1144256773220734e-84,61532578910550.78,545.868508488737,6853206.710388737,481.59594351866156,286.0,True,Jeans,False,N2,1_M_earth,1_F_earth
N2_atmosphere_1_M_earth_1_F_earth.csv,500,0.0012204062760190486,C,0.015695008177149396,3.208070433413403e-73,174.30099935697484,816.9262987187084,8.098416826087451e-72,6736679608.462341,545.868508488737,6853206.710388737,481.59594351866156,286.0,True,Jeans,False,N2,1_M_earth,1_F_earth
N2_atmosphere_1_M_earth_1_F_earth.csv,1000,0.6422652124738116,S2,8.259837694834772,0.0,466.400849750222,497.7155782602766,1.8270498553731293e-198,0.0,592.4802177001285,6899818.419600128,953.4068371422002,287.0,True,Jeans,False,N2,1_M_earth,1_F_earth
N2_atmosphere_1_M_earth_1_F_earth.csv,1000,0.6422652124738116,H2S,8.259837694834772,0.0,247.77545142980543,682.8601398001846,1.1831043374641188e-103,0.0,592.4802177001285,6899818.419600128,953.4068371422002,287.0,True,Jeans,False,N2,1_M_earth,1_F_earth
N2_atmosphere_1_M_earth_1_F_earth.csv,1000,0.6422652124738116,SO2,8.259837694834772,0.0,466.400849750222,497.7155782602766,1.8270498553731293e-198,0.0,592.4802177001285,6899818.419600128,953.4068371422002,287.0,True,Jeans,False,N2,1_M_earth,1_F_earth
N2_atmosphere_1_M_earth_1_F_earth.csv,1000,0.6422652124738116,O,8.259837694834772,2.4767426680553774e-48,116.6002124375555,995.4311565205531,7.585523422665612e-47,4108384289.789541,592.4802177001285,6899818.419600128,953.4068371422002,287.0,True,Jeans,False,N2,1_M_earth,1_F_earth
N2_atmosphere_1_M_earth_1_F_earth.csv,1000,0.6422652124738116,NO2,8.259837694834772,0.0,335.22561075797205,587.0732677396878,1.4423983590303343e-141,0.0,592.4802177001285,6899818.419600128,953.4068371422002,287.0,True,Jeans,False,N2,1_M_earth,1_F_earth
N2_atmosphere_1_M_earth_1_F_earth.csv,1000,0.6422652124738116,CO2,8.259837694834772,0.0,320.6505842032777,600.2675728742205,3.015400183320816e-135,0.0,592.4802177001285,6899818.419600128,953.4068371422002,287.0,True,Jeans,False,N2,1_M_earth,1_F_earth
N2_atmosphere_1_M_earth_1_F_earth.csv,1000,0.6422652124738116,N2,8.259837694834772,0.0,204.05037176572213,752.4752249825129,1.0490527977443285e-84,0.0,592.4802177001285,6899818.419600128,953.4068371422002,287.0,True,Jeans,False,N2,1_M_earth,1_F_earth
N2_atmosphere_1_M_earth_1_F_earth.csv,1000,0.6422652124738116,H2,8.259837694834772,0.0,14.575026554694437,2815.504483920203,0.005787972790326202,0.0,592.4802177001285,6899818.419600128,953.4068371422002,287.0,True,Jeans,False,N2,1_M_earth,1_F_earth
N2_atmosphere_1_M_earth_1_F_earth.csv,1000,0.6422652124738116,NO,8.259837694834772,0.0,218.62539832041656,726.9601318263503,5.079069194778994e-91,0.0,592.4802177001285,6899818.419600128,953.4068371422002,287.0,True,Jeans,False,N2,1_M_earth,1_F_earth
N2_atmosphere_1_M_earth_1_F_earth.csv,1000,0.6422652124738116,OH,8.259837694834772,0.0,123.88772571490271,965.7100709094087,5.345716608197157e-50,0.0,592.4802177001285,6899818.419600128,953.4068371422002,287.0,True,Jeans,False,N2,1_M_earth,1_F_earth
N2_atmosphere_1_M_earth_1_F_earth.csv,1000,0.6422652124738116,H,8.259837694834772,8.259837694834772,7.287513277347219,3981.7246260822126,6.367423313207454,2611581001301.3594,592.4802177001285,6899818.419600128,953.4068371422002,287.0,True,Jeans,False,N2,1_M_earth,1_F_earth
N2_atmosphere_1_M_earth_1_F_earth.csv,1000,0.6422652124738116,CH4,8.259837694834772,0.0,116.6002124375555,995.4311565205531,7.585523422665612e-47,0.0,592.4802177001285,6899818.419600128,953.4068371422002,287.0,True,Jeans,False,N2,1_M_earth,1_F_earth
N2_atmosphere_1_M_earth_1_F_earth.csv,1000,0.6422652124738116,H2O,8.259837694834772,0.0,131.17523899224992,938.5014946400677,3.760951078512666e-53,0.0,592.4802177001285,6899818.419600128,953.4068371422002,287.0,True,Jeans,False,N2,1_M_earth,1_F_earth
N2_atmosphere_1_M_earth_1_F_earth.csv,1000,0.6422652124738116,O2,8.259837694834772,0.0,233.200424875111,703.8761209800507,2.453698954415836e-97,0.0,592.4802177001285,6899818.419600128,953.4068371422002,287.0,True,Jeans,False,N2,1_M_earth,1_F_earth
N2_atmosphere_1_M_earth_1_F_earth.csv,1000,0.6422652124738116,N2O,8.259837694834772,0.0,320.6505842032777,600.2675728742205,3.015400183320816e-135,0.0,592.4802177001285,6899818.419600128,953.4068371422002,287.0,True,Jeans,False,N2,1_M_earth,1_F_earth
N2_atmosphere_1_M_earth_1_F_earth.csv,1000,0.6422652124738116,CO,8.259837694834772,0.0,204.05037176572213,752.4752249825129,1.0490527977443285e-84,0.0,592.4802177001285,6899818.419600128,953.4068371422002,287.0,True,Jeans,False,N2,1_M_earth,1_F_earth
N2_atmosphere_1_M_earth_1_F_earth.csv,1000,0.6422652124738116,S,8.259837694834772,1.491984587513646e-96,233.200424875111,703.8761209800507,2.453698954415836e-97,382550514887.6698,592.4802177001285,6899818.419600128,953.4068371422002,287.0,True,Jeans,False,N2,1_M_earth,1_F_earth
N2_atmosphere_1_M_earth_1_F_earth.csv,1000,0.6422652124738116,NH3,8.259837694834772,0.0,123.88772571490271,965.7100709094087,5.345716608197157e-50,0.0,592.4802177001285,6899818.419600128,953.4068371422002,287.0,True,Jeans,False,N2,1_M_earth,1_F_earth
N2_atmosphere_1_M_earth_1_F_earth.csv,1000,0.6422652124738116,N,8.259837694834772,3.2292781163711435e-38,102.02518588286107,1064.1606685200159,1.5183448963896132e-40,30584591907241.848,592.4802177001285,6899818.419600128,953.4068371422002,287.0,True,Jeans,False,N2,1_M_earth,1_F_earth
N2_atmosphere_1_M_earth_1_F_earth.csv,1000,0.6422652124738116,C,8.259837694834772,6.00594913239105e-36,87.45015932816662,1149.4248923537637,3.009211049940693e-34,3348447282.4416227,592.4802177001285,6899818.419600128,953.4068371422002,287.0,True,Jeans,False,N2,1_M_earth,1_F_earth
N2_atmosphere_1_M_earth_1_F_earth.csv,2000,9.969391043262961,S2,128.2111351111815,0.0,230.97676815026108,702.4433221296209,2.2413774294987135e-96,0.0,687.3536454539047,6994691.8473539045,1899.0586171947684,289.0,True,Jeans,False,N2,1_M_earth,1_F_earth
N2_atmosphere_1_M_earth_1_F_earth.csv,2000,9.969391043262961,H2S,128.2111351111815,0.0,122.70640807982619,963.7442871042684,1.722000044642439e-49,0.0,687.3536454539047,6994691.8473539045,1899.0586171947684,289.0,True,Jeans,False,N2,1_M_earth,1_F_earth
N2_atmosphere_1_M_earth_1_F_earth.csv,2000,9.969391043262961,SO2,128.2111351111815,0.0,230.97676815026108,702.4433221296209,2.2413774294987135e-96,0.0,687.3536454539047,6994691.8473539045,1899.0586171947684,289.0,True,Jeans,False,N2,1_M_earth,1_F_earth
N2_atmosphere_1_M_earth_1_F_earth.csv,2000,9.969391043262961,O,128.2111351111815,3.1732217731752753e-23,57.74419203756527,1404.8866442592418,1.9454376785698992e-21,1997086983.0026326,687.3536454539047,6994691.8473539045,1899.0586171947684,289.0,True,Jeans,False,N2,1_M_earth,1_F_earth
N2_atmosphere_1_M_earth_1_F_earth.csv,2000,9.969391043262961,NO2,128.2111351111815,0.0,166.01455210800015,828.5569400218868,3.1064748676661694e-68,0.0,687.3536454539047,6994691.8473539045,1899.0586171947684,289.0,True,Jeans,False,N2,1_M_earth,1_F_earth
N2_atmosphere_1_M_earth_1_F_earth.csv,2000,9.969391043262961,CO2,128.2111351111815,0.0,158.79652810330452,847.1785221798926,4.144588746255264e-65,0.0,687.3536454539047,6994691.8473539045,1899.0586171947684,289.0,True,Jeans,False,N2,1_M_earth,1_F_earth
N2_atmosphere_1_M_earth_1_F_earth.csv,2000,9.969391043262961,N2,128.2111351111815,0.0,101.05233606573923,1061.9944802702921,3.9707115692244275e-40,0.0,687.3536454539047,6994691.8473539045,1899.0586171947684,289.0,True,Jeans,False,N2,1_M_earth,1_F_earth
N2_atmosphere_1_M_earth_1_F_earth.csv,2000,9.969391043262961,H2,128.2111351111815,0.0,7.218024004695659,3973.619491816491,6.754617414152459,0.0,687.3536454539047,6994691.8473539045,1899.0586171947684,289.0,True,Jeans,False,N2,1_M_earth,1_F_earth
N2_atmosphere_1_M_earth_1_F_earth.csv,2000,9.969391043262961,NO,128.2111351111815,0.0,108.27036007043488,1025.9841410646966,3.0117447205036077e-43,0.0,687.3536454539047,6994691.8473539045,1899.0586171947684,289.0,True,Jeans,False,N2,1_M_earth,1_F_earth
N2_atmosphere_1_M_earth_1_F_earth.csv,2000,9.969391043262961,OH,128.2111351111815,0.0,61.353204039913095,1362.9402414824465,5.424662153327926e-23,0.0,687.3536454539047,6994691.8473539045,1899.0586171947684,289.0,True,Jeans,False,N2,1_M_earth,1_F_earth
N2_atmosphere_1_M_earth_1_F_earth.csv,2000,9.969391043262961,H,128.2111351111815,128.2111351111815,3.6090120023478294,5619.546577036967,197.8473257928922,1269490401790.7979,687.3536454539047,6994691.8473539045,1899.0586171947684,289.0,True,Jeans,False,N2,1_M_earth,1_F_earth
N2_atmosphere_1_M_earth_1_F_earth.csv,2000,9.969391043262961,CH4,128.2111351111815,0.0,57.74419203756527,1404.8866442592418,1.9454376785698992e-21,0.0,687.3536454539047,6994691.8473539045,1899.0586171947684,289.0,True,Jeans,False,N2,1_M_earth,1_F_earth
N2_atmosphere_1_M_earth_1_F_earth.csv,2000,9.969391043262961,H2O,128.2111351111815,0.0,64.96221604226092,1324.539830605497,1.510161411943011e-24,0.0,687.3536454539047,6994691.8473539045,1899.0586171947684,289.0,True,Jeans,False,N2,1_M_earth,1_F_earth
N2_atmosphere_1_M_earth_1_F_earth.csv,2000,9.969391043262961,O2,128.2111351111815,0.0,115.48838407513054,993.4048729541228,2.2794813696202712e-46,0.0,687.3536454539047,6994691.8473539045,1899.0586171947684,289.0,True,Jeans,False,N2,1_M_earth,1_F_earth
N2_atmosphere_1_M_earth_1_F_earth.csv,2000,9.969391043262961,N2O,128.2111351111815,0.0,158.79652810330452,847.1785221798926,4.144588746255264e-65,0.0,687.3536454539047,6994691.8473539045,1899.0586171947684,289.0,True,Jeans,False,N2,1_M_earth,1_F_earth
N2_atmosphere_1_M_earth_1_F_earth.csv,2000,9.969391043262961,CO,128.2111351111815,0.0,101.05233606573923,1061.9944802702921,3.9707115692244275e-40,0.0,687.3536454539047,6994691.8473539045,1899.0586171947684,289.0,True,Jeans,False,N2,1_M_earth,1_F_earth
N2_atmosphere_1_M_earth_1_F_earth.csv,2000,9.969391043262961,S,128.2111351111815,6.924156517586381e-46,115.48838407513054,993.4048729541228,2.2794813696202712e-46,185957933760.44104,687.3536454539047,6994691.8473539045,1899.0586171947684,289.0,True,Jeans,False,N2,1_M_earth,1_F_earth
N2_atmosphere_1_M_earth_1_F_earth.csv,2000,9.969391043262961,NH3,128.2111351111815,0.0,61.353204039913095,1362.9402414824465,5.424662153327926e-23,0.0,687.3536454539047,6994691.8473539045,1899.0586171947684,289.0,True,Jeans,False,N2,1_M_earth,1_F_earth
N2_atmosphere_1_M_earth_1_F_earth.csv,2000,9.969391043262961,N,128.2111351111815,2.643303239997074e-16,50.52616803286961,1501.8869971636134,2.4878500602455587e-18,14867180397462.107,687.3536454539047,6994691.8473539045,1899.0586171947684,289.0,True,Jeans,False,N2,1_M_earth,1_F_earth
N2_atmosphere_1_M_earth_1_F_earth.csv,2000,9.969391043262961,C,128.2111351111815,3.1420860752177104e-17,43.30814402817395,1622.2233644879668,3.151383856885686e-15,1627681348.517975,687.3536454539047,6994691.8473539045,1899.0586171947684,289.0,True,Jeans,False,N2,1_M_earth,1_F_earth
N2_atmosphere_1_M_earth_1_F_earth.csv,3000,20.693742924470566,S2,266.13142749110006,0.0,152.0782377689517,859.8440313553585,3.334177545019207e-62,0.0,782.7727222216726,7090110.924121672,2845.47749814422,290.0,True,Jeans,False,N2,1_M_earth,1_F_earth
N2_atmosphere_1_M_earth_1_F_earth.csv,3000,20.693742924470566,H2S,266.13142749110006,0.0,80.7915638147556,1179.6962785654,2.2260936975302346e-31,0.0,782.7727222216726,7090110.924121672,2845.47749814422,290.0,True,Jeans,False,N2,1_M_earth,1_F_earth
N2_atmosphere_1_M_earth_1_F_earth.csv,3000,20.693742924470566,SO2,266.13142749110006,0.0,152.0782377689517,859.8440313553585,3.334177545019207e-62,0.0,782.7727222216726,7090110.924121672,2845.47749814422,290.0,True,Jeans,False,N2,1_M_earth,1_F_earth
N2_atmosphere_1_M_earth_1_F_earth.csv,3000,20.693742924470566,O,266.13142749110006,6.413136069796194e-15,38.01955944223793,1719.688062710717,5.826962672814032e-13,1311514842.8554218,782.7727222216726,7090110.924121672,2845.47749814422,290.0,True,Jeans,False,N2,1_M_earth,1_F_earth
N2_atmosphere_1_M_earth_1_F_earth.csv,3000,20.693742924470566,NO2,266.13142749110006,0.0,109.30623339643405,1014.2166877691742,1.066674403025596e-43,0.0,782.7727222216726,7090110.924121672,2845.47749814422,290.0,True,Jeans,False,N2,1_M_earth,1_F_earth
N2_atmosphere_1_M_earth_1_F_earth.csv,3000,20.693742924470566,CO2,266.13142749110006,0.0,104.55378846615433,1037.0109200844756,1.2092576126140957e-41,0.0,782.7727222216726,7090110.924121672,2845.47749814422,290.0,True,Jeans,False,N2,1_M_earth,1_F_earth
N2_atmosphere_1_M_earth_1_F_earth.csv,3000,20.693742924470566,N2,266.13142749110006,0.0,66.53422902391638,1299.9619847254303,3.150657130544943e-25,0.0,782.7727222216726,7090110.924121672,2845.47749814422,290.0,True,Jeans,False,N2,1_M_earth,1_F_earth
N2_atmosphere_1_M_earth_1_F_earth.csv,3000,20.693742924470566,H2,266.13142749110006,0.0,4.752444930279741,4864.012362673219,68.12109166261045,0.0,782.7727222216726,7090110.924121672,2845.47749814422,290.0,True,Jeans,False,N2,1_M_earth,1_F_earth
N2_atmosphere_1_M_earth_1_F_earth.csv,3000,20.693742924470566,NO,266.13142749110006,0.0,71.28667395419612,1255.8825917586912,2.8118569295295143e-27,0.0,782.7727222216726,7090110.924121672,2845.47749814422,290.0,True,Jeans,False,N2,1_M_earth,1_F_earth
N2_atmosphere_1_M_earth_1_F_earth.csv,3000,20.693742924470566,OH,266.13142749110006,0.0,40.3957819073778,1668.3424766282574,5.5714878901192094e-14,0.0,782.7727222216726,7090110.924121672,2845.47749814422,290.0,True,Jeans,False,N2,1_M_earth,1_F_earth
N2_atmosphere_1_M_earth_1_F_earth.csv,3000,20.693742924470566,H,266.13142749110006,266.13142748650984,2.3762224651398705,6878.752250842868,608.6329870980952,833692031935.3611,782.7727222216726,7090110.924121672,2845.47749814422,290.0,True,Jeans,False,N2,1_M_earth,1_F_earth
N2_atmosphere_1_M_earth_1_F_earth.csv,3000,20.693742924470566,CH4,266.13142749110006,0.0,38.01955944223793,1719.688062710717,5.826962672814032e-13,0.0,782.7727222216726,7090110.924121672,2845.47749814422,290.0,True,Jeans,False,N2,1_M_earth,1_F_earth
N2_atmosphere_1_M_earth_1_F_earth.csv,3000,20.693742924470566,H2O,266.13142749110006,0.0,42.77200437251767,1621.3374542244067,5.3188707671039964e-15,0.0,782.7727222216726,7090110.924121672,2845.47749814422,290.0,True,Jeans,False,N2,1_M_earth,1_F_earth
N2_atmosphere_1_M_earth_1_F_earth.csv,3000,20.693742924470566,O2,266.13142749110006,0.0,76.03911888447585,1216.0030906683048,2.5042132750800602e-29,0.0,782.7727222216726,7090110.924121672,2845.47749814422,290.0,True,Jeans,False,N2,1_M_earth,1_F_earth
N2_atmosphere_1_M_earth_1_F_earth.csv,3000,20.693742924470566,N2O,266.13142749110006,0.0,104.55378846615433,1037.0109200844756,1.2092576126140957e-41,0.0,782.7727222216726,7090110.924121672,2845.47749814422,290.0,True,Jeans,False,N2,1_M_earth,1_F_earth
N2_atmosphere_1_M_earth_1_F_earth.csv,3000,20.693742924470566,CO,266.13142749110006,0.0,66.53422902391638,1299.9619847254303,3.150657130544943e-25,0.0,782.7727222216726,7090110.924121672,2845.47749814422,290.0,True,Jeans,False,N2,1_M_earth,1_F_earth
N2_atmosphere_1_M_earth_1_F_earth.csv,3000,20.693742924470566,S,266.13142749110006,5.132716281792234e-29,76.03911888447585,1216.0030906683048,2.5042132750800602e-29,122121165652.41382,782.7727222216726,7090110.924121672,2845.47749814422,290.0,True,Jeans,False,N2,1_M_earth,1_F_earth
N2_atmosphere_1_M_earth_1_F_earth.csv,3000,20.693742924470566,NH3,266.13142749110006,0.0,40.3957819073778,1668.3424766282574,5.5714878901192094e-14,0.0,782.7727222216726,7090110.924121672,2845.47749814422,290.0,True,Jeans,False,N2,1_M_earth,1_F_earth
N2_atmosphere_1_M_earth_1_F_earth.csv,3000,20.693742924470566,N,266.13142749110006,4.54424663570876e-09,33.26711451195819,1838.4238693681496,6.33860943236344e-11,9763484479461.465,782.7727222216726,7090110.924121672,2845.47749814422,290.0,True,Jeans,False,N2,1_M_earth,1_F_earth
N2_atmosphere_1_M_earth_1_F_earth.csv,3000,20.693742924470566,C,266.13142749110006,4.596743534304286e-11,28.514669581678444,1985.7247318564373,6.832637589906093e-09,1068921016.555161,782.7727222216726,7090110.924121672,2845.47749814422,290.0,True,Jeans,False,N2,1_M_earth,1_F_earth
N2_atmosphere_1_M_earth_1_F_earth.csv,4000,27.05385989390322,S2,347.92538989440095,0.0,112.44129535852807,993.0870362079755,4.672178701621223e-45,0.0,881.50477511938,7188842.97701938,3795.6872320023563,292.0,True,Jeans,False,N2,1_M_earth,1_F_earth
N2_atmosphere_1_M_earth_1_F_earth.csv,4000,27.05385989390322,H2S,347.92538989440095,0.0,59.73443815921804,1362.504173064282,2.665821432393364e-22,0.0,881.50477511938,7188842.97701938,3795.6872320023563,292.0,True,Jeans,False,N2,1_M_earth,1_F_earth
N2_atmosphere_1_M_earth_1_F_earth.csv,4000,27.05385989390322,SO2,347.92538989440095,0.0,112.44129535852807,993.0870362079755,4.672178701621223e-45,0.0,881.50477511938,7188842.97701938,3795.6872320023563,292.0,True,Jeans,False,N2,1_M_earth,1_F_earth
N2_atmosphere_1_M_earth_1_F_earth.csv,4000,27.05385989390322,O,347.92538989440095,8.29453043546968e-11,28.110323839632017,1986.174072415951,1.0099523522381395e-08,951971563.6395457,881.50477511938,7188842.97701938,3795.6872320023563,292.0,True,Jeans,False,N2,1_M_earth,1_F_earth
N2_atmosphere_1_M_earth_1_F_earth.csv,4000,27.05385989390322,NO2,347.92538989440095,0.0,80.81718103894205,1171.3815620045846,2.1551732882187534e-31,0.0,881.50477511938,7188842.97701938,3795.6872320023563,292.0,True,Jeans,False,N2,1_M_earth,1_F_earth
N2_atmosphere_1_M_earth_1_F_earth.csv,4000,27.05385989390322,CO2,347.92538989440095,0.0,77.30339055898806,1197.7080302792517,7.080935602687975e-30,0.0,881.50477511938,7188842.97701938,3795.6872320023563,292.0,True,Jeans,False,N2,1_M_earth,1_F_earth
N2_atmosphere_1_M_earth_1_F_earth.csv,4000,27.05385989390322,N2,347.92538989440095,0.0,49.19306671935603,1501.4064731705714,9.188818198214553e-18,0.0,881.50477511938,7188842.97701938,3795.6872320023563,292.0,True,Jeans,False,N2,1_M_earth,1_F_earth
N2_atmosphere_1_M_earth_1_F_earth.csv,4000,27.05385989390322,H2,347.92538989440095,0.0,3.513790479954002,5617.7486208888795,213.04873015925173,0.0,881.50477511938,7188842.97701938,3795.6872320023563,292.0,True,Jeans,False,N2,1_M_earth,1_F_earth
N2_atmosphere_1_M_earth_1_F_earth.csv,4000,27.05385989390322,NO,347.92538989440095,0.0,52.706857199310036,1450.4964567921545,2.8290735564592387e-19,0.0,881.50477511938,7188842.97701938,3795.6872320023563,292.0,True,Jeans,False,N2,1_M_earth,1_F_earth
N2_atmosphere_1_M_earth_1_F_earth.csv,4000,27.05385989390322,OH,347.92538989440095,0.0,29.86721907960902,1926.8718803374463,1.7929863166173987e-09,0.0,881.50477511938,7188842.97701938,3795.6872320023563,292.0,True,Jeans,False,N2,1_M_earth,1_F_earth
N2_atmosphere_1_M_earth_1_F_earth.csv,4000,27.05385989390322,H,347.92538989440095,347.92537279201406,1.756895239977001,7944.696289663804,1066.3081365847604,605140774089.4517,881.50477511938,7188842.97701938,3795.6872320023563,292.0,True,Jeans,False,N2,1_M_earth,1_F_earth
N2_atmosphere_1_M_earth_1_F_earth.csv,4000,27.05385989390322,CH4,347.92538989440095,0.0,28.110323839632017,1986.174072415951,1.0099523522381395e-08,0.0,881.50477511938,7188842.97701938,3795.6872320023563,292.0,True,Jeans,False,N2,1_M_earth,1_F_earth
N2_atmosphere_1_M_earth_1_F_earth.csv,4000,27.05385989390322,H2O,347.92538989440095,0.0,31.62411431958602,1872.5828736296266,3.1783118070620773e-10,0.0,881.50477511938,7188842.97701938,3795.6872320023563,292.0,True,Jeans,False,N2,1_M_earth,1_F_earth
N2_atmosphere_1_M_earth_1_F_earth.csv,4000,27.05385989390322,O2,347.92538989440095,0.0,56.22064767926403,1404.4371552222199,8.692267671103831e-21,0.0,881.50477511938,7188842.97701938,3795.6872320023563,292.0,True,Jeans,False,N2,1_M_earth,1_F_earth
N2_atmosphere_1_M_earth_1_F_earth.csv,4000,27.05385989390322,N2O,347.92538989440095,0.0,77.30339055898806,1197.7080302792517,7.080935602687975e-30,0.0,881.50477511938,7188842.97701938,3795.6872320023563,292.0,True,Jeans,False,N2,1_M_earth,1_F_earth
N2_atmosphere_1_M_earth_1_F_earth.csv,4000,27.05385989390322,CO,347.92538989440095,0.0,49.19306671935603,1501.4064731705714,9.188818198214553e-18,0.0,881.50477511938,7188842.97701938,3795.6872320023563,292.0,True,Jeans,False,N2,1_M_earth,1_F_earth
N2_atmosphere_1_M_earth_1_F_earth.csv,4000,27.05385989390322,S,347.92538989440095,1.3294491732677438e-20,56.22064767926403,1404.4371552222199,8.692267671103831e-21,88642440955.1483,881.50477511938,7188842.97701938,3795.6872320023563,292.0,True,Jeans,False,N2,1_M_earth,1_F_earth
N2_atmosphere_1_M_earth_1_F_earth.csv,4000,27.05385989390322,NH3,347.92538989440095,0.0,29.86721907960902,1926.8718803374463,1.7929863166173987e-09,0.0,881.50477511938,7188842.97701938,3795.6872320023563,292.0,True,Jeans,False,N2,1_M_earth,1_F_earth
N2_atmosphere_1_M_earth_1_F_earth.csv,4000,27.05385989390322,N,347.92538989440095,1.7052238256778095e-05,24.596533359678016,2123.3093969925785,3.187504369498633e-07,7086888598414.419,881.50477511938,7188842.97701938,3795.6872320023563,292.0,True,Jeans,False,N2,1_M_earth,1_F_earth
N2_atmosphere_1_M_earth_1_F_earth.csv,4000,27.05385989390322,C,347.92538989440095,5.006571856816611e-08,21.082742879724012,2293.4362707336095,9.972771405512903e-06,775883259.7896607,881.50477511938,7188842.97701938,3795.6872320023563,292.0,True,Jeans,False,N2,1_M_earth,1_F_earth
N2_atmosphere_1_M_earth_1_F_earth.csv,5000,30.221753953100077,S2,388.64256260706594,0.0,88.63724121603923,1110.7446057242314,8.991517859126308e-35,0.0,982.4482636828134,7289786.465582813,4748.36635719219,294.0,True,Jeans,False,N2,1_M_earth,1_F_earth
N2_atmosphere_1_M_earth_1_F_earth.csv,5000,30.221753953100077,H2S,388.64256260706594,0.0,47.08853439602084,1523.929026691036,7.330113533754817e-17,0.0,982.4482636828134,7289786.465582813,4748.36635719219,294.0,True,Jeans,False,N2,1_M_earth,1_F_earth
N2_atmosphere_1_M_earth_1_F_earth.csv,5000,30.221753953100077,SO2,388.64256260706594,0.0,88.63724121603923,1110.7446057242314,8.991517859126308e-35,0.0,982.4482636828134,7289786.465582813,4748.36635719219,294.0,True,Jeans,False,N2,1_M_earth,1_F_earth
N2_atmosphere_1_M_earth_1_F_earth.csv,5000,30.221753953100077,O,388.64256260706594,2.2564903371612005e-08,22.159310304009807,2221.489211448463,3.452221956333758e-06,736811175.9061074,982.4482636828134,7289786.465582813,4748.36635719219,294.0,True,Jeans,False,N2,1_M_earth,1_F_earth
N2_atmosphere_1_M_earth_1_F_earth.csv,5000,30.221753953100077,NO2,388.64256260706594,0.0,63.708017124028196,1310.162859651845,5.1361553811030115e-24,0.0,982.4482636828134,7289786.465582813,4748.36635719219,294.0,True,Jeans,False,N2,1_M_earth,1_F_earth
N2_atmosphere_1_M_earth_1_F_earth.csv,5000,30.221753953100077,CO2,388.64256260706594,0.0,60.93810333602698,1339.6083982176435,8.021374911534058e-23,0.0,982.4482636828134,7289786.465582813,4748.36635719219,294.0,True,Jeans,False,N2,1_M_earth,1_F_earth
N2_atmosphere_1_M_earth_1_F_earth.csv,5000,30.221753953100077,N2,388.64256260706594,0.0,38.77879303201716,1679.287998201604,2.714913674946943e-13,0.0,982.4482636828134,7289786.465582813,4748.36635719219,294.0,True,Jeans,False,N2,1_M_earth,1_F_earth
N2_atmosphere_1_M_earth_1_F_earth.csv,5000,30.221753953100077,H2,388.64256260706594,0.0,2.769913788001226,6283.320342991857,418.75250222576966,0.0,982.4482636828134,7289786.465582813,4748.36635719219,294.0,True,Jeans,False,N2,1_M_earth,1_F_earth
N2_atmosphere_1_M_earth_1_F_earth.csv,5000,30.221753953100077,NO,388.64256260706594,0.0,41.54870682001839,1622.346336486249,1.7581296712153598e-14,0.0,982.4482636828134,7289786.465582813,4748.36635719219,294.0,True,Jeans,False,N2,1_M_earth,1_F_earth
N2_atmosphere_1_M_earth_1_F_earth.csv,5000,30.221753953100077,OH,388.64256260706594,0.0,23.54426719801042,2155.1610976404936,8.885452564572595e-07,0.0,982.4482636828134,7289786.465582813,4748.36635719219,294.0,True,Jeans,False,N2,1_M_earth,1_F_earth
N2_atmosphere_1_M_earth_1_F_earth.csv,5000,30.221753953100077,H,388.64256260706594,388.64035197135394,1.384956894000613,8885.956845793851,1496.5825083034101,468369542091.0774,982.4482636828134,7289786.465582813,4748.36635719219,294.0,False,hydrodynamic_candidate,False,N2,1_M_earth,1_F_earth
N2_atmosphere_1_M_earth_1_F_earth.csv,5000,30.221753953100077,CH4,388.64256260706594,0.0,22.159310304009807,2221.489211448463,3.452221956333758e-06,0.0,982.4482636828134,7289786.465582813,4748.36635719219,294.0,True,Jeans,False,N2,1_M_earth,1_F_earth
N2_atmosphere_1_M_earth_1_F_earth.csv,5000,30.221753953100077,H2O,388.64256260706594,0.0,24.929224092011033,2094.4401143306186,2.283642279851545e-07,0.0,982.4482636828134,7289786.465582813,4748.36635719219,294.0,True,Jeans,False,N2,1_M_earth,1_F_earth
N2_atmosphere_1_M_earth_1_F_earth.csv,5000,30.221753953100077,O2,388.64256260706594,0.0,44.318620608019614,1570.8300857479642,1.136236105491476e-15,0.0,982.4482636828134,7289786.465582813,4748.36635719219,294.0,True,Jeans,False,N2,1_M_earth,1_F_earth
N2_atmosphere_1_M_earth_1_F_earth.csv,5000,30.221753953100077,N2O,388.64256260706594,0.0,60.93810333602698,1339.6083982176435,8.021374911534058e-23,0.0,982.4482636828134,7289786.465582813,4748.36635719219,294.0,True,Jeans,False,N2,1_M_earth,1_F_earth
N2_atmosphere_1_M_earth_1_F_earth.csv,5000,30.221753953100077,CO,388.64256260706594,0.0,38.77879303201716,1679.287998201604,2.714913674946943e-13,0.0,982.4482636828134,7289786.465582813,4748.36635719219,294.0,True,Jeans,False,N2,1_M_earth,1_F_earth
N2_atmosphere_1_M_earth_1_F_earth.csv,5000,30.221753953100077,S,388.64256260706594,1.3830920336501787e-15,44.318620608019614,1570.8300857479642,1.136236105491476e-15,68607869867.088295,982.4482636828134,7289786.465582813,4748.36635719219,294.0,True,Jeans,False,N2,1_M_earth,1_F_earth
N2_atmosphere_1_M_earth_1_F_earth.csv,5000,30.221753953100077,NH3,388.64256260706594,0.0,23.54426719801042,2155.1610976404936,8.885452564572595e-07,0.0,982.4482636828134,7289786.465582813,4748.36635719219,294.0,True,Jeans,False,N2,1_M_earth,1_F_earth
N2_atmosphere_1_M_earth_1_F_earth.csv,5000,30.221753953100077,N,388.64256260706594,0.002207527682286316,19.38939651600858,2374.871862187074,5.1847964053116735e-05,5485141490728.871,982.4482636828134,7289786.465582813,4748.36635719219,294.0,True,Jeans,False,N2,1_M_earth,1_F_earth
N2_atmosphere_1_M_earth_1_F_earth.csv,5000,30.221753953100077,C,388.64256260706594,3.085464793518911e-06,16.619482728007352,2565.154788463239,0.0007722397598942188,600521568.9698312,982.4482636828134,7289786.465582813,4748.36635719219,294.0,True,Jeans,False,N2,1_M_earth,1_F_earth
N2_atmosphere_1_M_earth_1_F_earth.csv,6000,32.05079530426268,S2,411.61491014096134,0.0,72.84372988810763,1216.949262700056,5.8661239227036515e-28,0.0,1082.2858457070618,7389624.047607061,5699.81470623524,295.0,True,Jeans,False,N2,1_M_earth,1_F_earth
N2_atmosphere_1_M_earth_1_F_earth.csv,6000,32.05079530426268,H2S,411.61491014096134,0.0,38.69823150305718,1669.6406139462313,2.9198519226733606e-13,0.0,1082.2858457070618,7389624.047607061,5699.81470623524,295.0,True,Jeans,False,N2,1_M_earth,1_F_earth
N2_atmosphere_1_M_earth_1_F_earth.csv,6000,32.05079530426268,SO2,411.61491014096134,0.0,72.84372988810763,1216.949262700056,5.8661239227036515e-28,0.0,1082.2858457070618,7389624.047607061,5699.81470623524,295.0,True,Jeans,False,N2,1_M_earth,1_F_earth
N2_atmosphere_1_M_earth_1_F_earth.csv,6000,32.05079530426268,O,411.61491014096134,8.957046645846568e-07,18.210932472026908,2433.898525400112,0.00016268162358635716,603994106.3895216,1082.2858457070618,7389624.047607061,5699.81470623524,295.0,True,Jeans,False,N2,1_M_earth,1_F_earth
N2_atmosphere_1_M_earth_1_F_earth.csv,6000,32.05079530426268,NO2,411.61491014096134,0.0,52.356430857077356,1435.4350386700485,3.9487202646842304e-19,0.0,1082.2858457070618,7389624.047607061,5699.81470623524,295.0,True,Jeans,False,N2,1_M_earth,1_F_earth
N2_atmosphere_1_M_earth_1_F_earth.csv,6000,32.05079530426268,CO2,411.61491014096134,0.0,50.080064298074,1467.696033918448,3.765191294678057e-18,0.0,1082.2858457070618,7389624.047607061,5699.81470623524,295.0,True,Jeans,False,N2,1_M_earth,1_F_earth
N2_atmosphere_1_M_earth_1_F_earth.csv,6000,32.05079530426268,N2,411.61491014096134,0.0,31.869131826047088,1839.8543470215773,2.462513665839386e-10,0.0,1082.2858457070618,7389624.047607061,5699.81470623524,295.0,True,Jeans,False,N2,1_M_earth,1_F_earth
N2_atmosphere_1_M_earth_1_F_earth.csv,6000,32.05079530426268,H2,411.61491014096134,0.0,2.2763665590033635,6884.104608121431,653.1630047433684,0.0,1082.2858457070618,7389624.047607061,5699.81470623524,295.0,True,Jeans,False,N2,1_M_earth,1_F_earth
N2_atmosphere_1_M_earth_1_F_earth.csv,6000,32.05079530426268,NO,411.61491014096134,0.0,34.14549838505045,1777.4681667202692,2.611349945837117e-11,0.0,1082.2858457070618,7389624.047607061,5699.81470623524,295.0,True,Jeans,False,N2,1_M_earth,1_F_earth
N2_atmosphere_1_M_earth_1_F_earth.csv,6000,32.05079530426268,OH,411.61491014096134,0.0,19.34911575152859,2361.228400531701,5.356294011555646e-05,0.0,1082.2858457070618,7389624.047607061,5699.81470623524,295.0,True,Jeans,False,N2,1_M_earth,1_F_earth
N2_atmosphere_1_M_earth_1_F_earth.csv,6000,32.05079530426268,H,411.61491014096134,411.56130359582784,1.1381832795016817,9735.594101600447,1881.4632433419038,383941574566.2075,1082.2858457070618,7389624.047607061,5699.81470623524,295.0,False,hydrodynamic_candidate,False,N2,1_M_earth,1_F_earth
N2_atmosphere_1_M_earth_1_F_earth.csv,6000,32.05079530426268,CH4,411.61491014096134,0.0,18.210932472026908,2433.898525400112,0.00016268162358635716,0.0,1082.2858457070618,7389624.047607061,5699.81470623524,295.0,True,Jeans,False,N2,1_M_earth,1_F_earth
N2_atmosphere_1_M_earth_1_F_earth.csv,6000,32.05079530426268,H2O,411.61491014096134,0.0,20.487299031030272,2294.701536040477,1.761092566151762e-05,0.0,1082.2858457070618,7389624.047607061,5699.81470623524,295.0,True,Jeans,False,N2,1_M_earth,1_F_earth
N2_atmosphere_1_M_earth_1_F_earth.csv,6000,32.05079530426268,O2,411.61491014096134,0.0,36.421864944053816,1721.0261520303577,2.763713366453506e-12,0.0,1082.2858457070618,7389624.047607061,5699.81470623524,295.0,True,Jeans,False,N2,1_M_earth,1_F_earth
N2_atmosphere_1_M_earth_1_F_earth.csv,6000,32.05079530426268,N2O,411.61491014096134,0.0,50.080064298074,1467.696033918448,3.765191294678057e-18,0.0,1082.2858457070618,7389624.047607061,5699.81470623524,295.0,True,Jeans,False,N2,1_M_earth,1_F_earth
N2_atmosphere_1_M_earth_1_F_earth.csv,6000,32.05079530426268,CO,411.61491014096134,0.0,31.869131826047088,1839.8543470215773,2.462513665839386e-10,0.0,1082.2858457070618,7389624.047607061,5699.81470623524,295.0,True,Jeans,False,N2,1_M_earth,1_F_earth
N2_atmosphere_1_M_earth_1_F_earth.csv,6000,32.05079530426268,S,411.61491014096134,2.8337860853326967e-12,36.421864944053816,1721.0261520303577,2.763713366453506e-12,56240663017.49631,1082.2858457070618,7389624.047607061,5699.81470623524,295.0,True,Jeans,False,N2,1_M_earth,1_F_earth
N2_atmosphere_1_M_earth_1_F_earth.csv,6000,32.05079530426268,NH3,411.61491014096134,0.0,19.34911575152859,2361.228400531701,5.356294011555646e-05,0.0,1082.2858457070618,7389624.047607061,5699.81470623524,295.0,True,Jeans,False,N2,1_M_earth,1_F_earth
N2_atmosphere_1_M_earth_1_F_earth.csv,6000,32.05079530426268,N,411.61491014096134,0.05355987457674554,15.934565913023544,2601.9469703490095,0.001493391001968436,4496393704993.219,1082.2858457070618,7389624.047607061,5699.81470623524,295.0,True,Jeans,False,N2,1_M_earth,1_F_earth
N2_atmosphere_1_M_earth_1_F_earth.csv,6000,32.05079530426268,C,411.61491014096134,4.577484925797484e-05,13.65819935402018,2810.423937639976,0.013600877077845349,492271969.0991596,1082.2858457070618,7389624.047607061,5699.81470623524,295.0,True,Jeans,False,N2,1_M_earth,1_F_earth
N2_atmosphere_1_M_earth_1_F_earth.csv,7000,32.75058061926484,S2,415.7933513825942,0.0,61.50071848655647,1315.133619865498,4.5271750368692046e-23,0.0,1187.107428027803,7494445.629927803,6656.647412976178,297.0,True,Jeans,False,N2,1_M_earth,1_F_earth
N2_atmosphere_1_M_earth_1_F_earth.csv,7000,32.75058061926484,H2S,415.7933513825942,0.0,32.67225669598313,1804.3484406422317,1.1081713187951191e-10,0.0,1187.107428027803,7494445.629927803,6656.647412976178,297.0,True,Jeans,False,N2,1_M_earth,1_F_earth
N2_atmosphere_1_M_earth_1_F_earth.csv,7000,32.75058061926484,SO2,415.7933513825942,0.0,61.50071848655647,1315.133619865498,4.5271750368692046e-23,0.0,1187.107428027803,7494445.629927803,6656.647412976178,297.0,True,Jeans,False,N2,1_M_earth,1_F_earth
N2_atmosphere_1_M_earth_1_F_earth.csv,7000,32.75058061926484,O,415.7933513825942,1.1991602875150763e-05,15.375179621639118,2630.267239730996,0.002554026201733431,500753407.91010773,1187.107428027803,7494445.629927803,6656.647412976178,297.0,True,Jeans,False,N2,1_M_earth,1_F_earth
N2_atmosphere_1_M_earth_1_F_earth.csv,7000,32.75058061926484,NO2,415.7933513825942,0.0,44.20364141221247,1551.2469881443194,1.2556017000687826e-15,0.0,1187.107428027803,7494445.629927803,6656.647412976178,297.0,True,Jeans,False,N2,1_M_earth,1_F_earth
N2_atmosphere_1_M_earth_1_F_earth.csv,7000,32.75058061926484,CO2,415.7933513825942,0.0,42.28174395950758,1586.1108241002712,8.400502426115198e-15,0.0,1187.107428027803,7494445.629927803,6656.647412976178,297.0,True,Jeans,False,N2,1_M_earth,1_F_earth
N2_atmosphere_1_M_earth_1_F_earth.csv,7000,32.75058061926484,N2,415.7933513825942,0.0,26.90656433786846,1988.2951422767214,3.2300546699954365e-08,0.0,1187.107428027803,7494445.629927803,6656.647412976178,297.0,True,Jeans,False,N2,1_M_earth,1_F_earth
N2_atmosphere_1_M_earth_1_F_earth.csv,7000,32.75058061926484,H2,415.7933513825942,0.0,1.9218974527048898,7439.519206186439,897.295415019248,0.0,1187.107428027803,7494445.629927803,6656.647412976178,297.0,True,Jeans,False,N2,1_M_earth,1_F_earth
N2_atmosphere_1_M_earth_1_F_earth.csv,7000,32.75058061926484,NO,415.7933513825942,0.0,28.828461790573346,1920.87559929002,4.880713199352854e-09,0.0,1187.107428027803,7494445.629927803,6656.647412976178,297.0,True,Jeans,False,N2,1_M_earth,1_F_earth
N2_atmosphere_1_M_earth_1_F_earth.csv,7000,32.75058061926484,OH,415.7933513825942,0.0,16.336128347991565,2551.73403600299,0.0010034418058901481,0.0,1187.107428027803,7494445.629927803,6656.647412976178,297.0,True,Jeans,False,N2,1_M_earth,1_F_earth
N2_atmosphere_1_M_earth_1_F_earth.csv,7000,32.75058061926484,H,415.7933513825942,415.2893475432016,0.9609487263524449,10521.068958923985,2226.3141368306724,318314450204.9342,1187.107428027803,7494445.629927803,6656.647412976178,297.0,False,hydrodynamic_candidate,False,N2,1_M_earth,1_F_earth
N2_atmosphere_1_M_earth_1_F_earth.csv,7000,32.75058061926484,CH4,415.7933513825942,0.0,15.375179621639118,2630.267239730996,0.002554026201733431,0.0,1187.107428027803,7494445.629927803,6656.647412976178,297.0,True,Jeans,False,N2,1_M_earth,1_F_earth
N2_atmosphere_1_M_earth_1_F_earth.csv,7000,32.75058061926484,H2O,415.7933513825942,0.0,17.297077074344006,2479.8397353954797,0.0003937089374100691,0.0,1187.107428027803,7494445.629927803,6656.647412976178,297.0,True,Jeans,False,N2,1_M_earth,1_F_earth
N2_atmosphere_1_M_earth_1_F_earth.csv,7000,32.75058061926484,O2,415.7933513825942,0.0,30.750359243278236,1859.8798015466098,7.360668408546918e-10,0.0,1187.107428027803,7494445.629927803,6656.647412976178,297.0,True,Jeans,False,N2,1_M_earth,1_F_earth
N2_atmosphere_1_M_earth_1_F_earth.csv,7000,32.75058061926484,N2O,415.7933513825942,0.0,42.28174395950758,1586.1108241002712,8.400502426115198e-15,0.0,1187.107428027803,7494445.629927803,6656.647412976178,297.0,True,Jeans,False,N2,1_M_earth,1_F_earth
N2_atmosphere_1_M_earth_1_F_earth.csv,7000,32.75058061926484,CO,415.7933513825942,0.0,26.90656433786846,1988.2951422767214,3.2300546699954365e-08,0.0,1187.107428027803,7494445.629927803,6656.647412976178,297.0,True,Jeans,False,N2,1_M_earth,1_F_earth
N2_atmosphere_1_M_earth_1_F_earth.csv,7000,32.75058061926484,S,415.7933513825942,6.436012360098216e-10,30.750359243278236,1859.8798015466098,7.360668408546918e-10,46627447803.22879,1187.107428027803,7494445.629927803,6656.647412976178,297.0,True,Jeans,False,N2,1_M_earth,1_F_earth
N2_atmosphere_1_M_earth_1_F_earth.csv,7000,32.75058061926484,NH3,415.7933513825942,0.0,16.336128347991565,2551.73403600299,0.0010034418058901481,0.0,1187.107428027803,7494445.629927803,6656.647412976178,297.0,True,Jeans,False,N2,1_M_earth,1_F_earth
N2_atmosphere_1_M_earth_1_F_earth.csv,7000,32.75058061926484,N,415.7933513825942,0.5036893424069666,13.45328216893423,2811.873956208282,0.01646915015749816,3727825234156.907,1187.107428027803,7494445.629927803,6656.647412976178,297.0,True,Jeans,False,N2,1_M_earth,1_F_earth
N2_atmosphere_1_M_earth_1_F_earth.csv,7000,32.75058061926484,C,415.7933513825942,0.00030250473916311845,11.531384716229338,3037.170997798689,0.1054014594135811,408127932.93391633,1187.107428027803,7494445.629927803,6656.647412976178,297.0,True,Jeans,False,N2,1_M_earth,1_F_earth
N2_atmosphere_1_M_earth_1000_F_earth.csv,200,2.112974625602182e-13,S2,3.465323664473744e-10,0.0,1813.3889009156842,242.3108283732478,0.0,0.0,1179.9209471099823,7487259.149009982,225.97554283006735,295.0,True,Jeans,False,N2,1_M_earth,1000_F_earth
N2_atmosphere_1_M_earth_1000_F_earth.csv,200,2.112974625602182e-13,H2S,3.465323664473744e-10,0.0,963.3628536114572,332.44771384577024,0.0,0.0,1179.9209471099823,7487259.149009982,225.97554283006735,295.0,True,Jeans,False,N2,1_M_earth,1000_F_earth
N2_atmosphere_1_M_earth_1000_F_earth.csv,200,2.112974625602182e-13,SO2,3.465323664473744e-10,0.0,1813.3889009156842,242.3108283732478,0.0,0.0,1179.9209471099823,7487259.149009982,225.97554283006735,295.0,True,Jeans,False,N2,1_M_earth,1000_F_earth
N2_atmosphere_1_M_earth_1000_F_earth.csv,200,2.112974625602182e-13,O,3.465323664473744e-10,2.236016288617899e-193,453.34722522892105,484.6216567464956,8.072117276689387e-193,29600075614.263798,1179.9209471099823,7487259.149009982,225.97554283006735,295.0,True,Jeans,False,N2,1_M_earth,1000_F_earth
N2_atmosphere_1_M_earth_1000_F_earth.csv,200,2.112974625602182e-13,NO2,3.465323664473744e-10,0.0,1303.373272533148,285.81426026292166,0.0,0.0,1179.9209471099823,7487259.149009982,225.97554283006735,295.0,True,Jeans,False,N2,1_M_earth,1000_F_earth
N2_atmosphere_1_M_earth_1000_F_earth.csv,200,2.112974625602182e-13,CO2,3.465323664473744e-10,0.0,1246.704869379533,292.23785467427865,0.0,0.0,1179.9209471099823,7487259.149009982,225.97554283006735,295.0,True,Jeans,False,N2,1_M_earth,1000_F_earth
N2_atmosphere_1_M_earth_1000_F_earth.csv,200,2.112974625602182e-13,N2,3.465323664473744e-10,0.0,793.3576441506119,366.33953820209564,0.0,0.0,1179.9209471099823,7487259.149009982,225.97554283006735,295.0,True,Jeans,False,N2,1_M_earth,1000_F_earth
N2_atmosphere_1_M_earth_1000_F_earth.csv,200,2.112974625602182e-13,H2,3.465323664473744e-10,0.0,56.66840315361513,1370.7170391812256,5.463941205165338e-21,0.0,1179.9209471099823,7487259.149009982,225.97554283006735,295.0,True,Jeans,False,N2,1_M_earth,1000_F_earth
N2_atmosphere_1_M_earth_1000_F_earth.csv,200,2.112974625602182e-13,NO,3.465323664473744e-10,0.0,850.026047304227,353.9176176741084,0.0,0.0,1179.9209471099823,7487259.149009982,225.97554283006735,295.0,True,Jeans,False,N2,1_M_earth,1000_F_earth
N2_atmosphere_1_M_earth_1000_F_earth.csv,200,2.112974625602182e-13,OH,3.465323664473744e-10,0.0,481.6814268057286,470.1520657006181,4.118208279656285e-205,0.0,1179.9209471099823,7487259.149009982,225.97554283006735,295.0,True,Jeans,False,N2,1_M_earth,1000_F_earth
N2_atmosphere_1_M_earth_1000_F_earth.csv,200,2.112974625602182e-13,H,3.465323664473744e-10,3.465323664473744e-10,28.334201576807565,1938.4866269859824,7.940443417104033e-09,74614692271.64113,1179.9209471099823,7487259.149009982,225.97554283006735,295.0,True,Jeans,False,N2,1_M_earth,1000_F_earth
N2_atmosphere_1_M_earth_1000_F_earth.csv,200,2.112974625602182e-13,CH4,3.465323664473744e-10,0.0,453.34722522892105,484.6216567464956,8.072117276689387e-193,0.0,1179.9209471099823,7487259.149009982,225.97554283006735,295.0,True,Jeans,False,N2,1_M_earth,1000_F_earth
N2_atmosphere_1_M_earth_1000_F_earth.csv,200,2.112974625602182e-13,H2O,3.465323664473744e-10,0.0,510.01562838253614,456.9056797270752,2.097407014604025e-217,0.0,1179.9209471099823,7487259.149009982,225.97554283006735,295.0,True,Jeans,False,N2,1_M_earth,1000_F_earth
N2_atmosphere_1_M_earth_1000_F_earth.csv,200,2.112974625602182e-13,O2,3.465323664473744e-10,0.0,906.6944504578421,342.6792597953064,0.0,0.0,1179.9209471099823,7487259.149009982,225.97554283006735,295.0,True,Jeans,False,N2,1_M_earth,1000_F_earth
N2_atmosphere_1_M_earth_1000_F_earth.csv,200,2.112974625602182e-13,N2O,3.465323664473744e-10,0.0,1246.704869379533,292.23785467427865,0.0,0.0,1179.9209471099823,7487259.149009982,225.97554283006735,295.0,True,Jeans,False,N2,1_M_earth,1000_F_earth
N2_atmosphere_1_M_earth_1000_F_earth.csv,200,2.112974625602182e-13,CO,3.465323664473744e-10,0.0,793.3576441506119,366.33953820209564,0.0,0.0,1179.9209471099823,7487259.149009982,225.97554283006735,295.0,True,Jeans,False,N2,1_M_earth,1000_F_earth
N2_atmosphere_1_M_earth_1000_F_earth.csv,200,2.112974625602182e-13,S,3.465323664473744e-10,0.0,906.6944504578421,342.6792597953064,0.0,120379363.34201868,1179.9209471099823,7487259.149009982,225.97554283006735,295.0,True,Jeans,False,N2,1_M_earth,1000_F_earth
N2_atmosphere_1_M_earth_1000_F_earth.csv,200,2.112974625602182e-13,NH3,3.465323664473744e-10,0.0,481.6814268057286,470.1520657006181,4.118208279656285e-205,0.0,1179.9209471099823,7487259.149009982,225.97554283006735,295.0,True,Jeans,False,N2,1_M_earth,1000_F_earth
N2_atmosphere_1_M_earth_1000_F_earth.csv,200,2.112974625602182e-13,N,3.465323664473744e-10,3.085776747974865e-165,396.67882207530596,518.0823433589003,3.0824980320796653e-168,122252841381650.48,1179.9209471099823,7487259.149009982,225.97554283006735,295.0,True,Jeans,False,N2,1_M_earth,1000_F_earth
N2_atmosphere_1_M_earth_1000_F_earth.csv,200,2.112974625602182e-13,C,3.465323664473744e-10,1.0236856700501558e-144,340.01041892169076,559.5928879554233,1.165161632066524e-143,12517699044.594568,1179.9209471099823,7487259.149009982,225.97554283006735,295.0,True,Jeans,False,N2,1_M_earth,1000_F_earth
N2_atmosphere_1_M_earth_1000_F_earth.csv,300,5.67670838960096e-10,S2,9.309923403928509e-07,0.0,1275.4088296772045,288.7163033329527,0.0,0.0,1191.041472846401,7498379.674746401,320.81776625093363,295.0,True,Jeans,False,N2,1_M_earth,1000_F_earth
N2_atmosphere_1_M_earth_1000_F_earth.csv,300,5.67670838960096e-10,H2S,9.309923403928509e-07,0.0,677.5609407660149,396.11550023341437,4.157459567733167e-290,0.0,1191.041472846401,7498379.674746401,320.81776625093363,295.0,True,Jeans,False,N2,1_M_earth,1000_F_earth
N2_atmosphere_1_M_earth_1000_F_earth.csv,300,5.67670838960096e-10,SO2,9.309923403928509e-07,0.0,1275.4088296772045,288.7163033329527,0.0,0.0,1191.041472846401,7498379.674746401,320.81776625093363,295.0,True,Jeans,False,N2,1_M_earth,1000_F_earth
N2_atmosphere_1_M_earth_1000_F_earth.csv,300,5.67670838960096e-10,O,9.309923403928509e-07,3.40934656704645e-135,318.8522074193011,577.4326066659054,1.742173885451416e-134,20849509779.057743,1191.041472846401,7498379.674746401,320.81776625093363,295.0,True,Jeans,False,N2,1_M_earth,1000_F_earth
N2_atmosphere_1_M_earth_1000_F_earth.csv,300,5.67670838960096e-10,NO2,9.309923403928509e-07,0.0,916.7000963304909,340.5511722977695,0.0,0.0,1191.041472846401,7498379.674746401,320.81776625093363,295.0,True,Jeans,False,N2,1_M_earth,1000_F_earth
N2_atmosphere_1_M_earth_1000_F_earth.csv,300,5.67670838960096e-10,CO2,9.309923403928509e-07,0.0,876.8435704030783,348.20496327776004,0.0,0.0,1191.041472846401,7498379.674746401,320.81776625093363,295.0,True,Jeans,False,N2,1_M_earth,1000_F_earth
N2_atmosphere_1_M_earth_1000_F_earth.csv,300,5.67670838960096e-10,N2,9.309923403928509e-07,0.0,557.9913629837771,436.4980217536466,3.2004610921655724e-238,0.0,1191.041472846401,7498379.674746401,320.81776625093363,295.0,True,Jeans,False,N2,1_M_earth,1000_F_earth
N2_atmosphere_1_M_earth_1000_F_earth.csv,300,5.67670838960096e-10,H2,9.309923403928509e-07,0.0,39.85652592741264,1633.2260474067443,9.230676329846551e-14,0.0,1191.041472846401,7498379.674746401,320.81776625093363,295.0,True,Jeans,False,N2,1_M_earth,1000_F_earth
N2_atmosphere_1_M_earth_1000_F_earth.csv,300,5.67670838960096e-10,NO,9.309923403928509e-07,0.0,597.8478889111897,421.6971521465657,1.6243255937677353e-255,0.0,1191.041472846401,7498379.674746401,320.81776625093363,295.0,True,Jeans,False,N2,1_M_earth,1000_F_earth
N2_atmosphere_1_M_earth_1000_F_earth.csv,300,5.67670838960096e-10,OH,9.309923403928509e-07,0.0,338.78047038300747,560.1919126962974,3.9759549237631506e-143,0.0,1191.041472846401,7498379.674746401,320.81776625093363,295.0,True,Jeans,False,N2,1_M_earth,1000_F_earth
N2_atmosphere_1_M_earth_1000_F_earth.csv,300,5.67670838960096e-10,H,9.309923403928509e-07,9.309923403928509e-07,19.92826296370632,2309.7304266636215,3.0196381805034884e-05,52556614261.79968,1191.041472846401,7498379.674746401,320.81776625093363,295.0,True,Jeans,False,N2,1_M_earth,1000_F_earth
N2_atmosphere_1_M_earth_1000_F_earth.csv,300,5.67670838960096e-10,CH4,9.309923403928509e-07,0.0,318.8522074193011,577.4326066659054,1.742173885451416e-134,0.0,1191.041472846401,7498379.674746401,320.81776625093363,295.0,True,Jeans,False,N2,1_M_earth,1000_F_earth
N2_atmosphere_1_M_earth_1000_F_earth.csv,300,5.67670838960096e-10,H2O,9.309923403928509e-07,0.0,358.70873334671376,544.4086824689148,9.058318566790348e-152,0.0,1191.041472846401,7498379.674746401,320.81776625093363,295.0,True,Jeans,False,N2,1_M_earth,1000_F_earth
N2_atmosphere_1_M_earth_1000_F_earth.csv,300,5.67670838960096e-10,O2,9.309923403928509e-07,0.0,637.7044148386022,408.3065118516861,8.22569955199636e-273,0.0,1191.041472846401,7498379.674746401,320.81776625093363,295.0,True,Jeans,False,N2,1_M_earth,1000_F_earth
N2_atmosphere_1_M_earth_1000_F_earth.csv,300,5.67670838960096e-10,N2O,9.309923403928509e-07,0.0,876.8435704030783,348.20496327776004,0.0,0.0,1191.041472846401,7498379.674746401,320.81776625093363,295.0,True,Jeans,False,N2,1_M_earth,1000_F_earth
N2_atmosphere_1_M_earth_1000_F_earth.csv,300,5.67670838960096e-10,CO,9.309923403928509e-07,0.0,557.9913629837771,436.4980217536466,3.2004610921655724e-238,0.0,1191.041472846401,7498379.674746401,320.81776625093363,295.0,True,Jeans,False,N2,1_M_earth,1000_F_earth
N2_atmosphere_1_M_earth_1000_F_earth.csv,300,5.67670838960096e-10,S,9.309923403928509e-07,1.3093076663171931e-275,637.7044148386022,408.3065118516861,8.22569955199636e-273,84792037.21988826,1191.041472846401,7498379.674746401,320.81776625093363,295.0,True,Jeans,False,N2,1_M_earth,1000_F_earth
N2_atmosphere_1_M_earth_1000_F_earth.csv,300,5.67670838960096e-10,NH3,9.309923403928509e-07,0.0,338.78047038300747,560.1919126962974,3.9759549237631506e-143,0.0,1191.041472846401,7498379.674746401,320.81776625093363,295.0,True,Jeans,False,N2,1_M_earth,1000_F_earth
N2_atmosphere_1_M_earth_1000_F_earth.csv,300,5.67670838960096e-10,N,9.309923403928509e-07,2.3513245430086982e-114,278.99568149188855,617.3014223130333,3.3247479882292125e-117,86111665561963.5,1191.041472846401,7498379.674746401,320.81776625093363,295.0,True,Jeans,False,N2,1_M_earth,1000_F_earth
N2_atmosphere_1_M_earth_1000_F_earth.csv,300,5.67670838960096e-10,C,9.309923403928509e-07,3.898393287090911e-101,239.13915556447583,666.7617417948555,6.280772327525117e-100,8817135876.362772,1191.041472846401,7498379.674746401,320.81776625093363,295.0,True,Jeans,False,N2,1_M_earth,1000_F_earth
N2_atmosphere_1_M_earth_1000_F_earth.csv,500,4.975590705837094e-07,S2,0.0008160075378453275,0.0,799.1419708239307,364.20081869331034,0.0,0.0,1213.2825243192399,7520620.72621924,510.50221309266624,295.0,True,Jeans,False,N2,1_M_earth,1000_F_earth
N2_atmosphere_1_M_earth_1000_F_earth.csv,500,4.975590705837094e-07,H2S,0.0008160075378453275,0.0,424.54417200021317,499.67940090916886,2.5167491891028116e-180,0.0,1213.2825243192399,7520620.72621924,510.50221309266624,295.0,True,Jeans,False,N2,1_M_earth,1000_F_earth
N2_atmosphere_1_M_earth_1000_F_earth.csv,500,4.975590705837094e-07,SO2,0.0008160075378453275,0.0,799.1419708239307,364.20081869331034,0.0,0.0,1213.2825243192399,7520620.72621924,510.50221309266624,295.0,True,Jeans,False,N2,1_M_earth,1000_F_earth
N2_atmosphere_1_M_earth_1000_F_earth.csv,500,4.975590705837094e-07,O,0.0008160075378453275,8.753348483771484e-84,199.78549270598268,728.4016373866207,7.075567289236747e-83,13102574255.696981,1213.2825243192399,7520620.72621924,510.50221309266624,295.0,True,Jeans,False,N2,1_M_earth,1000_F_earth
N2_atmosphere_1_M_earth_1000_F_earth.csv,500,4.975590705837094e-07,NO2,0.0008160075378453275,0.0,574.3832915297002,429.5878491308536,2.4655300176696677e-245,0.0,1213.2825243192399,7520620.72621924,510.50221309266624,295.0,True,Jeans,False,N2,1_M_earth,1000_F_earth
N2_atmosphere_1_M_earth_1000_F_earth.csv,500,4.975590705837094e-07,CO2,0.0008160075378453275,0.0,549.4101049414525,439.24271416216925,1.690476566716863e-234,0.0,1213.2825243192399,7520620.72621924,510.50221309266624,295.0,True,Jeans,False,N2,1_M_earth,1000_F_earth
N2_atmosphere_1_M_earth_1000_F_earth.csv,500,4.975590705837094e-07,N2,0.0008160075378453275,0.0,349.6246122354697,550.6198820277847,7.871355440048717e-148,0.0,1213.2825243192399,7520620.72621924,510.50221309266624,295.0,True,Jeans,False,N2,1_M_earth,1000_F_earth
N2_atmosphere_1_M_earth_1000_F_earth.csv,500,4.975590705837094e-07,H2,0.0008160075378453275,0.0,24.973186588247835,2060.2309488938563,2.153372088355514e-07,0.0,1213.2825243192399,7520620.72621924,510.50221309266624,295.0,True,Jeans,False,N2,1_M_earth,1000_F_earth
N2_atmosphere_1_M_earth_1000_F_earth.csv,500,4.975590705837094e-07,NO,0.0008160075378453275,0.0,374.59779882371754,531.949343627134,1.1620676772918227e-158,0.0,1213.2825243192399,7520620.72621924,510.50221309266624,295.0,True,Jeans,False,N2,1_M_earth,1000_F_earth
N2_atmosphere_1_M_earth_1000_F_earth.csv,500,4.975590705837094e-07,OH,0.0008160075378453275,0.0,212.27208600010658,706.6533856042097,2.7538476915822047e-88,0.0,1213.2825243192399,7520620.72621924,510.50221309266624,295.0,True,Jeans,False,N2,1_M_earth,1000_F_earth
N2_atmosphere_1_M_earth_1000_F_earth.csv,500,4.975590705837094e-07,H,0.0008160075378453275,0.0008160075378453275,12.486593294123917,2913.6065495464827,0.041866790407175725,33028447588.966503,1213.2825243192399,7520620.72621924,510.50221309266624,295.0,True,Jeans,False,N2,1_M_earth,1000_F_earth
N2_atmosphere_1_M_earth_1000_F_earth.csv,500,4.975590705837094e-07,CH4,0.0008160075378453275,0.0,199.78549270598268,728.4016373866207,7.075567289236747e-83,0.0,1213.2825243192399,7520620.72621924,510.50221309266624,295.0,True,Jeans,False,N2,1_M_earth,1000_F_earth
N2_atmosphere_1_M_earth_1000_F_earth.csv,500,4.975590705837094e-07,H2O,0.0008160075378453275,0.0,224.75867929423052,686.7436496312855,1.0699906891642091e-93,0.0,1213.2825243192399,7520620.72621924,510.50221309266624,295.0,True,Jeans,False,N2,1_M_earth,1000_F_earth
N2_atmosphere_1_M_earth_1000_F_earth.csv,500,4.975590705837094e-07,O2,0.0008160075378453275,0.0,399.57098541196535,515.0577372234641,1.711813232867666e-169,0.0,1213.2825243192399,7520620.72621924,510.50221309266624,295.0,True,Jeans,False,N2,1_M_earth,1000_F_earth
N2_atmosphere_1_M_earth_1000_F_earth.csv,500,4.975590705837094e-07,N2O,0.0008160075378453275,0.0,549.4101049414525,439.24271416216925,1.690476566716863e-234,0.0,1213.2825243192399,7520620.72621924,510.50221309266624,295.0,True,Jeans,False,N2,1_M_earth,1000_F_earth
N2_atmosphere_1_M_earth_1000_F_earth.csv,500,4.975590705837094e-07,CO,0.0008160075378453275,0.0,349.6246122354697,550.6198820277847,7.871355440048717e-148,0.0,1213.2825243192399,7520620.72621924,510.50221309266624,295.0,True,Jeans,False,N2,1_M_earth,1000_F_earth
N2_atmosphere_1_M_earth_1000_F_earth.csv,500,4.975590705837094e-07,S,0.0008160075378453275,1.7224972999320057e-172,399.57098541196535,515.0577372234641,1.711813232867666e-169,53286335.062004395,1213.2825243192399,7520620.72621924,510.50221309266624,295.0,True,Jeans,False,N2,1_M_earth,1000_F_earth
N2_atmosphere_1_M_earth_1000_F_earth.csv,500,4.975590705837094e-07,NH3,0.0008160075378453275,0.0,212.27208600010658,706.6533856042097,2.7538476915822047e-88,0.0,1213.2825243192399,7520620.72621924,510.50221309266624,295.0,True,Jeans,False,N2,1_M_earth,1000_F_earth
N2_atmosphere_1_M_earth_1000_F_earth.csv,500,4.975590705837094e-07,N,0.0008160075378453275,2.0757663013908789e-69,174.81230611773486,778.6941048759667,4.642921166570349e-72,54115636495236.68,1213.2825243192399,7520620.72621924,510.50221309266624,295.0,True,Jeans,False,N2,1_M_earth,1000_F_earth
N2_atmosphere_1_M_earth_1000_F_earth.csv,500,4.975590705837094e-07,C,0.0008160075378453275,1.1834569255520682e-62,149.839119529487,841.0857628466593,3.0161056727680044e-61,5541002103.495699,1213.2825243192399,7520620.72621924,510.50221309266624,295.0,True,Jeans,False,N2,1_M_earth,1000_F_earth
N2_atmosphere_1_M_earth_1000_F_earth.csv,1000,8.457739700662012e-05,S2,0.1387087434820016,0.0,411.1439570095515,505.8684024055992,1.6290325445038293e-174,0.0,1269.5424246819018,7576880.626581902,984.8971944871823,296.0,True,Jeans,False,N2,1_M_earth,1000_F_earth
N2_atmosphere_1_M_earth_1000_F_earth.csv,1000,8.457739700662012e-05,H2S,0.1387087434820016,0.0,218.42022716132425,694.0457222468926,5.947855621533795e-91,0.0,1269.5424246819018,7576880.626581902,984.8971944871823,296.0,True,Jeans,False,N2,1_M_earth,1000_F_earth
N2_atmosphere_1_M_earth_1000_F_earth.csv,1000,8.457739700662012e-05,SO2,0.1387087434820016,0.0,411.1439570095515,505.8684024055992,1.6290325445038293e-174,0.0,1269.5424246819018,7576880.626581902,984.8971944871823,296.0,True,Jeans,False,N2,1_M_earth,1000_F_earth
N2_atmosphere_1_M_earth_1000_F_earth.csv,1000,8.457739700662012e-05,O,0.1387087434820016,4.35210723561897e-42,102.78598925238788,1011.7368048111985,6.795374512165135e-41,6682767498.800359,1269.5424246819018,7576880.626581902,984.8971944871823,296.0,True,Jeans,False,N2,1_M_earth,1000_F_earth
N2_atmosphere_1_M_earth_1000_F_earth.csv,1000,8.457739700662012e-05,NO2,0.1387087434820016,0.0,295.50971910061514,596.6898144610738,2.2905631608284e-124,0.0,1269.5424246819018,7576880.626581902,984.8971944871823,296.0,True,Jeans,False,N2,1_M_earth,1000_F_earth
N2_atmosphere_1_M_earth_1000_F_earth.csv,1000,8.457739700662012e-05,CO2,0.1387087434820016,0.0,282.6614704440667,610.1002487548697,8.516864922693426e-119,0.0,1269.5424246819018,7576880.626581902,984.8971944871823,296.0,True,Jeans,False,N2,1_M_earth,1000_F_earth
N2_atmosphere_1_M_earth_1000_F_earth.csv,1000,8.457739700662012e-05,N2,0.1387087434820016,0.0,179.8754811916788,764.8011365090081,2.967524962579855e-74,0.0,1269.5424246819018,7576880.626581902,984.8971944871823,296.0,True,Jeans,False,N2,1_M_earth,1000_F_earth
N2_atmosphere_1_M_earth_1000_F_earth.csv,1000,8.457739700662012e-05,H2,0.1387087434820016,0.0,12.848248656548485,2861.6238218320354,0.02940891281459799,0.0,1269.5424246819018,7576880.626581902,984.8971944871823,296.0,True,Jeans,False,N2,1_M_earth,1000_F_earth
N2_atmosphere_1_M_earth_1000_F_earth.csv,1000,8.457739700662012e-05,NO,0.1387087434820016,0.0,192.7237298482273,738.8680936710597,8.077787017005843e-80,0.0,1269.5424246819018,7576880.626581902,984.8971944871823,296.0,True,Jeans,False,N2,1_M_earth,1000_F_earth
N2_atmosphere_1_M_earth_1000_F_earth.csv,1000,8.457739700662012e-05,OH,0.1387087434820016,0.0,109.21011358066212,981.5288733085857,1.1354549330553823e-43,0.0,1269.5424246819018,7576880.626581902,984.8971944871823,296.0,True,Jeans,False,N2,1_M_earth,1000_F_earth
N2_atmosphere_1_M_earth_1000_F_earth.csv,1000,8.457739700662012e-05,H,0.1387087434820016,0.1387087434820016,6.424124328274242,4046.947219244794,13.74694191553626,16845654279.532671,1269.5424246819018,7576880.626581902,984.8971944871823,296.0,True,Jeans,False,N2,1_M_earth,1000_F_earth
N2_atmosphere_1_M_earth_1000_F_earth.csv,1000,8.457739700662012e-05,CH4,0.1387087434820016,0.0,102.78598925238788,1011.7368048111985,6.795374512165135e-41,0.0,1269.5424246819018,7576880.626581902,984.8971944871823,296.0,True,Jeans,False,N2,1_M_earth,1000_F_earth
N2_atmosphere_1_M_earth_1000_F_earth.csv,1000,8.457739700662012e-05,H2O,0.1387087434820016,0.0,115.63423790893637,953.8746072773451,1.8940915597536484e-46,0.0,1269.5424246819018,7576880.626581902,984.8971944871823,296.0,True,Jeans,False,N2,1_M_earth,1000_F_earth
N2_atmosphere_1_M_earth_1000_F_earth.csv,1000,8.457739700662012e-05,O2,0.1387087434820016,0.0,205.57197850477576,715.4059554580089,2.194032870052014e-85,0.0,1269.5424246819018,7576880.626581902,984.8971944871823,296.0,True,Jeans,False,N2,1_M_earth,1000_F_earth
N2_atmosphere_1_M_earth_1000_F_earth.csv,1000,8.457739700662012e-05,N2O,0.1387087434820016,0.0,282.6614704440667,610.1002487548697,8.516864922693426e-119,0.0,1269.5424246819018,7576880.626581902,984.8971944871823,296.0,True,Jeans,False,N2,1_M_earth,1000_F_earth
N2_atmosphere_1_M_earth_1000_F_earth.csv,1000,8.457739700662012e-05,CO,0.1387087434820016,0.0,179.8754811916788,764.8011365090081,2.967524962579855e-74,0.0,1269.5424246819018,7576880.626581902,984.8971944871823,296.0,True,Jeans,False,N2,1_M_earth,1000_F_earth
N2_atmosphere_1_M_earth_1000_F_earth.csv,1000,8.457739700662012e-05,S,0.1387087434820016,1.1429271196739704e-88,205.57197850477576,715.4059554580089,2.194032870052014e-85,27177879.7916537,1269.5424246819018,7576880.626581902,984.8971944871823,296.0,True,Jeans,False,N2,1_M_earth,1000_F_earth
N2_atmosphere_1_M_earth_1000_F_earth.csv,1000,8.457739700662012e-05,NH3,0.1387087434820016,0.0,109.21011358066212,981.5288733085857,1.1354549330553823e-43,0.0,1269.5424246819018,7576880.626581902,984.8971944871823,296.0,True,Jeans,False,N2,1_M_earth,1000_F_earth
N2_atmosphere_1_M_earth_1000_F_earth.csv,1000,8.457739700662012e-05,N,0.1387087434820016,5.6001373623782545e-33,89.9377405958394,1081.592139769396,2.4195705762555e-35,27600852297404.137,1269.5424246819018,7576880.626581902,984.8971944871823,296.0,True,Jeans,False,N2,1_M_earth,1000_F_earth
N2_atmosphere_1_M_earth_1000_F_earth.csv,1000,8.457739700662012e-05,C,0.1387087434820016,1.7328571404362415e-31,77.08949193929091,1168.2530332135948,8.530679399371837e-30,2826103332.4749317,1269.5424246819018,7576880.626581902,984.8971944871823,296.0,True,Jeans,False,N2,1_M_earth,1000_F_earth
N2_atmosphere_1_M_earth_1000_F_earth.csv,2000,0.000842661577402123,S2,1.3819830440563443,0.0,206.09995519465616,709.154497698334,1.2860050471646162e-85,0.0,1383.9634081642553,7691301.610064255,1935.519348318605,298.0,True,Jeans,False,N2,1_M_earth,1000_F_earth
N2_atmosphere_1_M_earth_1000_F_earth.csv,2000,0.000842661577402123,H2S,1.3819830440563443,0.0,109.49060119716108,972.9519440216865,8.524087018793767e-44,0.0,1383.9634081642553,7691301.610064255,1935.519348318605,298.0,True,Jeans,False,N2,1_M_earth,1000_F_earth
N2_atmosphere_1_M_earth_1000_F_earth.csv,2000,0.000842661577402123,SO2,1.3819830440563443,0.0,206.09995519465616,709.154497698334,1.2860050471646162e-85,0.0,1383.9634081642553,7691301.610064255,1935.519348318605,298.0,True,Jeans,False,N2,1_M_earth,1000_F_earth
N2_atmosphere_1_M_earth_1000_F_earth.csv,2000,0.000842661577402123,O,1.3819830440563443,2.8681240674145765e-20,51.52498879866404,1418.308995396668,8.820913806859279e-19,3292575344.1230526,1383.9634081642553,7691301.610064255,1935.519348318605,298.0,True,Jeans,False,N2,1_M_earth,1000_F_earth
N2_atmosphere_1_M_earth_1000_F_earth.csv,2000,0.000842661577402123,NO2,1.3819830440563443,0.0,148.1343427961591,836.4730108534868,1.6311616745616202e-60,0.0,1383.9634081642553,7691301.610064255,1935.519348318605,298.0,True,Jeans,False,N2,1_M_earth,1000_F_earth
N2_atmosphere_1_M_earth_1000_F_earth.csv,2000,0.000842661577402123,CO2,1.3819830440563443,0.0,141.69371919632613,855.272504457573,1.0002396558562739e-57,0.0,1383.9634081642553,7691301.610064255,1935.519348318605,298.0,True,Jeans,False,N2,1_M_earth,1000_F_earth
N2_atmosphere_1_M_earth_1000_F_earth.csv,2000,0.000842661577402123,N2,1.3819830440563443,0.0,90.16873039766207,1072.140824018696,1.90858170267685e-35,0.0,1383.9634081642553,7691301.610064255,1935.519348318605,298.0,True,Jeans,False,N2,1_M_earth,1000_F_earth
N2_atmosphere_1_M_earth_1000_F_earth.csv,2000,0.000842661577402123,H2,1.3819830440563443,0.0,6.440623599833005,4011.583633851455,13.433617080730658,0.0,1383.9634081642553,7691301.610064255,1935.519348318605,298.0,True,Jeans,False,N2,1_M_earth,1000_F_earth
N2_atmosphere_1_M_earth_1000_F_earth.csv,2000,0.000842661577402123,NO,1.3819830440563443,0.0,96.60935399749508,1035.7864403883277,3.1495418717084243e-38,0.0,1383.9634081642553,7691301.610064255,1935.519348318605,298.0,True,Jeans,False,N2,1_M_earth,1000_F_earth
N2_atmosphere_1_M_earth_1000_F_earth.csv,2000,0.000842661577402123,OH,1.3819830440563443,0.0,54.74530059858054,1375.9618347727373,3.627669866679738e-20,0.0,1383.9634081642553,7691301.610064255,1935.519348318605,298.0,True,Jeans,False,N2,1_M_earth,1000_F_earth
N2_atmosphere_1_M_earth_1000_F_earth.csv,2000,0.000842661577402123,H,1.3819830440563443,1.3819830440562804,3.2203117999165025,5673.235981586672,269.7781735663488,8299792854.736757,1383.9634081642553,7691301.610064255,1935.519348318605,298.0,True,Jeans,False,N2,1_M_earth,1000_F_earth
N2_atmosphere_1_M_earth_1000_F_earth.csv,2000,0.000842661577402123,CH4,1.3819830440563443,0.0,51.52498879866404,1418.308995396668,8.820913806859279e-19,0.0,1383.9634081642553,7691301.610064255,1935.519348318605,298.0,True,Jeans,False,N2,1_M_earth,1000_F_earth
N2_atmosphere_1_M_earth_1000_F_earth.csv,2000,0.000842661577402123,H2O,1.3819830440563443,0.0,57.96561239849704,1337.1945446171517,1.4895081115982552e-21,0.0,1383.9634081642553,7691301.610064255,1935.519348318605,298.0,True,Jeans,False,N2,1_M_earth,1000_F_earth
N2_atmosphere_1_M_earth_1000_F_earth.csv,2000,0.000842661577402123,O2,1.3819830440563443,0.0,103.04997759732808,1002.8959084628638,5.186283913989611e-41,0.0,1383.9634081642553,7691301.610064255,1935.519348318605,298.0,True,Jeans,False,N2,1_M_earth,1000_F_earth
N2_atmosphere_1_M_earth_1000_F_earth.csv,2000,0.000842661577402123,N2O,1.3819830440563443,0.0,141.69371919632613,855.272504457573,1.0002396558562739e-57,0.0,1383.9634081642553,7691301.610064255,1935.519348318605,298.0,True,Jeans,False,N2,1_M_earth,1000_F_earth
N2_atmosphere_1_M_earth_1000_F_earth.csv,2000,0.000842661577402123,CO,1.3819830440563443,0.0,90.16873039766207,1072.140824018696,1.90858170267685e-35,0.0,1383.9634081642553,7691301.610064255,1935.519348318605,298.0,True,Jeans,False,N2,1_M_earth,1000_F_earth
N2_atmosphere_1_M_earth_1000_F_earth.csv,2000,0.000842661577402123,S,1.3819830440563443,1.371607529367479e-44,103.04997759732808,1002.8959084628638,5.186283913989611e-41,13390442.94502283,1383.9634081642553,7691301.610064255,1935.519348318605,298.0,True,Jeans,False,N2,1_M_earth,1000_F_earth
N2_atmosphere_1_M_earth_1000_F_earth.csv,2000,0.000842661577402123,NH3,1.3819830440563443,0.0,54.74530059858054,1375.9618347727373,3.627669866679738e-20,0.0,1383.9634081642553,7691301.610064255,1935.519348318605,298.0,True,Jeans,False,N2,1_M_earth,1000_F_earth
N2_atmosphere_1_M_earth_1000_F_earth.csv,2000,0.000842661577402123,N,1.3819830440563443,6.093727536643679e-14,45.08436519883104,1516.236094101106,5.185904112903054e-16,13598839966754.596,1383.9634081642553,7691301.610064255,1935.519348318605,298.0,True,Jeans,False,N2,1_M_earth,1000_F_earth
N2_atmosphere_1_M_earth_1000_F_earth.csv,2000,0.000842661577402123,C,1.3819830440563443,3.1147521767042705e-15,38.64374159899803,1637.722160572668,3.0202729551825106e-13,1392410876.7993717,1383.9634081642553,7691301.610064255,1935.519348318605,298.0,True,Jeans,False,N2,1_M_earth,1000_F_earth
N2_atmosphere_1_M_earth_1000_F_earth.csv,3000,0.0015236675137397424,S2,2.4986007555585203,0.0,136.03379361569338,866.3216168162023,2.7936756366026783e-55,0.0,1500.9233258838626,7808261.527783862,2888.51146834626,300.0,True,Jeans,False,N2,1_M_earth,1000_F_earth
N2_atmosphere_1_M_earth_1000_F_earth.csv,3000,0.0015236675137397424,H2S,2.4986007555585203,0.0,72.2679528583371,1188.5834524987952,1.0110337659991345e-27,0.0,1500.9233258838626,7808261.527783862,2888.51146834626,300.0,True,Jeans,False,N2,1_M_earth,1000_F_earth
N2_atmosphere_1_M_earth_1000_F_earth.csv,3000,0.0015236675137397424,SO2,2.4986007555585203,0.0,136.03379361569338,866.3216168162023,2.7936756366026783e-55,0.0,1500.9233258838626,7808261.527783862,2888.51146834626,300.0,True,Jeans,False,N2,1_M_earth,1000_F_earth
N2_atmosphere_1_M_earth_1000_F_earth.csv,3000,0.0015236675137397424,O,2.4986007555585203,6.322638891850543e-13,34.008448403923346,1732.6432336324046,2.9080080068043366e-11,2136215831.5237913,1500.9233258838626,7808261.527783862,2888.51146834626,300.0,True,Jeans,False,N2,1_M_earth,1000_F_earth
N2_atmosphere_1_M_earth_1000_F_earth.csv,3000,0.0015236675137397424,NO2,2.4986007555585203,0.0,97.77428916127961,1021.8572307412327,9.808327274819152e-39,0.0,1500.9233258838626,7808261.527783862,2888.51146834626,300.0,True,Jeans,False,N2,1_M_earth,1000_F_earth
N2_atmosphere_1_M_earth_1000_F_earth.csv,3000,0.0015236675137397424,CO2,2.4986007555585203,0.0,93.5232331107892,1044.823182092141,6.735228995868291e-37,0.0,1500.9233258838626,7808261.527783862,2888.51146834626,300.0,True,Jeans,False,N2,1_M_earth,1000_F_earth
N2_atmosphere_1_M_earth_1000_F_earth.csv,3000,0.0015236675137397424,N2,2.4986007555585203,0.0,59.51478470686585,1309.7551734257504,3.1805636650179745e-22,0.0,1500.9233258838626,7808261.527783862,2888.51146834626,300.0,True,Jeans,False,N2,1_M_earth,1000_F_earth
N2_atmosphere_1_M_earth_1000_F_earth.csv,3000,0.0015236675137397424,H2,2.4986007555585203,0.0,4.251056050490418,4900.655119513844,103.43932489408255,0.0,1500.9233258838626,7808261.527783862,2888.51146834626,300.0,True,Jeans,False,N2,1_M_earth,1000_F_earth
N2_atmosphere_1_M_earth_1000_F_earth.csv,3000,0.0015236675137397424,NO,2.4986007555585203,0.0,63.765840757356266,1265.3437108922158,4.68594095190618e-24,0.0,1500.9233258838626,7808261.527783862,2888.51146834626,300.0,True,Jeans,False,N2,1_M_earth,1000_F_earth
N2_atmosphere_1_M_earth_1000_F_earth.csv,3000,0.0015236675137397424,OH,2.4986007555585203,0.0,36.13397642916855,1680.9108385360335,3.5721084074489344e-12,0.0,1500.9233258838626,7808261.527783862,2888.51146834626,300.0,True,Jeans,False,N2,1_M_earth,1000_F_earth
N2_atmosphere_1_M_earth_1000_F_earth.csv,3000,0.0015236675137397424,H,2.4986007555585203,2.4986006040838515,2.125528025245209,6930.572934529619,729.4281358280074,5384887828.399555,1500.9233258838626,7808261.527783862,2888.51146834626,300.0,True,Jeans,False,N2,1_M_earth,1000_F_earth
N2_atmosphere_1_M_earth_1000_F_earth.csv,3000,0.0015236675137397424,CH4,2.4986007555585203,0.0,34.008448403923346,1732.6432336324046,2.9080080068043366e-11,0.0,1500.9233258838626,7808261.527783862,2888.51146834626,300.0,True,Jeans,False,N2,1_M_earth,1000_F_earth
N2_atmosphere_1_M_earth_1000_F_earth.csv,3000,0.0015236675137397424,H2O,2.4986007555585203,0.0,38.25950445441376,1633.5517065046145,4.3810791792534667e-13,0.0,1500.9233258838626,7808261.527783862,2888.51146834626,300.0,True,Jeans,False,N2,1_M_earth,1000_F_earth
N2_atmosphere_1_M_earth_1000_F_earth.csv,3000,0.0015236675137397424,O2,2.4986007555585203,0.0,68.01689680784669,1225.163779878461,6.889404518088634e-26,0.0,1500.9233258838626,7808261.527783862,2888.51146834626,300.0,True,Jeans,False,N2,1_M_earth,1000_F_earth
N2_atmosphere_1_M_earth_1000_F_earth.csv,3000,0.0015236675137397424,N2O,2.4986007555585203,0.0,93.5232331107892,1044.823182092141,6.735228995868291e-37,0.0,1500.9233258838626,7808261.527783862,2888.51146834626,300.0,True,Jeans,False,N2,1_M_earth,1000_F_earth
N2_atmosphere_1_M_earth_1000_F_earth.csv,3000,0.0015236675137397424,CO,2.4986007555585203,0.0,59.51478470686585,1309.7551734257504,3.1805636650179745e-22,0.0,1500.9233258838626,7808261.527783862,2888.51146834626,300.0,True,Jeans,False,N2,1_M_earth,1000_F_earth
N2_atmosphere_1_M_earth_1000_F_earth.csv,3000,0.0015236675137397424,S,2.4986007555585203,1.2183545325225511e-29,68.01689680784669,1225.163779878461,6.889404518088634e-26,8687690.70427832,1500.9233258838626,7808261.527783862,2888.51146834626,300.0,True,Jeans,False,N2,1_M_earth,1000_F_earth
N2_atmosphere_1_M_earth_1000_F_earth.csv,3000,0.0015236675137397424,NH3,2.4986007555585203,0.0,36.13397642916855,1680.9108385360335,3.5721084074489344e-12,0.0,1500.9233258838626,7808261.527783862,2888.51146834626,300.0,True,Jeans,False,N2,1_M_earth,1000_F_earth
N2_atmosphere_1_M_earth_1000_F_earth.csv,3000,0.0015236675137397424,N,2.4986007555585203,1.5061054528834485e-07,29.757392353432927,1852.2735296470214,1.916807085813976e-09,8822898245651.795,1500.9233258838626,7808261.527783862,2888.51146834626,300.0,True,Jeans,False,N2,1_M_earth,1000_F_earth
N2_atmosphere_1_M_earth_1000_F_earth.csv,3000,0.0015236675137397424,C,2.4986007555585203,8.63491180907245e-10,25.506336302942504,2000.684074694505,1.2521667780624992e-07,903393194.7264125,1500.9233258838626,7808261.527783862,2888.51146834626,300.0,True,Jeans,False,N2,1_M_earth,1000_F_earth
N2_atmosphere_1_M_earth_1000_F_earth.csv,4000,0.0021077512675139244,S2,3.0923340393905847,0.0,100.6850539891131,999.359722240833,5.375398623725061e-40,0.0,1620.4268718692344,7927765.073769234,3843.788449517153,302.0,True,Jeans,False,N2,1_M_earth,1000_F_earth
N2_atmosphere_1_M_earth_1000_F_earth.csv,4000,0.0021077512675139244,H2S,3.0923340393905847,0.0,53.48893493171634,1371.1102273017077,1.2411562930328564e-19,0.0,1620.4268718692344,7927765.073769234,3843.788449517153,302.0,True,Jeans,False,N2,1_M_earth,1000_F_earth
N2_atmosphere_1_M_earth_1000_F_earth.csv,4000,0.0021077512675139244,SO2,3.0923340393905847,0.0,100.6850539891131,999.359722240833,5.375398623725061e-40,0.0,1620.4268718692344,7927765.073769234,3843.788449517153,302.0,True,Jeans,False,N2,1_M_earth,1000_F_earth
N2_atmosphere_1_M_earth_1000_F_earth.csv,4000,0.0021077512675139244,O,3.0923340393905847,2.815963259054555e-09,25.171263497278275,1998.719444481666,1.726755134796531e-07,1554338966.728525,1620.4268718692344,7927765.073769234,3843.788449517153,302.0,True,Jeans,False,N2,1_M_earth,1000_F_earth
N2_atmosphere_1_M_earth_1000_F_earth.csv,4000,0.0021077512675139244,NO2,3.0923340393905847,0.0,72.36738255467505,1178.7804187968245,9.090255565013071e-28,0.0,1620.4268718692344,7927765.073769234,3843.788449517153,302.0,True,Jeans,False,N2,1_M_earth,1000_F_earth
N2_atmosphere_1_M_earth_1000_F_earth.csv,4000,0.0021077512675139244,CO2,3.0923340393905847,0.0,69.22097461751527,1205.2731742787757,2.0685218040376528e-26,0.0,1620.4268718692344,7927765.073769234,3843.788449517153,302.0,True,Jeans,False,N2,1_M_earth,1000_F_earth
N2_atmosphere_1_M_earth_1000_F_earth.csv,4000,0.0021077512675139244,N2,3.0923340393905847,0.0,44.049711120236985,1510.8898830536166,1.4215869322707831e-15,0.0,1620.4268718692344,7927765.073769234,3843.788449517153,302.0,True,Jeans,False,N2,1_M_earth,1000_F_earth
N2_atmosphere_1_M_earth_1000_F_earth.csv,4000,0.0021077512675139244,H2,3.0923340393905847,0.0,3.1464079371597844,5653.232291529581,284.37821326470555,0.0,1620.4268718692344,7927765.073769234,3843.788449517153,302.0,True,Jeans,False,N2,1_M_earth,1000_F_earth
N2_atmosphere_1_M_earth_1000_F_earth.csv,4000,0.0021077512675139244,NO,3.0923340393905847,0.0,47.19611905739677,1459.6583011557373,6.318940472557195e-17,0.0,1620.4268718692344,7927765.073769234,3843.788449517153,302.0,True,Jeans,False,N2,1_M_earth,1000_F_earth
N2_atmosphere_1_M_earth_1000_F_earth.csv,4000,0.0021077512675139244,OH,3.0923340393905847,0.0,26.74446746585817,1939.0426789585322,3.682851330130806e-08,0.0,1620.4268718692344,7927765.073769234,3843.788449517153,302.0,True,Jeans,False,N2,1_M_earth,1000_F_earth
N2_atmosphere_1_M_earth_1000_F_earth.csv,4000,0.0021077512675139244,H,3.0923340393905847,3.0921110582384004,1.5732039685798922,7994.877777926664,1203.503359427496,3918115791.3117723,1620.4268718692344,7927765.073769234,3843.788449517153,302.0,True,Jeans,False,N2,1_M_earth,1000_F_earth
N2_atmosphere_1_M_earth_1000_F_earth.csv,4000,0.0021077512675139244,CH4,3.0923340393905847,0.0,25.171263497278275,1998.719444481666,1.726755134796531e-07,0.0,1620.4268718692344,7927765.073769234,3843.788449517153,302.0,True,Jeans,False,N2,1_M_earth,1000_F_earth
N2_atmosphere_1_M_earth_1000_F_earth.csv,4000,0.0021077512675139244,H2O,3.0923340393905847,0.0,28.317671434438058,1884.4107638431935,7.843170810876412e-09,0.0,1620.4268718692344,7927765.073769234,3843.788449517153,302.0,True,Jeans,False,N2,1_M_earth,1000_F_earth
N2_atmosphere_1_M_earth_1000_F_earth.csv,4000,0.0021077512675139244,O2,3.0923340393905847,0.0,50.34252699455655,1413.3080728823952,2.8030282126527283e-18,0.0,1620.4268718692344,7927765.073769234,3843.788449517153,302.0,True,Jeans,False,N2,1_M_earth,1000_F_earth
N2_atmosphere_1_M_earth_1000_F_earth.csv,4000,0.0021077512675139244,N2O,3.0923340393905847,0.0,69.22097461751527,1205.2731742787757,2.0685218040376528e-26,0.0,1620.4268718692344,7927765.073769234,3843.788449517153,302.0,True,Jeans,False,N2,1_M_earth,1000_F_earth
N2_atmosphere_1_M_earth_1000_F_earth.csv,4000,0.0021077512675139244,CO,3.0923340393905847,0.0,44.049711120236985,1510.8898830536166,1.4215869322707831e-15,0.0,1620.4268718692344,7927765.073769234,3843.788449517153,302.0,True,Jeans,False,N2,1_M_earth,1000_F_earth
N2_atmosphere_1_M_earth_1000_F_earth.csv,4000,0.0021077512675139244,S,3.0923340393905847,3.718030210396841e-22,50.34252699455655,1413.3080728823952,2.8030282126527283e-18,6321278.961270812,1620.4268718692344,7927765.073769234,3843.788449517153,302.0,True,Jeans,False,N2,1_M_earth,1000_F_earth
N2_atmosphere_1_M_earth_1000_F_earth.csv,4000,0.0021077512675139244,NH3,3.0923340393905847,0.0,26.74446746585817,1939.0426789585322,3.682851330130806e-08,0.0,1620.4268718692344,7927765.073769234,3843.788449517153,302.0,True,Jeans,False,N2,1_M_earth,1000_F_earth
N2_atmosphere_1_M_earth_1000_F_earth.csv,4000,0.0021077512675139244,N,3.0923340393905847,0.00022255480806499444,22.024855560118493,2136.720963866724,3.7763006119744156e-06,6419657761320.451,1620.4268718692344,7927765.073769234,3843.788449517153,302.0,True,Jeans,False,N2,1_M_earth,1000_F_earth
N2_atmosphere_1_M_earth_1000_F_earth.csv,4000,0.0021077512675139244,C,3.0923340393905847,4.2352815546863174e-07,18.878447622958706,2307.922418612058,8.188288013661928e-05,657320868.1067649,1620.4268718692344,7927765.073769234,3843.788449517153,302.0,True,Jeans,False,N2,1_M_earth,1000_F_earth
N2_atmosphere_1_M_earth_1000_F_earth.csv,5000,0.018772199898191858,S2,3.3710862791446705,0.0,79.38406263692187,1116.9148698281165,8.463007746084117e-31,0.0,1742.4785904072382,8049816.792307238,4801.267901668192,304.0,True,Jeans,False,N2,1_M_earth,1000_F_earth
N2_atmosphere_1_M_earth_1000_F_earth.csv,5000,0.018772199898191858,H2S,3.3710862791446705,0.0,42.17278327586474,1532.3945592012112,9.02752404611002e-15,0.0,1742.4785904072382,8049816.792307238,4801.267901668192,304.0,True,Jeans,False,N2,1_M_earth,1000_F_earth
N2_atmosphere_1_M_earth_1000_F_earth.csv,5000,0.018772199898191858,SO2,3.3710862791446705,0.0,79.38406263692187,1116.9148698281165,8.463007746084117e-31,0.0,1742.4785904072382,8049816.792307238,4801.267901668192,304.0,True,Jeans,False,N2,1_M_earth,1000_F_earth
N2_atmosphere_1_M_earth_1000_F_earth.csv,5000,0.018772199898191858,O,3.3710862791446705,4.116321700836468e-07,19.846015659230467,2233.829739656233,3.158298016915093e-05,1204856318.0818512,1742.4785904072382,8049816.792307238,4801.267901668192,304.0,True,Jeans,False,N2,1_M_earth,1000_F_earth
N2_atmosphere_1_M_earth_1000_F_earth.csv,5000,0.018772199898191858,NO2,3.3710862791446705,0.0,57.05729502028759,1317.4409061275983,3.5835595838953634e-21,0.0,1742.4785904072382,8049816.792307238,4801.267901668192,304.0,True,Jeans,False,N2,1_M_earth,1000_F_earth
N2_atmosphere_1_M_earth_1000_F_earth.csv,5000,0.018772199898191858,CO2,3.3710862791446705,0.0,54.576543062883786,1347.050016723093,4.1915902898914414e-20,0.0,1742.4785904072382,8049816.792307238,4801.267901668192,304.0,True,Jeans,False,N2,1_M_earth,1000_F_earth
N2_atmosphere_1_M_earth_1000_F_earth.csv,5000,0.018772199898191858,N2,3.3710862791446705,0.0,34.73052740365332,1688.616560683015,1.4050414414756271e-11,0.0,1742.4785904072382,8049816.792307238,4801.267901668192,304.0,True,Jeans,False,N2,1_M_earth,1000_F_earth
N2_atmosphere_1_M_earth_1000_F_earth.csv,5000,0.018772199898191858,H2,3.3710862791446705,0.0,2.4807519574038084,6318.22462770841,519.1421841831261,0.0,1742.4785904072382,8049816.792307238,4801.267901668192,304.0,True,Jeans,False,N2,1_M_earth,1000_F_earth
N2_atmosphere_1_M_earth_1000_F_earth.csv,5000,0.018772199898191858,NO,3.3710862791446705,0.0,37.21127936105712,1631.3585840474818,1.2147384770968684e-12,0.0,1742.4785904072382,8049816.792307238,4801.267901668192,304.0,True,Jeans,False,N2,1_M_earth,1000_F_earth
N2_atmosphere_1_M_earth_1000_F_earth.csv,5000,0.018772199898191858,OH,3.3710862791446705,0.0,21.08639163793237,2167.133168529094,9.390785147563064e-06,0.0,1742.4785904072382,8049816.792307238,4801.267901668192,304.0,True,Jeans,False,N2,1_M_earth,1000_F_earth
N2_atmosphere_1_M_earth_1000_F_earth.csv,5000,0.018772199898191858,H,3.3710862791446705,3.354326570683687,1.2403759787019042,8935.318958624932,1633.5694102115817,3037153843.0090537,1742.4785904072382,8049816.792307238,4801.267901668192,304.0,False,hydrodynamic_candidate,False,N2,1_M_earth,1000_F_earth
N2_atmosphere_1_M_earth_1000_F_earth.csv,5000,0.018772199898191858,CH4,3.3710862791446705,0.0,19.846015659230467,2233.829739656233,3.158298016915093e-05,0.0,1742.4785904072382,8049816.792307238,4801.267901668192,304.0,True,Jeans,False,N2,1_M_earth,1000_F_earth
N2_atmosphere_1_M_earth_1000_F_earth.csv,5000,0.018772199898191858,H2O,3.3710862791446705,0.0,22.326767616634275,2106.0748759028033,2.7882484122330113e-06,0.0,1742.4785904072382,8049816.792307238,4801.267901668192,304.0,True,Jeans,False,N2,1_M_earth,1000_F_earth
N2_atmosphere_1_M_earth_1000_F_earth.csv,5000,0.018772199898191858,O2,3.3710862791446705,0.0,39.692031318460934,1579.5561569271024,1.0481159538605253e-13,0.0,1742.4785904072382,8049816.792307238,4801.267901668192,304.0,True,Jeans,False,N2,1_M_earth,1000_F_earth
N2_atmosphere_1_M_earth_1000_F_earth.csv,5000,0.018772199898191858,N2O,3.3710862791446705,0.0,54.576543062883786,1347.050016723093,4.1915902898914414e-20,0.0,1742.4785904072382,8049816.792307238,4801.267901668192,304.0,True,Jeans,False,N2,1_M_earth,1000_F_earth
N2_atmosphere_1_M_earth_1000_F_earth.csv,5000,0.018772199898191858,CO,3.3710862791446705,0.0,34.73052740365332,1688.616560683015,1.4050414414756271e-11,0.0,1742.4785904072382,8049816.792307238,4801.267901668192,304.0,True,Jeans,False,N2,1_M_earth,1000_F_earth
N2_atmosphere_1_M_earth_1000_F_earth.csv,5000,0.018772199898191858,S,3.3710862791446705,1.1111040994211305e-17,39.692031318460934,1579.5561569271024,1.0481159538605253e-13,4899981.958809916,1742.4785904072382,8049816.792307238,4801.267901668192,304.0,True,Jeans,False,N2,1_M_earth,1000_F_earth
N2_atmosphere_1_M_earth_1000_F_earth.csv,5000,0.018772199898191858,NH3,3.3710862791446705,0.0,21.08639163793237,2167.133168529094,9.390785147563064e-06,0.0,1742.4785904072382,8049816.792307238,4801.267901668192,304.0,True,Jeans,False,N2,1_M_earth,1000_F_earth
N2_atmosphere_1_M_earth_1000_F_earth.csv,5000,0.018772199898191858,N,3.3710862791446705,0.016742891829812905,17.36526370182666,2388.06444176573,0.0003554676443334904,4976240948221.086,1742.4785904072382,8049816.792307238,4801.267901668192,304.0,True,Jeans,False,N2,1_M_earth,1000_F_earth
N2_atmosphere_1_M_earth_1000_F_earth.csv,5000,0.018772199898191858,C,3.3710862791446705,1.6404999000789862e-05,14.884511744422849,2579.404403028636,0.003968506157553161,509526697.7784046,1742.4785904072382,8049816.792307238,4801.267901668192,304.0,True,Jeans,False,N2,1_M_earth,1000_F_earth
N2_atmosphere_1_M_earth_1000_F_earth.csv,6000,0.2876313123811131,S2,3.7776377893974695,0.0,65.21597070563308,1223.1405993524447,1.0861704677670392e-24,0.0,1863.2389733359869,8170577.175235987,5757.958857246322,305.0,True,Jeans,False,N2,1_M_earth,1000_F_earth
N2_atmosphere_1_M_earth_1000_F_earth.csv,6000,0.2876313123811131,H2S,3.7776377893974695,0.0,34.645984437367574,1678.1350577544363,1.515907599587329e-11,0.0,1863.2389733359869,8170577.175235987,5757.958857246322,305.0,True,Jeans,False,N2,1_M_earth,1000_F_earth
N2_atmosphere_1_M_earth_1000_F_earth.csv,6000,0.2876313123811131,SO2,3.7776377893974695,0.0,65.21597070563308,1223.1405993524447,1.0861704677670392e-24,0.0,1863.2389733359869,8170577.175235987,5757.958857246322,305.0,True,Jeans,False,N2,1_M_earth,1000_F_earth
N2_atmosphere_1_M_earth_1000_F_earth.csv,6000,0.2876313123811131,O,3.7776377893974695,1.0924052347651595e-05,16.30399267640827,2446.2811987048894,0.000991547938048347,988588683.677589,1863.2389733359869,8170577.175235987,5757.958857246322,305.0,True,Jeans,False,N2,1_M_earth,1000_F_earth
N2_atmosphere_1_M_earth_1000_F_earth.csv,6000,0.2876313123811131,NO2,3.7776377893974695,0.0,46.87397894467377,1442.737940967982,8.561929449026181e-17,0.0,1863.2389733359869,8170577.175235987,5757.958857246322,305.0,True,Jeans,False,N2,1_M_earth,1000_F_earth
N2_atmosphere_1_M_earth_1000_F_earth.csv,6000,0.2876313123811131,CO2,3.7776377893974695,0.0,44.83597986012275,1475.163066873629,6.433139581651229e-16,0.0,1863.2389733359869,8170577.175235987,5757.958857246322,305.0,True,Jeans,False,N2,1_M_earth,1000_F_earth
N2_atmosphere_1_M_earth_1000_F_earth.csv,6000,0.2876313123811131,N2,3.7776377893974695,0.0,28.531987183714474,1849.2147682017485,6.257350766588089e-09,0.0,1863.2389733359869,8170577.175235987,5757.958857246322,305.0,True,Jeans,False,N2,1_M_earth,1000_F_earth
N2_atmosphere_1_M_earth_1000_F_earth.csv,6000,0.2876313123811131,H2,3.7776377893974695,0.0,2.037999084551034,6919.128097173534,772.5779717326828,0.0,1863.2389733359869,8170577.175235987,5757.958857246322,305.0,True,Jeans,False,N2,1_M_earth,1000_F_earth
N2_atmosphere_1_M_earth_1000_F_earth.csv,6000,0.2876313123811131,NO,3.7776377893974695,0.0,30.569986268265506,1786.511192708594,8.419743363560319e-10,0.0,1863.2389733359869,8170577.175235987,5757.958857246322,305.0,True,Jeans,False,N2,1_M_earth,1000_F_earth
N2_atmosphere_1_M_earth_1000_F_earth.csv,6000,0.2876313123811131,OH,3.7776377893974695,0.0,17.322992218683787,2373.2413581700807,0.00036766597664542494,0.0,1863.2389733359869,8170577.175235987,5757.958857246322,305.0,True,Jeans,False,N2,1_M_earth,1000_F_earth
N2_atmosphere_1_M_earth_1000_F_earth.csv,6000,0.2876313123811131,H,3.7776377893974695,3.491671554979936,1.018999542275517,9785.124794819558,2011.6470237097033,2491994999.5088778,1863.2389733359869,8170577.175235987,5757.958857246322,305.0,False,hydrodynamic_candidate,False,N2,1_M_earth,1000_F_earth
N2_atmosphere_1_M_earth_1000_F_earth.csv,6000,0.2876313123811131,CH4,3.7776377893974695,0.0,16.30399267640827,2446.2811987048894,0.000991547938048347,0.0,1863.2389733359869,8170577.175235987,5757.958857246322,305.0,True,Jeans,False,N2,1_M_earth,1000_F_earth
N2_atmosphere_1_M_earth_1000_F_earth.csv,6000,0.2876313123811131,H2O,3.7776377893974695,0.0,18.341991760959303,2306.376032391178,0.00013614464671663867,0.0,1863.2389733359869,8170577.175235987,5757.958857246322,305.0,True,Jeans,False,N2,1_M_earth,1000_F_earth
N2_atmosphere_1_M_earth_1000_F_earth.csv,6000,0.2876313123811131,O2,3.7776377893974695,0.0,32.60798535281654,1729.7820242933835,1.1307349660338957e-10,0.0,1863.2389733359869,8170577.175235987,5757.958857246322,305.0,True,Jeans,False,N2,1_M_earth,1000_F_earth
N2_atmosphere_1_M_earth_1000_F_earth.csv,6000,0.2876313123811131,N2O,3.7776377893974695,0.0,44.83597986012275,1475.163066873629,6.433139581651229e-16,0.0,1863.2389733359869,8170577.175235987,5757.958857246322,305.0,True,Jeans,False,N2,1_M_earth,1000_F_earth
N2_atmosphere_1_M_earth_1000_F_earth.csv,6000,0.2876313123811131,CO,3.7776377893974695,0.0,28.531987183714474,1849.2147682017485,6.257350766588089e-09,0.0,1863.2389733359869,8170577.175235987,5757.958857246322,305.0,True,Jeans,False,N2,1_M_earth,1000_F_earth
N2_atmosphere_1_M_earth_1000_F_earth.csv,6000,0.2876313123811131,S,3.7776377893974695,1.0132581283564183e-14,32.60798535281654,1729.7820242933835,1.1307349660338957e-10,4020451.768403102,1863.2389733359869,8170577.175235987,5757.958857246322,305.0,True,Jeans,False,N2,1_M_earth,1000_F_earth
N2_atmosphere_1_M_earth_1000_F_earth.csv,6000,0.2876313123811131,NH3,3.7776377893974695,0.0,17.322992218683787,2373.2413581700807,0.00036766597664542494,0.0,1863.2389733359869,8170577.175235987,5757.958857246322,305.0,True,Jeans,False,N2,1_M_earth,1000_F_earth
N2_atmosphere_1_M_earth_1000_F_earth.csv,6000,0.2876313123811131,N,3.7776377893974695,0.28577514251930397,14.265993591857237,2615.184604931532,0.007177615651021128,4083022527114.4746,1863.2389733359869,8170577.175235987,5757.958857246322,305.0,True,Jeans,False,N2,1_M_earth,1000_F_earth
N2_atmosphere_1_M_earth_1000_F_earth.csv,6000,0.2876313123811131,C,3.7776377893974695,0.0001801678458715989,12.227994507306201,2824.7222171715766,0.05156016285501535,418068378.6903812,1863.2389733359869,8170577.175235987,5757.958857246322,305.0,True,Jeans,False,N2,1_M_earth,1000_F_earth
N2_atmosphere_1_M_earth_1000_F_earth.csv,7000,2.0923207149644614,S2,5.57896475767645,0.0,55.03455286204354,1321.2923977470546,2.622088181051792e-20,0.0,1989.7584329285053,8297096.634828505,6719.139628793972,307.0,True,Jeans,False,N2,1_M_earth,1000_F_earth
N2_atmosphere_1_M_earth_1000_F_earth.csv,7000,2.0923207149644614,H2S,5.57896475767645,0.0,29.237106207960633,1812.7982141853831,3.102922046622933e-09,0.0,1989.7584329285053,8297096.634828505,6719.139628793972,307.0,True,Jeans,False,N2,1_M_earth,1000_F_earth
N2_atmosphere_1_M_earth_1000_F_earth.csv,7000,2.0923207149644614,SO2,5.57896475767645,0.0,55.03455286204354,1321.2923977470546,2.622088181051792e-20,0.0,1989.7584329285053,8297096.634828505,6719.139628793972,307.0,True,Jeans,False,N2,1_M_earth,1000_F_earth
N2_atmosphere_1_M_earth_1000_F_earth.csv,7000,2.0923207149644614,O,5.57896475767645,0.00010978105234036647,13.758638215510885,2642.584795494109,0.011645808145531612,820269403.9896197,1989.7584329285053,8297096.634828505,6719.139628793972,307.0,True,Jeans,False,N2,1_M_earth,1000_F_earth
N2_atmosphere_1_M_earth_1000_F_earth.csv,7000,2.0923207149644614,NO2,5.57896475767645,0.0,39.556084869593796,1558.511486211361,1.1807874103102347e-13,0.0,1989.7584329285053,8297096.634828505,6719.139628793972,307.0,True,Jeans,False,N2,1_M_earth,1000_F_earth
N2_atmosphere_1_M_earth_1000_F_earth.csv,7000,2.0923207149644614,CO2,5.57896475767645,0.0,37.836255092654945,1593.5385897003669,6.455326237085144e-13,0.0,1989.7584329285053,8297096.634828505,6719.139628793972,307.0,True,Jeans,False,N2,1_M_earth,1000_F_earth
N2_atmosphere_1_M_earth_1000_F_earth.csv,7000,2.0923207149644614,N2,5.57896475767645,0.0,24.077616877144052,1997.606339222255,4.936453967561635e-07,0.0,1989.7584329285053,8297096.634828505,6719.139628793972,307.0,True,Jeans,False,N2,1_M_earth,1000_F_earth
N2_atmosphere_1_M_earth_1000_F_earth.csv,7000,2.0923207149644614,H2,5.57896475767645,0.0,1.7198297769388606,7474.358515017402,1027.065486870708,0.0,1989.7584329285053,8297096.634828505,6719.139628793972,307.0,True,Jeans,False,N2,1_M_earth,1000_F_earth
N2_atmosphere_1_M_earth_1000_F_earth.csv,7000,2.0923207149644614,NO,5.57896475767645,0.0,25.79744665408291,1929.8710701497332,9.126999985058309e-08,0.0,1989.7584329285053,8297096.634828505,6719.139628793972,307.0,True,Jeans,False,N2,1_M_earth,1000_F_earth
N2_atmosphere_1_M_earth_1000_F_earth.csv,7000,2.0923207149644614,OH,5.57896475767645,0.0,14.618553103980316,2563.6838203466955,0.005059916879004695,0.0,1989.7584329285053,8297096.634828505,6719.139628793972,307.0,True,Jeans,False,N2,1_M_earth,1000_F_earth
N2_atmosphere_1_M_earth_1000_F_earth.csv,7000,2.0923207149644614,H,5.57896475767645,3.4857005788135553,0.8599148884694303,10570.339181976437,2347.0415128193144,2067702459.8219159,1989.7584329285053,8297096.634828505,6719.139628793972,307.0,False,hydrodynamic_candidate,False,N2,1_M_earth,1000_F_earth
N2_atmosphere_1_M_earth_1000_F_earth.csv,7000,2.0923207149644614,CH4,5.57896475767645,0.0,13.758638215510885,2642.584795494109,0.011645808145531612,0.0,1989.7584329285053,8297096.634828505,6719.139628793972,307.0,True,Jeans,False,N2,1_M_earth,1000_F_earth
N2_atmosphere_1_M_earth_1000_F_earth.csv,7000,2.0923207149644614,H2O,5.57896475767645,0.0,15.478467992449746,2491.452838339134,0.002195590454452932,0.0,1989.7584329285053,8297096.634828505,6719.139628793972,307.0,True,Jeans,False,N2,1_M_earth,1000_F_earth
N2_atmosphere_1_M_earth_1000_F_earth.csv,7000,2.0923207149644614,O2,5.57896475767645,0.0,27.51727643102177,1868.5896287543505,1.6842856034546187e-08,0.0,1989.7584329285053,8297096.634828505,6719.139628793972,307.0,True,Jeans,False,N2,1_M_earth,1000_F_earth
N2_atmosphere_1_M_earth_1000_F_earth.csv,7000,2.0923207149644614,N2O,5.57896475767645,0.0,37.836255092654945,1593.5385897003669,6.455326237085144e-13,0.0,1989.7584329285053,8297096.634828505,6719.139628793972,307.0,True,Jeans,False,N2,1_M_earth,1000_F_earth
N2_atmosphere_1_M_earth_1000_F_earth.csv,7000,2.0923207149644614,CO,5.57896475767645,0.0,24.077616877144052,1997.606339222255,4.936453967561635e-07,0.0,1989.7584329285053,8297096.634828505,6719.139628793972,307.0,True,Jeans,False,N2,1_M_earth,1000_F_earth
N2_atmosphere_1_M_earth_1000_F_earth.csv,7000,2.0923207149644614,S,5.57896475767645,1.2914057391363295e-12,27.51727643102177,1868.5896287543505,1.6842856034546187e-08,3335920.823581431,1989.7584329285053,8297096.634828505,6719.139628793972,307.0,True,Jeans,False,N2,1_M_earth,1000_F_earth
N2_atmosphere_1_M_earth_1000_F_earth.csv,7000,2.0923207149644614,NH3,5.57896475767645,0.0,14.618553103980316,2563.6838203466955,0.005059916879004695,0.0,1989.7584329285053,8297096.634828505,6719.139628793972,307.0,True,Jeans,False,N2,1_M_earth,1000_F_earth
N2_atmosphere_1_M_earth_1000_F_earth.csv,7000,2.0923207149644614,N,5.57896475767645,2.09219306043947,12.038808438572026,2825.0419772105824,0.06141434221861683,3387838147543.127,1989.7584329285053,8297096.634828505,6719.139628793972,307.0,True,Jeans,False,N2,1_M_earth,1000_F_earth
N2_atmosphere_1_M_earth_1000_F_earth.csv,7000,2.0923207149644614,C,5.57896475767645,0.0009613373697929554,10.318978661633164,3051.3940860698726,0.3215326780291839,346887138.6829529,1989.7584329285053,8297096.634828505,6719.139628793972,307.0,True,Jeans,False,N2,1_M_earth,1000_F_earth
N2_atmosphere_10_M_earth_1_F_earth.csv,200,0.006892285701577546,S2,0.02425254576010763,0.0,1167.186377372111,227.86956455980732,0.0,0.0,13035.998839155018,131536598.83915502,199.84276898486473,535.0,True,Jeans,False,N2,10_M_earth,1_F_earth
N2_atmosphere_10_M_earth_1_F_earth.csv,200,0.006892285701577546,H2S,0.02425254576010763,0.0,620.0677629789341,312.6344633523722,2.7961665657566516e-265,0.0,13035.998839155018,131536598.83915502,199.84276898486473,535.0,True,Jeans,False,N2,10_M_earth,1_F_earth
N2_atmosphere_10_M_earth_1_F_earth.csv,200,0.006892285701577546,SO2,0.02425254576010763,0.0,1167.186377372111,227.86956455980732,0.0,0.0,13035.998839155018,131536598.83915502,199.84276898486473,535.0,True,Jeans,False,N2,10_M_earth,1_F_earth
N2_atmosphere_10_M_earth_1_F_earth.csv,200,0.006892285701577546,O,0.02425254576010763,1.636655149405222e-120,291.7965943430278,455.73912911961463,7.079892209761397e-123,80036551919.16249,13035.998839155018,131536598.83915502,199.84276898486473,535.0,True,Jeans,False,N2,10_M_earth,1_F_earth
N2_atmosphere_10_M_earth_1_F_earth.csv,200,0.006892285701577546,NO2,0.02425254576010763,0.0,838.9152087362049,268.7802747749009,0.0,0.0,13035.998839155018,131536598.83915502,199.84276898486473,535.0,True,Jeans,False,N2,10_M_earth,1_F_earth
N2_atmosphere_10_M_earth_1_F_earth.csv,200,0.006892285701577546,CO2,0.02425254576010763,0.0,802.4406344433265,274.82103519510804,0.0,0.0,13035.998839155018,131536598.83915502,199.84276898486473,535.0,True,Jeans,False,N2,10_M_earth,1_F_earth
N2_atmosphere_10_M_earth_1_F_earth.csv,200,0.006892285701577546,N2,0.02425254576010763,0.0,510.6440401002986,344.5063995347586,8.446396194762727e-218,0.0,13035.998839155018,131536598.83915502,199.84276898486473,535.0,True,Jeans,False,N2,10_M_earth,1_F_earth
N2_atmosphere_10_M_earth_1_F_earth.csv,200,0.006892285701577546,H2,0.02425254576010763,0.0,36.47457429287847,1289.0249146101244,1.966467360744068e-12,0.0,13035.998839155018,131536598.83915502,199.84276898486473,535.0,True,Jeans,False,N2,10_M_earth,1_F_earth
N2_atmosphere_10_M_earth_1_F_earth.csv,200,0.006892285701577546,NO,0.02425254576010763,0.0,547.118614393177,332.82480180876325,1.2615083332905572e-233,0.0,13035.998839155018,131536598.83915502,199.84276898486473,535.0,True,Jeans,False,N2,10_M_earth,1_F_earth
N2_atmosphere_10_M_earth_1_F_earth.csv,200,0.006892285701577546,OH,0.02425254576010763,0.0,310.03388148946703,442.13189813815916,8.764975023952429e-131,0.0,13035.998839155018,131536598.83915502,199.84276898486473,535.0,True,Jeans,False,N2,10_M_earth,1_F_earth
N2_atmosphere_10_M_earth_1_F_earth.csv,200,0.006892285701577546,H,0.02425254576010763,0.02425254576010763,18.237287146439236,1822.9565164784585,0.00011883983287593085,1130506640690.8972,13035.998839155018,131536598.83915502,199.84276898486473,535.0,True,Jeans,False,N2,10_M_earth,1_F_earth
N2_atmosphere_10_M_earth_1_F_earth.csv,200,0.006892285701577546,CH4,0.02425254576010763,0.0,291.7965943430278,455.73912911961463,7.079892209761397e-123,0.0,13035.998839155018,131536598.83915502,199.84276898486473,535.0,True,Jeans,False,N2,10_M_earth,1_F_earth
N2_atmosphere_10_M_earth_1_F_earth.csv,200,0.006892285701577546,H2O,0.02425254576010763,0.0,328.27116863590624,429.6749715367081,1.0832575469513755e-138,0.0,13035.998839155018,131536598.83915502,199.84276898486473,535.0,True,Jeans,False,N2,10_M_earth,1_F_earth
N2_atmosphere_10_M_earth_1_F_earth.csv,200,0.006892285701577546,O2,0.02425254576010763,0.0,583.5931886860556,322.2562286525311,1.8799600330788752e-249,0.0,13035.998839155018,131536598.83915502,199.84276898486473,535.0,True,Jeans,False,N2,10_M_earth,1_F_earth
N2_atmosphere_10_M_earth_1_F_earth.csv,200,0.006892285701577546,N2O,0.02425254576010763,0.0,802.4406344433265,274.82103519510804,0.0,0.0,13035.998839155018,131536598.83915502,199.84276898486473,535.0,True,Jeans,False,N2,10_M_earth,1_F_earth
N2_atmosphere_10_M_earth_1_F_earth.csv,200,0.006892285701577546,CO,0.02425254576010763,0.0,510.6440401002986,344.5063995347586,8.446396194762727e-218,0.0,13035.998839155018,131536598.83915502,199.84276898486473,535.0,True,Jeans,False,N2,10_M_earth,1_F_earth
N2_atmosphere_10_M_earth_1_F_earth.csv,200,0.006892285701577546,S,0.02425254576010763,2.4122113284898016e-247,583.5931886860556,322.2562286525311,1.8799600330788752e-249,22212353443.371178,13035.998839155018,131536598.83915502,199.84276898486473,535.0,True,Jeans,False,N2,10_M_earth,1_F_earth
N2_atmosphere_10_M_earth_1_F_earth.csv,200,0.006892285701577546,NH3,0.02425254576010763,0.0,310.03388148946703,442.13189813815916,8.764975023952429e-131,0.0,13035.998839155018,131536598.83915502,199.84276898486473,535.0,True,Jeans,False,N2,10_M_earth,1_F_earth
N2_atmosphere_10_M_earth_1_F_earth.csv,200,0.006892285701577546,N,0.02425254576010763,3.1851916467367885e-103,255.3220200501493,487.20562254637974,4.591439440055141e-107,2744962965665.2427,13035.998839155018,131536598.83915502,199.84276898486473,535.0,True,Jeans,False,N2,10_M_earth,1_F_earth
N2_atmosphere_10_M_earth_1_F_earth.csv,200,0.006892285701577546,C,0.02425254576010763,1.9376950940713565e-91,218.84744575727083,526.2422177549103,2.947569863917286e-91,303471494.5335408,13035.998839155018,131536598.83915502,199.84276898486473,535.0,True,Jeans,False,N2,10_M_earth,1_F_earth
N2_atmosphere_10_M_earth_1_F_earth.csv,300,1.8398650761699133,S2,6.4741094441313605,0.0,771.8892019384896,279.0172464063506,0.0,0.0,14160.135466857404,132660735.4668574,299.6248919960658,536.0,True,Jeans,False,N2,10_M_earth,1_F_earth
N2_atmosphere_10_M_earth_1_F_earth.csv,300,1.8398650761699133,H2S,6.4741094441313605,0.0,410.0661385298226,382.80850391238306,3.6126606555088467e-174,0.0,14160.135466857404,132660735.4668574,299.6248919960658,536.0,True,Jeans,False,N2,10_M_earth,1_F_earth
N2_atmosphere_10_M_earth_1_F_earth.csv,300,1.8398650761699133,SO2,6.4741094441313605,0.0,771.8892019384896,279.0172464063506,0.0,0.0,14160.135466857404,132660735.4668574,299.6248919960658,536.0,True,Jeans,False,N2,10_M_earth,1_F_earth
N2_atmosphere_10_M_earth_1_F_earth.csv,300,1.8398650761699133,O,6.4741094441313605,7.347613854332739e-78,192.9723004846224,558.0344928127012,4.764206396829152e-80,52495491472.61231,14160.135466857404,132660735.4668574,299.6248919960658,536.0,True,Jeans,False,N2,10_M_earth,1_F_earth
N2_atmosphere_10_M_earth_1_F_earth.csv,300,1.8398650761699133,NO2,6.4741094441313605,0.0,554.7953638932895,329.11078888884214,5.862555714045156e-237,0.0,14160.135466857404,132660735.4668574,299.6248919960658,536.0,True,Jeans,False,N2,10_M_earth,1_F_earth
N2_atmosphere_10_M_earth_1_F_earth.csv,300,1.8398650761699133,CO2,6.4741094441313605,0.0,530.6738263327117,336.5074604974558,1.7152229515680323e-226,0.0,14160.135466857404,132660735.4668574,299.6248919960658,536.0,True,Jeans,False,N2,10_M_earth,1_F_earth
N2_atmosphere_10_M_earth_1_F_earth.csv,300,1.8398650761699133,N2,6.4741094441313605,0.0,337.7015258480892,421.83442599384796,8.778999710621262e-143,0.0,14160.135466857404,132660735.4668574,299.6248919960658,536.0,True,Jeans,False,N2,10_M_earth,1_F_earth
N2_atmosphere_10_M_earth_1_F_earth.csv,300,1.8398650761699133,H2,6.4741094441313605,0.0,24.1215375605778,1578.3598960154268,3.739354719440826e-07,0.0,14160.135466857404,132660735.4668574,299.6248919960658,536.0,True,Jeans,False,N2,10_M_earth,1_F_earth
N2_atmosphere_10_M_earth_1_F_earth.csv,300,1.8398650761699133,NO,6.4741094441313605,0.0,361.823063408667,407.53077277262787,3.0373196383422455e-153,0.0,14160.135466857404,132660735.4668574,299.6248919960658,536.0,True,Jeans,False,N2,10_M_earth,1_F_earth
N2_atmosphere_10_M_earth_1_F_earth.csv,300,1.8398650761699133,OH,6.4741094441313605,0.0,205.0330692649113,541.3729780246462,2.8385593917677224e-85,0.0,14160.135466857404,132660735.4668574,299.6248919960658,536.0,True,Jeans,False,N2,10_M_earth,1_F_earth
N2_atmosphere_10_M_earth_1_F_earth.csv,300,1.8398650761699133,H,6.4741094441313605,6.4741094441313605,12.0607687802889,2232.1379712508046,0.04755098478304754,741492484284.6927,14160.135466857404,132660735.4668574,299.6248919960658,536.0,True,Jeans,False,N2,10_M_earth,1_F_earth
N2_atmosphere_10_M_earth_1_F_earth.csv,300,1.8398650761699133,CH4,6.4741094441313605,0.0,192.9723004846224,558.0344928127012,4.764206396829152e-80,0.0,14160.135466857404,132660735.4668574,299.6248919960658,536.0,True,Jeans,False,N2,10_M_earth,1_F_earth
N2_atmosphere_10_M_earth_1_F_earth.csv,300,1.8398650761699133,H2O,6.4741094441313605,0.0,217.0938380452002,526.1199653384756,1.6883688383212211e-90,0.0,14160.135466857404,132660735.4668574,299.6248919960658,536.0,True,Jeans,False,N2,10_M_earth,1_F_earth
N2_atmosphere_10_M_earth_1_F_earth.csv,300,1.8398650761699133,O2,6.4741094441313605,0.0,385.9446009692448,394.5899740038567,1.048526435157331e-163,0.0,14160.135466857404,132660735.4668574,299.6248919960658,536.0,True,Jeans,False,N2,10_M_earth,1_F_earth
N2_atmosphere_10_M_earth_1_F_earth.csv,300,1.8398650761699133,N2O,6.4741094441313605,0.0,530.6738263327117,336.5074604974558,1.7152229515680323e-226,0.0,14160.135466857404,132660735.4668574,299.6248919960658,536.0,True,Jeans,False,N2,10_M_earth,1_F_earth
N2_atmosphere_10_M_earth_1_F_earth.csv,300,1.8398650761699133,CO,6.4741094441313605,0.0,337.7015258480892,421.83442599384796,8.778999710621262e-143,0.0,14160.135466857404,132660735.4668574,299.6248919960658,536.0,True,Jeans,False,N2,10_M_earth,1_F_earth
N2_atmosphere_10_M_earth_1_F_earth.csv,300,1.8398650761699133,S,6.4741094441313605,8.975762268418612e-162,385.9446009692448,394.5899740038567,1.048526435157331e-163,14568948596.771883,14160.135466857404,132660735.4668574,299.6248919960658,536.0,True,Jeans,False,N2,10_M_earth,1_F_earth
N2_atmosphere_10_M_earth_1_F_earth.csv,300,1.8398650761699133,NH3,6.4741094441313605,0.0,205.0330692649113,541.3729780246462,2.8385593917677224e-85,0.0,14160.135466857404,132660735.4668574,299.6248919960658,536.0,True,Jeans,False,N2,10_M_earth,1_F_earth
N2_atmosphere_10_M_earth_1_F_earth.csv,300,1.8398650761699133,N,6.4741094441313605,6.174146254932781e-66,168.8507629240446,596.5639663163695,1.3340281207154513e-69,1800404646395.269,14160.135466857404,132660735.4668574,299.6248919960658,536.0,True,Jeans,False,N2,10_M_earth,1_F_earth
N2_atmosphere_10_M_earth_1_F_earth.csv,300,1.8398650761699133,C,6.4741094441313605,1.6218651584231533e-59,144.72922536346678,644.3627292850186,3.6980109367670147e-59,199045122.15314716,14160.135466857404,132660735.4668574,299.6248919960658,536.0,True,Jeans,False,N2,10_M_earth,1_F_earth
N2_atmosphere_10_M_earth_1_F_earth.csv,500,124.28123741969614,S2,437.3202923021733,0.0,455.51439830538646,360.1486202784661,6.90147138120489e-194,0.0,16424.840078843266,134925440.07884327,499.2054343156076,538.0,True,Jeans,False,N2,10_M_earth,1_F_earth
N2_atmosphere_10_M_earth_1_F_earth.csv,500,124.28123741969614,H2S,437.3202923021733,0.0,241.99202409973657,494.11983055026883,2.716555857440719e-101,0.0,16424.840078843266,134925440.07884327,499.2054343156076,538.0,True,Jeans,False,N2,10_M_earth,1_F_earth
N2_atmosphere_10_M_earth_1_F_earth.csv,500,124.28123741969614,SO2,437.3202923021733,0.0,455.51439830538646,360.1486202784661,6.90147138120489e-194,0.0,16424.840078843266,134925440.07884327,499.2054343156076,538.0,True,Jeans,False,N2,10_M_earth,1_F_earth
N2_atmosphere_10_M_earth_1_F_earth.csv,500,124.28123741969614,O,437.3202923021733,7.549217737041964e-44,113.87859957634662,720.2972405569323,8.152645319984267e-46,30469601004.325413,16424.840078843266,134925440.07884327,499.2054343156076,538.0,True,Jeans,False,N2,10_M_earth,1_F_earth
N2_atmosphere_10_M_earth_1_F_earth.csv,500,124.28123741969614,NO2,437.3202923021733,0.0,327.4009737819966,424.8081366427544,2.550093166287932e-138,0.0,16424.840078843266,134925440.07884327,499.2054343156076,538.0,True,Jeans,False,N2,10_M_earth,1_F_earth
N2_atmosphere_10_M_earth_1_F_earth.csv,500,124.28123741969614,CO2,437.3202923021733,0.0,313.1661488349532,434.35557899194697,3.793756936565778e-132,0.0,16424.840078843266,134925440.07884327,499.2054343156076,538.0,True,Jeans,False,N2,10_M_earth,1_F_earth
N2_atmosphere_10_M_earth_1_F_earth.csv,500,124.28123741969614,N2,437.3202923021733,0.0,199.2875492586066,544.493533874203,8.680780844280738e-83,0.0,16424.840078843266,134925440.07884327,499.2054343156076,538.0,True,Jeans,False,N2,10_M_earth,1_F_earth
N2_atmosphere_10_M_earth_1_F_earth.csv,500,124.28123741969614,H2,437.3202923021733,0.0,14.234824947043327,2037.3082530710587,0.005756829346121761,0.0,16424.840078843266,134925440.07884327,499.2054343156076,538.0,True,Jeans,False,N2,10_M_earth,1_F_earth
N2_atmosphere_10_M_earth_1_F_earth.csv,500,124.28123741969614,NO,437.3202923021733,0.0,213.5223742056499,526.0307290156758,5.905951788375113e-89,0.0,16424.840078843266,134925440.07884327,499.2054343156076,538.0,True,Jeans,False,N2,10_M_earth,1_F_earth
N2_atmosphere_10_M_earth_1_F_earth.csv,500,124.28123741969614,OH,437.3202923021733,0.0,120.99601204986828,698.7909658016858,6.810635193508413e-49,0.0,16424.840078843266,134925440.07884327,499.2054343156076,538.0,True,Jeans,False,N2,10_M_earth,1_F_earth
N2_atmosphere_10_M_earth_1_F_earth.csv,500,124.28123741969614,H,437.3202923021733,437.3202923021733,7.1174124735216635,2881.188962227729,5.3497250525044056,430379438501.8324,16424.840078843266,134925440.07884327,499.2054343156076,538.0,True,Jeans,False,N2,10_M_earth,1_F_earth
N2_atmosphere_10_M_earth_1_F_earth.csv,500,124.28123741969614,CH4,437.3202923021733,0.0,113.87859957634662,720.2972405569323,8.152645319984267e-46,0.0,16424.840078843266,134925440.07884327,499.2054343156076,538.0,True,Jeans,False,N2,10_M_earth,1_F_earth
N2_atmosphere_10_M_earth_1_F_earth.csv,500,124.28123741969614,H2O,437.3202923021733,0.0,128.11342452338994,679.1027510236862,5.6800038458686675e-52,0.0,16424.840078843266,134925440.07884327,499.2054343156076,538.0,True,Jeans,False,N2,10_M_earth,1_F_earth
N2_atmosphere_10_M_earth_1_F_earth.csv,500,124.28123741969614,O2,437.3202923021733,0.0,227.75719915269323,509.3270632677647,4.0093298364299444e-95,0.0,16424.840078843266,134925440.07884327,499.2054343156076,538.0,True,Jeans,False,N2,10_M_earth,1_F_earth
N2_atmosphere_10_M_earth_1_F_earth.csv,500,124.28123741969614,N2O,437.3202923021733,0.0,313.1661488349532,434.35557899194697,3.793756936565778e-132,0.0,16424.840078843266,134925440.07884327,499.2054343156076,538.0,True,Jeans,False,N2,10_M_earth,1_F_earth
N2_atmosphere_10_M_earth_1_F_earth.csv,500,124.28123741969614,CO,437.3202923021733,0.0,199.2875492586066,544.493533874203,8.680780844280738e-83,0.0,16424.840078843266,134925440.07884327,499.2054343156076,538.0,True,Jeans,False,N2,10_M_earth,1_F_earth
N2_atmosphere_10_M_earth_1_F_earth.csv,500,124.28123741969614,S,437.3202923021733,2.0606839540222385e-93,227.75719915269323,509.3270632677647,4.0093298364299444e-95,8456155725.825722,16424.840078843266,134925440.07884327,499.2054343156076,538.0,True,Jeans,False,N2,10_M_earth,1_F_earth
N2_atmosphere_10_M_earth_1_F_earth.csv,500,124.28123741969614,NH3,437.3202923021733,0.0,120.99601204986828,698.7909658016858,6.810635193508413e-49,0.0,16424.840078843266,134925440.07884327,499.2054343156076,538.0,True,Jeans,False,N2,10_M_earth,1_F_earth
N2_atmosphere_10_M_earth_1_F_earth.csv,500,124.28123741969614,N,437.3202923021733,3.227065693296068e-36,99.6437746293033,770.0301402293521,1.1613101758762905e-39,1044996621293.0396,16424.840078843266,134925440.07884327,499.2054343156076,538.0,True,Jeans,False,N2,10_M_earth,1_F_earth
N2_atmosphere_10_M_earth_1_F_earth.csv,500,124.28123741969614,C,437.3202923021733,4.313140055357544e-34,85.40894968225996,831.727611464179,1.6379451762536597e-33,115530406.20693529,16424.840078843266,134925440.07884327,499.2054343156076,538.0,True,Jeans,False,N2,10_M_earth,1_F_earth
N2_atmosphere_10_M_earth_1_F_earth.csv,1000,1939.7732443015855,S2,6825.665883364185,0.0,218.4717826981072,509.285310797663,4.1461521195565314e-91,0.0,22182.461382413985,140683061.38241398,998.2471843728187,543.0,True,Jeans,False,N2,10_M_earth,1_F_earth
N2_atmosphere_10_M_earth_1_F_earth.csv,1000,1939.7732443015855,H2S,6825.665883364185,0.0,116.06313455836946,698.7336818852966,9.068761997849167e-47,0.0,22182.461382413985,140683061.38241398,998.2471843728187,543.0,True,Jeans,False,N2,10_M_earth,1_F_earth
N2_atmosphere_10_M_earth_1_F_earth.csv,1000,1939.7732443015855,SO2,6825.665883364185,0.0,218.4717826981072,509.285310797663,4.1461521195565314e-91,0.0,22182.461382413985,140683061.38241398,998.2471843728187,543.0,True,Jeans,False,N2,10_M_earth,1_F_earth
N2_atmosphere_10_M_earth_1_F_earth.csv,1000,1939.7732443015855,O,6825.665883364185,1.4089147742433881e-18,54.6179456745268,1018.570621595326,3.043187686325961e-20,14012751342.835419,22182.461382413985,140683061.38241398,998.2471843728187,543.0,True,Jeans,False,N2,10_M_earth,1_F_earth
N2_atmosphere_10_M_earth_1_F_earth.csv,1000,1939.7732443015855,NO2,6825.665883364185,0.0,157.02659381426457,600.7201797196975,1.7061384200645008e-64,0.0,22182.461382413985,140683061.38241398,998.2471843728187,543.0,True,Jeans,False,N2,10_M_earth,1_F_earth
N2_atmosphere_10_M_earth_1_F_earth.csv,1000,1939.7732443015855,CO2,6825.665883364185,0.0,150.19935060494873,614.2211953292305,1.5399997117491181e-61,0.0,22182.461382413985,140683061.38241398,998.2471843728187,543.0,True,Jeans,False,N2,10_M_earth,1_F_earth
N2_atmosphere_10_M_earth_1_F_earth.csv,1000,1939.7732443015855,N2,6825.665883364185,0.0,95.5814049304219,769.9670164279169,6.475659043163755e-38,0.0,22182.461382413985,140683061.38241398,998.2471843728187,543.0,True,Jeans,False,N2,10_M_earth,1_F_earth
N2_atmosphere_10_M_earth_1_F_earth.csv,1000,1939.7732443015855,H2,6825.665883364185,0.0,6.82724320931585,2880.9527745898076,6.894550918073261,0.0,22182.461382413985,140683061.38241398,998.2471843728187,543.0,True,Jeans,False,N2,10_M_earth,1_F_earth
N2_atmosphere_10_M_earth_1_F_earth.csv,1000,1939.7732443015855,NO,6825.665883364185,0.0,102.40864813973775,743.8588078130916,7.259916941483917e-41,0.0,22182.461382413985,140683061.38241398,998.2471843728187,543.0,True,Jeans,False,N2,10_M_earth,1_F_earth
N2_atmosphere_10_M_earth_1_F_earth.csv,1000,1939.7732443015855,OH,6825.665883364185,0.0,58.03156727918473,988.1586494090743,1.0316125400162217e-21,0.0,22182.461382413985,140683061.38241398,998.2471843728187,543.0,True,Jeans,False,N2,10_M_earth,1_F_earth
N2_atmosphere_10_M_earth_1_F_earth.csv,1000,1939.7732443015855,H,6825.665883364185,6825.665883364185,3.413621604657925,4074.282486381304,167.00300112287704,197928422296.67474,22182.461382413985,140683061.38241398,998.2471843728187,543.0,True,Jeans,False,N2,10_M_earth,1_F_earth
N2_atmosphere_10_M_earth_1_F_earth.csv,1000,1939.7732443015855,CH4,6825.665883364185,0.0,54.6179456745268,1018.570621595326,3.043187686325961e-20,0.0,22182.461382413985,140683061.38241398,998.2471843728187,543.0,True,Jeans,False,N2,10_M_earth,1_F_earth
N2_atmosphere_10_M_earth_1_F_earth.csv,1000,1939.7732443015855,H2O,6825.665883364185,0.0,61.44518888384265,960.3175915299358,3.4914229665147523e-23,0.0,22182.461382413985,140683061.38241398,998.2471843728187,543.0,True,Jeans,False,N2,10_M_earth,1_F_earth
N2_atmosphere_10_M_earth_1_F_earth.csv,1000,1939.7732443015855,O2,6825.665883364185,0.0,109.2358913490536,720.2381936474519,8.121745852470539e-44,0.0,22182.461382413985,140683061.38241398,998.2471843728187,543.0,True,Jeans,False,N2,10_M_earth,1_F_earth
N2_atmosphere_10_M_earth_1_F_earth.csv,1000,1939.7732443015855,N2O,6825.665883364185,0.0,150.19935060494873,614.2211953292305,1.5399997117491181e-61,0.0,22182.461382413985,140683061.38241398,998.2471843728187,543.0,True,Jeans,False,N2,10_M_earth,1_F_earth
N2_atmosphere_10_M_earth_1_F_earth.csv,1000,1939.7732443015855,CO,6825.665883364185,0.0,95.5814049304219,769.9670164279169,6.475659043163755e-38,0.0,22182.461382413985,140683061.38241398,998.2471843728187,543.0,True,Jeans,False,N2,10_M_earth,1_F_earth
N2_atmosphere_10_M_earth_1_F_earth.csv,1000,1939.7732443015855,S,6825.665883364185,2.087091941716131e-42,109.2358913490536,720.2381936474519,8.121745852470539e-44,3888925473.1451387,22182.461382413985,140683061.38241398,998.2471843728187,543.0,True,Jeans,False,N2,10_M_earth,1_F_earth
N2_atmosphere_10_M_earth_1_F_earth.csv,1000,1939.7732443015855,NH3,6825.665883364185,0.0,58.03156727918473,988.1586494090743,1.0316125400162217e-21,0.0,22182.461382413985,140683061.38241398,998.2471843728187,543.0,True,Jeans,False,N2,10_M_earth,1_F_earth
N2_atmosphere_10_M_earth_1_F_earth.csv,1000,1939.7732443015855,N,6825.665883364185,3.658415670328514e-14,47.79070246521095,1088.8977972123078,2.6331820823127587e-17,480586464069.67334,22182.461382413985,140683061.38241398,998.2471843728187,543.0,True,Jeans,False,N2,10_M_earth,1_F_earth
N2_atmosphere_10_M_earth_1_F_earth.csv,1000,1939.7732443015855,C,6825.665883364185,2.9714561887963334e-15,40.963459255895096,1176.144045133412,2.2569531787926213e-14,53131606.629333206,22182.461382413985,140683061.38241398,998.2471843728187,543.0,True,Jeans,False,N2,10_M_earth,1_F_earth
N2_atmosphere_10_M_earth_1_F_earth.csv,2000,5012.641754125836,S2,17638.459914483905,0.0,100.68999423656902,720.2714331182973,3.855321509722476e-40,0.0,34108.61771793982,152609217.71793982,1996.678652079354,553.0,True,Jeans,False,N2,10_M_earth,1_F_earth
N2_atmosphere_10_M_earth_1_F_earth.csv,2000,5012.641754125836,H2S,17638.459914483905,0.0,53.49155943817729,988.2042535868413,8.922404972302073e-20,0.0,34108.61771793982,152609217.71793982,1996.678652079354,553.0,True,Jeans,False,N2,10_M_earth,1_F_earth
N2_atmosphere_10_M_earth_1_F_earth.csv,2000,5012.641754125836,SO2,17638.459914483905,0.0,100.68999423656902,720.2714331182973,3.855321509722476e-40,0.0,34108.61771793982,152609217.71793982,1996.678652079354,553.0,True,Jeans,False,N2,10_M_earth,1_F_earth
N2_atmosphere_10_M_earth_1_F_earth.csv,2000,5012.641754125836,O,17638.459914483905,2.8634124599572607e-06,25.172498559142255,1440.5428662365946,1.2430517769145142e-07,5924943459.867793,34108.61771793982,152609217.71793982,1996.678652079354,553.0,True,Jeans,False,N2,10_M_earth,1_F_earth
N2_atmosphere_10_M_earth_1_F_earth.csv,2000,5012.641754125836,NO2,17638.459914483905,0.0,72.37093335753399,849.5858324916233,6.528739885523444e-28,0.0,34108.61771793982,152609217.71793982,1996.678652079354,553.0,True,Jeans,False,N2,10_M_earth,1_F_earth
N2_atmosphere_10_M_earth_1_F_earth.csv,2000,5012.641754125836,CO2,17638.459914483905,0.0,69.2243710376412,868.6800330418022,1.4858686183181186e-26,0.0,34108.61771793982,152609217.71793982,1996.678652079354,553.0,True,Jeans,False,N2,10_M_earth,1_F_earth
N2_atmosphere_10_M_earth_1_F_earth.csv,2000,5012.641754125836,N2,17638.459914483905,0.0,44.05187247849894,1088.9480505686324,1.0224214235209429e-15,0.0,34108.61771793982,152609217.71793982,1996.678652079354,553.0,True,Jeans,False,N2,10_M_earth,1_F_earth
N2_atmosphere_10_M_earth_1_F_earth.csv,2000,5012.641754125836,H2,17638.459914483905,0.0,3.146562319892782,4074.470517223207,204.93672516147208,0.0,34108.61771793982,152609217.71793982,1996.678652079354,553.0,True,Jeans,False,N2,10_M_earth,1_F_earth
N2_atmosphere_10_M_earth_1_F_earth.csv,2000,5012.641754125836,NO,17638.459914483905,0.0,47.19843479839172,1052.0237638545734,4.5439523215500944e-17,0.0,34108.61771793982,152609217.71793982,1996.678652079354,553.0,True,Jeans,False,N2,10_M_earth,1_F_earth
N2_atmosphere_10_M_earth_1_F_earth.csv,2000,5012.641754125836,OH,17638.459914483905,0.0,26.745779719088645,1397.5318578172923,2.6509966108705118e-08,0.0,34108.61771793982,152609217.71793982,1996.678652079354,553.0,True,Jeans,False,N2,10_M_earth,1_F_earth
N2_atmosphere_10_M_earth_1_F_earth.csv,2000,5012.641754125836,H,17638.459914483905,17638.45802825584,1.573281159946391,5762.171464946378,867.3635342188007,83689111618.19989,34108.61771793982,152609217.71793982,1996.678652079354,553.0,True,Jeans,False,N2,10_M_earth,1_F_earth
N2_atmosphere_10_M_earth_1_F_earth.csv,2000,5012.641754125836,CH4,17638.459914483905,0.0,25.172498559142255,1440.5428662365946,1.2430517769145142e-07,0.0,34108.61771793982,152609217.71793982,1996.678652079354,553.0,True,Jeans,False,N2,10_M_earth,1_F_earth
N2_atmosphere_10_M_earth_1_F_earth.csv,2000,5012.641754125836,H2O,17638.459914483905,0.0,28.31906087903503,1358.1568390744021,5.645249951597262e-09,0.0,34108.61771793982,152609217.71793982,1996.678652079354,553.0,True,Jeans,False,N2,10_M_earth,1_F_earth
N2_atmosphere_10_M_earth_1_F_earth.csv,2000,5012.641754125836,O2,17638.459914483905,0.0,50.34499711828451,1018.6176293058018,2.0153475427920197e-18,0.0,34108.61771793982,152609217.71793982,1996.678652079354,553.0,True,Jeans,False,N2,10_M_earth,1_F_earth
N2_atmosphere_10_M_earth_1_F_earth.csv,2000,5012.641754125836,N2O,17638.459914483905,0.0,69.2243710376412,868.6800330418022,1.4858686183181186e-26,0.0,34108.61771793982,152609217.71793982,1996.678652079354,553.0,True,Jeans,False,N2,10_M_earth,1_F_earth
N2_atmosphere_10_M_earth_1_F_earth.csv,2000,5012.641754125836,CO,17638.459914483905,0.0,44.05187247849894,1088.9480505686324,1.0224214235209429e-15,0.0,34108.61771793982,152609217.71793982,1996.678652079354,553.0,True,Jeans,False,N2,10_M_earth,1_F_earth
N2_atmosphere_10_M_earth_1_F_earth.csv,2000,5012.641754125836,S,17638.459914483905,2.576800775620222e-17,50.34499711828451,1018.6176293058018,2.0153475427920197e-18,1644335433.0843472,34108.61771793982,152609217.71793982,1996.678652079354,553.0,True,Jeans,False,N2,10_M_earth,1_F_earth
N2_atmosphere_10_M_earth_1_F_earth.csv,2000,5012.641754125836,NH3,17638.459914483905,0.0,26.745779719088645,1397.5318578172923,2.6509966108705118e-08,0.0,34108.61771793982,152609217.71793982,1996.678652079354,553.0,True,Jeans,False,N2,10_M_earth,1_F_earth
N2_atmosphere_10_M_earth_1_F_earth.csv,2000,5012.641754125836,N,17638.459914483905,0.001879502127507692,22.02593623924947,1540.0051018339027,2.7188920062721436e-06,203204035918.78976,34108.61771793982,152609217.71793982,1996.678652079354,553.0,True,Jeans,False,N2,10_M_earth,1_F_earth
N2_atmosphere_10_M_earth_1_F_earth.csv,2000,5012.641754125836,C,17638.459914483905,3.862521396915854e-06,18.87937391935669,1663.395623201786,5.8963792616623124e-05,22465378.676093545,34108.61771793982,152609217.71793982,1996.678652079354,553.0,True,Jeans,False,N2,10_M_earth,1_F_earth
N2_atmosphere_10_M_earth_1_F_earth.csv,3000,5761.556413311716,S2,20267.264441549665,0.0,62.0763745230846,882.2120975060268,1.723486508414269e-23,0.0,46500.59923475364,165001199.23475364,2995.4481834296785,562.0,True,Jeans,False,N2,10_M_earth,1_F_earth
N2_atmosphere_10_M_earth_1_F_earth.csv,3000,5761.556413311716,H2S,20267.264441549665,0.0,32.978073965388695,1210.3850121431092,5.524866847492146e-11,0.0,46500.59923475364,165001199.23475364,2995.4481834296785,562.0,True,Jeans,False,N2,10_M_earth,1_F_earth
N2_atmosphere_10_M_earth_1_F_earth.csv,3000,5761.556413311716,SO2,20267.264441549665,0.0,62.0763745230846,882.2120975060268,1.723486508414269e-23,0.0,46500.59923475364,165001199.23475364,2995.4481834296785,562.0,True,Jeans,False,N2,10_M_earth,1_F_earth
N2_atmosphere_10_M_earth_1_F_earth.csv,3000,5761.556413311716,O,20267.264441549665,0.02310410083537153,15.51909363077115,1764.4241950120536,0.0014966751891345629,3396552732.8292766,46500.59923475364,165001199.23475364,2995.4481834296785,562.0,True,Jeans,False,N2,10_M_earth,1_F_earth
N2_atmosphere_10_M_earth_1_F_earth.csv,3000,5761.556413311716,NO2,20267.264441549665,0.0,44.61739418846707,1040.6006191984275,5.6198086491755275e-16,0.0,46500.59923475364,165001199.23475364,2995.4481834296785,562.0,True,Jeans,False,N2,10_M_earth,1_F_earth
N2_atmosphere_10_M_earth_1_F_earth.csv,3000,5761.556413311716,CO2,20267.264441549665,0.0,42.67750748462067,1063.9878228872449,3.828102611387542e-15,0.0,46500.59923475364,165001199.23475364,2995.4481834296785,562.0,True,Jeans,False,N2,10_M_earth,1_F_earth
N2_atmosphere_10_M_earth_1_F_earth.csv,3000,5761.556413311716,N2,20267.264441549665,0.0,27.158413853849513,1333.7793220649216,1.699565715850073e-08,0.0,46500.59923475364,165001199.23475364,2995.4481834296785,562.0,True,Jeans,False,N2,10_M_earth,1_F_earth
N2_atmosphere_10_M_earth_1_F_earth.csv,3000,5761.556413311716,H2,20267.264441549665,0.0,1.9398867038463938,4990.545252730554,594.828226573476,0.0,46500.59923475364,165001199.23475364,2995.4481834296785,562.0,True,Jeans,False,N2,10_M_earth,1_F_earth
N2_atmosphere_10_M_earth_1_F_earth.csv,3000,5761.556413311716,NO,20267.264441549665,0.0,29.098300557695907,1288.5532434879947,2.522365665602722e-09,0.0,46500.59923475364,165001199.23475364,2995.4481834296785,562.0,True,Jeans,False,N2,10_M_earth,1_F_earth
N2_atmosphere_10_M_earth_1_F_earth.csv,3000,5761.556413311716,OH,20267.264441549665,0.0,16.489036982694348,1711.7428998659084,0.0005827760905769022,0.0,46500.59923475364,165001199.23475364,2995.4481834296785,562.0,True,Jeans,False,N2,10_M_earth,1_F_earth
N2_atmosphere_10_M_earth_1_F_earth.csv,3000,5761.556413311716,H,20267.264441549665,20262.686854794985,0.9699433519231969,7057.696780048214,1486.86232093988,47975897609.864105,46500.59923475364,165001199.23475364,2995.4481834296785,562.0,False,hydrodynamic_candidate,False,N2,10_M_earth,1_F_earth
N2_atmosphere_10_M_earth_1_F_earth.csv,3000,5761.556413311716,CH4,20267.264441549665,0.0,15.51909363077115,1764.4241950120536,0.0014966751891345629,0.0,46500.59923475364,165001199.23475364,2995.4481834296785,562.0,True,Jeans,False,N2,10_M_earth,1_F_earth
N2_atmosphere_10_M_earth_1_F_earth.csv,3000,5761.556413311716,H2O,20267.264441549665,0.0,17.458980334617543,1663.515084243518,0.0002266160677631175,0.0,46500.59923475364,165001199.23475364,2995.4481834296785,562.0,True,Jeans,False,N2,10_M_earth,1_F_earth
N2_atmosphere_10_M_earth_1_F_earth.csv,3000,5761.556413311716,O2,20267.264441549665,0.0,31.0381872615423,1247.6363131826386,3.7362639896017247e-10,0.0,46500.59923475364,165001199.23475364,2995.4481834296785,562.0,True,Jeans,False,N2,10_M_earth,1_F_earth
N2_atmosphere_10_M_earth_1_F_earth.csv,3000,5761.556413311716,N2O,20267.264441549665,0.0,42.67750748462067,1063.9878228872449,3.828102611387542e-15,0.0,46500.59923475364,165001199.23475364,2995.4481834296785,562.0,True,Jeans,False,N2,10_M_earth,1_F_earth
N2_atmosphere_10_M_earth_1_F_earth.csv,3000,5761.556413311716,CO,20267.264441549665,0.0,27.158413853849513,1333.7793220649216,1.699565715850073e-08,0.0,46500.59923475364,165001199.23475364,2995.4481834296785,562.0,True,Jeans,False,N2,10_M_earth,1_F_earth
N2_atmosphere_10_M_earth_1_F_earth.csv,3000,5761.556413311716,S,20267.264441549665,3.2013655476305485e-09,31.0381872615423,1247.6363131826386,3.7362639896017247e-10,942637182.407016,46500.59923475364,165001199.23475364,2995.4481834296785,562.0,True,Jeans,False,N2,10_M_earth,1_F_earth
N2_atmosphere_10_M_earth_1_F_earth.csv,3000,5761.556413311716,NH3,20267.264441549665,0.0,16.489036982694348,1711.7428998659084,0.0005827760905769022,0.0,46500.59923475364,165001199.23475364,2995.4481834296785,562.0,True,Jeans,False,N2,10_M_earth,1_F_earth
N2_atmosphere_10_M_earth_1_F_earth.csv,3000,5761.556413311716,N,20267.264441549665,4.551672362052594,13.579206926924757,1886.2488064770046,0.009825469436592748,116489419383.81041,46500.59923475364,165001199.23475364,2995.4481834296785,562.0,True,Jeans,False,N2,10_M_earth,1_F_earth
N2_atmosphere_10_M_earth_1_F_earth.csv,3000,5761.556413311716,C,20267.264441549665,0.0028102885916871474,11.639320223078363,2037.3815679097959,0.06401748550873383,12878577.467139702,46500.59923475364,165001199.23475364,2995.4481834296785,562.0,True,Jeans,False,N2,10_M_earth,1_F_earth
N2_atmosphere_10_M_earth_1_F_earth.csv,4000,5814.51551306759,S2,20210.018087728753,0.0,43.178516064274866,1018.7657634302951,2.246411274858237e-15,0.0,59385.931451660545,177886531.45166054,3994.5188695680663,571.0,True,Jeans,False,N2,10_M_earth,1_F_earth
N2_atmosphere_10_M_earth_1_F_earth.csv,4000,5814.51551306759,H2S,20210.018087728753,0.0,22.938586659146022,1397.735096159388,1.0299516444868896e-06,0.0,59385.931451660545,177886531.45166054,3994.5188695680663,571.0,True,Jeans,False,N2,10_M_earth,1_F_earth
N2_atmosphere_10_M_earth_1_F_earth.csv,4000,5814.51551306759,SO2,20210.018087728753,0.0,43.178516064274866,1018.7657634302951,2.246411274858237e-15,0.0,59385.931451660545,177886531.45166054,3994.5188695680663,571.0,True,Jeans,False,N2,10_M_earth,1_F_earth
N2_atmosphere_10_M_earth_1_F_earth.csv,4000,5814.51551306759,O,20210.018087728753,1.6088458767478795,10.794629016068717,2037.5315268605902,0.13903875642265298,2190501141.832862,59385.931451660545,177886531.45166054,3994.5188695680663,571.0,True,Jeans,False,N2,10_M_earth,1_F_earth
N2_atmosphere_10_M_earth_1_F_earth.csv,4000,5814.51551306759,NO2,20210.018087728753,0.0,31.034558421197563,1201.670536190399,3.6112849006296573e-10,0.0,59385.931451660545,177886531.45166054,3994.5188695680663,571.0,True,Jeans,False,N2,10_M_earth,1_F_earth
N2_atmosphere_10_M_earth_1_F_earth.csv,4000,5814.51551306759,CO2,20210.018087728753,0.0,29.685229794188974,1228.6777405666405,1.363424032063155e-09,0.0,59385.931451660545,177886531.45166054,3994.5188695680663,571.0,True,Jeans,False,N2,10_M_earth,1_F_earth
N2_atmosphere_10_M_earth_1_F_earth.csv,4000,5814.51551306759,N2,20210.018087728753,0.0,18.890600778120252,1540.2290595790982,5.401875916252011e-05,0.0,59385.931451660545,177886531.45166054,3994.5188695680663,571.0,True,Jeans,False,N2,10_M_earth,1_F_earth
N2_atmosphere_10_M_earth_1_F_earth.csv,4000,5814.51551306759,H2,20210.018087728753,0.0,1.3493286270085896,5763.009438098014,990.7913183875363,0.0,59385.931451660545,177886531.45166054,3994.5188695680663,571.0,False,hydrodynamic_candidate,False,N2,10_M_earth,1_F_earth
N2_atmosphere_10_M_earth_1_F_earth.csv,4000,5814.51551306759,NO,20210.018087728753,0.0,20.23992940512884,1488.0026385193182,1.4456467476193757e-05,0.0,59385.931451660545,177886531.45166054,3994.5188695680663,571.0,True,Jeans,False,N2,10_M_earth,1_F_earth
N2_atmosphere_10_M_earth_1_F_earth.csv,4000,5814.51551306759,OH,20210.018087728753,0.0,11.469293329573011,1976.6959295934685,0.07263166049651204,0.0,59385.931451660545,177886531.45166054,3994.5188695680663,571.0,True,Jeans,False,N2,10_M_earth,1_F_earth
N2_atmosphere_10_M_earth_1_F_earth.csv,4000,5814.51551306759,H,20210.018087728753,20032.147333262197,0.6746643135042948,8150.126107442361,1961.0297124731476,30940564378.438015,59385.931451660545,177886531.45166054,3994.5188695680663,571.0,False,hydrodynamic_candidate,False,N2,10_M_earth,1_F_earth
N2_atmosphere_10_M_earth_1_F_earth.csv,4000,5814.51551306759,CH4,20210.018087728753,0.0,10.794629016068717,2037.5315268605902,0.13903875642265298,0.0,59385.931451660545,177886531.45166054,3994.5188695680663,571.0,True,Jeans,False,N2,10_M_earth,1_F_earth
N2_atmosphere_10_M_earth_1_F_earth.csv,4000,5814.51551306759,H2O,20210.018087728753,0.0,12.143957643077304,1921.0031460326713,0.03789618589823512,0.0,59385.931451660545,177886531.45166054,3994.5188695680663,571.0,True,Jeans,False,N2,10_M_earth,1_F_earth
N2_atmosphere_10_M_earth_1_F_earth.csv,4000,5814.51551306759,O2,20210.018087728753,0.0,21.589258032137433,1440.7523595245034,3.861808570533048e-06,0.0,59385.931451660545,177886531.45166054,3994.5188695680663,571.0,True,Jeans,False,N2,10_M_earth,1_F_earth
N2_atmosphere_10_M_earth_1_F_earth.csv,4000,5814.51551306759,N2O,20210.018087728753,0.0,29.685229794188974,1228.6777405666405,1.363424032063155e-09,0.0,59385.931451660545,177886531.45166054,3994.5188695680663,571.0,True,Jeans,False,N2,10_M_earth,1_F_earth
N2_atmosphere_10_M_earth_1_F_earth.csv,4000,5814.51551306759,CO,20210.018087728753,0.0,18.890600778120252,1540.2290595790982,5.401875916252011e-05,0.0,59385.931451660545,177886531.45166054,3994.5188695680663,571.0,True,Jeans,False,N2,10_M_earth,1_F_earth
N2_atmosphere_10_M_earth_1_F_earth.csv,4000,5814.51551306759,S,20210.018087728753,2.4803074042867218e-05,21.589258032137433,1440.7523595245034,3.861808570533048e-06,607924559.6392356,59385.931451660545,177886531.45166054,3994.5188695680663,571.0,True,Jeans,False,N2,10_M_earth,1_F_earth
N2_atmosphere_10_M_earth_1_F_earth.csv,4000,5814.51551306759,NH3,20210.018087728753,0.0,11.469293329573011,1976.6959295934685,0.07263166049651204,0.0,59385.931451660545,177886531.45166054,3994.5188695680663,571.0,True,Jeans,False,N2,10_M_earth,1_F_earth
N2_atmosphere_10_M_earth_1_F_earth.csv,4000,5814.51551306759,N,20210.018087728753,176.2013425374187,9.445300389060126,2178.2128252179186,0.5074280537065397,75126231283.0724,59385.931451660545,177886531.45166054,3994.5188695680663,571.0,True,Jeans,False,N2,10_M_earth,1_F_earth
N2_atmosphere_10_M_earth_1_F_earth.csv,4000,5814.51551306759,C,20210.018087728753,0.06054124931600024,8.095971762051537,2352.738751030622,1.8398482971086882,8305638.353347023,59385.931451660545,177886531.45166054,3994.5188695680663,571.0,True,Jeans,False,N2,10_M_earth,1_F_earth
N2_atmosphere_10_M_earth_1_F_earth.csv,5000,6329.514817992243,S2,20357.8232537091,0.0,32.12213179007775,1139.0936507554463,1.1929114210433305e-10,0.0,72764.72430671942,191265324.30671942,4993.840371490916,580.0,True,Jeans,False,N2,10_M_earth,1_F_earth
N2_atmosphere_10_M_earth_1_F_earth.csv,5000,6329.514817992243,H2S,20357.8232537091,0.0,17.064882513478803,1562.823595594993,0.0003089981356499413,0.0,72764.72430671942,191265324.30671942,4993.840371490916,580.0,True,Jeans,False,N2,10_M_earth,1_F_earth
N2_atmosphere_10_M_earth_1_F_earth.csv,5000,6329.514817992243,SO2,20357.8232537091,0.0,32.12213179007775,1139.0936507554463,1.1929114210433305e-10,0.0,72764.72430671942,191265324.30671942,4993.840371490916,580.0,True,Jeans,False,N2,10_M_earth,1_F_earth
N2_atmosphere_10_M_earth_1_F_earth.csv,5000,6329.514817992243,O,20357.8232537091,17.377378266094418,8.030532947519438,2278.1873015108927,1.8883466859125604,1506888411.3142598,72764.72430671942,191265324.30671942,4993.840371490916,580.0,True,Jeans,False,N2,10_M_earth,1_F_earth
N2_atmosphere_10_M_earth_1_F_earth.csv,5000,6329.514817992243,NO2,20357.8232537091,0.0,23.087782224118385,1343.6015688880498,8.58155454132447e-07,0.0,72764.72430671942,191265324.30671942,4993.840371490916,580.0,True,Jeans,False,N2,10_M_earth,1_F_earth
N2_atmosphere_10_M_earth_1_F_earth.csv,5000,6329.514817992243,CO2,20357.8232537091,0.0,22.083965605678454,1373.7986329570724,2.294479412760331e-06,0.0,72764.72430671942,191265324.30671942,4993.840371490916,580.0,True,Jeans,False,N2,10_M_earth,1_F_earth
N2_atmosphere_10_M_earth_1_F_earth.csv,5000,6329.514817992243,N2,20357.8232537091,0.0,14.053432658159014,1722.147725663756,0.005764647544284879,0.0,72764.72430671942,191265324.30671942,4993.840371490916,580.0,True,Jeans,False,N2,10_M_earth,1_F_earth
N2_atmosphere_10_M_earth_1_F_earth.csv,5000,6329.514817992243,H2,20357.8232537091,0.0,1.0038166184399298,6443.686758845736,1334.8591541022283,0.0,72764.72430671942,191265324.30671942,4993.840371490916,580.0,False,hydrodynamic_candidate,False,N2,10_M_earth,1_F_earth
N2_atmosphere_10_M_earth_1_F_earth.csv,5000,6329.514817992243,NO,20357.8232537091,0.0,15.057249276598945,1663.7527670124523,0.0021770817378713525,0.0,72764.72430671942,191265324.30671942,4993.840371490916,580.0,True,Jeans,False,N2,10_M_earth,1_F_earth
N2_atmosphere_10_M_earth_1_F_earth.csv,5000,6329.514817992243,OH,20357.8232537091,0.0,8.532441256739402,2210.1663244871243,1.1706633122566295,0.0,72764.72430671942,191265324.30671942,4993.840371490916,580.0,True,Jeans,False,N2,10_M_earth,1_F_earth
N2_atmosphere_10_M_earth_1_F_earth.csv,5000,6329.514817992243,H,20357.8232537091,18987.998387137,0.5019083092199649,9112.74920604357,2337.286211451781,21284617027.12434,72764.72430671942,191265324.30671942,4993.840371490916,580.0,False,hydrodynamic_candidate,False,N2,10_M_earth,1_F_earth
N2_atmosphere_10_M_earth_1_F_earth.csv,5000,6329.514817992243,CH4,20357.8232537091,0.0,8.030532947519438,2278.1873015108927,1.8883466859125604,0.0,72764.72430671942,191265324.30671942,4993.840371490916,580.0,True,Jeans,False,N2,10_M_earth,1_F_earth
N2_atmosphere_10_M_earth_1_F_earth.csv,5000,6329.514817992243,H2O,20357.8232537091,0.0,9.034349565959365,2147.895586281912,0.7249854588163169,0.0,72764.72430671942,191265324.30671942,4993.840371490916,580.0,True,Jeans,False,N2,10_M_earth,1_F_earth
N2_atmosphere_10_M_earth_1_F_earth.csv,5000,6329.514817992243,O2,20357.8232537091,0.0,16.061065895038876,1610.921689711434,0.0008208113735649876,0.0,72764.72430671942,191265324.30671942,4993.840371490916,580.0,True,Jeans,False,N2,10_M_earth,1_F_earth
N2_atmosphere_10_M_earth_1_F_earth.csv,5000,6329.514817992243,N2O,20357.8232537091,0.0,22.083965605678454,1373.7986329570724,2.294479412760331e-06,0.0,72764.72430671942,191265324.30671942,4993.840371490916,580.0,True,Jeans,False,N2,10_M_earth,1_F_earth
N2_atmosphere_10_M_earth_1_F_earth.csv,5000,6329.514817992243,CO,20357.8232537091,0.0,14.053432658159014,1722.147725663756,0.005764647544284879,0.0,72764.72430671942,191265324.30671942,4993.840371490916,580.0,True,Jeans,False,N2,10_M_earth,1_F_earth
N2_atmosphere_10_M_earth_1_F_earth.csv,5000,6329.514817992243,S,20357.8232537091,0.0041925870703319115,16.061065895038876,1610.921689711434,0.0008208113735649876,418203148.3020274,72764.72430671942,191265324.30671942,4993.840371490916,580.0,True,Jeans,False,N2,10_M_earth,1_F_earth
N2_atmosphere_10_M_earth_1_F_earth.csv,5000,6329.514817992243,NH3,20357.8232537091,0.0,8.532441256739402,2210.1663244871243,1.1706633122566295,0.0,72764.72430671942,191265324.30671942,4993.840371490916,580.0,True,Jeans,False,N2,10_M_earth,1_F_earth
N2_atmosphere_10_M_earth_1_F_earth.csv,5000,6329.514817992243,N,20357.8232537091,1352.112886967966,7.026716329079507,2435.484670043664,4.896144825852255,51680798126.15521,72764.72430671942,191265324.30671942,4993.840371490916,580.0,True,Jeans,False,N2,10_M_earth,1_F_earth
N2_atmosphere_10_M_earth_1_F_earth.csv,5000,6329.514817992243,C,20357.8232537091,0.3304087509663977,6.022899710639578,2630.6241035834023,12.625780077665999,5713610.435625532,72764.72430671942,191265324.30671942,4993.840371490916,580.0,True,Jeans,False,N2,10_M_earth,1_F_earth
N2_atmosphere_10_M_earth_1_F_earth.csv,6000,8410.969103114277,S2,22861.849336651532,0.0,24.975443925980155,1247.88509711807,1.301473005170077e-07,0.0,86472.58539605826,204973185.39605826,5993.285825003601,588.0,True,Jeans,False,N2,10_M_earth,1_F_earth
N2_atmosphere_10_M_earth_1_F_earth.csv,6000,8410.969103114277,H2S,22861.849336651532,0.0,13.268204585676957,1712.08422860937,0.011911912269106255,0.0,86472.58539605826,204973185.39605826,5993.285825003601,588.0,True,Jeans,False,N2,10_M_earth,1_F_earth
N2_atmosphere_10_M_earth_1_F_earth.csv,6000,8410.969103114277,SO2,22861.849336651532,0.0,24.975443925980155,1247.88509711807,1.301473005170077e-07,0.0,86472.58539605826,204973185.39605826,5993.285825003601,588.0,True,Jeans,False,N2,10_M_earth,1_F_earth
N2_atmosphere_10_M_earth_1_F_earth.csv,6000,8410.969103114277,O,22861.849336651532,76.2911054744875,6.243860981495039,2495.77019423614,9.905933288037097,1098083736.4180157,86472.58539605826,204973185.39605826,5993.285825003601,588.0,True,Jeans,False,N2,10_M_earth,1_F_earth
N2_atmosphere_10_M_earth_1_F_earth.csv,6000,8410.969103114277,NO2,22861.849336651532,0.0,17.951100321798236,1471.9249582050563,0.0001258494593403404,0.0,86472.58539605826,204973185.39605826,5993.285825003601,588.0,True,Jeans,False,N2,10_M_earth,1_F_earth
N2_atmosphere_10_M_earth_1_F_earth.csv,6000,8410.969103114277,CO2,22861.849336651532,0.0,17.170617699111357,1505.0060540424897,0.0002692765214900138,0.0,86472.58539605826,204973185.39605826,5993.285825003601,588.0,True,Jeans,False,N2,10_M_earth,1_F_earth
N2_atmosphere_10_M_earth_1_F_earth.csv,6000,8410.969103114277,N2,22861.849336651532,0.0,10.926756717616318,1886.6249324331986,0.11407037007543672,0.0,86472.58539605826,204973185.39605826,5993.285825003601,588.0,True,Jeans,False,N2,10_M_earth,1_F_earth
N2_atmosphere_10_M_earth_1_F_earth.csv,6000,8410.969103114277,H2,22861.849336651532,0.0,0.7804826226868798,7059.104114510566,1624.5126534212413,0.0,86472.58539605826,204973185.39605826,5993.285825003601,588.0,False,hydrodynamic_candidate,False,N2,10_M_earth,1_F_earth
N2_atmosphere_10_M_earth_1_F_earth.csv,6000,8410.969103114277,NO,22861.849336651532,0.0,11.707239340303197,1822.652844976245,0.05379733867696732,0.0,86472.58539605826,204973185.39605826,5993.285825003601,588.0,True,Jeans,False,N2,10_M_earth,1_F_earth
N2_atmosphere_10_M_earth_1_F_earth.csv,6000,8410.969103114277,OH,22861.849336651532,0.0,6.634102292838478,2421.2527360244494,6.85550022252494,0.0,86472.58539605826,204973185.39605826,5993.285825003601,588.0,True,Jeans,False,N2,10_M_earth,1_F_earth
N2_atmosphere_10_M_earth_1_F_earth.csv,6000,8410.969103114277,H,22861.849336651532,18018.285679702083,0.3902413113434399,9983.08077694456,2650.148404958948,15510300310.151468,86472.58539605826,204973185.39605826,5993.285825003601,588.0,False,hydrodynamic_candidate,False,N2,10_M_earth,1_F_earth
N2_atmosphere_10_M_earth_1_F_earth.csv,6000,8410.969103114277,CH4,22861.849336651532,0.0,6.243860981495039,2495.77019423614,9.905933288037097,0.0,86472.58539605826,204973185.39605826,5993.285825003601,588.0,True,Jeans,False,N2,10_M_earth,1_F_earth
N2_atmosphere_10_M_earth_1_F_earth.csv,6000,8410.969103114277,H2O,22861.849336651532,0.0,7.024343604181918,2353.0347048368553,4.740228218630471,0.0,86472.58539605826,204973185.39605826,5993.285825003601,588.0,True,Jeans,False,N2,10_M_earth,1_F_earth
N2_atmosphere_10_M_earth_1_F_earth.csv,6000,8410.969103114277,O2,22861.849336651532,0.0,12.487721962990078,1764.7760286276416,0.02533229452665961,0.0,86472.58539605826,204973185.39605826,5993.285825003601,588.0,True,Jeans,False,N2,10_M_earth,1_F_earth
N2_atmosphere_10_M_earth_1_F_earth.csv,6000,8410.969103114277,N2O,22861.849336651532,0.0,17.170617699111357,1505.0060540424897,0.0002692765214900138,0.0,86472.58539605826,204973185.39605826,5993.285825003601,588.0,True,Jeans,False,N2,10_M_earth,1_F_earth
N2_atmosphere_10_M_earth_1_F_earth.csv,6000,8410.969103114277,CO,22861.849336651532,0.0,10.926756717616318,1886.6249324331986,0.11407037007543672,0.0,86472.58539605826,204973185.39605826,5993.285825003601,588.0,True,Jeans,False,N2,10_M_earth,1_F_earth
N2_atmosphere_10_M_earth_1_F_earth.csv,6000,8410.969103114277,S,22861.849336651532,0.10829022060392414,12.487721962990078,1764.7760286276416,0.02533229452665961,304748561.4868782,86472.58539605826,204973185.39605826,5993.285825003601,588.0,True,Jeans,False,N2,10_M_earth,1_F_earth
N2_atmosphere_10_M_earth_1_F_earth.csv,6000,8410.969103114277,NH3,22861.849336651532,0.0,6.634102292838478,2421.2527360244494,6.85550022252494,0.0,86472.58539605826,204973185.39605826,5993.285825003601,588.0,True,Jeans,False,N2,10_M_earth,1_F_earth
N2_atmosphere_10_M_earth_1_F_earth.csv,6000,8410.969103114277,N,22861.849336651532,4766.228096586302,5.463378358808159,2668.0905665582536,20.622444396778516,37660282925.62042,86472.58539605826,204973185.39605826,5993.285825003601,588.0,True,Jeans,False,N2,10_M_earth,1_F_earth
N2_atmosphere_10_M_earth_1_F_earth.csv,6000,8410.969103114277,C,22861.849336651532,0.9361646680547958,4.682895736121279,2881.86718695536,42.744765685188305,4163561.580592852,86472.58539605826,204973185.39605826,5993.285825003601,588.0,True,Jeans,False,N2,10_M_earth,1_F_earth
N2_atmosphere_10_M_earth_1_F_earth.csv,7000,12321.399697606244,S2,28059.516796151765,0.0,20.02334758883615,1347.9400170366569,1.6096747749777935e-05,0.0,100619.21033248896,219119810.33248895,6992.8937077806095,596.0,True,Jeans,False,N2,10_M_earth,1_F_earth
N2_atmosphere_10_M_earth_1_F_earth.csv,7000,12321.399697606244,H2S,28059.516796151765,0.0,10.637403406569204,1849.358446230047,0.1457158020531984,0.0,100619.21033248896,219119810.33248895,6992.8937077806095,596.0,True,Jeans,False,N2,10_M_earth,1_F_earth
N2_atmosphere_10_M_earth_1_F_earth.csv,7000,12321.399697606244,SO2,28059.516796151765,0.0,20.02334758883615,1347.9400170366569,1.6096747749777935e-05,0.0,100619.21033248896,219119810.33248895,6992.8937077806095,596.0,True,Jeans,False,N2,10_M_earth,1_F_earth
N2_atmosphere_10_M_earth_1_F_earth.csv,7000,12321.399697606244,O,28059.516796151765,201.8376963701619,5.005836897209037,2695.8800340733137,30.59580062769285,823053797.0617394,100619.21033248896,219119810.33248895,6992.8937077806095,596.0,True,Jeans,False,N2,10_M_earth,1_F_earth
N2_atmosphere_10_M_earth_1_F_earth.csv,7000,12321.399697606244,NO2,28059.516796151765,0.0,14.391781079475983,1589.9433031308004,0.003879667224233636,0.0,100619.21033248896,219119810.33248895,6992.8937077806095,596.0,True,Jeans,False,N2,10_M_earth,1_F_earth
N2_atmosphere_10_M_earth_1_F_earth.csv,7000,12321.399697606244,CO2,28059.516796151765,0.0,13.766051467324854,1625.6768277875838,0.007114976522293185,0.0,100619.21033248896,219119810.33248895,6992.8937077806095,596.0,True,Jeans,False,N2,10_M_earth,1_F_earth
N2_atmosphere_10_M_earth_1_F_earth.csv,7000,12321.399697606244,N2,28059.516796151765,0.0,8.760214570115814,2037.893752749235,0.8800819688326896,0.0,100619.21033248896,219119810.33248895,6992.8937077806095,596.0,True,Jeans,False,N2,10_M_earth,1_F_earth
N2_atmosphere_10_M_earth_1_F_earth.csv,7000,12321.399697606244,H2,28059.516796151765,0.0,0.6257296121511297,7625.100213434643,1870.4151968543279,0.0,100619.21033248896,219119810.33248895,6992.8937077806095,596.0,False,hydrodynamic_candidate,False,N2,10_M_earth,1_F_earth
N2_atmosphere_10_M_earth_1_F_earth.csv,7000,12321.399697606244,NO,28059.516796151765,0.0,9.385944182266945,1968.7924093196661,0.48392405725012766,0.0,100619.21033248896,219119810.33248895,6992.8937077806095,596.0,True,Jeans,False,N2,10_M_earth,1_F_earth
N2_atmosphere_10_M_earth_1_F_earth.csv,7000,12321.399697606244,OH,28059.516796151765,0.0,5.318701703284602,2615.387796347767,22.838954207520754,0.0,100619.21033248896,219119810.33248895,6992.8937077806095,596.0,True,Jeans,False,N2,10_M_earth,1_F_earth
N2_atmosphere_10_M_earth_1_F_earth.csv,7000,12321.399697606244,H,28059.516796151765,17010.04225364911,0.3128648060755648,10783.520136293255,2920.7888976591275,11625535594.835894,100619.21033248896,219119810.33248895,6992.8937077806095,596.0,False,hydrodynamic_candidate,False,N2,10_M_earth,1_F_earth
N2_atmosphere_10_M_earth_1_F_earth.csv,7000,12321.399697606244,CH4,28059.516796151765,0.0,5.005836897209037,2695.8800340733137,30.59580062769285,0.0,100619.21033248896,219119810.33248895,6992.8937077806095,596.0,True,Jeans,False,N2,10_M_earth,1_F_earth
N2_atmosphere_10_M_earth_1_F_earth.csv,7000,12321.399697606244,H2O,28059.516796151765,0.0,5.631566509360166,2541.700071144881,17.036376887704016,0.0,100619.21033248896,219119810.33248895,6992.8937077806095,596.0,True,Jeans,False,N2,10_M_earth,1_F_earth
N2_atmosphere_10_M_earth_1_F_earth.csv,7000,12321.399697606244,O2,28059.516796151765,0.0,10.011673794418074,1906.2750533586607,0.2657169669302425,0.0,100619.21033248896,219119810.33248895,6992.8937077806095,596.0,True,Jeans,False,N2,10_M_earth,1_F_earth
N2_atmosphere_10_M_earth_1_F_earth.csv,7000,12321.399697606244,N2O,28059.516796151765,0.0,13.766051467324854,1625.6768277875838,0.007114976522293185,0.0,100619.21033248896,219119810.33248895,6992.8937077806095,596.0,True,Jeans,False,N2,10_M_earth,1_F_earth
N2_atmosphere_10_M_earth_1_F_earth.csv,7000,12321.399697606244,CO,28059.516796151765,0.0,8.760214570115814,2037.893752749235,0.8800819688326896,0.0,100619.21033248896,219119810.33248895,6992.8937077806095,596.0,True,Jeans,False,N2,10_M_earth,1_F_earth
N2_atmosphere_10_M_earth_1_F_earth.csv,7000,12321.399697606244,S,28059.516796151765,0.9729621498176696,10.011673794418074,1906.2750533586607,0.2657169669302425,228420158.10112572,100619.21033248896,219119810.33248895,6992.8937077806095,596.0,True,Jeans,False,N2,10_M_earth,1_F_earth
N2_atmosphere_10_M_earth_1_F_earth.csv,7000,12321.399697606244,NH3,28059.516796151765,0.0,5.318701703284602,2615.387796347767,22.838954207520754,0.0,100619.21033248896,219119810.33248895,6992.8937077806095,596.0,True,Jeans,False,N2,10_M_earth,1_F_earth
N2_atmosphere_10_M_earth_1_F_earth.csv,7000,12321.399697606244,N,28059.516796151765,10844.829946929773,4.380107285057907,2882.016983813371,54.78051562821956,28227755163.247066,100619.21033248896,219119810.33248895,6992.8937077806095,596.0,True,Jeans,False,N2,10_M_earth,1_F_earth
N2_atmosphere_10_M_earth_1_F_earth.csv,7000,12321.399697606244,C,28059.516796151765,1.8339370528995396,3.7543776729067777,3112.93412675033,97.75819406440053,3120741.2099424843,100619.21033248896,219119810.33248895,6992.8937077806095,596.0,True,Jeans,False,N2,10_M_earth,1_F_earth
N2_atmosphere_10_M_earth_1000_F_earth.csv,200,2.200252201034933e-07,S2,0.0001405848756866287,0.0,1172.196116596241,227.84331171731563,0.0,0.0,12504.021220214456,131004621.22021446,199.79672388422748,517.0,True,Jeans,False,N2,10_M_earth,1000_F_earth
N2_atmosphere_10_M_earth_1000_F_earth.csv,200,2.200252201034933e-07,H2S,0.0001405848756866287,0.0,622.729186941753,312.59844474962586,1.961229147629777e-266,0.0,12504.021220214456,131004621.22021446,199.79672388422748,517.0,True,Jeans,False,N2,10_M_earth,1000_F_earth
N2_atmosphere_10_M_earth_1000_F_earth.csv,200,2.200252201034933e-07,SO2,0.0001405848756866287,0.0,1172.196116596241,227.84331171731563,0.0,0.0,12504.021220214456,131004621.22021446,199.79672388422748,517.0,True,Jeans,False,N2,10_M_earth,1000_F_earth
N2_atmosphere_10_M_earth_1000_F_earth.csv,200,2.200252201034933e-07,O,0.0001405848756866287,6.916360600410557e-123,293.04902914906023,455.68662343463126,2.0319116083142512e-123,1188093544.2284784,12504.021220214456,131004621.22021446,199.79672388422748,517.0,True,Jeans,False,N2,10_M_earth,1000_F_earth
N2_atmosphere_10_M_earth_1000_F_earth.csv,200,2.200252201034933e-07,NO2,0.0001405848756866287,0.0,842.5159588035483,268.7493086112881,0.0,0.0,12504.021220214456,131004621.22021446,199.79672388422748,517.0,True,Jeans,False,N2,10_M_earth,1000_F_earth
N2_atmosphere_10_M_earth_1000_F_earth.csv,200,2.200252201034933e-07,CO2,0.0001405848756866287,0.0,805.8848301599157,274.7893730757534,0.0,0.0,12504.021220214456,131004621.22021446,199.79672388422748,517.0,True,Jeans,False,N2,10_M_earth,1000_F_earth
N2_atmosphere_10_M_earth_1000_F_earth.csv,200,2.200252201034933e-07,N2,0.0001405848756866287,0.0,512.8358010108554,344.46670896764914,9.475631923096666e-219,0.0,12504.021220214456,131004621.22021446,199.79672388422748,517.0,True,Jeans,False,N2,10_M_earth,1000_F_earth
N2_atmosphere_10_M_earth_1000_F_earth.csv,200,2.200252201034933e-07,H2,0.0001405848756866287,0.0,36.63112864363253,1288.876406106514,1.6883269377961597e-12,0.0,12504.021220214456,131004621.22021446,199.79672388422748,517.0,True,Jeans,False,N2,10_M_earth,1000_F_earth
N2_atmosphere_10_M_earth_1000_F_earth.csv,200,2.200252201034933e-07,NO,0.0001405848756866287,0.0,549.466929654488,332.78645707801303,1.2101422055442933e-234,0.0,12504.021220214456,131004621.22021446,199.79672388422748,517.0,True,Jeans,False,N2,10_M_earth,1000_F_earth
N2_atmosphere_10_M_earth_1000_F_earth.csv,200,2.200252201034933e-07,OH,0.0001405848756866287,0.0,311.3645934708765,442.08096014165756,2.3261294250074185e-131,0.0,12504.021220214456,131004621.22021446,199.79672388422748,517.0,True,Jeans,False,N2,10_M_earth,1000_F_earth
N2_atmosphere_10_M_earth_1000_F_earth.csv,200,2.200252201034933e-07,H,0.0001405848756866287,0.0001405848756866287,18.315564321816264,1822.746493738525,0.0001103265969701433,7116331664.908886,12504.021220214456,131004621.22021446,199.79672388422748,517.0,True,Jeans,False,N2,10_M_earth,1000_F_earth
N2_atmosphere_10_M_earth_1000_F_earth.csv,200,2.200252201034933e-07,CH4,0.0001405848756866287,0.0,293.04902914906023,455.68662343463126,2.0319116083142512e-123,0.0,12504.021220214456,131004621.22021446,199.79672388422748,517.0,True,Jeans,False,N2,10_M_earth,1000_F_earth
N2_atmosphere_10_M_earth_1000_F_earth.csv,200,2.200252201034933e-07,H2O,0.0001405848756866287,0.0,329.68015779269274,429.6254687021713,2.6583973831343995e-139,0.0,12504.021220214456,131004621.22021446,199.79672388422748,517.0,True,Jeans,False,N2,10_M_earth,1000_F_earth
N2_atmosphere_10_M_earth_1000_F_earth.csv,200,2.200252201034933e-07,O2,0.0001405848756866287,0.0,586.0980582981205,322.2191015266285,1.5420711822560225e-250,0.0,12504.021220214456,131004621.22021446,199.79672388422748,517.0,True,Jeans,False,N2,10_M_earth,1000_F_earth
N2_atmosphere_10_M_earth_1000_F_earth.csv,200,2.200252201034933e-07,N2O,0.0001405848756866287,0.0,805.8848301599157,274.7893730757534,0.0,0.0,12504.021220214456,131004621.22021446,199.79672388422748,517.0,True,Jeans,False,N2,10_M_earth,1000_F_earth
N2_atmosphere_10_M_earth_1000_F_earth.csv,200,2.200252201034933e-07,CO,0.0001405848756866287,0.0,512.8358010108554,344.46670896764914,9.475631923096666e-219,0.0,12504.021220214456,131004621.22021446,199.79672388422748,517.0,True,Jeans,False,N2,10_M_earth,1000_F_earth
N2_atmosphere_10_M_earth_1000_F_earth.csv,200,2.200252201034933e-07,S,0.0001405848756866287,3.2874904605552863e-253,586.0980582981205,322.2191015266285,1.5420711822560225e-250,372055.64969261957,12504.021220214456,131004621.22021446,199.79672388422748,517.0,True,Jeans,False,N2,10_M_earth,1000_F_earth
N2_atmosphere_10_M_earth_1000_F_earth.csv,200,2.200252201034933e-07,NH3,0.0001405848756866287,0.0,311.3645934708765,442.08096014165756,2.3261294250074185e-131,0.0,12504.021220214456,131004621.22021446,199.79672388422748,517.0,True,Jeans,False,N2,10_M_earth,1000_F_earth
N2_atmosphere_10_M_earth_1000_F_earth.csv,200,2.200252201034933e-07,N,0.0001405848756866287,1.753224392511632e-103,256.4179005054277,487.14949160807527,1.541050301612822e-107,4538271312809.965,12504.021220214456,131004621.22021446,199.79672388422748,517.0,True,Jeans,False,N2,10_M_earth,1000_F_earth
N2_atmosphere_10_M_earth_1000_F_earth.csv,200,2.200252201034933e-07,C,0.0001405848756866287,9.851780952818771e-92,219.7867718617952,526.181589412192,1.1569685435746823e-91,396286932.527358,12504.021220214456,131004621.22021446,199.79672388422748,517.0,True,Jeans,False,N2,10_M_earth,1000_F_earth
N2_atmosphere_10_M_earth_1000_F_earth.csv,300,5.921297801914547e-05,S2,0.037834068067020096,0.0,776.2935676833471,278.9700849635397,0.0,0.0,13452.07717041506,131952677.17041506,299.5236111745236,518.0,True,Jeans,False,N2,10_M_earth,1000_F_earth
N2_atmosphere_10_M_earth_1000_F_earth.csv,300,5.921297801914547e-05,H2S,0.037834068067020096,0.0,412.40595783177815,382.74379894666026,3.4998398514333355e-175,0.0,13452.07717041506,131952677.17041506,299.5236111745236,518.0,True,Jeans,False,N2,10_M_earth,1000_F_earth
N2_atmosphere_10_M_earth_1000_F_earth.csv,300,5.921297801914547e-05,SO2,0.037834068067020096,0.0,776.2935676833471,278.9700849635397,0.0,0.0,13452.07717041506,131952677.17041506,299.5236111745236,518.0,True,Jeans,False,N2,10_M_earth,1000_F_earth
N2_atmosphere_10_M_earth_1000_F_earth.csv,300,5.921297801914547e-05,O,0.037834068067020096,3.6082279157437014e-80,194.07339192083677,557.9401699270794,1.5928597507019967e-80,779347349.4719825,13452.07717041506,131952677.17041506,299.5236111745236,518.0,True,Jeans,False,N2,10_M_earth,1000_F_earth
N2_atmosphere_10_M_earth_1000_F_earth.csv,300,5.921297801914547e-05,NO2,0.037834068067020096,0.0,557.9610017724058,329.05516028577716,2.48691587983266e-238,0.0,13452.07717041506,131952677.17041506,299.5236111745236,518.0,True,Jeans,False,N2,10_M_earth,1000_F_earth
N2_atmosphere_10_M_earth_1000_F_earth.csv,300,5.921297801914547e-05,CO2,0.037834068067020096,0.0,533.7018277823012,336.4505816573192,8.34966848415528e-228,0.0,13452.07717041506,131952677.17041506,299.5236111745236,518.0,True,Jeans,False,N2,10_M_earth,1000_F_earth
N2_atmosphere_10_M_earth_1000_F_earth.csv,300,5.921297801914547e-05,N2,0.037834068067020096,0.0,339.62843586146437,421.7631245943345,1.2852540535015969e-143,0.0,13452.07717041506,131952677.17041506,299.5236111745236,518.0,True,Jeans,False,N2,10_M_earth,1000_F_earth
N2_atmosphere_10_M_earth_1000_F_earth.csv,300,5.921297801914547e-05,H2,0.037834068067020096,0.0,24.259173990104596,1578.0931106072499,3.27583061084841e-07,0.0,13452.07717041506,131952677.17041506,299.5236111745236,518.0,True,Jeans,False,N2,10_M_earth,1000_F_earth
N2_atmosphere_10_M_earth_1000_F_earth.csv,300,5.921297801914547e-05,NO,0.037834068067020096,0.0,363.8876098515689,407.4618890764358,3.87489721986997e-154,0.0,13452.07717041506,131952677.17041506,299.5236111745236,518.0,True,Jeans,False,N2,10_M_earth,1000_F_earth
N2_atmosphere_10_M_earth_1000_F_earth.csv,300,5.921297801914547e-05,OH,0.037834068067020096,0.0,206.20297891588908,541.281471384568,8.859277976259878e-86,0.0,13452.07717041506,131952677.17041506,299.5236111745236,518.0,True,Jeans,False,N2,10_M_earth,1000_F_earth
N2_atmosphere_10_M_earth_1000_F_earth.csv,300,5.921297801914547e-05,H,0.037834068067020096,0.037834068067020096,12.129586995052298,2231.7606797083176,0.04461501620648551,4668061911.414383,13452.07717041506,131952677.17041506,299.5236111745236,518.0,True,Jeans,False,N2,10_M_earth,1000_F_earth
N2_atmosphere_10_M_earth_1000_F_earth.csv,300,5.921297801914547e-05,CH4,0.037834068067020096,0.0,194.07339192083677,557.9401699270794,1.5928597507019967e-80,0.0,13452.07717041506,131952677.17041506,299.5236111745236,518.0,True,Jeans,False,N2,10_M_earth,1000_F_earth
N2_atmosphere_10_M_earth_1000_F_earth.csv,300,5.921297801914547e-05,H2O,0.037834068067020096,0.0,218.33256591094136,526.0310368690832,4.919046880434352e-91,0.0,13452.07717041506,131952677.17041506,299.5236111745236,518.0,True,Jeans,False,N2,10_M_earth,1000_F_earth
N2_atmosphere_10_M_earth_1000_F_earth.csv,300,5.921297801914547e-05,O2,0.037834068067020096,0.0,388.14678384167354,394.52327765181246,1.1656676799237779e-164,0.0,13452.07717041506,131952677.17041506,299.5236111745236,518.0,True,Jeans,False,N2,10_M_earth,1000_F_earth
N2_atmosphere_10_M_earth_1000_F_earth.csv,300,5.921297801914547e-05,N2O,0.037834068067020096,0.0,533.7018277823012,336.4505816573192,8.34966848415528e-228,0.0,13452.07717041506,131952677.17041506,299.5236111745236,518.0,True,Jeans,False,N2,10_M_earth,1000_F_earth
N2_atmosphere_10_M_earth_1000_F_earth.csv,300,5.921297801914547e-05,CO,0.037834068067020096,0.0,339.62843586146437,421.7631245943345,1.2852540535015969e-143,0.0,13452.07717041506,131952677.17041506,299.5236111745236,518.0,True,Jeans,False,N2,10_M_earth,1000_F_earth
N2_atmosphere_10_M_earth_1000_F_earth.csv,300,5.921297801914547e-05,S,0.037834068067020096,1.653782691238978e-167,388.14678384167354,394.52327765181246,1.1656676799237779e-164,244055.34888442935,13452.07717041506,131952677.17041506,299.5236111745236,518.0,True,Jeans,False,N2,10_M_earth,1000_F_earth
N2_atmosphere_10_M_earth_1000_F_earth.csv,300,5.921297801914547e-05,NH3,0.037834068067020096,0.0,206.20297891588908,541.281471384568,8.859277976259878e-86,0.0,13452.07717041506,131952677.17041506,299.5236111745236,518.0,True,Jeans,False,N2,10_M_earth,1000_F_earth
N2_atmosphere_10_M_earth_1000_F_earth.csv,300,5.921297801914547e-05,N,0.037834068067020096,3.875155991031723e-66,169.81421793073218,596.4631309101613,5.118290041515553e-70,2976945490533.7085,13452.07717041506,131952677.17041506,299.5236111745236,518.0,True,Jeans,False,N2,10_M_earth,1000_F_earth
N2_atmosphere_10_M_earth_1000_F_earth.csv,300,5.921297801914547e-05,C,0.037834068067020096,9.226505458410574e-60,145.55504394062757,644.2538145982096,1.628172593279111e-59,259950213.5129739,13452.07717041506,131952677.17041506,299.5236111745236,518.0,True,Jeans,False,N2,10_M_earth,1000_F_earth
N2_atmosphere_10_M_earth_1000_F_earth.csv,500,0.004025212424045045,S2,2.571905111516176,0.0,459.3198018595995,360.0737201035734,1.5480706422717617e-195,0.0,15362.674077535048,133863274.07753505,498.9978162148002,520.0,True,Jeans,False,N2,10_M_earth,1000_F_earth
N2_atmosphere_10_M_earth_1000_F_earth.csv,500,0.004025212424045045,H2S,2.571905111516176,0.0,244.01364473791224,494.01706835810063,3.6270026601152295e-102,0.0,15362.674077535048,133863274.07753505,498.9978162148002,520.0,True,Jeans,False,N2,10_M_earth,1000_F_earth
N2_atmosphere_10_M_earth_1000_F_earth.csv,500,0.004025212424045045,SO2,2.571905111516176,0.0,459.3198018595995,360.0737201035734,1.5480706422717617e-195,0.0,15362.674077535048,133863274.07753505,498.9978162148002,520.0,True,Jeans,False,N2,10_M_earth,1000_F_earth
N2_atmosphere_10_M_earth_1000_F_earth.csv,500,0.004025212424045045,O,2.571905111516176,4.295414567967059e-46,114.82995046489988,720.1474402071468,3.1741212733644775e-46,452386602.7489862,15362.674077535048,133863274.07753505,498.9978162148002,520.0,True,Jeans,False,N2,10_M_earth,1000_F_earth
N2_atmosphere_10_M_earth_1000_F_earth.csv,500,0.004025212424045045,NO2,2.571905111516176,0.0,330.13610758658723,424.7197892163342,1.6680701178147146e-139,0.0,15362.674077535048,133863274.07753505,498.9978162148002,520.0,True,Jeans,False,N2,10_M_earth,1000_F_earth
N2_atmosphere_10_M_earth_1000_F_earth.csv,500,0.004025212424045045,CO2,2.571905111516176,0.0,315.78236377847475,434.26524598218293,2.7949437132168466e-133,0.0,15362.674077535048,133863274.07753505,498.9978162148002,520.0,True,Jeans,False,N2,10_M_earth,1000_F_earth
N2_atmosphere_10_M_earth_1000_F_earth.csv,500,0.004025212424045045,N2,2.571905111516176,0.0,200.9524133135748,544.3802954536765,1.6558549285332285e-83,0.0,15362.674077535048,133863274.07753505,498.9978162148002,520.0,True,Jeans,False,N2,10_M_earth,1000_F_earth
N2_atmosphere_10_M_earth_1000_F_earth.csv,500,0.004025212424045045,H2,2.571905111516176,0.0,14.353743808112485,2036.8845536984293,0.005150199377096792,0.0,15362.674077535048,133863274.07753505,498.9978162148002,520.0,True,Jeans,False,N2,10_M_earth,1000_F_earth
N2_atmosphere_10_M_earth_1000_F_earth.csv,500,0.004025212424045045,NO,2.571905111516176,0.0,215.30615712168728,525.9213303080762,1.000250500279564e-89,0.0,15362.674077535048,133863274.07753505,498.9978162148002,520.0,True,Jeans,False,N2,10_M_earth,1000_F_earth
N2_atmosphere_10_M_earth_1000_F_earth.csv,500,0.004025212424045045,OH,2.571905111516176,0.0,122.00682236895612,698.6456381158223,2.4985699362850043e-49,0.0,15362.674077535048,133863274.07753505,498.9978162148002,520.0,True,Jeans,False,N2,10_M_earth,1000_F_earth
N2_atmosphere_10_M_earth_1000_F_earth.csv,500,0.004025212424045045,H,2.571905111516176,2.571905111516176,7.1768719040562425,2880.5897608285873,5.0767737555739965,2709662990.395029,15362.674077535048,133863274.07753505,498.9978162148002,520.0,True,Jeans,False,N2,10_M_earth,1000_F_earth
N2_atmosphere_10_M_earth_1000_F_earth.csv,500,0.004025212424045045,CH4,2.571905111516176,0.0,114.82995046489988,720.1474402071468,3.1741212733644775e-46,0.0,15362.674077535048,133863274.07753505,498.9978162148002,520.0,True,Jeans,False,N2,10_M_earth,1000_F_earth
N2_atmosphere_10_M_earth_1000_F_earth.csv,500,0.004025212424045045,H2O,2.571905111516176,0.0,129.18369427301235,678.9615178994763,1.963501534228636e-52,0.0,15362.674077535048,133863274.07753505,498.9978162148002,520.0,True,Jeans,False,N2,10_M_earth,1000_F_earth
N2_atmosphere_10_M_earth_1000_F_earth.csv,500,0.004025212424045045,O2,2.571905111516176,0.0,229.65990092979976,509.2211384246073,6.02900861399027e-96,0.0,15362.674077535048,133863274.07753505,498.9978162148002,520.0,True,Jeans,False,N2,10_M_earth,1000_F_earth
N2_atmosphere_10_M_earth_1000_F_earth.csv,500,0.004025212424045045,N2O,2.571905111516176,0.0,315.78236377847475,434.26524598218293,2.7949437132168466e-133,0.0,15362.674077535048,133863274.07753505,498.9978162148002,520.0,True,Jeans,False,N2,10_M_earth,1000_F_earth
N2_atmosphere_10_M_earth_1000_F_earth.csv,500,0.004025212424045045,CO,2.571905111516176,0.0,200.9524133135748,544.3802954536765,1.6558549285332285e-83,0.0,15362.674077535048,133863274.07753505,498.9978162148002,520.0,True,Jeans,False,N2,10_M_earth,1000_F_earth
N2_atmosphere_10_M_earth_1000_F_earth.csv,500,0.004025212424045045,S,2.571905111516176,5.1099274912137065e-99,229.65990092979976,509.2211384246073,6.02900861399027e-96,141666.44723863876,15362.674077535048,133863274.07753505,498.9978162148002,520.0,True,Jeans,False,N2,10_M_earth,1000_F_earth
N2_atmosphere_10_M_earth_1000_F_earth.csv,500,0.004025212424045045,NH3,2.571905111516176,0.0,122.00682236895612,698.6456381158223,2.4985699362850043e-49,0.0,15362.674077535048,133863274.07753505,498.9978162148002,520.0,True,Jeans,False,N2,10_M_earth,1000_F_earth
N2_atmosphere_10_M_earth_1000_F_earth.csv,500,0.004025212424045045,N,2.571905111516176,2.3032655728024988e-36,100.4762066567874,769.8699969192618,5.0923069450593095e-40,1728023143908.6633,15362.674077535048,133863274.07753505,498.9978162148002,520.0,True,Jeans,False,N2,10_M_earth,1000_F_earth
N2_atmosphere_10_M_earth_1000_F_earth.csv,500,0.004025212424045045,C,2.571905111516176,2.7384673511259926e-34,86.12246284867491,831.5546369196323,8.089200842474539e-34,150892915.7899645,15362.674077535048,133863274.07753505,498.9978162148002,520.0,True,Jeans,False,N2,10_M_earth,1000_F_earth
N2_atmosphere_10_M_earth_1000_F_earth.csv,1000,0.0639196834778696,S2,40.84141241369488,0.0,221.70143520797205,509.163262959505,1.6644287314339433e-92,0.0,20199.51989380765,138700119.89380765,997.7687911823833,524.0,True,Jeans,False,N2,10_M_earth,1000_F_earth
N2_atmosphere_10_M_earth_1000_F_earth.csv,1000,0.0639196834778696,H2S,40.84141241369488,0.0,117.77888745423515,698.5662336327863,1.654325653994217e-47,0.0,20199.51989380765,138700119.89380765,997.7687911823833,524.0,True,Jeans,False,N2,10_M_earth,1000_F_earth
N2_atmosphere_10_M_earth_1000_F_earth.csv,1000,0.0639196834778696,SO2,40.84141241369488,0.0,221.70143520797205,509.163262959505,1.6644287314339433e-92,0.0,20199.51989380765,138700119.89380765,997.7687911823833,524.0,True,Jeans,False,N2,10_M_earth,1000_F_earth
N2_atmosphere_10_M_earth_1000_F_earth.csv,1000,0.0639196834778696,O,40.84141241369488,9.35411195475e-21,55.42535880199301,1018.32652591901,1.3766672114926018e-20,211578226.5727595,20199.51989380765,138700119.89380765,997.7687911823833,524.0,True,Jeans,False,N2,10_M_earth,1000_F_earth
N2_atmosphere_10_M_earth_1000_F_earth.csv,1000,0.0639196834778696,NO2,40.84141241369488,0.0,159.34790655572994,600.5762199436775,1.6986737455600345e-65,0.0,20199.51989380765,138700119.89380765,997.7687911823833,524.0,True,Jeans,False,N2,10_M_earth,1000_F_earth
N2_atmosphere_10_M_earth_1000_F_earth.csv,1000,0.0639196834778696,CO2,40.84141241369488,0.0,152.4197367054808,614.0740000980871,1.6960803649553268e-62,0.0,20199.51989380765,138700119.89380765,997.7687911823833,524.0,True,Jeans,False,N2,10_M_earth,1000_F_earth
N2_atmosphere_10_M_earth_1000_F_earth.csv,1000,0.0639196834778696,N2,40.84141241369488,0.0,96.99437790348777,769.7824974405916,1.5989731142109204e-38,0.0,20199.51989380765,138700119.89380765,997.7687911823833,524.0,True,Jeans,False,N2,10_M_earth,1000_F_earth
N2_atmosphere_10_M_earth_1000_F_earth.csv,1000,0.0639196834778696,H2,40.84141241369488,0.0,6.928169850249127,2880.262367757882,6.311522404906955,0.0,20199.51989380765,138700119.89380765,997.7687911823833,524.0,True,Jeans,False,N2,10_M_earth,1000_F_earth
N2_atmosphere_10_M_earth_1000_F_earth.csv,1000,0.0639196834778696,NO,40.84141241369488,0.0,103.9225477537369,743.6805455356147,1.6205456951899966e-41,0.0,20199.51989380765,138700119.89380765,997.7687911823833,524.0,True,Jeans,False,N2,10_M_earth,1000_F_earth
N2_atmosphere_10_M_earth_1000_F_earth.csv,1000,0.0639196834778696,OH,40.84141241369488,0.0,58.88944372711757,987.9218418193784,4.437184441087281e-22,0.0,20199.51989380765,138700119.89380765,997.7687911823833,524.0,True,Jeans,False,N2,10_M_earth,1000_F_earth
N2_atmosphere_10_M_earth_1000_F_earth.csv,1000,0.0639196834778696,H,40.84141241369488,40.841412413694854,3.4640849251245633,4073.30610367604,160.5615663383206,1267291486.1621757,20199.51989380765,138700119.89380765,997.7687911823833,524.0,True,Jeans,False,N2,10_M_earth,1000_F_earth
N2_atmosphere_10_M_earth_1000_F_earth.csv,1000,0.0639196834778696,CH4,40.84141241369488,0.0,55.42535880199301,1018.32652591901,1.3766672114926018e-20,0.0,20199.51989380765,138700119.89380765,997.7687911823833,524.0,True,Jeans,False,N2,10_M_earth,1000_F_earth
N2_atmosphere_10_M_earth_1000_F_earth.csv,1000,0.0639196834778696,H2O,40.84141241369488,0.0,62.35352865224213,960.0874559192939,1.4278521890398678e-23,0.0,20199.51989380765,138700119.89380765,997.7687911823833,524.0,True,Jeans,False,N2,10_M_earth,1000_F_earth
N2_atmosphere_10_M_earth_1000_F_earth.csv,1000,0.0639196834778696,O2,40.84141241369488,0.0,110.85071760398603,720.0655919394706,1.6388942485247982e-44,0.0,20199.51989380765,138700119.89380765,997.7687911823833,524.0,True,Jeans,False,N2,10_M_earth,1000_F_earth
N2_atmosphere_10_M_earth_1000_F_earth.csv,1000,0.0639196834778696,N2O,40.84141241369488,0.0,152.4197367054808,614.0740000980871,1.6960803649553268e-62,0.0,20199.51989380765,138700119.89380765,997.7687911823833,524.0,True,Jeans,False,N2,10_M_earth,1000_F_earth
N2_atmosphere_10_M_earth_1000_F_earth.csv,1000,0.0639196834778696,CO,40.84141241369488,0.0,96.99437790348777,769.7824974405916,1.5989731142109204e-38,0.0,20199.51989380765,138700119.89380765,997.7687911823833,524.0,True,Jeans,False,N2,10_M_earth,1000_F_earth
N2_atmosphere_10_M_earth_1000_F_earth.csv,1000,0.0639196834778696,S,40.84141241369488,6.974479291603884e-48,110.85071760398603,720.0655919394706,1.6388942485247982e-44,66256.46181711946,20199.51989380765,138700119.89380765,997.7687911823833,524.0,True,Jeans,False,N2,10_M_earth,1000_F_earth
N2_atmosphere_10_M_earth_1000_F_earth.csv,1000,0.0639196834778696,NH3,40.84141241369488,0.0,58.88944372711757,987.9218418193784,4.437184441087281e-22,0.0,20199.51989380765,138700119.89380765,997.7687911823833,524.0,True,Jeans,False,N2,10_M_earth,1000_F_earth
N2_atmosphere_10_M_earth_1000_F_earth.csv,1000,0.0639196834778696,N,40.84141241369488,2.9923924561637505e-14,48.49718895174389,1088.6368479579169,1.3176409506776449e-17,808185012648.8936,20199.51989380765,138700119.89380765,997.7687911823833,524.0,True,Jeans,False,N2,10_M_earth,1000_F_earth
N2_atmosphere_10_M_earth_1000_F_earth.csv,1000,0.0639196834778696,C,40.84141241369488,2.1234571218431756e-15,41.56901910149476,1175.8621877245537,1.2492504716405832e-14,70571620.227551,20199.51989380765,138700119.89380765,997.7687911823833,524.0,True,Jeans,False,N2,10_M_earth,1000_F_earth
N2_atmosphere_10_M_earth_1000_F_earth.csv,2000,0.17067828537535312,S2,107.9386279505709,0.0,103.41458222318694,720.0895512130047,2.595137207996014e-41,0.0,30163.005988580764,148663605.98858076,1995.670382561734,532.0,True,Jeans,False,N2,10_M_earth,1000_F_earth
N2_atmosphere_10_M_earth_1000_F_earth.csv,2000,0.17067828537535312,H2S,107.9386279505709,0.0,54.93899680606806,987.9547136714757,2.1534937965720773e-20,0.0,30163.005988580764,148663605.98858076,1995.670382561734,532.0,True,Jeans,False,N2,10_M_earth,1000_F_earth
N2_atmosphere_10_M_earth_1000_F_earth.csv,2000,0.17067828537535312,SO2,107.9386279505709,0.0,103.41458222318694,720.0895512130047,2.595137207996014e-41,0.0,30163.005988580764,148663605.98858076,1995.670382561734,532.0,True,Jeans,False,N2,10_M_earth,1000_F_earth
N2_atmosphere_10_M_earth_1000_F_earth.csv,2000,0.17067828537535312,O,107.9386279505709,2.2022904259908222e-08,25.853645555796735,1440.1791024260094,6.452369404072105e-08,92511791.8441343,30163.005988580764,148663605.98858076,1995.670382561734,532.0,True,Jeans,False,N2,10_M_earth,1000_F_earth
N2_atmosphere_10_M_earth_1000_F_earth.csv,2000,0.17067828537535312,NO2,107.9386279505709,0.0,74.32923097291562,849.3712963003792,9.455430928273855e-29,0.0,30163.005988580764,148663605.98858076,1995.670382561734,532.0,True,Jeans,False,N2,10_M_earth,1000_F_earth
N2_atmosphere_10_M_earth_1000_F_earth.csv,2000,0.17067828537535312,CO2,107.9386279505709,0.0,71.09752527844104,868.4606752105257,2.343163957887382e-27,0.0,30163.005988580764,148663605.98858076,1995.670382561734,532.0,True,Jeans,False,N2,10_M_earth,1000_F_earth
N2_atmosphere_10_M_earth_1000_F_earth.csv,2000,0.17067828537535312,N2,107.9386279505709,0.0,45.24387972264429,1088.673070974697,3.1855139258741073e-16,0.0,30163.005988580764,148663605.98858076,1995.670382561734,532.0,True,Jeans,False,N2,10_M_earth,1000_F_earth
N2_atmosphere_10_M_earth_1000_F_earth.csv,2000,0.17067828537535312,H2,107.9386279505709,0.0,3.231705694474592,4073.4416377943467,192.02601615306068,0.0,30163.005988580764,148663605.98858076,1995.670382561734,532.0,True,Jeans,False,N2,10_M_earth,1000_F_earth
N2_atmosphere_10_M_earth_1000_F_earth.csv,2000,0.17067828537535312,NO,107.9386279505709,0.0,48.47558541711888,1051.758108328358,1.3002373127903438e-17,0.0,30163.005988580764,148663605.98858076,1995.670382561734,532.0,True,Jeans,False,N2,10_M_earth,1000_F_earth
N2_atmosphere_10_M_earth_1000_F_earth.csv,2000,0.17067828537535312,OH,107.9386279505709,0.0,27.46949840303403,1397.1789550846288,1.3187890784374979e-08,0.0,30163.005988580764,148663605.98858076,1995.670382561734,532.0,True,Jeans,False,N2,10_M_earth,1000_F_earth
N2_atmosphere_10_M_earth_1000_F_earth.csv,2000,0.17067828537535312,H,107.9386279505709,107.93687198938521,1.615852847237296,5760.716409704038,844.7513577516393,554118484.0840013,30163.005988580764,148663605.98858076,1995.670382561734,532.0,True,Jeans,False,N2,10_M_earth,1000_F_earth
N2_atmosphere_10_M_earth_1000_F_earth.csv,2000,0.17067828537535312,CH4,107.9386279505709,0.0,25.853645555796735,1440.1791024260094,6.452369404072105e-08,0.0,30163.005988580764,148663605.98858076,1995.670382561734,532.0,True,Jeans,False,N2,10_M_earth,1000_F_earth
N2_atmosphere_10_M_earth_1000_F_earth.csv,2000,0.17067828537535312,H2O,107.9386279505709,0.0,29.085351250271327,1357.8138792647821,2.691428492452927e-09,0.0,30163.005988580764,148663605.98858076,1995.670382561734,532.0,True,Jeans,False,N2,10_M_earth,1000_F_earth
N2_atmosphere_10_M_earth_1000_F_earth.csv,2000,0.17067828537535312,O2,107.9386279505709,0.0,51.70729111159347,1018.3604094485867,5.296342565128926e-19,0.0,30163.005988580764,148663605.98858076,1995.670382561734,532.0,True,Jeans,False,N2,10_M_earth,1000_F_earth
N2_atmosphere_10_M_earth_1000_F_earth.csv,2000,0.17067828537535312,N2O,107.9386279505709,0.0,71.09752527844104,868.4606752105257,2.343163957887382e-27,0.0,30163.005988580764,148663605.98858076,1995.670382561734,532.0,True,Jeans,False,N2,10_M_earth,1000_F_earth
N2_atmosphere_10_M_earth_1000_F_earth.csv,2000,0.17067828537535312,CO,107.9386279505709,0.0,45.24387972264429,1088.673070974697,3.1855139258741073e-16,0.0,30163.005988580764,148663605.98858076,1995.670382561734,532.0,True,Jeans,False,N2,10_M_earth,1000_F_earth
N2_atmosphere_10_M_earth_1000_F_earth.csv,2000,0.17067828537535312,S,107.9386279505709,1.132188392974974e-22,51.70729111159347,1018.3604094485867,5.296342565128926e-19,28970.391250757162,30163.005988580764,148663605.98858076,1995.670382561734,532.0,True,Jeans,False,N2,10_M_earth,1000_F_earth
N2_atmosphere_10_M_earth_1000_F_earth.csv,2000,0.17067828537535312,NH3,107.9386279505709,0.0,27.46949840303403,1397.1789550846288,1.3187890784374979e-08,0.0,30163.005988580764,148663605.98858076,1995.670382561734,532.0,True,Jeans,False,N2,10_M_earth,1000_F_earth
N2_atmosphere_10_M_earth_1000_F_earth.csv,2000,0.17067828537535312,N,107.9386279505709,0.0017528416921387326,22.621939861322144,1539.6162219627836,1.5365243747877586e-06,353375887835.0937,30163.005988580764,148663605.98858076,1995.670382561734,532.0,True,Jeans,False,N2,10_M_earth,1000_F_earth
N2_atmosphere_10_M_earth_1000_F_earth.csv,2000,0.17067828537535312,C,107.9386279505709,3.0974706489333056e-06,19.390234166847552,1662.9755849338605,3.6277007351722806e-05,30857178.19999471,30163.005988580764,148663605.98858076,1995.670382561734,532.0,True,Jeans,False,N2,10_M_earth,1000_F_earth
N2_atmosphere_10_M_earth_1000_F_earth.csv,3000,4.7954314397460855,S2,128.97725201179722,0.0,64.44512979685904,881.9978994898809,1.6733072621490507e-24,0.0,40512.99585747376,159013595.85747376,2993.9937912971313,540.0,True,Jeans,False,N2,10_M_earth,1000_F_earth
N2_atmosphere_10_M_earth_1000_F_earth.csv,3000,4.7954314397460855,H2S,128.97725201179722,0.0,34.23647520458136,1210.0911348894342,1.6273963756653658e-11,0.0,40512.99585747376,159013595.85747376,2993.9937912971313,540.0,True,Jeans,False,N2,10_M_earth,1000_F_earth
N2_atmosphere_10_M_earth_1000_F_earth.csv,3000,4.7954314397460855,SO2,128.97725201179722,0.0,64.44512979685904,881.9978994898809,1.6733072621490507e-24,0.0,40512.99585747376,159013595.85747376,2993.9937912971313,540.0,True,Jeans,False,N2,10_M_earth,1000_F_earth
N2_atmosphere_10_M_earth_1000_F_earth.csv,3000,4.7954314397460855,O,128.97725201179722,0.00019515136929887597,16.11128244921476,1763.9957989797617,0.0008573025401034095,53928709.27843969,40512.99585747376,159013595.85747376,2993.9937912971313,540.0,True,Jeans,False,N2,10_M_earth,1000_F_earth
N2_atmosphere_10_M_earth_1000_F_earth.csv,3000,4.7954314397460855,NO2,128.97725201179722,0.0,46.31993704149244,1040.3479650023871,1.0620006654935874e-16,0.0,40512.99585747376,159013595.85747376,2993.9937912971313,540.0,True,Jeans,False,N2,10_M_earth,1000_F_earth
N2_atmosphere_10_M_earth_1000_F_earth.csv,3000,4.7954314397460855,CO2,128.97725201179722,0.0,44.30602673534059,1063.7294903598288,7.78967463832724e-16,0.0,40512.99585747376,159013595.85747376,2993.9937912971313,540.0,True,Jeans,False,N2,10_M_earth,1000_F_earth
N2_atmosphere_10_M_earth_1000_F_earth.csv,3000,4.7954314397460855,N2,128.97725201179722,0.0,28.194744286125825,1333.4554851037528,6.2496601812757144e-09,0.0,40512.99585747376,159013595.85747376,2993.9937912971313,540.0,True,Jeans,False,N2,10_M_earth,1000_F_earth
N2_atmosphere_10_M_earth_1000_F_earth.csv,3000,4.7954314397460855,H2,128.97725201179722,0.0,2.013910306151845,4989.333565772686,566.1581957397503,0.0,40512.99585747376,159013595.85747376,2993.9937912971313,540.0,True,Jeans,False,N2,10_M_earth,1000_F_earth
N2_atmosphere_10_M_earth_1000_F_earth.csv,3000,4.7954314397460855,NO,128.97725201179722,0.0,30.20865459227767,1288.240387260752,8.614201569924298e-10,0.0,40512.99585747376,159013595.85747376,2993.9937912971313,540.0,True,Jeans,False,N2,10_M_earth,1000_F_earth
N2_atmosphere_10_M_earth_1000_F_earth.csv,3000,4.7954314397460855,OH,128.97725201179722,0.0,17.11823760229068,1711.3272946680884,0.0003217273377433986,0.0,40512.99585747376,159013595.85747376,2993.9937912971313,540.0,True,Jeans,False,N2,10_M_earth,1000_F_earth
N2_atmosphere_10_M_earth_1000_F_earth.csv,3000,4.7954314397460855,H,128.97725201179722,124.36502504272647,1.0069551530759224,7055.983195919047,1459.4029079622517,323017142.3370881,40512.99585747376,159013595.85747376,2993.9937912971313,540.0,False,hydrodynamic_candidate,False,N2,10_M_earth,1000_F_earth
N2_atmosphere_10_M_earth_1000_F_earth.csv,3000,4.7954314397460855,CH4,128.97725201179722,0.0,16.11128244921476,1763.9957989797617,0.0008573025401034095,0.0,40512.99585747376,159013595.85747376,2993.9937912971313,540.0,True,Jeans,False,N2,10_M_earth,1000_F_earth
N2_atmosphere_10_M_earth_1000_F_earth.csv,3000,4.7954314397460855,H2O,128.97725201179722,0.0,18.1251927553666,1663.1111885908954,0.00012057325272859283,0.0,40512.99585747376,159013595.85747376,2993.9937912971313,540.0,True,Jeans,False,N2,10_M_earth,1000_F_earth
N2_atmosphere_10_M_earth_1000_F_earth.csv,3000,4.7954314397460855,O2,128.97725201179722,0.0,32.22256489842952,1247.3333914431714,1.1850280953346394e-10,0.0,40512.99585747376,159013595.85747376,2993.9937912971313,540.0,True,Jeans,False,N2,10_M_earth,1000_F_earth
N2_atmosphere_10_M_earth_1000_F_earth.csv,3000,4.7954314397460855,N2O,128.97725201179722,0.0,44.30602673534059,1063.7294903598288,7.78967463832724e-16,0.0,40512.99585747376,159013595.85747376,2993.9937912971313,540.0,True,Jeans,False,N2,10_M_earth,1000_F_earth
N2_atmosphere_10_M_earth_1000_F_earth.csv,3000,4.7954314397460855,CO,128.97725201179722,0.0,28.194744286125825,1333.4554851037528,6.2496601812757144e-09,0.0,40512.99585747376,159013595.85747376,2993.9937912971313,540.0,True,Jeans,False,N2,10_M_earth,1000_F_earth
N2_atmosphere_10_M_earth_1000_F_earth.csv,3000,4.7954314397460855,S,128.97725201179722,1.6894813526976253e-14,32.22256489842952,1247.3333914431714,1.1850280953346394e-10,16887.963969793058,40512.99585747376,159013595.85747376,2993.9937912971313,540.0,True,Jeans,False,N2,10_M_earth,1000_F_earth
N2_atmosphere_10_M_earth_1000_F_earth.csv,3000,4.7954314397460855,NH3,128.97725201179722,0.0,17.11823760229068,1711.3272946680884,0.0003217273377433986,0.0,40512.99585747376,159013595.85747376,2993.9937912971313,540.0,True,Jeans,False,N2,10_M_earth,1000_F_earth
N2_atmosphere_10_M_earth_1000_F_earth.csv,3000,4.7954314397460855,N,128.97725201179722,4.609612116566189,14.097372143062913,1885.790831854522,0.006058693981163512,205996502080.2652,40512.99585747376,159013595.85747376,2993.9937912971313,540.0,True,Jeans,False,N2,10_M_earth,1000_F_earth
N2_atmosphere_10_M_earth_1000_F_earth.csv,3000,4.7954314397460855,C,128.97725201179722,0.0024197011352294745,12.083461836911068,2036.8868987806688,0.042491675548018214,17987845.215496518,40512.99585747376,159013595.85747376,2993.9937912971313,540.0,True,Jeans,False,N2,10_M_earth,1000_F_earth
N2_atmosphere_10_M_earth_1000_F_earth.csv,4000,190.41551994659022,S2,313.8639539892263,0.0,45.268979755568985,1018.530927124867,2.9079779069118485e-16,0.0,51249.60795689979,169750207.9568998,3992.6775239500653,548.0,True,Jeans,False,N2,10_M_earth,1000_F_earth
N2_atmosphere_10_M_earth_1000_F_earth.csv,4000,190.41551994659022,H2S,313.8639539892263,0.0,24.049145495146025,1397.4129034064197,3.548963635660602e-07,0.0,51249.60795689979,169750207.9568998,3992.6775239500653,548.0,True,Jeans,False,N2,10_M_earth,1000_F_earth
N2_atmosphere_10_M_earth_1000_F_earth.csv,4000,190.41551994659022,SO2,313.8639539892263,0.0,45.268979755568985,1018.530927124867,2.9079779069118485e-16,0.0,51249.60795689979,169750207.9568998,3992.6775239500653,548.0,True,Jeans,False,N2,10_M_earth,1000_F_earth
N2_atmosphere_10_M_earth_1000_F_earth.csv,4000,190.41551994659022,O,313.8639539892263,0.014643912221168405,11.317244938892246,2037.061854249734,0.08607872682861098,35366469.09703299,51249.60795689979,169750207.9568998,3992.6775239500653,548.0,True,Jeans,False,N2,10_M_earth,1000_F_earth
N2_atmosphere_10_M_earth_1000_F_earth.csv,4000,190.41551994659022,NO2,313.8639539892263,0.0,32.537079199315215,1201.393538396411,8.412627178397403e-11,0.0,51249.60795689979,169750207.9568998,3992.6775239500653,548.0,True,Jeans,False,N2,10_M_earth,1000_F_earth
N2_atmosphere_10_M_earth_1000_F_earth.csv,4000,190.41551994659022,CO2,313.8639539892263,0.0,31.12242358195368,1228.3945173258194,3.3903490815855474e-10,0.0,51249.60795689979,169750207.9568998,3992.6775239500653,548.0,True,Jeans,False,N2,10_M_earth,1000_F_earth
N2_atmosphere_10_M_earth_1000_F_earth.csv,4000,190.41551994659022,N2,313.8639539892263,0.0,19.80517864306143,1539.8740204574,2.2634552434345414e-05,0.0,51249.60795689979,169750207.9568998,3992.6775239500653,548.0,True,Jeans,False,N2,10_M_earth,1000_F_earth
N2_atmosphere_10_M_earth_1000_F_earth.csv,4000,190.41551994659022,H2,313.8639539892263,0.0,1.4146556173615308,5761.681003345718,953.7232037743065,0.0,51249.60795689979,169750207.9568998,3992.6775239500653,548.0,False,hydrodynamic_candidate,False,N2,10_M_earth,1000_F_earth
N2_atmosphere_10_M_earth_1000_F_earth.csv,4000,190.41551994659022,NO,313.8639539892263,0.0,21.21983426042296,1487.6596381411737,5.675217851917038e-06,0.0,51249.60795689979,169750207.9568998,3992.6775239500653,548.0,True,Jeans,False,N2,10_M_earth,1000_F_earth
N2_atmosphere_10_M_earth_1000_F_earth.csv,4000,190.41551994659022,OH,313.8639539892263,0.0,12.024572747573012,1976.2402802325228,0.04353040514409538,0.0,51249.60795689979,169750207.9568998,3992.6775239500653,548.0,True,Jeans,False,N2,10_M_earth,1000_F_earth
N2_atmosphere_10_M_earth_1000_F_earth.csv,4000,190.41551994659022,H,313.8639539892263,123.2067409003764,0.7073278086807654,8148.247416998936,1934.5841510561943,211834771.03620866,51249.60795689979,169750207.9568998,3992.6775239500653,548.0,False,hydrodynamic_candidate,False,N2,10_M_earth,1000_F_earth
N2_atmosphere_10_M_earth_1000_F_earth.csv,4000,190.41551994659022,CH4,313.8639539892263,0.0,11.317244938892246,2037.061854249734,0.08607872682861098,0.0,51249.60795689979,169750207.9568998,3992.6775239500653,548.0,True,Jeans,False,N2,10_M_earth,1000_F_earth
N2_atmosphere_10_M_earth_1000_F_earth.csv,4000,190.41551994659022,H2O,313.8639539892263,0.0,12.731900556253775,1920.5603344485726,0.021986672984322667,0.0,51249.60795689979,169750207.9568998,3992.6775239500653,548.0,True,Jeans,False,N2,10_M_earth,1000_F_earth
N2_atmosphere_10_M_earth_1000_F_earth.csv,4000,190.41551994659022,O2,313.8639539892263,0.0,22.634489877784493,1440.4202508364294,1.420353562390585e-06,0.0,51249.60795689979,169750207.9568998,3992.6775239500653,548.0,True,Jeans,False,N2,10_M_earth,1000_F_earth
N2_atmosphere_10_M_earth_1000_F_earth.csv,4000,190.41551994659022,N2O,313.8639539892263,0.0,31.12242358195368,1228.3945173258194,3.3903490815855474e-10,0.0,51249.60795689979,169750207.9568998,3992.6775239500653,548.0,True,Jeans,False,N2,10_M_earth,1000_F_earth
N2_atmosphere_10_M_earth_1000_F_earth.csv,4000,190.41551994659022,CO,313.8639539892263,0.0,19.80517864306143,1539.8740204574,2.2634552434345414e-05,0.0,51249.60795689979,169750207.9568998,3992.6775239500653,548.0,True,Jeans,False,N2,10_M_earth,1000_F_earth
N2_atmosphere_10_M_earth_1000_F_earth.csv,4000,190.41551994659022,S,313.8639539892263,1.5133696159006804e-10,22.634489877784493,1440.4202508364294,1.420353562390585e-06,11075.133520547211,51249.60795689979,169750207.9568998,3992.6775239500653,548.0,True,Jeans,False,N2,10_M_earth,1000_F_earth
N2_atmosphere_10_M_earth_1000_F_earth.csv,4000,190.41551994659022,NH3,313.8639539892263,0.0,12.024572747573012,1976.2402802325228,0.04353040514409538,0.0,51249.60795689979,169750207.9568998,3992.6775239500653,548.0,True,Jeans,False,N2,10_M_earth,1000_F_earth
N2_atmosphere_10_M_earth_1000_F_earth.csv,4000,190.41551994659022,N,313.8639539892263,190.58739203661102,9.902589321530716,2177.71072407684,0.335185337419219,135092588389.30212,51249.60795689979,169750207.9568998,3992.6775239500653,548.0,True,Jeans,False,N2,10_M_earth,1000_F_earth
N2_atmosphere_10_M_earth_1000_F_earth.csv,4000,190.41551994659022,C,313.8639539892263,0.055177139866362315,8.487933704169185,2352.1964198140045,1.296514933955075,11796436.081039403,51249.60795689979,169750207.9568998,3992.6775239500653,548.0,True,Jeans,False,N2,10_M_earth,1000_F_earth
N2_atmosphere_10_M_earth_1000_F_earth.csv,5000,1560.292334040102,S2,1682.4222328244282,0.0,34.005871554837285,1138.8338444180263,1.916169660736834e-11,0.0,62252.11213375777,180752712.13375777,4991.562624765551,555.0,True,Jeans,False,N2,10_M_earth,1000_F_earth
N2_atmosphere_10_M_earth_1000_F_earth.csv,5000,1560.292334040102,H2S,1682.4222328244282,0.0,18.06561926350731,1562.4671442407641,0.00011985554178502947,0.0,62252.11213375777,180752712.13375777,4991.562624765551,555.0,True,Jeans,False,N2,10_M_earth,1000_F_earth
N2_atmosphere_10_M_earth_1000_F_earth.csv,5000,1560.292334040102,SO2,1682.4222328244282,0.0,34.005871554837285,1138.8338444180263,1.916169660736834e-11,0.0,62252.11213375777,180752712.13375777,4991.562624765551,555.0,True,Jeans,False,N2,10_M_earth,1000_F_earth
N2_atmosphere_10_M_earth_1000_F_earth.csv,5000,1560.292334040102,O,1682.4222328244282,0.17019054894542407,8.501467888709321,2277.6676888360525,1.2403251264130988,25158300.685688067,62252.11213375777,180752712.13375777,4991.562624765551,555.0,True,Jeans,False,N2,10_M_earth,1000_F_earth
N2_atmosphere_10_M_earth_1000_F_earth.csv,5000,1560.292334040102,NO2,1682.4222328244282,0.0,24.4417201800393,1343.2951180511643,2.3399618329404103e-07,0.0,62252.11213375777,180752712.13375777,4991.562624765551,555.0,True,Jeans,False,N2,10_M_earth,1000_F_earth
N2_atmosphere_10_M_earth_1000_F_earth.csv,5000,1560.292334040102,CO2,1682.4222328244282,0.0,23.379036693950635,1373.4852947245708,6.635123252378974e-07,0.0,62252.11213375777,180752712.13375777,4991.562624765551,555.0,True,Jeans,False,N2,10_M_earth,1000_F_earth
N2_atmosphere_10_M_earth_1000_F_earth.csv,5000,1560.292334040102,N2,1682.4222328244282,0.0,14.877568805241312,1721.754935402126,0.0026662715075747062,0.0,62252.11213375777,180752712.13375777,4991.562624765551,555.0,True,Jeans,False,N2,10_M_earth,1000_F_earth
N2_atmosphere_10_M_earth_1000_F_earth.csv,5000,1560.292334040102,H2,1682.4222328244282,0.0,1.0626834860886651,6442.217072261856,1295.225660778281,0.0,62252.11213375777,180752712.13375777,4991.562624765551,555.0,False,hydrodynamic_candidate,False,N2,10_M_earth,1000_F_earth
N2_atmosphere_10_M_earth_1000_F_earth.csv,5000,1560.292334040102,NO,1682.4222328244282,0.0,15.940252291329978,1663.373295568218,0.0009496007666870041,0.0,62252.11213375777,180752712.13375777,4991.562624765551,555.0,True,Jeans,False,N2,10_M_earth,1000_F_earth
N2_atmosphere_10_M_earth_1000_F_earth.csv,5000,1560.292334040102,OH,1682.4222328244282,0.0,9.032809631753654,2209.6622261476477,0.746868515779806,0.0,62252.11213375777,180752712.13375777,4991.562624765551,555.0,True,Jeans,False,N2,10_M_earth,1000_F_earth
N2_atmosphere_10_M_earth_1000_F_earth.csv,5000,1560.292334040102,H,1682.4222328244282,118.83495710828491,0.5313417430443326,9110.67075534421,2313.4427380593193,150690838.0022569,62252.11213375777,180752712.13375777,4991.562624765551,555.0,False,hydrodynamic_candidate,False,N2,10_M_earth,1000_F_earth
N2_atmosphere_10_M_earth_1000_F_earth.csv,5000,1560.292334040102,CH4,1682.4222328244282,0.0,8.501467888709321,2277.6676888360525,1.2403251264130988,0.0,62252.11213375777,180752712.13375777,4991.562624765551,555.0,True,Jeans,False,N2,10_M_earth,1000_F_earth
N2_atmosphere_10_M_earth_1000_F_earth.csv,5000,1560.292334040102,H2O,1682.4222328244282,0.0,9.564151374797985,2147.4056907539516,0.449247446352783,0.0,62252.11213375777,180752712.13375777,4991.562624765551,555.0,True,Jeans,False,N2,10_M_earth,1000_F_earth
N2_atmosphere_10_M_earth_1000_F_earth.csv,5000,1560.292334040102,O2,1682.4222328244282,0.0,17.002935777418642,1610.554268065464,0.0003376234310273439,0.0,62252.11213375777,180752712.13375777,4991.562624765551,555.0,True,Jeans,False,N2,10_M_earth,1000_F_earth
N2_atmosphere_10_M_earth_1000_F_earth.csv,5000,1560.292334040102,N2O,1682.4222328244282,0.0,23.379036693950635,1373.4852947245708,6.635123252378974e-07,0.0,62252.11213375777,180752712.13375777,4991.562624765551,555.0,True,Jeans,False,N2,10_M_earth,1000_F_earth
N2_atmosphere_10_M_earth_1000_F_earth.csv,5000,1560.292334040102,CO,1682.4222328244282,0.0,14.877568805241312,1721.754935402126,0.0026662715075747062,0.0,62252.11213375777,180752712.13375777,4991.562624765551,555.0,True,Jeans,False,N2,10_M_earth,1000_F_earth
N2_atmosphere_10_M_earth_1000_F_earth.csv,5000,1560.292334040102,S,1682.4222328244282,2.9014810583313485e-08,17.002935777418642,1610.554268065464,0.0003376234310273439,7878.4098712145715,62252.11213375777,180752712.13375777,4991.562624765551,555.0,True,Jeans,False,N2,10_M_earth,1000_F_earth
N2_atmosphere_10_M_earth_1000_F_earth.csv,5000,1560.292334040102,NH3,1682.4222328244282,0.0,9.032809631753654,2209.6622261476477,0.746868515779806,0.0,62252.11213375777,180752712.13375777,4991.562624765551,555.0,True,Jeans,False,N2,10_M_earth,1000_F_earth
N2_atmosphere_10_M_earth_1000_F_earth.csv,5000,1560.292334040102,N,1682.4222328244282,1563.0974191140253,7.438784402620656,2434.929180728499,3.4083036194330996,96099498928.80553,62252.11213375777,180752712.13375777,4991.562624765551,555.0,True,Jeans,False,N2,10_M_earth,1000_F_earth
N2_atmosphere_10_M_earth_1000_F_earth.csv,5000,1560.292334040102,C,1682.4222328244282,0.31966602415771544,6.376100916531991,2630.024106548015,9.312712656144674,8391515.84886903,62252.11213375777,180752712.13375777,4991.562624765551,555.0,True,Jeans,False,N2,10_M_earth,1000_F_earth
N2_atmosphere_10_M_earth_1000_F_earth.csv,6000,5708.451631688501,S2,5832.279795087295,0.0,26.64093111813683,1247.6266655672566,2.618321715714002e-08,0.0,73738.07597293878,192238675.97293878,5990.803715435441,563.0,True,Jeans,False,N2,10_M_earth,1000_F_earth
N2_atmosphere_10_M_earth_1000_F_earth.csv,6000,5708.451631688501,H2S,5832.279795087295,0.0,14.152994656510192,1711.7296634468044,0.005221090644891103,0.0,73738.07597293878,192238675.97293878,5990.803715435441,563.0,True,Jeans,False,N2,10_M_earth,1000_F_earth
N2_atmosphere_10_M_earth_1000_F_earth.csv,6000,5708.451631688501,SO2,5832.279795087295,0.0,26.64093111813683,1247.6266655672566,2.618321715714002e-08,0.0,73738.07597293878,192238675.97293878,5990.803715435441,563.0,True,Jeans,False,N2,10_M_earth,1000_F_earth
N2_atmosphere_10_M_earth_1000_F_earth.csv,6000,5708.451631688501,O,5832.279795087295,0.7810836930237687,6.660232779534208,2495.2533311345132,6.906361944887496,18332333.68730132,73738.07597293878,192238675.97293878,5990.803715435441,563.0,True,Jeans,False,N2,10_M_earth,1000_F_earth
N2_atmosphere_10_M_earth_1000_F_earth.csv,6000,5708.451631688501,NO2,5832.279795087295,0.0,19.148169241160847,1471.6201289779838,4.040937540389387e-05,0.0,73738.07597293878,192238675.97293878,5990.803715435441,563.0,True,Jeans,False,N2,10_M_earth,1000_F_earth
N2_atmosphere_10_M_earth_1000_F_earth.csv,6000,5708.451631688501,CO2,5832.279795087295,0.0,18.315640143719072,1504.6943738650214,9.106909565906376e-05,0.0,73738.07597293878,192238675.97293878,5990.803715435441,563.0,True,Jeans,False,N2,10_M_earth,1000_F_earth
N2_atmosphere_10_M_earth_1000_F_earth.csv,6000,5708.451631688501,N2,5832.279795087295,0.0,11.655407364184862,1886.2342206535502,0.058396620462041575,0.0,73738.07597293878,192238675.97293878,5990.803715435441,563.0,True,Jeans,False,N2,10_M_earth,1000_F_earth
N2_atmosphere_10_M_earth_1000_F_earth.csv,6000,5708.451631688501,H2,5832.279795087295,0.0,0.832529097441776,7057.642204894144,1586.8752685193501,0.0,73738.07597293878,192238675.97293878,5990.803715435441,563.0,False,hydrodynamic_candidate,False,N2,10_M_earth,1000_F_earth
N2_atmosphere_10_M_earth_1000_F_earth.csv,6000,5708.451631688501,NO,5832.279795087295,0.0,12.487936461626639,1822.2753815363742,0.02615246874764751,0.0,73738.07597293878,192238675.97293878,5990.803715435441,563.0,True,Jeans,False,N2,10_M_earth,1000_F_earth
N2_atmosphere_10_M_earth_1000_F_earth.csv,6000,5708.451631688501,OH,5832.279795087295,0.0,7.076497328255096,2420.7513051628043,4.658912517102519,0.0,73738.07597293878,192238675.97293878,5990.803715435441,563.0,True,Jeans,False,N2,10_M_earth,1000_F_earth
N2_atmosphere_10_M_earth_1000_F_earth.csv,6000,5708.451631688501,H,5832.279795087295,111.3439153894741,0.416264548720888,9981.013324538053,2629.860372568885,109805298.87091962,73738.07597293878,192238675.97293878,5990.803715435441,563.0,False,hydrodynamic_candidate,False,N2,10_M_earth,1000_F_earth
N2_atmosphere_10_M_earth_1000_F_earth.csv,6000,5708.451631688501,CH4,5832.279795087295,0.0,6.660232779534208,2495.2533311345132,6.906361944887496,0.0,73738.07597293878,192238675.97293878,5990.803715435441,563.0,True,Jeans,False,N2,10_M_earth,1000_F_earth
N2_atmosphere_10_M_earth_1000_F_earth.csv,6000,5708.451631688501,H2O,5832.279795087295,0.0,7.492761876975982,2352.5474016313815,3.139910439649941,0.0,73738.07597293878,192238675.97293878,5990.803715435441,563.0,True,Jeans,False,N2,10_M_earth,1000_F_earth
N2_atmosphere_10_M_earth_1000_F_earth.csv,6000,5708.451631688501,O2,5832.279795087295,0.0,13.320465559068415,1764.410551223536,0.011693571154548468,0.0,73738.07597293878,192238675.97293878,5990.803715435441,563.0,True,Jeans,False,N2,10_M_earth,1000_F_earth
N2_atmosphere_10_M_earth_1000_F_earth.csv,6000,5708.451631688501,N2O,5832.279795087295,0.0,18.315640143719072,1504.6943738650214,9.106909565906376e-05,0.0,73738.07597293878,192238675.97293878,5990.803715435441,563.0,True,Jeans,False,N2,10_M_earth,1000_F_earth
N2_atmosphere_10_M_earth_1000_F_earth.csv,6000,5708.451631688501,CO,5832.279795087295,0.0,11.655407364184862,1886.2342206535502,0.058396620462041575,0.0,73738.07597293878,192238675.97293878,5990.803715435441,563.0,True,Jeans,False,N2,10_M_earth,1000_F_earth
N2_atmosphere_10_M_earth_1000_F_earth.csv,6000,5708.451631688501,S,5832.279795087295,8.282904652527578e-07,13.320465559068415,1764.410551223536,0.011693571154548468,5740.834426332959,73738.07597293878,192238675.97293878,5990.803715435441,563.0,True,Jeans,False,N2,10_M_earth,1000_F_earth
N2_atmosphere_10_M_earth_1000_F_earth.csv,6000,5708.451631688501,NH3,5832.279795087295,0.0,7.076497328255096,2420.7513051628043,4.658912517102519,0.0,73738.07597293878,192238675.97293878,5990.803715435441,563.0,True,Jeans,False,N2,10_M_earth,1000_F_earth
N2_atmosphere_10_M_earth_1000_F_earth.csv,6000,5708.451631688501,N,5832.279795087295,5719.221384483123,5.827703682092431,2667.538016660496,15.130065180393508,70025718491.69138,73738.07597293878,192238675.97293878,5990.803715435441,563.0,True,Jeans,False,N2,10_M_earth,1000_F_earth
N2_atmosphere_10_M_earth_1000_F_earth.csv,6000,5708.451631688501,C,5832.279795087295,0.9334106933833566,4.9951745846506554,2881.270364853643,32.991659147467914,6114724.1463434035,73738.07597293878,192238675.97293878,5990.803715435441,563.0,True,Jeans,False,N2,10_M_earth,1000_F_earth
N2_atmosphere_10_M_earth_1000_F_earth.csv,7000,13549.428102784366,S2,13684.75546989305,0.0,21.52195834333606,1347.6749840834466,3.8522870214881355e-06,0.0,85441.7140103671,203942314.0103671,6990.144082360803,570.0,True,Jeans,False,N2,10_M_earth,1000_F_earth
N2_atmosphere_10_M_earth_1000_F_earth.csv,7000,13549.428102784366,H2S,13684.75546989305,0.0,11.433540369897282,1848.9948240181136,0.07021050243792876,0.0,85441.7140103671,203942314.0103671,6990.144082360803,570.0,True,Jeans,False,N2,10_M_earth,1000_F_earth
N2_atmosphere_10_M_earth_1000_F_earth.csv,7000,13549.428102784366,SO2,13684.75546989305,0.0,21.52195834333606,1347.6749840834466,3.8522870214881355e-06,0.0,85441.7140103671,203942314.0103671,6990.144082360803,570.0,True,Jeans,False,N2,10_M_earth,1000_F_earth
N2_atmosphere_10_M_earth_1000_F_earth.csv,7000,13549.428102784366,O,13684.75546989305,2.1676518873171706,5.380489585834015,2695.349968166893,22.343299018777454,13972644.386486448,85441.7140103671,203942314.0103671,6990.144082360803,570.0,True,Jeans,False,N2,10_M_earth,1000_F_earth
N2_atmosphere_10_M_earth_1000_F_earth.csv,7000,13549.428102784366,NO2,13684.75546989305,0.0,15.468907559272795,1589.6306873142657,0.001413497041605641,0.0,85441.7140103671,203942314.0103671,6990.144082360803,570.0,True,Jeans,False,N2,10_M_earth,1000_F_earth
N2_atmosphere_10_M_earth_1000_F_earth.csv,7000,13549.428102784366,CO2,13684.75546989305,0.0,14.796346361043543,1625.3571860192646,0.0027159949277896344,0.0,85441.7140103671,203942314.0103671,6990.144082360803,570.0,True,Jeans,False,N2,10_M_earth,1000_F_earth
N2_atmosphere_10_M_earth_1000_F_earth.csv,7000,13549.428102784366,N2,13684.75546989305,0.0,9.415856775209527,2037.4930605872744,0.48745167360733016,0.0,85441.7140103671,203942314.0103671,6990.144082360803,570.0,True,Jeans,False,N2,10_M_earth,1000_F_earth
N2_atmosphere_10_M_earth_1000_F_earth.csv,7000,13549.428102784366,H2,13684.75546989305,0.0,0.6725611982292519,7623.600960647021,1835.8940922859488,0.0,85441.7140103671,203942314.0103671,6990.144082360803,570.0,False,hydrodynamic_candidate,False,N2,10_M_earth,1000_F_earth
N2_atmosphere_10_M_earth_1000_F_earth.csv,7000,13549.428102784366,NO,13684.75546989305,0.0,10.088417973438778,1968.4053039144517,0.25587916551272566,0.0,85441.7140103671,203942314.0103671,6990.144082360803,570.0,True,Jeans,False,N2,10_M_earth,1000_F_earth
N2_atmosphere_10_M_earth_1000_F_earth.csv,7000,13549.428102784366,OH,13684.75546989305,0.0,5.716770184948641,2614.8735568840702,16.302135730583448,0.0,85441.7140103671,203942314.0103671,6990.144082360803,570.0,True,Jeans,False,N2,10_M_earth,1000_F_earth
N2_atmosphere_10_M_earth_1000_F_earth.csv,7000,13549.428102784366,H,13684.75546989305,105.45104284155695,0.33628059911462593,10781.399872667573,2903.5083309592173,83692039.37947084,85441.7140103671,203942314.0103671,6990.144082360803,570.0,False,hydrodynamic_candidate,False,N2,10_M_earth,1000_F_earth
N2_atmosphere_10_M_earth_1000_F_earth.csv,7000,13549.428102784366,CH4,13684.75546989305,0.0,5.380489585834015,2695.349968166893,22.343299018777454,0.0,85441.7140103671,203942314.0103671,6990.144082360803,570.0,True,Jeans,False,N2,10_M_earth,1000_F_earth
N2_atmosphere_10_M_earth_1000_F_earth.csv,7000,13549.428102784366,H2O,13684.75546989305,0.0,6.053050784063266,2541.2003202156734,11.885143400417743,0.0,85441.7140103671,203942314.0103671,6990.144082360803,570.0,True,Jeans,False,N2,10_M_earth,1000_F_earth
N2_atmosphere_10_M_earth_1000_F_earth.csv,7000,13549.428102784366,O2,13684.75546989305,0.0,10.76097917166803,1905.9002401617552,0.13412348811531805,0.0,85441.7140103671,203942314.0103671,6990.144082360803,570.0,True,Jeans,False,N2,10_M_earth,1000_F_earth
N2_atmosphere_10_M_earth_1000_F_earth.csv,7000,13549.428102784366,N2O,13684.75546989305,0.0,14.796346361043543,1625.3571860192646,0.0027159949277896344,0.0,85441.7140103671,203942314.0103671,6990.144082360803,570.0,True,Jeans,False,N2,10_M_earth,1000_F_earth
N2_atmosphere_10_M_earth_1000_F_earth.csv,7000,13549.428102784366,CO,13684.75546989305,0.0,9.415856775209527,2037.4930605872744,0.48745167360733016,0.0,85441.7140103671,203942314.0103671,6990.144082360803,570.0,True,Jeans,False,N2,10_M_earth,1000_F_earth
N2_atmosphere_10_M_earth_1000_F_earth.csv,7000,13549.428102784366,S,13684.75546989305,8.149563411741988e-06,10.76097917166803,1905.9002401617552,0.13412348811531805,4375.582470245646,85441.7140103671,203942314.0103671,6990.144082360803,570.0,True,Jeans,False,N2,10_M_earth,1000_F_earth
N2_atmosphere_10_M_earth_1000_F_earth.csv,7000,13549.428102784366,NH3,13684.75546989305,0.0,5.716770184948641,2614.8735568840702,16.302135730583448,0.0,85441.7140103671,203942314.0103671,6990.144082360803,570.0,True,Jeans,False,N2,10_M_earth,1000_F_earth
N2_atmosphere_10_M_earth_1000_F_earth.csv,7000,13549.428102784366,N,13684.75546989305,13575.239905341687,4.707928387604763,2881.4503195235898,41.865607731939875,53372608151.37647,85441.7140103671,203942314.0103671,6990.144082360803,570.0,True,Jeans,False,N2,10_M_earth,1000_F_earth
N2_atmosphere_10_M_earth_1000_F_earth.csv,7000,13549.428102784366,C,13684.75546989305,1.896861672926904,4.035367189375511,3112.3220593628103,78.15792876839436,4660555.904974675,85441.7140103671,203942314.0103671,6990.144082360803,570.0,True,Jeans,False,N2,10_M_earth,1000_F_earth
