Temperature [K]	Pressure [Pa]	Height [m]	Kzz [cm2/s]	MMW [g/mol]	Density [kg/m3]	OH [VMR]	H2 [VMR]	H2O [VMR]	H [VMR]	O [VMR]	CH [VMR]	C [VMR]	CH2 [VMR]	CH3 [VMR]	CH4 [VMR]	C2 [VMR]	C2H2 [VMR]	C2H [VMR]	C2H3 [VMR]	C2H4 [VMR]	C2H5 [VMR]	C2H6 [VMR]	CO [VMR]	CO2 [VMR]	CH2OH [VMR]	H2CO [VMR]	HCO [VMR]	CH3O [VMR]	CH3OH [VMR]	CH3CO [VMR]	O2 [VMR]	H2CCO [VMR]	HCCO [VMR]	N [VMR]	NH [VMR]	CN [VMR]	HCN [VMR]	NO [VMR]	NH2 [VMR]	N2 [VMR]	NH3 [VMR]	N2H2 [VMR]	N2H [VMR]	N2H3 [VMR]	N2H4 [VMR]	HNO [VMR]	H2CN [VMR]	HNCO [VMR]	NO2 [VMR]	N2O [VMR]	C4H2 [VMR]	CH2NH2 [VMR]	CH2NH [VMR]	CH3NH2 [VMR]	CH3CHO [VMR]	HNO2 [VMR]	NCO [VMR]	HO2 [VMR]	H2O2 [VMR]	HC3N [VMR]	CH3CN [VMR]	CH2CN [VMR]	C2H3CN [VMR]	SH [VMR]	HSO [VMR]	H2S [VMR]	C3H3 [VMR]	C3H2 [VMR]	C3H4 [VMR]	C6H5 [VMR]	C6H6 [VMR]	S [VMR]	S2 [VMR]	SO [VMR]	CS [VMR]	COS [VMR]	CS2 [VMR]	NS [VMR]	HS2 [VMR]	SO2 [VMR]	S4 [VMR]	S8 [VMR]	HCS [VMR]	S3 [VMR]	C4H3 [VMR]	C4H5 [VMR]	S2O [VMR]	CH3SH [VMR]	CH3S [VMR]	O_1 [VMR]	CH2_1 [VMR]	N_2D [VMR]	He [VMR]	S8_l_s [VMR]
1734.873283	825629962.489999	0.0	243491.09301633167	42.38486189809305	2426.154415678283	2.7681189868754586e-07	0.0002708949120969	0.0098947360742722	1.1652123260494217e-07	8.14123724511709e-11	3.1890841195711055e-19	4.000282119620182e-20	2.1834107611765526e-16	4.1208805652192033e-13	4.69570164703436e-11	8.834884601708737e-25	1.7098992124086147e-14	4.844742470890978e-20	3.3513891141158424e-19	1.4487401222766862e-16	4.6820370832365675e-21	6.062792477586339e-20	0.0875655582651453	0.8989100641894413	6.053894425798397e-14	8.345409613134079e-09	5.928672145971281e-09	4.071894889895002e-15	6.151934494181805e-13	3.145547622306545e-16	1.327999139405062e-09	5.181818665693997e-12	5.171046679375491e-15	8.602236958772386e-15	7.299880182964688e-14	7.206908778365267e-15	1.4841798240554492e-09	6.659625635187617e-09	3.765584715207643e-12	0.000506723100942	2.8017155185037283e-09	4.803757902965183e-17	7.358860752085062e-14	2.3764922524324116e-20	2.930056970298417e-20	1.007514358177439e-12	1.1632088453992141e-15	1.5672371230983392e-08	4.4313129918121786e-14	2.8267920719511944e-13	1.8640908930729103e-25	7.354200651470009e-20	2.069438624022879e-15	2.877091088731331e-19	5.068590217785067e-16	9.172303321331193e-14	2.3864341725620337e-12	1.0125964758389354e-12	7.077205243215804e-12	8.019226581189468e-21	4.047831748587132e-17	9.269816372396507e-18	6.354696851256081e-23	2.349215381242256e-06	1.366180676558034e-07	5.0436506694641976e-05	1.616017317022411e-22	2.0687247890701972e-24	1.2305720683192736e-22	0.0	0.0	6.821939108320607e-08	2.102448735155067e-05	1.8907360847437224e-05	2.2640265304133493e-09	0.000686335560255	7.646465676781252e-08	3.811653059869573e-10	3.554783906159814e-07	0.0020683145756331	9.057188026089368e-12	1.2881101532136076e-21	4.1092653632642766e-12	3.1493434378909166e-08	1.8422386927184118e-30	5.523180011807623e-31	3.54911598118413e-06	4.580350729167778e-14	8.196328446962358e-15	9.237156656481722e-17	6.909596447474572e-18	1.8122080569643452e-17	0.0	0.0
1367.9713531084149	434960417.0534191	770687.6875344984	735400.9286820522	42.47029294497781	1624.2316538754362	1.4459856475386796e-09	0.0004205482248237	0.009518454160458	3.049324202515703e-09	8.068754899949272e-15	8.474232967719468e-23	1.1672988813094516e-24	2.6567775080861734e-18	4.5320706092458733e-13	3.089889565125897e-09	3.189070576097179e-29	3.998960751724901e-14	2.2180336813311235e-22	2.2009559324977496e-19	8.967544019146611e-15	8.092637917549391e-20	4.3324778203000986e-17	0.0815680429309798	0.9051248100344242	8.407823647990482e-15	6.934088346177156e-09	3.036730265740764e-10	2.8166991958282143e-16	2.646443734041689e-12	3.549865204894422e-16	8.777115164581543e-14	1.3078110475073479e-11	1.9972462008944275e-16	1.7321924607284156e-18	1.2760971535394463e-16	3.150146626729401e-17	1.709996712968614e-09	1.0568607158769849e-11	1.488554236737377e-13	0.0005077469557133	8.691217414195261e-09	8.325011867057283e-19	6.513835672269686e-16	3.1052777760635865e-22	4.4785035560236605e-21	1.25826251152659e-15	1.876053572638188e-16	1.1632500538580688e-08	1.1939252461481122e-18	3.375856191279878e-16	5.781244292979842e-25	5.510006354891115e-20	5.336051447562609e-15	4.946736879735113e-18	1.0699235746922392e-14	1.799826902557985e-17	1.708827261776629e-14	5.204362919698021e-17	5.337648608310527e-15	1.0673511530367658e-20	1.3038567568328833e-15	9.55392347203077e-18	2.8259227336103445e-21	6.871493440767034e-07	5.143221877852761e-09	0.0002986665445541	3.454762690660118e-22	3.6773200625058143e-25	5.31854170826346e-21	2.4876573379153526e-25	9.905352841010862e-21	1.61650542219395e-09	1.999845764408561e-05	4.556466298878695e-07	5.933536243682354e-10	0.0024580377323495	8.708196269708725e-07	8.944642371689046e-12	5.0712457527886e-07	8.046385816075179e-05	3.6576817769390365e-11	1.353962044400745e-19	9.623206614689265e-13	5.105447388208513e-08	1.2639051346407968e-30	1.293340057630713e-28	6.150203044146798e-07	2.5733817707371808e-12	3.2236841761946275e-14	2.7238844085919323e-22	4.2356623338287465e-20	3.7850201277470563e-23	0.0	0.0
1127.622283812033	229146921.742894	1378642.5709981727	671297.4019551369	42.47458269631617	1038.1723986437196	6.853774642440215e-12	0.000726821716603	0.0090251317985034	8.370879076537351e-11	7.006296851192865e-19	2.654619593631249e-26	3.645579399589954e-29	4.1225594780768836e-20	6.942746392856933e-13	3.181666402864113e-07	1.4903855308219979e-33	1.517788498512304e-13	1.4834672450694867e-24	2.4215053692507063e-19	1.0354354321361777e-12	2.7322512479032694e-18	6.667888146921725e-14	0.0809876623862373	0.9058713928927846	1.4605987693585213e-15	6.952326471455338e-09	1.721900150801778e-11	2.515339911960061e-17	1.5604072849638836e-11	6.363498243113064e-16	4.6498026062613135e-18	4.8906280370235134e-11	1.0455984974919844e-17	1.6582083853670307e-22	1.1165316711379357e-19	7.808899789343323e-20	1.2564706279265076e-09	7.225959393310524e-15	3.1639508871029946e-15	0.0005077982360879	1.5831556889593626e-08	1.5917719349521267e-20	5.878085014644995e-18	4.4932923926430556e-24	2.147361897756627e-22	7.212596974009373e-19	2.0043414990366048e-17	4.968341111871801e-09	1.2781833758819464e-23	3.6966274691257775e-19	1.0486420973721732e-24	3.126809825570807e-20	9.905744994134904e-15	7.03848537867479e-17	3.8485341478923923e-13	1.4708554504561153e-21	6.504261601010622e-17	2.1989654795599306e-21	3.4806993943702195e-18	1.3320402964915115e-20	3.754259518727503e-14	8.077537108459904e-18	1.3305516783281325e-19	5.106053882307796e-08	4.579945590664421e-11	0.0004866655240269	1.5305744348921432e-21	1.2278206854425935e-25	5.196707680622666e-19	1.8845146676045815e-31	9.066572056351926e-25	9.165753107151928e-12	1.136377048865038e-06	2.4457059080915703e-09	4.290011550930264e-11	0.0023915883686633	7.093261435874821e-07	2.647381605080457e-14	4.591686600701235e-08	6.3934935821887e-07	5.502457638291831e-13	2.4139297371588025e-22	6.543807790720579e-14	1.2141152878560002e-09	5.249674575270247e-31	1.971610922788327e-27	5.88406663000077e-09	5.4677166237164254e-11	4.500533665635228e-14	6.837006098375653e-28	3.272478201596225e-22	3.882698648884572e-29	0.0	0.0
959.4554327214342	120719747.55761562	1880695.3921001405	379093.745104979	42.474686889416745	642.7967587304234	3.2118270351784495e-14	0.0012410578773653	0.0082852742448973	2.3549356349762364e-12	1.0596317380623974e-22	8.436432491324356e-30	1.424685831183645e-33	6.252281413035134e-22	2.1388519309780202e-14	6.529330745516361e-07	6.029994650643827e-41	4.871689113154011e-16	8.535748267692323e-30	1.6276059143495434e-22	6.611392375029341e-14	5.0691541037258166e-20	5.5729251015157156e-14	0.0804681199351232	0.9066149690435208	2.402675213107666e-16	6.857861363984438e-09	9.795480216602832e-13	4.1553859373812665e-19	7.8977487643604e-11	2.3789361142126937e-17	7.597228633359839e-22	3.8092887884982975e-12	5.509501984425435e-19	1.4476293622437953e-26	7.098975437664233e-23	1.4331416212970597e-22	1.1045249846930995e-09	4.331531945931717e-18	4.634922655705216e-17	0.000507799474652	1.9445799686667336e-08	2.9619659561038254e-22	5.331954429136018e-20	4.865089035675535e-26	4.970788734551986e-24	3.010111701140753e-22	2.5473765207119336e-18	1.5064130658963435e-09	2.4173298270847738e-28	2.0845167228327456e-19	6.98710910032004e-23	2.6099421779796667e-22	2.1051772128055092e-14	1.4148932758508058e-17	2.820931517654309e-13	1.0531907900191569e-25	1.8333272772981032e-19	1.8557148705048815e-25	2.2147085999453977e-21	6.511938878897216e-23	2.6789145295650333e-14	1.7179832791953214e-19	3.982425659688789e-21	3.463855109177009e-09	7.40103973090961e-13	0.000711683958673	1.0672076953614655e-24	1.565685477364071e-29	7.872456336971607e-21	2.380074194754542e-35	1.3632880575997962e-26	4.8625131817113526e-14	5.44212261605809e-08	2.399192559591989e-11	3.4645865514019164e-12	0.0021697455581712	5.970471646410436e-07	3.776490060501888e-16	3.4805088001911193e-09	9.404675883382836e-09	5.977772102493059e-15	2.5261146086835567e-25	4.919182423896391e-15	2.2336815535443084e-11	7.925307261969625e-30	1.0710305126443706e-31	8.406329094097677e-11	2.120735495011504e-11	1.1762737603831245e-15	2.9739109102883658e-33	2.3259074234761342e-24	3.1503341098155884e-35	0.0	0.0
835.9378568642411	63597875.71890598	2308552.6003634827	152075.5721349977	42.47468991676093	388.6769741597556	1.445568731593368e-16	0.0013411428078901	0.0081879810249863	5.5633833171760846e-14	2.2427495457709834e-25	2.3539826889622042e-33	6.177169065516624e-38	6.664488220988354e-24	4.234654317212054e-16	6.578531366692331e-07	6.685072713485635e-47	2.789745059250928e-17	1.025478909405328e-33	5.331386855439068e-25	1.4622277178811138e-14	2.5874895687603517e-21	9.824723645635697e-14	0.0803678951697779	0.9067123429854852	1.9902778075149146e-17	4.290485429860877e-09	4.5697083724405073e-14	1.7178442953551784e-20	1.6321349548166567e-10	5.832702992057796e-19	4.296198701226321e-24	3.304889977744542e-13	2.607730273959103e-20	2.48151340042769e-27	4.8617961722599e-23	6.026547288203861e-25	1.1041777549133504e-09	4.888386307483181e-18	7.529727517549742e-19	0.0005077995144495	2.0084945391283564e-08	7.019566513719261e-24	4.008305019314397e-22	2.744765113449523e-28	1.333215930597392e-25	2.3197330376294708e-22	2.9629078721076323e-19	8.677940968810517e-10	1.073094751355553e-28	4.0711995273954965e-16	4.980356458750812e-27	3.950043250159709e-24	2.4357684198189997e-14	4.011282097005431e-18	1.0719086017043412e-13	1.331329950791186e-26	1.1772521374545434e-21	2.914310586180748e-28	1.2560674598586763e-24	2.3866999705497548e-23	2.4589036964395343e-14	5.818127767709376e-21	1.6540164967537698e-21	2.0825454688383062e-10	1.3218472848244971e-13	0.0007088883973018	6.328635413919526e-26	1.2894063683130814e-31	7.790812207282229e-21	7.020574961973199e-33	3.6334515483063535e-22	2.973412505905165e-16	3.1651229109679302e-09	3.2818081816046518e-12	3.088906266209989e-13	0.0021726649276008	5.951879621611785e-07	2.3230728214857842e-14	2.533445244177841e-10	1.973674540989277e-09	9.545897609623172e-17	6.0447397604176645e-28	3.2328893142010436e-16	5.468674783228846e-13	1.02218086596152e-34	4.9854312502235594e-34	1.0957483251796832e-11	4.443637056740834e-12	2.1658573769168893e-17	1.861548094850553e-37	1.225444162805325e-26	2.8470889889627767e-38	0.0	0.0
737.4757155735028	33504790.04296303	2681832.7134991456	39493.17243986149	42.47468985069183	232.10226201288526	5.605704738454496e-19	0.0013617282579908	0.0081870442242044	1.1007981745875456e-15	5.178037942169525e-27	4.789197371409392e-37	1.8175376735312312e-42	4.589274501021057e-26	7.308064363214901e-18	6.579245485413307e-07	9.645365685225104e-52	2.841245548360868e-17	1.8785195067716283e-36	8.126738322547093e-27	3.136285783676265e-15	7.502919834217656e-23	1.109081372812415e-13	0.0803473133116283	0.9067132750319992	8.578503032894364e-19	2.0036631504645714e-09	1.848232491887748e-15	4.689400964908914e-22	1.6683122623606057e-10	1.3068805437439916e-20	2.9228935823904706e-22	2.0723976689640187e-13	1.3448590585590934e-21	2.1467581822053895e-26	2.020277756584969e-21	3.8224483236743644e-27	1.1041877216345106e-09	2.9360591735615166e-16	1.0315755528276247e-20	0.0005077995317583	2.0109016346091515e-08	5.070410766201754e-24	2.4365080940324108e-24	2.897919261468828e-29	1.0837971845344018e-24	1.1921000029141076e-20	3.074030358771145e-20	8.437264233749674e-10	1.6535245930979163e-26	1.6485273665042162e-14	3.140453895585185e-25	1.8243106300268443e-25	2.4678726446929024e-14	3.9779886616821526e-18	7.044944484084678e-14	8.966011384633921e-26	1.1606444442248697e-23	2.6838632067803223e-30	6.7159480601303385e-28	4.994754755881598e-23	2.4538143478311082e-14	2.1185414270126525e-22	6.3838735983057115e-21	1.1169210613764888e-11	1.59266311024762e-13	0.0006892430189047	8.800067220261114e-27	9.101791628582343e-29	1.9745136369986662e-20	9.888920901869087e-35	5.360466264821997e-22	1.5044665019110646e-18	1.6725576931422276e-10	2.887990275427571e-12	2.5095791185886668e-14	0.0021923164085623	5.950039435276965e-07	3.0424349447082254e-13	1.6520757666591335e-11	2.8489363920542966e-09	1.3839701994305691e-18	3.5445429559875927e-29	1.8909506497127896e-17	1.1782573700308061e-14	1.0541523197990728e-33	2.5276123437561073e-34	1.0430154057110989e-11	8.73467234227989e-13	3.478313849641127e-19	1.1336736852365782e-40	4.0624358053714304e-29	1.3917771963212228e-39	0.0	0.0
651.5251282703966	17651076.284130063	3011533.686597215	126963.51697187302	42.47468786605496	138.40768265162788	7.249130777999142e-20	0.0013939160217838	0.0081867404007732	7.930237859343944e-16	2.1301295296162e-28	2.2196489833421875e-39	1.543109375064805e-47	4.967105546620873e-29	4.485999537553258e-18	6.579336097888407e-07	4.1178808445187236e-53	9.322857594541304e-17	3.167422715311791e-37	4.1347664667049117e-26	2.5130078296990336e-15	7.63548482342835e-23	1.1824375527553924e-13	0.0803152212640263	0.906713511908144	9.15283520807442e-19	2.420133831272049e-10	3.1491367334674037e-15	1.2376927247519892e-22	1.6678913203841832e-10	1.1719206920701706e-20	2.709635303611654e-20	1.3779290019355912e-13	1.9516495748348465e-23	2.8928340322686235e-27	4.7733144250642793e-20	8.066411182766152e-28	1.1042174098763191e-09	3.4162334330736187e-16	4.876029334315664e-21	0.0005077996147399	2.0130529095846654e-08	2.998710339074056e-23	4.9664928355361255e-25	5.1609830921806375e-28	1.9902289432544647e-24	3.5842863623810407e-19	1.49700468206473e-19	8.21605354549806e-10	6.293448528357896e-27	1.226153049134513e-13	1.902168179322264e-24	3.441759846183918e-25	2.5363489359623037e-14	3.980827407763296e-18	2.1619224341863994e-14	5.918522537756219e-25	4.0242418452271786e-24	2.598414034002321e-31	3.775393698655549e-24	1.9628671776068921e-22	2.4500478037643962e-14	3.0178150489659444e-22	3.504788537081997e-20	2.398665704321636e-11	1.0597664841935957e-12	0.0006573659027224	8.835488207824038e-26	1.2861837288738537e-25	8.824786487701885e-20	1.7335144964654113e-35	2.981459766535612e-22	1.058404925574047e-17	2.6904886697091967e-08	1.894436044265676e-12	1.5020195375863296e-15	0.0022241320356387	5.948328300883262e-07	2.013986710878701e-12	4.395771130194047e-11	1.0617888762947676e-08	2.478195778176274e-13	8.917541863558484e-18	1.8646050008674696e-20	6.934146187367585e-13	5.16264601546098e-32	8.829313849911714e-31	2.334823062943071e-11	1.4110177910809281e-13	1.9697881947440618e-19	7.954595792491708e-44	1.9329083618366548e-32	7.199219658613673e-40	0.0	0.0
570.0988848049443	9298983.625585085	3303112.082557214	171549.4317304789	42.47463870620663	83.33068747238214	2.5382908534626776e-21	0.0013965825879032	0.008186725570805	1.8867833932702426e-16	1.1613305492885833e-30	1.2609358498593342e-42	2.7343509954413404e-53	2.4361111624087768e-32	8.898368386029013e-19	6.579325199666454e-07	4.0712842781091107e-56	1.3879692814370162e-16	4.6525034911027924e-39	4.123622798350424e-26	5.183943964923872e-15	2.5906027219163637e-23	1.186277987828132e-13	0.0803148825612819	0.9067124568031872	5.051845171770244e-19	3.781242588915656e-11	2.4353875999572804e-15	1.4414026235468637e-23	1.6678824675172882e-10	4.3023492287203625e-21	1.4065829464308477e-19	1.3638513974583934e-13	6.1042007150873035e-24	4.694070171996125e-28	9.70721045097001e-19	4.5910327111496215e-29	1.104224370264594e-09	7.657496591649682e-16	6.969551610594413e-22	0.0005077990775385	2.0131278231828037e-08	5.348652439043236e-23	2.842756827202914e-26	1.4764210767686898e-27	2.0477292105714542e-24	1.0146180522013372e-17	4.163616282873781e-19	8.202858810926219e-10	9.011795813080828e-28	1.713718153321771e-13	2.5649911720831736e-24	2.800348509372759e-25	2.5406596534777122e-14	3.981496144328514e-18	9.32535515903346e-15	2.893689764017054e-25	4.221444897425467e-25	6.272167448683739e-31	6.944466675393744e-21	2.635016258793689e-22	2.4499956529414122e-14	1.6856771270093985e-22	4.8463356467102147e-20	2.3164863033257e-11	1.127194866443746e-12	0.0006547051978764	1.1654151054296628e-25	5.087506111454604e-24	1.1963227197696496e-19	9.451741731780606e-34	2.4764573897001257e-22	2.1091027461039452e-17	1.1543020052715135e-06	1.5253480076857889e-12	4.849749039929658e-17	0.0022243833793718	5.947859099434892e-07	2.7991057244550388e-12	5.364775189843097e-11	1.4114845637923045e-08	5.719786751677239e-09	1.5591685327370816e-08	3.733827858847005e-23	8.490183151405569e-12	3.593620347943942e-31	4.40945282193247e-29	2.362965355325144e-11	1.491923122528723e-14	3.4543851744288024e-20	2.958500955002648e-48	3.475429332148025e-36	8.323357488490456e-41	0.0	0.0
503.1039281479969	4898913.532351845	3558484.579373099	222233.83683300333	42.47464724772408	49.74641933369364	5.9587557307997446e-24	0.0013977048632238	0.0081867231458942	2.7965550317538815e-18	7.028376632277608e-33	3.1891277331352597e-47	4.755621136902825e-56	7.823348895797774e-36	1.0880422613103136e-20	6.579324318581164e-07	1.0815573921093549e-61	1.896990218989041e-16	3.2308188073609803e-42	2.400243047157812e-27	8.430772980593485e-15	5.5342711966804685e-25	1.1869230697303554e-13	0.080317377151285	0.906712631281605	1.8666840039864587e-20	5.457228654481567e-12	1.2929399050141762e-16	7.505158630640028e-26	1.6678769237714407e-10	1.0578900792693184e-22	3.7867081973906154e-19	1.3636583293683233e-13	6.965840853332358e-24	7.825079388158756e-29	1.761150391209355e-17	7.410532083718977e-31	1.1042300289629971e-09	2.067042963022473e-15	6.0494483212667685e-24	0.0005077992362906	2.013145241323481e-08	7.573922060461541e-23	9.41051750889423e-29	3.1214124754107867e-27	2.0365002376884003e-24	2.638854658001689e-16	8.583319327795229e-20	8.193401328923528e-10	6.527007431207597e-28	2.242790593101151e-13	3.2307153532985352e-24	1.595426173096896e-26	2.539802490785717e-14	3.982201737510266e-18	3.175279860489827e-15	1.996342910900641e-27	1.3119662920260666e-26	8.756915599691268e-32	4.5330160231533744e-20	3.364436589118036e-22	2.4500042987911702e-14	7.465083079696329e-24	6.293287436199706e-20	1.5185514488176789e-12	1.1673406272595857e-12	0.0006535904820063	9.945118055068774e-27	2.3927052859360002e-23	1.536520062945597e-19	0.0	2.247344619076422e-22	2.0796123518242812e-19	2.776483838446936e-07	5.276468191270048e-12	1.2507653083130404e-18	0.0022219158158131	5.947546233389111e-07	3.651363553688448e-12	4.4616437155782025e-12	1.7826574355104244e-08	5.1689200942844574e-09	6.824246559101678e-07	1.7691860763520409e-25	5.352869906117548e-13	1.8105251277233435e-31	9.18503410476143e-29	2.3868310460843206e-11	2.205406016691198e-15	3.706487376390084e-22	8.806111230276891e-53	3.763482413081012e-40	5.0774091523230456e-43	0.0	0.0
462.59187299741046	2580857.732820238	3784028.478506488	287845.3633122138	42.47463124446919	28.50267779797669	4.6082867456873455e-25	0.0013990179251371	0.0081867151447483	3.382102978501619e-19	4.158501681141392e-33	5.068123724133872e-50	1.9968746836222024e-56	3.054046934959873e-38	1.1466674675568457e-21	6.579320899667827e-07	6.803671567245351e-65	2.4988717602907193e-16	4.659410363726771e-44	8.158352561488715e-28	1.227169136022859e-14	8.704552507879441e-26	1.1876622231908476e-13	0.0803202910583744	0.9067122804609202	4.501290974285019e-21	7.678167204454119e-13	3.3960044648254175e-17	2.067877601956168e-27	1.6678667943820728e-10	1.5901886471927326e-23	6.657364310033408e-19	1.3634802895675792e-13	7.801847264816807e-24	1.7471069935915377e-29	1.9398853044489844e-16	1.3840030383975575e-30	1.1042336192509311e-09	3.6280484612148605e-15	6.178570925993885e-25	0.0005077991137297	2.013148881372688e-08	1.0184233601457512e-22	3.1209874160979432e-30	1.3830573066519772e-26	2.0498962671453314e-24	3.8110106140192616e-15	6.437700074190651e-20	8.182489590969676e-10	8.115231961976398e-29	2.868360742582645e-13	3.962059058248738e-24	6.103014791028804e-27	2.538710089724869e-14	3.983019632901367e-18	8.523513924696346e-16	2.8137901280331367e-28	4.000996929611708e-26	4.0345400646244655e-32	9.108222800234728e-20	4.2270869542654394e-22	2.4500088237957295e-14	2.2353259453443195e-24	8.00375270363707e-20	5.504739671299613e-13	1.2014335854710345e-12	0.000652285245229	4.622763142689876e-27	4.655013921367402e-23	1.9387224009946248e-19	5.084224574278293e-35	2.133286974209533e-22	1.1255739042287597e-19	6.208449396503226e-08	1.3768555413123958e-11	8.186509155360291e-20	0.0022189830786853	5.947301270325206e-07	4.6596032454068756e-12	1.9194126153966642e-12	2.215681864311052e-08	1.7123813677373423e-09	1.2670889565125785e-06	2.9014373130871462e-27	4.4316138045116617e-14	2.050084578371169e-29	1.4826263478893915e-28	2.402448984121871e-11	1.0131364951625757e-15	3.611336556698006e-23	9.916965462579471e-55	6.5711682803868696e-43	9.511443833575332e-44	0.0	0.0
435.3909686529941	1359653.8483626435	3991558.115854356	372764.0285620656	42.47460354721976	15.953950997889335	2.8497398260502573e-24	0.0014006775347899	0.0081867035271874	7.393730107923002e-19	1.6221870223737683e-31	5.44427124977873e-50	2.1625456318083256e-56	4.547398008564573e-38	2.05896428932955e-21	6.579316470857239e-07	5.216960129849698e-65	3.259996693639162e-16	3.7907574982949634e-44	4.1177599901850855e-27	1.712889691044764e-14	2.1555642947635205e-25	1.1885959019720222e-13	0.0803239621857701	0.9067116776070128	1.688545309695943e-20	1.1111328616327517e-13	1.162885228286236e-16	1.89265297878514e-27	1.6678517725810356e-10	3.250771556374661e-23	1.0296711553695885e-18	1.3632570005486236e-13	8.709602488543397e-24	8.672569021816971e-30	1.4272762828965326e-15	3.002097684024261e-30	1.1042362735283919e-09	5.7769688600997766e-15	9.108443836157855e-25	0.0005077988711369	2.0131422500080373e-08	1.3518624395477134e-22	2.1508700432131317e-30	2.710098897608918e-26	2.0829332292556417e-24	3.4645186608175507e-14	3.5929243394986725e-19	8.168618679550483e-10	9.932803323252519e-30	3.658038208113889e-13	4.8521110414227616e-24	4.745850750424877e-26	2.5373190878741792e-14	3.984043570810752e-18	2.0202825611785e-16	2.916553869955647e-28	1.271045727003718e-25	2.139900346514508e-31	1.4894312722548617e-19	5.318119654357144e-22	2.4500110215339024e-14	5.6941563804956025e-24	1.0166734367886265e-19	2.602379314373121e-12	1.2352528609987484e-12	0.0006506353217351	2.802773589525637e-26	7.518856893267025e-23	2.4473338727364687e-19	7.207529747132551e-33	2.0655935833231804e-22	4.772791286905616e-18	2.1266815513133243e-08	3.460692965265345e-11	9.872186679555286e-21	0.0022152736678906	5.947080465721346e-07	5.935039464237301e-12	1.032739830843247e-11	2.7587952391171644e-08	7.566779638022328e-10	1.946734341782368e-06	8.07386966077277e-29	8.960898971869548e-15	1.041788152979924e-26	2.195961632073227e-28	2.413145124975526e-11	5.423171162746826e-16	6.189516167506407e-23	1.789166863606462e-54	5.503090068435222e-43	1.36916659126729e-42	0.0	0.0
411.5135649949908	716296.2002354224	4187012.6159765096	482649.54566956335	42.47456616724767	8.892572674856426	8.073987265283644e-24	0.001402840467605	0.0081866881080461	7.43982629981631e-19	1.2422932925208116e-30	2.712192631551109e-49	1.4039808078626619e-55	5.053573054575036e-38	1.222427611791156e-21	6.579311163978872e-07	1.6728313666041786e-65	4.252468219054641e-16	3.3659189020853912e-44	9.35429253799224e-27	2.346253820411984e-14	1.7239583901859824e-25	1.189812388003992e-13	0.0803287459619093	0.9067108644987664	5.1612938246054435e-20	1.8420189367336743e-14	1.7934734176181252e-16	3.5413171871572425e-27	1.6678307184536056e-10	2.1702321111313117e-23	1.50648611791127e-18	1.362967142309551e-13	9.644101813930426e-24	2.8206768701473976e-29	9.51525019960301e-15	5.9630460351701986e-30	1.104238505590581e-09	9.418660519593475e-15	6.410686735739896e-25	0.0005077985413572	2.0131258672621524e-08	1.7978859328849841e-22	6.832898795929459e-31	4.034273004742155e-26	2.1383217213206532e-24	2.86151261066426e-13	3.65045860962375e-19	8.148509377991065e-10	1.4398146980656132e-30	4.680657807040889e-13	5.6328386332477635e-24	2.3338411064757128e-25	2.535498710203084e-14	3.985371616511437e-18	4.9016864703851155e-17	7.042586484209998e-28	3.682109099076735e-25	4.8426071832716685e-31	2.2438931205146045e-19	6.740857065598774e-22	2.450011587723348e-14	1.0436285312170849e-23	1.298709414459368e-19	3.9351302978422095e-12	1.2727618272975157e-12	0.0006484850805063	5.641932356072848e-26	1.125714119912678e-22	3.110528980086884e-19	0.0	2.026916507498961e-22	1.838527340720681e-17	7.320329459656409e-09	8.623527726622301e-11	1.2242143249230419e-21	0.0022104376211755	5.946856143575878e-07	7.598444924423125e-12	1.7695490617436294e-11	3.4629341345692865e-08	3.2925787915863265e-10	2.8224654833955685e-06	4.149570129099269e-30	2.9522318102295654e-13	3.623951137197349e-25	3.1260094406147363e-28	2.420624600673244e-11	7.050021721667196e-16	4.3053129478526563e-23	6.598364259573266e-55	3.618275761811398e-43	8.690276035974765e-42	0.0	0.0
390.413043921377	377360.9342477716	4371862.014947436	624813.3193812403	42.47451658881635	4.9379995245657	1.809860961767453e-23	0.0014056829841472	0.0081866677596395	1.1090772666964626e-18	5.4399093030157454e-30	1.3682231189775047e-48	2.9887117586404513e-54	8.092461236891888e-38	5.899394292295563e-22	6.579304572344942e-07	7.060394651846883e-66	5.55720882813554e-16	3.5216356879975175e-44	3.079325303196037e-26	3.178900476260719e-14	1.064345282551979e-25	1.1914112546559818e-13	0.0803350328320085	0.9067097861113492	7.959242410867697e-19	6.393410653816332e-15	3.965506305754487e-16	1.24000430826421e-26	1.6678019864144252e-10	1.1621250165686159e-23	2.1358525923701913e-18	1.3625865856616016e-13	1.0361743146804766e-23	3.126156874352164e-28	6.038059580932444e-14	1.1398208656299225e-29	1.104240581921132e-09	1.7695685859561794e-14	5.544402950244095e-25	0.0005077981046289	2.013098972013377e-08	2.4296942401329696e-22	3.2300458083973957e-31	5.351432462133522e-26	2.2209164294434622e-24	2.245361885202815e-12	2.54564868278884e-19	8.105679112979663e-10	2.4614151858221613e-31	5.994719876271265e-13	5.8442427819580446e-24	5.942195096604169e-25	2.5331031107639444e-14	3.987112458791904e-18	1.3496091473720176e-17	1.5891534864879476e-27	1.0216965593239214e-24	1.52446613458279e-30	3.235723390772608e-19	8.611288475061525e-22	2.4500107097039382e-14	1.6864833745469382e-23	1.6694780440077097e-19	4.542017008745452e-12	1.3174095459959513e-12	0.0006456593413728	9.818150861224782e-25	1.617379208097551e-22	3.9823639417975592e-19	0.0	2.0039796869213865e-22	4.0434307409890433e-17	2.568618326274141e-09	2.1257539721670504e-10	1.5654637292287582e-22	0.0022040813968682	5.946606426283433e-07	9.785402431682954e-12	2.3041850299441217e-11	4.383683153980024e-08	1.4365077855861222e-10	3.969830432923252e-06	4.2494025477183315e-31	7.984475698457444e-12	1.6135801735371515e-24	4.348600798946417e-28	2.425842856942024e-11	1.356732441804818e-15	4.5219338191752223e-23	1.4536234476710788e-55	3.2638689127694128e-43	4.253306226319586e-41	0.0	0.0
371.7045116776044	198802.2198771242	4547335.453307303	808697.9288161009	42.47445076343805	2.7323803194380942	6.134429461129591e-23	0.0014094471853496	0.0081866408139051	3.732277023457463e-18	4.35299502466777e-29	5.3012441552986555e-48	3.743568334951389e-53	2.730331312163126e-37	4.954686239769479e-22	6.579296149008146e-07	1.0911240707722665e-65	7.285333163022368e-16	5.996835373437311e-44	2.3281164283360987e-25	4.2817397718363495e-14	1.0065391104200078e-25	1.1935287193072764e-13	0.0803433587867884	0.9067083542145222	5.0545434087609855e-18	2.0401768617605063e-14	1.829454631973525e-15	7.64748216664918e-26	1.6677631521125238e-10	1.0657293733347939e-23	2.973142801809179e-18	1.36208281189384e-13	1.0388530011892772e-23	4.086282728754324e-27	1.8863101823944057e-13	1.0863884878297893e-29	1.1042427296031658e-09	4.475067958983362e-14	3.722192523289768e-25	0.0005077975267032	2.0130596471454863e-08	3.42472467641281e-22	3.480783524399449e-31	6.984094129462925e-26	2.3377995926437294e-24	8.310515701537695e-12	2.409289468640404e-19	8.016553530327541e-10	5.64487117861238e-32	7.594394839900617e-13	5.860026985717259e-24	1.1047949233849644e-24	2.529928716210852e-14	3.9894146756347294e-18	4.384664447452509e-18	8.176122960454645e-27	1.4049184517525803e-24	9.846541808334937e-30	4.549393438883608e-19	1.1088689814653749e-21	2.45000839708675e-14	2.5167990004141922e-23	2.160550735943821e-19	7.899676496399516e-12	1.3732525845646556e-12	0.0006419174580218	1.0763371400691962e-22	2.2687559816930286e-22	5.136026329454805e-19	5.35180567670674e-35	1.991303106254988e-22	1.7354655360537698e-16	9.795811169451032e-10	5.174117049948381e-10	2.290091366370154e-23	0.0021956635995116	5.946307742619912e-07	1.2682051073061866e-11	4.49913111002209e-11	5.594907733184268e-08	6.577926115398029e-11	5.4879996787319615e-06	8.991550076606075e-32	3.9091566767676e-11	3.517482960304306e-24	5.967796973312981e-28	2.4294678187996e-11	2.4870666862738145e-15	1.2629295120163946e-22	6.181507087787e-56	6.652513199476971e-43	1.584948283560067e-40	0.0	0.0
354.94044125594144	104733.47673588932	4714492.759406116	1046494.9305586726	42.4743629052921	1.5074637899641858	7.260785162192087e-22	0.0014144656027296	0.0081866049411346	5.1695593187428085e-17	6.37218402911167e-27	3.758194282931249e-47	5.8470164948357406e-52	3.2598849777681214e-36	1.9686842182467937e-21	6.579285169010505e-07	2.767289563441516e-64	9.589676665936658e-16	3.683054358188569e-43	8.093632395280348e-24	5.752310099225135e-14	3.637438376114035e-25	1.196351790791559e-13	0.0803544597600063	0.9067064428147896	1.390400617697894e-17	1.1035937970992637e-13	2.750277322748156e-14	1.697592288305338e-24	1.6677108057419046e-10	4.564854386117045e-23	4.0978833386613294e-18	1.3614112915156934e-13	8.951916197271637e-24	1.1360531127712195e-25	3.03895335125808e-13	6.0632021258879875e-30	1.1042451692683163e-09	1.3025540234657214e-13	2.633509277743622e-25	0.0005077967577765	2.0130048460968503e-08	5.035782428627368e-22	1.5332159401074429e-30	9.35965634505961e-26	2.499274103320723e-24	1.4207956904627326e-11	4.172865140527809e-19	7.930921973622621e-10	2.839324048835594e-32	9.29556305772615e-13	5.8294447665020404e-24	1.7854337944379826e-24	2.52569489815675e-14	3.9924820725390325e-18	1.688141743155448e-18	1.1427738811042285e-25	1.1259778743347524e-24	2.0561818074311533e-28	6.301092553102988e-19	1.4392146323175702e-21	2.4500044951776552e-14	3.580940670025915e-23	2.8153414679173617e-19	5.1262446319305736e-11	1.4453895678444353e-12	0.0006369287668703	2.784791948734639e-21	3.1376479288752546e-22	6.6489783016630215e-19	1.7938247125297918e-35	1.9862161341620096e-22	1.3813072459814304e-14	9.99194853988208e-10	1.2405168366707835e-09	5.215637744412125e-22	0.002184440444823	5.945932233753805e-07	1.6544091734824522e-11	3.26277381326387e-10	7.193157991518725e-08	1.2037402480309478e-10	7.511376738256095e-06	2.3616774545980688e-30	9.162793488318946e-11	6.096012583331932e-24	8.126414817984662e-28	2.4319596081080246e-11	4.227155443507967e-15	1.4602360131162888e-21	5.015091966166002e-55	1.1488524324058394e-41	1.0820355723706127e-39	0.0	0.0
339.75531868772083	55175.94902092569	4874195.468256568	1353940.5827711588	42.47424530749486	0.8296581779790008	6.191488343011302e-21	0.0014211836978357	0.0081865569913728	5.282964520390209e-16	4.491684673141854e-25	1.7279974751525051e-46	1.4524744522741045e-48	1.833700599164118e-35	8.080981347220799e-21	6.579270709060339e-07	4.1065045414078863e-63	1.2679717106809422e-15	1.6580097650257595e-42	2.573892958549324e-22	7.7243189911553e-14	1.0063606799762294e-24	1.2001343238658526e-13	0.080369291858066	0.9067038839866725	2.6217580665957842e-17	5.106226839104115e-13	1.827528138346725e-13	2.779986828967472e-23	1.6676402405691307e-10	2.0023482832749599e-22	5.7147224714962945e-18	1.3605114583717052e-13	4.913877871688842e-24	2.0709360844780616e-24	4.3517516017507253e-13	8.192367508471017e-28	1.1042481501275784e-09	3.372390970530115e-13	2.984793975581136e-25	0.0005077957328645	2.0129298145353693e-08	7.463005481401055e-22	4.997881004035692e-30	1.2726840910266792e-25	2.7200736656689133e-24	1.7042468007221865e-11	8.279480810411308e-19	7.878577560348003e-10	3.048024608588105e-31	1.0793841183023468e-12	5.775225086647028e-24	2.663793789032156e-24	2.5200171348076307e-14	3.996593661099909e-18	7.633915980585843e-19	9.379706339796883e-25	2.1788484384979393e-22	1.925574441591017e-27	8.650067701470101e-19	1.8821932723663405e-21	2.4499986958879936e-14	4.844435676628175e-23	3.693119962704108e-19	2.4033765838687067e-10	1.540438693723852e-12	0.0006302501149481	1.9791899612086966e-20	4.3053432562278125e-22	8.543573392001769e-19	3.7573300137659736e-32	1.987624330334344e-22	5.147382757168549e-13	3.346094554223957e-09	2.920094405677576e-09	2.116410009066793e-20	0.002169445535118	5.945444909256595e-07	2.1695372261106308e-11	1.7015811846731063e-09	9.300166309002525e-08	7.537924786103773e-10	1.0215221155950825e-05	1.1129486315664326e-28	1.7060637277172238e-10	9.558784134675108e-24	1.1013568385283389e-27	2.4336299262478192e-11	7.220966872518562e-15	1.2946063513149173e-20	2.010535013219423e-54	3.046620457639918e-40	4.7832026157056484e-39	0.0	0.0
326.08584270344784	29067.92980850757	5027142.97318722	1751340.323435369	42.47409046624856	0.4554033556718202	3.097619704792648e-20	0.0014301282613637	0.0081864932178704	3.376658022582187e-15	1.2558530795410607e-23	3.110028836907038e-46	1.0080983731337702e-45	1.4524046161993948e-36	2.7012639184493868e-20	6.579252005877608e-07	4.2315893629642945e-59	1.6845069786331036e-15	4.487267790789277e-42	4.2699289863703984e-21	1.0382687291036515e-13	1.9926698166410983e-24	1.2052197993341746e-13	0.0803886617006601	0.9067005128401134	4.0557326049164026e-17	1.964078594704688e-12	4.563491371492937e-13	6.832591155548889e-22	1.6675450239507355e-10	7.036064637205317e-22	9.34647626767934e-18	1.3593004779422173e-13	9.062575734064536e-27	1.5420640762426328e-23	4.099108453275154e-13	7.551474855201915e-26	1.1042520577495783e-09	7.632416092253098e-13	3.5813625359299263e-25	0.0005077944001676	2.0128277707770228e-08	1.095521774297082e-21	1.0265944319259669e-29	1.7353917266660611e-25	3.02136561518581e-24	1.7268399520180094e-11	1.5355183900873906e-18	7.861188215629357e-10	3.5186334243815684e-30	1.1689499552346164e-12	5.696363869180498e-24	3.7521981746422664e-24	2.5123646649796962e-14	4.002135247662587e-18	4.0374423966288994e-19	4.217996994652383e-24	2.856999521355229e-20	7.976620655758302e-27	1.1816477071563236e-18	2.479317052946189e-21	2.4499906783615328e-14	6.163821006318739e-23	4.873049784617396e-19	6.704168970005283e-10	1.6671628554206125e-12	0.0006213581460591	6.24302236004976e-20	5.89283776531089e-22	1.0900264883168345e-18	1.3476574094433244e-28	1.995342767663465e-22	6.5693206998396224e-12	1.1220103852436594e-08	6.7230580549298595e-09	2.4573088101282827e-19	0.0021498641918333	5.944800037200594e-07	2.8062526105102307e-11	5.2412153204808435e-09	1.2063025954039638e-07	2.979030324712017e-09	1.376473553471107e-05	1.7429139653484045e-27	3.6860145468261847e-10	1.4226614775599172e-23	1.4805976008249814e-27	2.434686263868295e-11	1.2666873531766243e-14	7.195138088217991e-20	3.386602919743443e-54	5.0176401567558626e-39	8.342358253015076e-39	0.0	0.0
313.5288226458184	15313.63861148767	5174008.044094896	2264887.2174801887	42.47389532242271	0.24952438537508054	1.093270472925731e-19	0.0014418071440998	0.0081864098533497	1.7416369612644425e-14	2.945377649072257e-22	6.754142990187023e-41	1.325181131707731e-43	2.1789939762880629e-35	7.831004022385081e-20	6.57922916467174e-07	6.017506306173155e-54	2.248686068115963e-15	8.645572841540261e-42	2.685939105645598e-20	1.398361872343397e-13	4.3793384611199314e-24	1.2120741084785202e-13	0.0804125161199086	0.9066962575601876	5.563508630358519e-17	6.475175696501231e-12	7.391783766468831e-13	1.1151782302868825e-19	1.6674164950124754e-10	2.133159717870353e-21	2.499869505302576e-17	1.3576643846820001e-13	1.1778583035059775e-29	4.2618320377554973e-23	1.7843410252122416e-13	3.541194072315509e-24	1.104257588929105e-09	1.4859202750815245e-12	6.044089603291853e-25	0.0005077927761725	2.0126895009909728e-08	1.580421267535938e-21	1.6992925121078197e-29	2.343427599415292e-25	3.4337422027559826e-24	1.6848544856002895e-11	2.5469890342809313e-18	7.877612496726471e-10	3.8621504410415276e-29	1.197332036493743e-12	5.5864471228747855e-24	5.066434735612066e-24	2.5020037826285792e-14	4.009641675238969e-18	2.5753621943390506e-19	1.116645248483604e-23	1.903679877940578e-18	3.52157444459245e-26	1.6105235613808232e-18	3.288077753785298e-21	2.449980367352392e-14	7.392242652972177e-23	6.449778143532874e-19	1.353720062539079e-09	1.8372345195949955e-12	0.0006097506154375	1.3329162209468106e-19	8.08573901636799e-22	1.3961056492381309e-18	3.4976778148024154e-27	1.9341136208094701e-22	4.3704621204553416e-11	3.268743498921992e-08	1.5069334862464393e-08	1.3616001525431396e-18	0.0021257527373955	5.943936832561248e-07	3.397026579536946e-11	1.159659969476824e-08	1.564520994361988e-07	8.602792091962204e-09	1.821190023369346e-05	1.4593280968719107e-26	8.977012332112374e-10	2.0547955372974345e-23	1.9245790682737004e-27	2.435260552521738e-11	2.1954865177197302e-14	3.019621748110026e-19	4.8456000177506605e-54	5.233461375704044e-38	4.771598224277677e-39	0.0	0.0
302.0744805099132	8067.568934840712	5315283.446847755	2928357.9882372594	42.4736593287848	0.1364389306396096	3.0987294677291945e-19	0.0014567678887623	0.0081863024211583	8.217067497694911e-14	7.98385560637465e-21	5.269821863955286e-34	3.6600384958848295e-41	1.6727377983340002e-31	2.2226707240654097e-19	6.57920292844987e-07	3.1826700941094623e-49	3.015914221112369e-15	1.5841335818214454e-41	7.829872943754341e-20	1.8881084460203717e-13	1.3304701942533858e-23	1.2213302770836917e-13	0.0804401981447938	0.9066910974791148	7.031473114283701e-17	1.8744931102727474e-11	1.0328152182017522e-12	5.664645171029484e-18	1.6672428082139943e-10	6.259850254689164e-21	1.1921449977856635e-16	1.3554462730840556e-13	8.336262295012577e-31	1.0251900042626538e-22	7.422282964935464e-14	3.9938065630846655e-22	1.1042657822689926e-09	2.5491014440816586e-12	1.5684589937219731e-24	0.0005077909280368	2.0125023516120035e-08	2.2427682739905148e-21	2.5880833358873135e-29	3.115159215107464e-25	4.000878714793301e-24	1.6230022769199538e-11	3.836237912245782e-18	7.929332905017857e-10	4.924960832331594e-28	1.2053446053825897e-12	5.4356322400616565e-24	6.638244271111141e-24	2.4879226727342014e-14	4.0198518832383154e-18	2.17293193076465e-19	2.5173279758685586e-23	3.0356188539058456e-16	2.405222971485553e-25	2.193750231892007e-18	4.3878753931826135e-21	2.4499678335220252e-14	8.419903020555913e-23	8.541036682086447e-19	2.2563863401962003e-09	2.0661343500481424e-12	0.0005948883484749	2.3575141841050383e-19	1.117267863425436e-21	1.806221296952983e-18	2.1603920630315478e-29	1.9648120937807144e-22	1.9608377970291743e-10	8.648024223862868e-08	3.2721646408233425e-08	4.791915021938315e-18	0.0020977797405556	5.942772913179765e-07	3.891479537420043e-11	2.0909709811078625e-08	2.020140799648461e-07	2.0663459361107654e-08	2.353331712043778e-05	8.572002003060349e-26	1.998054276429303e-09	2.914260624297233e-23	2.3411596803618788e-27	2.4354266403725605e-11	3.656463128752306e-14	1.1426382935608632e-18	8.362028247693376e-54	1.3253846233367432e-33	2.1290236958862057e-39	0.0	0.0
291.5033434575509	4250.1766020247	5451458.757369196	3785293.773868464	42.4733766397438	0.07448523707738469	7.752812885135863e-19	0.0014758633277529	0.0081861637252647	3.829215871441309e-13	4.869288341604584e-19	3.373292500345565e-30	6.249885883149929e-39	1.0236187813291171e-27	7.107530212605232e-19	6.579173570094555e-07	6.327324123002698e-45	4.063377536910159e-15	2.961104468441251e-36	1.5047105787037637e-19	2.556830546263043e-13	4.851815947877556e-23	1.233859627783194e-13	0.0804714983262253	0.9066848953195228	8.353466392623538e-17	4.8427934034746126e-11	1.4115396335527059e-12	6.670026306635187e-17	1.6670072446830723e-10	2.100019562634779e-20	8.530467333399941e-16	1.3524279438926118e-13	4.4446559855952857e-29	2.9073539987102856e-22	3.6833979004698805e-14	2.2074223443451718e-20	1.1042779074939046e-09	4.047614061974494e-12	5.083365750106036e-24	0.0005077888890864	2.0122483868219397e-08	3.147767457578168e-21	3.9005328053929226e-29	4.0793204226523935e-25	4.7845988214286115e-24	1.5355770076453958e-11	5.454133549845716e-18	8.02139378157836e-10	1.7480804420567915e-26	1.2078066282777718e-12	5.229921207870274e-24	8.51918861669499e-24	2.468713712143627e-14	4.03379472514501e-18	2.6020374951696465e-19	9.892174528662244e-23	2.3671500572428065e-14	2.4298133463042104e-24	2.9900020416650015e-18	5.888909108424622e-21	2.4499528560229526e-14	9.167266468812376e-23	1.1335042062693397e-18	3.4381748517920854e-09	2.374425207013193e-12	0.0005759297727386	3.7834922023464815e-19	1.560944292313808e-21	2.36337529920774e-18	1.954884078336189e-27	1.964085973803512e-22	7.252430851356127e-10	2.203609787069837e-07	6.850713550878296e-08	1.283256092473186e-17	0.00206616104415	5.941193544145937e-07	4.33971262803229e-11	3.366703531912941e-08	2.583741850256156e-07	4.58503986418632e-08	2.9790128769121015e-05	4.1568989055921705e-25	4.169380751913439e-09	4.087390580233408e-23	2.6740288464040294e-27	2.435211014365706e-11	5.838693348559702e-14	4.7696300296953326e-18	3.3128391788501254e-53	8.129485056875602e-30	1.0087210481587054e-39	0.0	0.0
281.6306538496814	2239.088540091276	5582925.714748958	4891802.802315011	42.473031513857784	0.0406157599342913	2.059673278233868e-18	0.0015004211932238	0.0081859823734545	2.138548468786993e-12	3.016611845145304e-16	5.815608086742463e-28	7.675257978665378e-37	1.6927868794255708e-25	2.934947418198524e-18	6.579140313049059e-07	4.788756489895468e-41	5.497799107824893e-15	1.3067221690444347e-30	2.32243246672564e-19	3.472738658161268e-13	2.1896668925740205e-22	1.2508519035926025e-13	0.0805069387712906	0.9066772978268132	9.424457101715431e-17	1.1333641278589756e-10	2.3032169632509288e-12	2.7260254644142707e-16	1.6666863817228756e-10	1.1721987860999986e-19	8.096800505721348e-15	1.3483086939871472e-13	1.042551912923762e-26	1.0899899059415117e-21	1.9741082916787557e-14	3.7698916130296783e-19	1.104294901885578e-09	6.126262602870407e-12	2.923872260334464e-23	0.0005077866149668	2.0119024010678843e-08	4.387427925169548e-21	7.033667895374344e-29	5.2681629488522175e-25	5.871591378811467e-24	1.4137562608508324e-11	7.478134581106712e-18	8.158413888422821e-10	3.60059214729839e-24	1.208584418081716e-12	4.9500214386433254e-24	1.0777848258680293e-23	2.4424347419988743e-14	4.0528919992377696e-18	4.046699898922585e-19	6.823785061642477e-22	5.709120222727568e-13	3.9302305334522017e-23	4.080412225272248e-18	7.93189448830165e-21	2.449934670206e-14	9.574140059076746e-23	1.5104068835440677e-18	5.248525092017482e-09	2.788678555224455e-12	0.0005515620706451	5.753484913255764e-19	2.2120777026916478e-21	3.1245587025465622e-18	6.234997119458349e-26	1.9627194006417352e-22	2.538377017640314e-09	5.681962653334307e-07	1.376877565318942e-07	2.9550929309443156e-17	0.0020303686959124	5.9390395289665e-07	4.7895108129052044e-11	5.1020747113362455e-08	3.2546606543169016e-07	1.0288331143185568e-07	3.716635112801644e-05	2.346758983324261e-24	8.822072460427403e-09	5.693522687775427e-23	2.9320240436741875e-27	2.4345967347170004e-11	9.02185569701422e-14	2.7446294160228504e-17	1.3266846373065133e-51	1.343645927540143e-27	5.477296330719051e-40	0.0	0.0
272.52632150563755	1179.602157703219	5709993.631540974	6320160.537700416	42.47259341652815	0.022111889942586442	1.8456493752953814e-17	0.0015323143575097	0.0081857408745023	1.9757088803129768e-11	2.6314170309987652e-14	1.7811067482151434e-26	1.2692217218306323e-34	4.978394826661822e-24	2.842818609878778e-17	6.579100775201388e-07	1.4185314755744711e-37	7.467883360962159e-15	8.743492003951915e-27	3.130396616168762e-19	4.730935030609129e-13	1.628557973225759e-21	1.273899117963074e-13	0.0805473009161675	0.9066676293271896	1.0056782410745668e-16	2.4372161661512466e-10	6.032692404913136e-12	6.566163406721648e-16	1.6662472752055847e-10	9.069160223196538e-19	9.856283477278553e-14	1.3426748708457305e-13	4.785672982650632e-25	7.357736696850947e-21	1.1093558798163454e-14	2.25922998189814e-18	1.104314747306625e-09	9.0021112303204e-12	1.5321609684152354e-20	0.0005077839423823	2.0114288310019167e-08	6.090515833907972e-21	2.339156602812337e-28	6.705358315687943e-25	7.385377398519147e-24	1.2461122653412136e-11	9.951944361517407e-18	8.323942007370908e-10	1.2587398214067438e-22	1.208836009784307e-12	4.5702481244155874e-24	1.344274857100614e-23	2.4063960046987573e-14	4.079123942199675e-18	7.005591905555851e-19	4.62187065743076e-21	4.8106391320910346e-12	1.3300284087605585e-21	5.578047234441641e-18	1.0623671833362131e-20	2.4499117034708284e-14	9.541551235164922e-23	2.015057368088642e-18	9.47938441689613e-09	3.3402513399442145e-12	0.0005199321092118	8.48205145566864e-19	3.201981915974124e-21	4.167562406955972e-18	6.574416743337741e-25	1.9559867073482696e-22	8.562956113595191e-09	1.5413075938987147e-06	2.648686901563308e-07	7.026570398818202e-17	0.0019895966489083	5.936088351713398e-07	5.2858307209784194e-11	7.485073005878758e-08	4.015265807545909e-07	2.5111242188487973e-07	4.585565496700926e-05	3.339523507067454e-23	2.03456772290468e-08	7.898788379728512e-23	3.1520449659117988e-27	2.433522462221108e-11	1.3634922897025598e-13	3.980730263804186e-16	7.763702000279489e-51	3.948409636945398e-26	1.0667354746933294e-39	0.0	0.0
264.92865127695563	621.4409236364412	5833004.15737715	8163431.76868931	42.4719955742563	0.0119829450487547	4.298473112366902e-16	0.001574062554583	0.0081854094794454	2.6754811945617773e-10	5.614433142307656e-13	2.4656410007498788e-25	2.2019540993411128e-32	6.680984457917232e-23	3.1241722346054077e-16	6.579047965515914e-07	1.521910361925673e-34	1.0189864602131014e-14	1.519112036691366e-24	3.695304647703389e-19	6.470069002287629e-13	1.78426373096081e-20	1.3049277727599954e-13	0.0805930846279103	0.906654430128455	9.786702126663314e-17	4.885811972509038e-10	2.204228506001808e-11	1.2734471961187613e-15	1.6656413501360343e-10	2.2249595542316025e-18	1.499720139958018e-12	1.3349574359085197e-13	7.136394975670123e-24	7.659833750949172e-20	7.136646998472968e-15	6.644520146300094e-18	1.1043315042395514e-09	1.3000401933052035e-11	1.7013031987982177e-18	0.0005077803662397	2.010774813912677e-08	8.442868218217848e-21	5.7609848005927415e-27	8.396091180340024e-25	9.512063309082524e-24	1.0197969466623999e-11	1.2630037898920845e-17	8.477857380946824e-10	1.0295802991652702e-21	1.208920838981904e-12	4.0610642698519396e-24	1.6202901689552592e-23	2.3567884546311853e-14	4.115367818775096e-18	1.2333371629469865e-18	2.5906249269015696e-20	1.914621284512048e-11	8.0390773099463e-20	7.647439156932164e-18	1.3974331720645183e-20	2.4498803729942283e-14	8.887505528022772e-23	2.6777878593470815e-18	2.7665733516029348e-08	4.059628995459992e-12	0.0004785432618874	1.2321254493906277e-18	4.900055583240908e-21	5.601281169836742e-18	3.0084107192481405e-24	1.931591847604244e-22	2.567898064313512e-08	4.484819116868885e-06	4.877972018093341e-07	1.338785157975854e-15	0.0019432658225969	5.932017626651503e-07	5.8806133432795e-11	1.0841206640602775e-07	4.830089930797411e-07	6.833341402617863e-07	5.579589348108078e-05	1.2600684710335605e-21	5.290401869385617e-08	1.094390479440156e-22	3.375353659138202e-27	2.431878268620475e-11	2.0300982108859215e-13	7.235208377841657e-15	1.5073073664493388e-50	5.293984548168301e-25	6.885907699647094e-39	0.0	0.0
257.77704152183645	327.38904303299506	5952633.2078517005	10541401.43111943	42.471101088094166	0.00648788892131221	2.5566512401430623e-14	0.0016278997269234	0.0081849376487123	2.6366282264327997e-09	4.439176987143896e-12	2.2819744651874157e-24	2.0528588748352497e-30	6.102273226638458e-22	1.16341130024784e-15	6.578965317799204e-07	8.468566176124579e-33	1.3974680118367944e-14	5.155677555404198e-23	3.670305054455652e-19	8.891379102508886e-13	1.45096655236575e-19	1.3448082414069805e-13	0.0806431699174012	0.9066347288713668	8.57791112510046e-17	9.238689913836355e-10	5.568078893304689e-11	2.4868794101927444e-15	1.664799342585722e-10	1.59090627088887e-18	1.950697595763813e-11	1.3245174176057005e-13	1.7111402501061837e-22	7.062203724081788e-19	5.8013353689317346e-15	1.2822128710228736e-17	1.1043394231600504e-09	1.835061210744121e-11	3.869017291862088e-17	0.0005077746728593	2.0098620170199804e-08	1.16452900518584e-20	2.0915763786252265e-25	1.0278865333973095e-24	1.255325434649127e-23	7.407745388861272e-12	1.4370452316909934e-17	8.592282916343833e-10	2.9196612545599756e-21	1.208941910399478e-12	3.4202145712225795e-24	1.753367192500179e-23	2.2887756847607987e-14	4.165757582871014e-18	2.135241867761868e-18	1.1862509641675184e-19	4.993599112924393e-11	2.9736253311958858e-18	1.0526234779875498e-17	1.804650496288284e-20	2.4498331780105152e-14	8.405889037712416e-23	3.545852160340598e-18	8.933555267345528e-08	4.983301073694665e-12	0.0004252057099542	1.798115896757208e-18	8.919188273880972e-21	7.560740753550532e-18	8.3456679368097e-24	1.8771294921936741e-22	6.633100431179835e-08	1.3025413889685369e-05	8.603813525013015e-07	5.2399472034763424e-14	0.0018923032593261	5.926384900869727e-07	6.641425715365808e-11	1.1655677189173622e-07	5.649777151204588e-07	1.8409761336779628e-06	6.600047361457116e-05	5.2650517326910604e-20	1.3916935632758273e-07	1.5170807134428372e-22	3.642260526651733e-27	2.4295444031815886e-11	2.9231300277438564e-13	5.820533928182244e-14	1.0998225897707778e-50	4.8327400191521615e-24	1.4411741998174976e-37	0.0	0.0
250.9219480204519	172.47590466180088	6069079.124595171	13608180.274629708	42.469671918381145	0.003511225055790988	4.3418863681081755e-13	0.0016934130066361	0.0081842500513308	1.5271270583754694e-08	1.8361856749100608e-11	1.507698553160289e-23	7.976122124192356e-29	3.94751415010023e-21	2.083643376383123e-15	6.578822468947412e-07	4.6069216916103903e-32	1.9241319384911944e-14	7.013632089530676e-22	3.251405174035818e-19	1.2273069355931364e-12	7.183005620978156e-19	1.390969599102293e-13	0.0806947431298255	0.9066033763578404	8.087132399357894e-17	1.6618714091211874e-09	7.650697213980225e-11	4.642988141709269e-15	1.6636623177984514e-10	5.491080916053006e-19	9.755173149814366e-11	1.3109136728134338e-13	1.7205854684097597e-22	2.488476179938488e-18	6.129513588318768e-15	1.9520725382785562e-17	1.1043338104003054e-09	2.481066966148389e-11	3.493604827996861e-16	0.0005077645987105	2.008580315634213e-08	1.5559006344525292e-20	3.3999534261584705e-24	1.2099210703873499e-24	1.7035095207067734e-23	4.6465974878015055e-12	1.451838927429491e-17	8.657151096127886e-10	4.52014927363805e-21	1.208923597934682e-12	2.7221379370803073e-24	1.597606883581746e-23	2.197707454095501e-14	4.23591321360726e-18	3.5978111353472185e-18	3.8739041281569314e-19	1.0314868757180084e-10	2.4132448477747286e-17	1.4542580346430358e-17	2.310060281842745e-20	2.449756950634449e-14	1.0181348007655524e-22	4.698968909269416e-18	2.0586101022458957e-07	6.145312085076397e-12	0.0003603805128615	2.694952008560596e-18	2.1432627985936536e-20	1.0174003696473736e-17	1.707445243882316e-23	1.7884447094699724e-22	1.621816313414407e-07	3.460608058334696e-05	1.4475911017411463e-06	6.46722029897816e-13	0.0018391613113771	5.918681043115904e-07	7.655957074546687e-11	8.991107215414431e-08	6.435768541894672e-07	4.147633654894529e-06	7.400571587564901e-05	8.16013273458682e-19	3.1313745006018865e-07	2.103754571468858e-22	3.994000612460737e-27	2.4264440061763036e-11	3.9278562384777874e-13	2.17479545102372e-13	7.524691258657506e-44	3.125957320672093e-23	1.1088601427664489e-36	0.0	0.0
244.52544572534268	90.86418229918756	6182473.648658111	17561952.319641374	42.46744643032558	0.0018980812142877282	3.1737280580256817e-12	0.0017691610296028	0.008183272222571	6.860471370027696e-08	5.294145383349399e-11	6.410227559407192e-23	1.3679345137070931e-27	1.716432644504278e-20	6.324895990028883e-15	6.578588462744123e-07	7.429928765914287e-32	2.6546838757596444e-14	4.891816399966412e-21	2.728665961316532e-19	1.700723676872158e-12	2.911589150543234e-18	1.4396342931064518e-13	0.0807461664023305	0.906554685925222	8.045205549418452e-17	2.868557172804854e-09	7.34951417603599e-11	5.7502615927974745e-15	1.6622915139220403e-10	1.4295569942539933e-19	1.8130349783195955e-10	1.2937097847374737e-13	1.0981652724731895e-22	2.4387545551811577e-18	5.643955783676829e-15	2.593388118877176e-17	1.1043115899693823e-09	3.221666704469748e-11	1.7334211686245682e-15	0.0005077478386113	2.0067780204700104e-08	1.8841395050334652e-20	2.9421715765595336e-23	1.3017595968395992e-24	2.3719408263124686e-23	2.4443700588463776e-12	1.3858972638528405e-17	8.680495927450787e-10	5.083444238225988e-21	1.2088678310644862e-12	2.053131414089438e-24	1.2842553635491417e-23	2.0787546314843663e-14	4.3337146889791234e-18	5.891229915273187e-18	8.409245652169531e-19	1.8503944607641258e-10	5.4665039281797097e-17	2.0158928350226438e-17	2.963517068339227e-20	2.4496373839632554e-14	1.1897270571371467e-22	6.261001479383842e-18	3.454524324608496e-07	7.819188300502491e-12	0.0002855621297566	4.1618270527732835e-18	6.070915859239855e-20	1.3582300806630859e-17	2.793644251720571e-23	1.6780900214592218e-22	4.957504515302634e-07	7.819496764809174e-05	2.314027062612144e-06	3.4325316403312533e-12	0.0017851168386455	5.90864996006305e-07	9.036256262198511e-11	4.935545073316046e-08	7.2045396374482e-07	6.622858539551018e-06	7.77069331830292e-05	5.604151168118748e-18	4.947502878883993e-07	2.918962901108885e-22	4.4761286852164255e-27	2.422452333097133e-11	5.183539765574733e-13	5.105640600680633e-13	6.662704327071586e-35	1.36081405193903e-22	3.24670784302017e-36	0.0	0.0
238.4419434756792	47.86929305336501	6293022.657047205	22657459.093647595	42.46439414821526	0.0010253904607240441	1.497979794500361e-11	0.0018547027840815	0.0081819900155768	4.707893203494844e-07	1.333311064049327e-10	2.0278622259518344e-22	1.3294104710293304e-26	1.1998383806194524e-19	1.1341011600357193e-13	6.578271817013556e-07	3.6073639765265133e-32	3.66232194102069e-14	2.201732104221101e-20	2.1546018897900992e-19	2.3648046152427056e-12	1.7994944647261386e-17	1.487369673751378e-13	0.0807985592282271	0.90648784775374	5.858774732007784e-17	4.7858377038034064e-09	6.579069691815399e-11	3.1792974512975427e-15	1.6608682906418458e-10	5.882696221339291e-20	1.1639786005723809e-10	1.2722790298291525e-13	4.244739109749527e-23	2.047344511942532e-18	2.5038587118824224e-15	3.153369040264152e-17	1.104276817483435e-09	4.0991146807075065e-11	6.25661847019332e-15	0.0005077251975356	2.0042577558627143e-08	1.9438831407920268e-20	1.8187001538031825e-22	1.1386446127186991e-24	3.313024113790653e-23	8.850043514853919e-13	1.2852625877237934e-17	8.6791656047839e-10	3.9284983012963576e-21	1.2087805984294859e-12	1.4498527524724342e-24	9.777245507938917e-24	1.9261756741964223e-14	4.4702208995255175e-18	9.37788218825083e-18	1.3290344907804731e-18	3.0391885063802536e-10	4.6424794105069804e-17	2.7978943139150346e-17	3.8391222649927664e-20	2.449473809614572e-14	7.704092087524982e-23	8.410491529966384e-18	4.170878829924018e-07	1.0962128627039597e-11	0.0002011559393507	6.539756452454319e-18	1.7746817685891978e-19	1.79601458253237e-17	3.8751448226643736e-23	1.56793047855437e-22	2.8098102802683788e-06	0.0001443515887995	3.530765559807728e-06	1.0888610989544352e-11	0.0017292129904992	5.896854947004719e-07	1.0930952787821989e-10	1.2131957869480626e-08	8.016346397949703e-07	6.297940300033162e-06	7.837825325358908e-05	2.741582208032492e-17	4.607723275862746e-07	4.054773044109791e-22	5.1428236371719206e-27	2.4173004690304094e-11	6.853339049118045e-13	9.26660640562615e-13	2.643112723744579e-28	9.638737387448104e-22	2.957084239164616e-36	0.0	0.0
232.56637850983432	25.218619256197588	6400866.500993516	29221978.017770957	42.46009943885702	0.0005537903215711348	4.646049987419264e-11	0.0019373487147046	0.008180331036397	4.488692589852684e-06	3.5891510843967594e-10	3.1852387501396922e-21	2.7331975459485158e-25	1.929322834152573e-18	1.5761030496925066e-12	6.577819158389264e-07	5.817280193843793e-33	5.0457538576094746e-14	7.691460545053226e-20	1.5772495925999238e-19	3.298684789086556e-12	7.098790098765736e-17	1.518308486956942e-13	0.0808524218837262	0.906393747340988	3.274788508566963e-17	7.770179722460826e-09	4.361416137136391e-11	8.444721953114078e-16	1.6595257877440298e-10	3.024305795567473e-20	1.9547603429981797e-11	1.248148966416083e-13	1.354018502184507e-23	1.6829190879712237e-18	3.5058046570334285e-16	3.612007348666793e-17	1.1042243796911632e-09	5.165239182908629e-11	2.0834105937542932e-14	0.0005076933528199	2.0007325832741218e-08	1.8380780318703048e-20	1.0182140626360473e-21	8.550837157981697e-25	4.521344125360609e-23	1.5222153812050045e-13	1.1658193936526638e-17	8.665735196480763e-10	1.445574947173157e-21	1.2086555915761386e-12	1.134119615548066e-24	7.434788783097635e-24	1.7473573201428773e-14	4.657357052255801e-18	1.43763606116247e-17	1.6239897921591665e-18	4.724710271900252e-10	1.0868757691959097e-17	3.86809647091784e-17	5.0389622641551995e-20	2.449243849479713e-14	2.8297315732010937e-23	1.1395860684242105e-17	1.3217893802157313e-07	1.5012946174171828e-11	0.0001184341738908	1.0579039399410769e-17	6.144755795507938e-19	2.3110153972159438e-17	4.820084492783721e-23	1.4712133829676653e-22	4.439155637151797e-05	0.0002029205547617	5.200577107270624e-06	2.5846576354224298e-11	0.001670471082399	5.884492807468122e-07	1.3540351873258496e-10	5.239287843654767e-10	8.924648138105994e-07	1.778158353604419e-06	7.835425602178052e-05	7.42551743038767e-17	1.1610504377401637e-07	5.638022575396491e-22	6.0292233275682896e-27	2.4105271551763853e-11	6.394674853266866e-13	1.3961387430891324e-12	1.7937098667849253e-22	1.8839627113060072e-20	5.5176920493115435e-37	0.0	0.0
227.03749630718696	13.285735314287283	6506099.161907044	37675757.96283013	42.45414444999931	0.00029881203151322993	9.258973568853952e-11	0.001980137441449	0.0081782430629313	1.1056578681854672e-05	1.3052711242876202e-09	3.7593757416763356e-20	3.7631641159801936e-24	8.868375921021213e-18	6.106434262674748e-12	6.577179432205761e-07	5.827142663354184e-33	6.942781530746073e-14	2.532934438591181e-19	1.179855410141818e-19	4.618912494368504e-12	6.72256859587781e-17	1.5266194209631708e-13	0.080894271626558	0.9062631419135186	2.5189172226286778e-17	1.240268512700622e-08	2.38060869150982e-11	6.8781198908422e-16	1.6583205534613992e-10	1.903809091426089e-20	9.029041682728568e-12	1.232546164576293e-13	2.154679494615442e-23	1.5931860693977632e-18	1.482445948222651e-16	4.0109508062460724e-17	1.10414998751861e-09	6.533895765833094e-11	5.571301671933954e-14	0.0005076496427675	1.996105398270842e-08	1.929060566764879e-20	4.4730955631940804e-21	9.145734242515858e-25	5.962113849869043e-23	2.9096880034362614e-14	1.078562496256728e-17	8.650637910827588e-10	1.5043499991761387e-21	1.208482190948363e-12	2.1352839408559435e-24	5.7584491304532335e-24	1.6166854123568665e-14	4.875204666408115e-18	2.071899211768904e-17	1.698444507823403e-18	7.09473704127508e-10	4.204025974777289e-18	5.3399687004273493e-17	6.703907156457535e-20	2.448925892385393e-14	2.096101173313668e-23	1.5564861026783016e-17	3.444454500407412e-08	1.11160219118063e-11	7.474733869495498e-05	1.7805395513034716e-17	3.208237959662864e-18	2.6795729961267254e-17	5.612097501759075e-23	1.3896270641820616e-22	0.0002146356639941	0.0001658362525152	7.436437043310044e-06	5.361031580408784e-11	0.0016220069427661	5.872903930404133e-07	1.6839972675323394e-10	6.499467308069593e-11	9.968165859320165e-07	2.091847394914302e-07	7.830228485309929e-05	2.31515784870587e-16	1.2319033140682005e-08	7.840218005697887e-22	7.020625763528949e-27	2.401520509923797e-11	4.778255105560146e-13	1.673409574285212e-12	1.286345488874052e-18	1.4095583870586291e-19	2.019023717429957e-37	0.0	0.0
221.81566719078796	6.999223908657184	6608878.430840782	48558135.05043677	42.44984015883891	0.000161110449131479	2.486782379614102e-10	0.0019991470665402	0.0081764354480778	1.742374458598226e-05	5.125254787003987e-09	8.984423279271794e-19	2.536824713414609e-22	6.518167083697807e-17	1.410756275309168e-11	6.576902968993651e-07	2.342919597755999e-32	9.54351366404133e-14	9.180673116716173e-19	2.8083542494688354e-19	6.481971031868121e-12	5.208944059577026e-17	1.5290398042538616e-13	0.080920904933878	0.9061663005409402	2.5706066870036637e-17	1.9455350991109682e-08	1.3615088281032736e-11	8.89353726373187e-16	1.6573502829399352e-10	1.2369221950956711e-20	1.2057238857182544e-11	1.2255179343072706e-13	5.848927763397066e-23	1.2791435744128632e-18	1.8338103855851927e-16	4.374807576851217e-17	1.1041495958963781e-09	8.356734572966805e-11	1.2088809359879976e-13	0.0005076369921987	1.9915889137261357e-08	2.300749196879007e-20	1.5849084630044246e-20	1.0773890740415947e-24	7.323971730572736e-23	1.4604862882384847e-14	1.0290727239921001e-17	8.637838589087598e-10	2.5664620136510985e-21	1.2083542437950418e-12	5.8176200454664045e-24	4.5311504323649555e-24	1.54254925321504e-14	5.071068883339481e-18	2.854828797522993e-17	1.8040873475468244e-18	1.042508886047754e-09	3.653824253383425e-18	7.392720860596698e-17	9.031941776567872e-20	2.4487138964697805e-14	2.750854415477944e-23	2.1411185228084116e-17	2.2406927384002555e-08	4.95247433970776e-12	5.5747560433281976e-05	2.5830953158331918e-17	1.2414631658327289e-17	2.8553808271286294e-17	6.26268715890229e-23	1.3222481893212624e-22	0.0003520512062591	0.0001192998940002	1.03032708979035e-05	1.0495307717499688e-10	0.0015940338035892	5.863957636625231e-07	1.9701428493312155e-10	2.252593326430004e-11	1.1225042289207154e-06	3.9490765638567916e-08	7.823643960079747e-05	1.3955365523036494e-15	2.202539260069262e-09	1.0906696088947082e-21	8.101286436917494e-27	2.389819621145091e-11	3.895504415138429e-13	1.8053427261458877e-12	2.9392047189818133e-16	1.3748896955850485e-18	2.937923398430238e-37	0.0	0.0
216.8087593425761	3.687348435342992	6709336.35507901	62560880.104149535	42.44698385884133	8.68308734807794e-05	7.60373845267829e-10	0.0020084240867099	0.0081750208696762	2.394958753131255e-05	2.3568953827813246e-08	2.3589503375332937e-17	9.011900401028304e-21	9.788180721232974e-16	2.6750744571991782e-11	6.577014616316438e-07	2.071234253721833e-31	1.3089394253614672e-13	4.361896425593215e-18	2.3969233458162217e-18	9.108355608225644e-12	3.8886162648428514e-17	1.5298308705392042e-13	0.0809408986967849	0.9060982975118584	3.6895447729538086e-17	2.9962673051601135e-08	9.437891741080342e-12	1.3639962609022472e-15	1.6565615060477166e-10	8.675783232850402e-21	2.118422637394288e-11	1.2234594966519896e-13	2.1464309932633794e-22	1.109604259513104e-18	3.6074491521302047e-16	4.7257959923025104e-17	1.1042331832079168e-09	1.0745498420056707e-10	2.309982428556849e-13	0.000507657727445	1.98796650388313e-08	2.976872691622591e-20	4.895204417832989e-20	1.2889896454044888e-24	8.371523416129602e-23	3.9177652489560114e-14	1.003368658300978e-17	8.627247946915369e-10	5.902167813056708e-21	1.2082653127495724e-12	1.4158017484865131e-23	3.585801933996247e-24	1.5040383657089263e-14	5.2152569600923385e-18	3.80566025685093e-17	1.9543010026494063e-18	1.5109377204213804e-09	5.713842413222542e-18	1.0198514889037879e-16	1.2299994841117504e-19	2.4486004119791982e-14	4.89434549123389e-23	2.962958775450212e-17	1.9448198568794337e-08	1.3002646720509685e-12	4.737945067976498e-05	3.1590539239567146e-17	3.274766601908131e-17	2.9208053550781e-17	6.785360100241862e-23	1.2677853859137693e-22	0.0004398772417671	8.542303110434204e-05	1.3871046303129193e-05	2.0076168543371638e-10	0.0015784245315554	5.859123167096662e-07	2.127566699865424e-10	9.568682564225879e-12	1.2757351855963431e-06	9.148148868863489e-09	7.81493434278086e-05	1.7830524518528565e-14	4.883912580064229e-10	1.518129608932727e-21	9.271338699695098e-27	2.3746789940390034e-11	3.445467340071298e-13	1.8673184192507014e-12	9.143807275138552e-15	2.4449499236674404e-17	7.718510874533343e-37	0.0	0.0
211.99348716670988	1.9425780145151743	6807564.252137305	80570742.95613204	42.444920823399684	4.678123233561448e-05	2.3997635778819526e-09	0.002014142172226	0.0081741535273026	3.0692553795799614e-05	1.395449558520542e-07	2.579471369000199e-16	1.1970606420144052e-19	8.086345155683235e-15	4.385979214862711e-11	6.577547167781801e-07	2.170013006096613e-28	1.7838347212089825e-13	2.1276363305329402e-17	1.464417378595232e-17	1.2812927955189344e-11	2.861714031510239e-17	1.5299921188693517e-13	0.0809604757411478	0.9060443491964396	7.314097851755526e-17	4.53784802771711e-08	9.711792584617806e-12	2.5144632168796024e-15	1.6559020030726527e-10	6.791510754775809e-21	4.3879974918629286e-11	1.224166346435613e-13	1.074708309956588e-21	1.1169486778113365e-18	1.1518810759565204e-15	5.2012104747582035e-17	1.1044176338694603e-09	1.37471552513291e-10	4.1253994503842235e-13	0.0005077107642579	1.9854381054314637e-08	4.003670768762513e-20	1.3709333017622424e-19	1.5683223760354556e-24	9.079205270151474e-23	1.3337729815739204e-13	9.907128444840625e-18	8.61828016634636e-10	1.838016387465543e-20	1.2081958136587337e-12	2.8387583234253305e-23	2.8790595295042253e-24	1.4850763708830455e-14	5.305681780782273e-18	4.907494583885152e-17	2.1083529778036144e-18	2.170449043439721e-09	6.023377596296266e-17	1.3905348781170256e-16	1.6896824236952928e-19	2.4485538198550112e-14	1.0905465607142369e-22	4.1199151911422473e-17	1.9237099914446944e-08	1.685943010348777e-13	4.355510873622992e-05	3.46494044771515e-17	6.719390197747577e-17	2.941887804514887e-17	7.194983335311594e-23	1.2247487857500104e-22	0.000494612561874	6.241680051060135e-05	1.808256255835471e-05	3.8293896321756926e-10	0.001568843111036	5.860069944229956e-07	2.1341265695206056e-10	4.5083667305261706e-12	1.4582927606221238e-06	2.308107888504175e-09	7.802982449370006e-05	1.269538368225841e-13	1.1905382897224039e-10	2.1156668705436696e-21	1.0421677761570096e-26	2.355563523708395e-11	3.2041270035003613e-13	1.897402031946232e-12	9.689507827080577e-14	2.272155057360153e-16	3.38448821989123e-36	0.0	0.0
207.36954715068143	1.0233937499119743	6903644.784871408	103723679.33800437	42.44320666394735	2.5193931783717056e-05	7.1645572910598405e-09	0.0020190783727519	0.0081742213634334	3.741501442183784e-05	7.096518504791588e-07	1.5229665105314513e-15	9.072675197191913e-19	3.7779306903544194e-14	6.202150127009097e-11	6.578761370441674e-07	2.131764550665868e-25	2.3995316723920057e-13	7.351976227341287e-17	5.636800370926795e-17	1.8047393282988364e-11	2.0710499011931706e-17	1.529893505804531e-13	0.0809834194573738	0.905993920140694	1.6656757433854682e-16	6.77654489866252e-08	1.540447912412327e-11	5.301836846675951e-15	1.6553675201208368e-10	5.8814417058038505e-21	1.2460521492146823e-10	1.2266892192061656e-13	4.696400978770797e-21	1.1269159810632457e-18	4.086285391617509e-15	6.256783574338418e-17	1.1047741737613584e-09	1.7102853424982958e-10	7.115985721747513e-13	0.0005078003911629	1.983952531576781e-08	5.432325230192538e-20	3.3447706442782656e-19	1.9218468885297792e-24	9.517722498725053e-23	3.48781732607577e-13	9.847983193043544e-18	8.610782572004415e-10	4.904747210732706e-20	1.2081317408482565e-12	4.7090117164993903e-23	2.3835800954384745e-24	1.476217727386289e-14	5.355384121834617e-18	5.996602970381412e-17	2.212025513247134e-18	3.099926869465168e-09	8.957435767178726e-16	1.8521269157700448e-16	2.337136323849441e-19	2.4485572617084566e-14	4.761717108780334e-22	5.750556956448867e-17	2.044543306740397e-08	1.4977310100773012e-14	4.173044493283512e-05	3.594788161126045e-17	1.1906796637089067e-16	2.94842627871974e-17	7.50853447329099e-23	1.1913793957618612e-22	0.0005293384956705	4.681935950061588e-05	2.246122332843269e-05	7.380215070930407e-10	0.0015621929561943	5.869083433157353e-07	2.0257995927667482e-10	2.340406091580145e-12	1.6629517751773891e-06	6.02996309116746e-10	7.786294881988484e-05	5.191137236785867e-13	3.0769500999325787e-11	2.9542079276723684e-21	1.1327901855409283e-26	2.3336273123405357e-11	3.0641538036758583e-13	1.9129218924962704e-12	5.489839952180146e-13	1.167151258000866e-15	2.3087501125722688e-35	0.0	0.0
202.9366266126741	0.5391468242372163	6997661.745855307	133473899.48179376	42.441561232394825	1.3562131330431147e-05	1.8995638845773612e-08	0.002024713131417	0.0081758467283065	4.371427792146681e-05	2.2884383628808897e-06	6.445850509444226e-15	1.4247245820586605e-17	1.190348151367572e-13	8.009137507848692e-11	6.581180302017342e-07	8.996867778030226e-23	3.16837619118539e-13	1.7691660459192964e-16	1.5660930231722472e-16	2.5461208806176456e-11	1.4818252647197045e-17	1.5297791864655946e-13	0.0810126883370826	0.905939608975539	3.724996463673714e-16	1.0005372714109596e-07	3.572729874788921e-11	1.0960137547018584e-14	1.6550019126729283e-10	5.473300404019696e-21	5.165761070654208e-10	1.2306448866227893e-13	1.323233238186274e-20	1.0204231351510129e-18	1.226951503257632e-14	8.853581075046475e-17	1.1054404960260467e-09	2.0137499162550942e-10	1.2036051184175826e-12	0.0005079369563621	1.983439088065137e-08	7.27090247545531e-20	6.59756050499645e-19	2.3239769101053323e-24	9.769692167457884e-23	7.012163962855661e-13	9.822445066153834e-18	8.605073334603167e-10	8.351100652163857e-20	1.2080631754552e-12	6.644211516669813e-23	2.0720134564937123e-24	1.4723984789825535e-14	5.380925392276468e-18	6.816988300148098e-17	2.234684685306177e-18	4.411331975228449e-09	7.771388144728337e-15	2.375831539094998e-16	3.250250592139976e-19	2.44860675335818e-14	4.937335093994566e-21	8.051452160100836e-17	2.3027634525640763e-08	2.043296827211837e-15	4.0808863586867794e-05	3.638214352539634e-17	1.9383038129235918e-16	2.9508307486941616e-17	7.743753685005218e-23	1.1657801179851733e-22	0.000551746058394	3.640737493090859e-05	2.621591420537652e-05	1.424356881407493e-09	0.0015571061488088	5.889262165363352e-07	1.8859600062643615e-10	1.3801279126833646e-12	1.8724092398282257e-06	1.6294823562464618e-10	7.76282093734874e-05	1.5200499288853109e-12	8.620195624090522e-12	4.135020412864472e-21	1.1889602972832714e-26	2.312701017152125e-11	2.978246079442422e-13	1.9214683807139284e-12	2.143251852672036e-12	4.005090331340712e-15	5.6420571565908365e-33	0.0	0.0
198.75383592586425	0.2840346622305227	7089699.599033273	171829616.269203	42.43977490477144	7.2948921390975034e-06	4.4645343732288055e-08	0.0020321160983781	0.0081798079317537	4.92661837373169e-05	5.0590593913374505e-06	3.6948657675823794e-14	3.428700923386443e-16	2.9042045474132404e-13	1.0057466146746549e-10	6.585507690041962e-07	1.5935729986135e-20	4.1006970344466797e-13	3.302413929719521e-16	3.6185206618085873e-16	3.598321059203292e-11	1.0865952462729875e-17	1.5298195496349293e-13	0.0810515912400869	0.9058748971514748	7.789399518559325e-16	1.4643150310559734e-07	1.5743718270804294e-10	2.0183799089973142e-14	1.654870074462035e-10	5.4222345513047015e-21	2.160816268456298e-09	1.2355956766675553e-13	2.5981472962129846e-20	8.260257366405804e-19	3.0841928333503283e-14	1.4620426474447182e-16	1.106601189884846e-09	2.2369102054922078e-10	2.011066393050772e-12	0.000508137569185	1.9838958986372732e-08	9.438992080868824e-20	1.0447004817080644e-18	2.733663897990009e-24	9.901040320476172e-23	1.1508061226113413e-12	9.813524934824308e-18	8.601592977069137e-10	1.0679424551395338e-19	1.2079813684946632e-12	8.298586035210665e-23	1.910278859626578e-24	1.4710661341302036e-14	5.3941733240583524e-18	7.309317671452331e-17	2.1906346483144512e-18	6.26432024853291e-09	4.083918171411194e-14	2.908164607593665e-16	4.540109584173983e-19	2.448705254350213e-14	4.333988939541323e-20	1.1302630605830035e-16	2.7899314555925668e-08	5.559948509707607e-16	4.0308087609821525e-05	3.646609128027005e-17	3.0013735072848274e-16	2.952299630495571e-17	7.917004835879444e-23	1.1461320072907077e-22	0.0005664212478953	2.9628816910847742e-05	2.8968532672192072e-05	2.7503919408786602e-09	0.0015529302023479	5.923385539591529e-07	1.7768665137804842e-10	9.641203328326545e-13	2.067195817061718e-06	4.6543298135484597e-11	7.729688334734106e-05	4.15321368753435e-12	2.709908485746158e-12	5.802250318038505e-21	1.2187815560347058e-26	2.2959612631742474e-11	2.923765813664099e-13	1.9263605260639346e-12	6.722365215904475e-12	1.0616235421588808e-14	6.16983045239102e-31	0.0	0.0
194.7425458683281	0.1496358426344195	7179870.229294065	222739404.5416805	42.437643826954286	3.922076259602567e-06	9.635926074390609e-08	0.0020423687205107	0.0081870233071062	5.396490390329056e-05	8.863659358830301e-06	2.663013529345831e-13	3.1739234456513047e-15	6.057398804408477e-13	1.2476755384379808e-10	6.592593543218344e-07	1.180905198297062e-18	5.213079388754759e-13	5.212719110663802e-16	7.369584174672509e-16	5.0919243578529706e-11	8.619764097323659e-18	1.5301367947651757e-13	0.0811045258138225	0.9057924715172566	1.4957966582627145e-15	2.1283303811885706e-07	1.0095044296771284e-09	3.2436189096331835e-14	1.6550401843303278e-10	5.731378331315505e-21	7.080979032330251e-09	1.2408578381244417e-13	4.047152607239799e-20	7.586691320658364e-19	6.882032389690948e-14	2.8648636809084283e-16	1.1084771520914356e-09	2.379622806446001e-10	3.295417603352617e-12	0.0005084276302386	1.9854175136034768e-08	1.1738704667415833e-19	1.3840138438031784e-18	3.1136765674007487e-24	9.956868623608665e-23	1.6149453586759257e-12	9.81341288178023e-18	8.600545914136233e-10	1.3287747603210887e-19	1.207876580686105e-12	9.525075467769468e-23	1.846924948108387e-24	1.4710249820323803e-14	5.401727815001456e-18	7.578326250085875e-17	2.114785215551086e-18	8.884387953075369e-09	1.449837135838342e-13	3.39713746410506e-16	6.363484271026328e-19	2.4488549156781587e-14	2.3848214741699932e-19	1.5899092322366592e-16	3.7005903589892425e-08	3.141313877344089e-16	4.001507116566906e-05	3.643353435810696e-17	4.507278871999939e-16	2.9537891916860176e-17	8.041680085090591e-23	1.1308527145505257e-22	0.0005762809802633	2.524233492699235e-05	3.082972145862683e-05	5.523926693632115e-09	0.0015492755699334	5.970628729392921e-07	1.7097710280128446e-10	8.027436469011982e-13	2.2341218912676067e-06	1.4328913693465708e-11	7.682897587621961e-05	1.270970592746698e-11	9.826470939128457e-13	8.158644605007061e-21	1.2337301610581486e-26	2.2835773836227217e-11	2.88814255870894e-13	1.929168299762556e-12	1.8238759066464173e-11	2.406207728261864e-14	7.1254363545904365e-31	0.0	0.0
190.82765347225828	0.0788315243818386	7268250.421500682	288691159.1860729	42.43494282880059	2.1084932543656244e-06	1.9769390645609498e-07	0.0020567361241497	0.0081985867266055	5.786695451679096e-05	1.3561559522662964e-05	3.843042428425551e-12	3.713618309752385e-14	1.2865412310038786e-12	1.516472494503368e-10	6.603450404946608e-07	3.703985334083668e-17	6.526892915627218e-13	7.329035355292763e-16	1.3322194589264448e-15	7.19622751417237e-11	7.801454277882442e-18	1.5308351036562534e-13	0.0811771778909833	0.905683568611642	2.5402401014606608e-15	3.0700723830710014e-07	5.49382500435091e-09	4.607573945764777e-14	1.65558544023196e-10	6.362617628977905e-21	1.7081960483716595e-08	1.2456739963045974e-13	5.417270946289496e-20	3.087263493075044e-17	1.4357018477675913e-13	1.11771869519186e-14	1.111328388542379e-09	2.463215784363949e-10	5.0363618891712046e-12	0.0005088409626712	1.9882126300076496e-08	1.382260941005345e-19	1.599992373614715e-18	3.439818297206441e-24	9.967256445238975e-23	1.985607442821405e-12	9.819094496117346e-18	8.601279482817045e-10	1.7117607684837074e-19	1.2077372389550193e-12	1.0337220099588873e-22	1.8294430407821263e-24	1.4717790931253634e-14	5.407104344015952e-18	7.727141663824106e-17	2.0346627208904264e-18	1.256490206964718e-08	3.7900739368522594e-13	3.804328668619123e-16	8.924010346007525e-19	2.4490510736291033e-14	8.669435748239394e-19	2.2353812909135995e-16	5.297367489391036e-08	3.116020862681347e-16	3.983587494254556e-05	3.6376570714723055e-17	6.623831778479001e-16	2.9556420162597616e-17	8.127310716201351e-23	1.11869331389892e-22	0.0005831264528333	2.237758484998929e-05	3.203526565698224e-05	1.1689189259644621e-08	0.0015458564681534	6.020844776548276e-07	1.6720097714879502e-10	7.535611051136442e-13	2.3664123315080045e-06	4.829025055306704e-12	7.617339192758085e-05	3.8279986416057386e-11	4.2627169317118125e-13	1.1466719527451314e-20	1.2411491657683959e-26	2.2740098433025557e-11	2.864076266860223e-13	1.9306762061318703e-12	4.4477214234053416e-11	4.975883345719783e-14	6.439144598421305e-31	0.0	0.0
187.05878137504257	0.0415302184754428	7354883.411134876	374115121.5670924	42.43136237460407	1.133086515229348e-06	3.855174678842549e-07	0.0020770231666343	0.0082160437866552	6.11672128137835e-05	1.9272301167220077e-05	1.2205798170050988e-10	9.964583839656722e-13	5.346841597790934e-12	1.7945988536077867e-10	6.619502244434574e-07	5.193202280404512e-16	8.089481953626189e-13	9.504597505683521e-16	2.153648337231688e-15	1.0156741767910381e-10	8.206316426433523e-18	1.532035328146472e-13	0.0812779626834628	0.9055356182971508	3.733019235587727e-15	4.4019333120889684e-07	2.2690911105952733e-08	5.945016699391487e-14	1.6566026518657288e-10	7.162529020188684e-21	3.148304110437656e-08	1.2495748303927218e-13	6.556339863969956e-20	4.831265630280887e-16	2.850832965268803e-13	5.329589001680187e-13	1.1155174192732835e-09	2.5105143664905105e-10	5.967473593658855e-12	0.0005094276337214	1.9927490346665695e-08	1.5268870030587357e-19	1.678335078039018e-18	3.706510703474986e-24	9.956309756325716e-23	2.182532348152544e-12	9.829980500539569e-18	8.601028354700681e-10	2.1002582833172132e-19	1.2075469183664044e-12	1.0833538074130096e-22	1.8198039568095524e-24	1.473194689452432e-14	5.412436667673119e-18	7.815245237492445e-17	1.963186718048655e-18	1.7730176336134553e-08	7.744935762643633e-13	4.108530754016206e-16	1.2518149541397353e-18	2.4492906256684243e-14	2.3208901051435125e-18	3.1414977030294323e-16	7.696219262324633e-08	3.4822710723993117e-16	3.97262603373404e-05	3.6327213159631086e-17	9.59704493555775e-16	2.95808309332586e-17	8.18132605125708e-23	1.1084984409584808e-22	0.0005881402250942	2.045262400318915e-05	3.278760956316224e-05	2.4326333515352523e-08	0.0015423686632695	6.056980621245877e-07	1.6492385426145626e-10	7.418574687121611e-13	2.4628800907827022e-06	1.792791607399189e-12	7.525696936222523e-05	9.689981470724646e-11	2.291161110418307e-13	1.610610328159637e-20	1.244689453358504e-26	2.265315007617248e-11	2.8470357196508244e-13	1.931288297796556e-12	1.0398203777990763e-10	9.792113826995977e-14	5.7099287868364525e-31	0.0	0.0
183.47928921888223	0.0218790523225676	7439835.604848981	484741557.83717954	42.42648089591272	6.085110204791746e-07	6.898002372182581e-07	0.0021057994952935	0.0082416137525223	6.41197019657238e-05	2.635555491291068e-05	2.0252560007857997e-09	1.3288606399557355e-11	3.582844107614812e-11	2.0684595744977008e-10	6.642779532860816e-07	3.6277266190163765e-15	9.972533767442957e-13	1.1616949751276448e-15	3.1563374354004104e-15	1.428107615303682e-10	9.750058222073037e-18	1.5339034893863773e-13	0.0814187971707191	0.9053310925960136	4.810863769538301e-15	6.264843616315076e-07	7.184464380787416e-08	7.153072738641017e-14	1.6582332404747723e-10	7.921004492940221e-21	4.726849609898408e-08	1.2524280025209685e-13	7.397839134130764e-20	2.4302181231823826e-15	5.252266142727523e-13	7.957750909827645e-12	1.1215335332814395e-09	2.537678052793205e-10	3.886802975086931e-12	0.0005102589949454	1.9997494555916603e-08	1.5896324889094268e-19	1.674248179980354e-18	3.9185662962356756e-24	9.945489609726352e-23	2.2269021985595298e-12	9.846620804250889e-18	8.593571676572676e-10	2.3537340566659523e-19	1.2072827656549501e-12	1.1116894696647226e-22	1.807322701886683e-24	1.4753455475049216e-14	5.419251484290082e-18	7.870131559007884e-17	1.9043321190477065e-18	2.4874069694401885e-08	1.2835633500500632e-12	4.304659739700415e-16	1.7528028631444463e-18	2.4495817443414583e-14	4.998848938053816e-18	4.407255259019548e-16	1.0664456877892218e-07	3.560564084935408e-16	3.966583216164378e-05	3.629437772573176e-17	1.3754837537730861e-15	2.9612207144130984e-17	8.208245700053984e-23	1.0992576766651972e-22	0.0005920702963604	1.9116227069994455e-05	3.322281262018973e-05	4.647562206307059e-08	0.0015384722601377	6.065842827950305e-07	1.6345513104468087e-10	7.372397728424939e-13	2.5253557154314925e-06	7.367993457484377e-13	7.398019403591819e-05	1.9715245237212424e-10	1.536676600897659e-13	2.2543678600924135e-20	1.2459265626631416e-26	2.255767125658532e-11	2.834300314463385e-13	1.931174301938365e-12	2.7359522018747503e-10	1.8950325354497385e-13	5.099304261724449e-31	0.0	0.0
180.0458289360655	0.0115263764099075	7523193.949183557	627980608.0977912	42.41971908605625	3.266385968584739e-07	1.1082194165734237e-06	0.002146766030282	0.0082785083616079	6.703326385763742e-05	3.527327757665526e-05	1.9139390927184527e-08	9.981590398189356e-11	1.6296929658016488e-10	2.33200510090922e-10	6.67622042558399e-07	1.4798988894354586e-14	1.226027762051468e-12	1.3571862040016336e-15	4.260402451453397e-15	1.9778447581719157e-10	1.2436071607026115e-17	1.5366798550656322e-13	0.0816163998684034	0.9050456167487048	5.620177189580524e-15	8.755149855598758e-07	1.758078982292992e-07	8.194853155480325e-14	1.6606858787085936e-10	8.481566098717292e-21	6.137608492574595e-08	1.2543388782743498e-13	7.948100409151175e-20	6.8714250723472365e-15	8.690082028397392e-13	6.078272979887391e-11	1.1299312734740826e-09	2.554726535807056e-10	1.6151997877360998e-12	0.0005114365804702	2.0096968526981668e-08	1.6101656027240176e-19	1.658328380472939e-18	4.085334122888459e-24	9.9441874596296e-23	2.2249413865133617e-12	9.870315352006405e-18	8.569827229818243e-10	2.447494848216212e-19	1.2069128252434576e-12	1.126645198713013e-22	1.8000691963247547e-24	1.478451543763322e-14	5.4287729217056484e-18	7.904190018196498e-17	1.8579297260710058e-18	3.4222139701765124e-08	1.7827193597867468e-12	4.4125646330078783e-16	2.4281390286838708e-18	2.449948718924781e-14	9.135795044604553e-18	6.127422245150658e-16	1.3770710579041148e-07	3.2154232562447912e-16	3.9645849182814586e-05	3.62783324144038e-17	1.94138790111917e-15	2.9647281073643256e-17	8.209913949226514e-23	1.090023076961355e-22	0.0005954070015109	1.8157151248898235e-05	3.3442012206285254e-05	7.944860954338799e-08	0.0015337559826999	6.04385977058854e-07	1.6258064853380072e-10	7.323958234594244e-13	2.5591207498288005e-06	3.3632340828834673e-13	7.221056256118083e-05	3.2115294468099336e-10	1.230929763196263e-13	3.105953061742691e-20	1.245502793209136e-26	2.2437939284733408e-11	2.824098566949228e-13	1.9303602503480443e-12	9.660009437345263e-10	3.7142134059772986e-13	4.470194569621388e-31	0.0	0.0
176.70800583145734	0.0060723541030995	7605026.809210181	813412562.8939725	42.410282876248395	1.7529196613515966e-07	1.6109743760807103e-06	0.0022052880389502	0.0083313584924823	7.026697032651001e-05	4.632206014904181e-05	1.0881739764381067e-07	5.326541995712148e-10	4.4357192479020414e-10	2.584154366946175e-10	6.724089806024801e-07	4.146684109917397e-14	1.4962608712325468e-12	1.531489188470754e-15	5.369370097144441e-15	2.6309046360862154e-10	1.6250631936884196e-17	1.5407118662239317e-13	0.0818939327929751	0.9046456069597228	6.148770096324162e-15	1.1718379279010336e-06	3.311734115662104e-07	9.071972541770037e-14	1.6642640522242843e-10	8.805554901058507e-21	7.221487648061474e-08	1.2555135786589958e-13	8.264469183034829e-20	1.4248104461060595e-14	1.2814480769449856e-12	3.05468636643137e-10	1.141117174419029e-09	2.567627095309314e-10	8.347618269595632e-13	0.0005131040419504	2.0236001580613908e-08	1.6204616358202985e-19	1.6503480707029966e-18	4.217103600264157e-24	9.953722309636592e-23	2.223246264634841e-12	9.903410737230654e-18	8.522543252468062e-10	2.43618713465367e-19	1.206392536822323e-12	1.1334357759167332e-22	1.799613516938246e-24	1.4828715541720098e-14	5.442228516177246e-18	7.923495314401049e-17	1.8220277557636508e-18	4.5240150689841336e-08	2.1563412289519216e-12	4.466339072448244e-16	3.2697682742972373e-18	2.4504323709390064e-14	1.4563211542870984e-17	8.2987452968030385e-16	1.6654475113745016e-07	2.640439080068249e-16	3.966435296800472e-05	3.627765466497805e-17	2.647318825812328e-15	2.9679295589622e-17	8.185614700967568e-23	1.0798243628772746e-22	0.0005985113251761	1.7443417280491386e-05	3.3523729849774554e-05	1.1984085320084434e-07	0.0015277007565	5.993997242773429e-07	1.6204927246749823e-10	7.268936695143207e-13	2.57115414092809e-06	1.7051026593875129e-13	6.977795408728515e-05	4.30269776661672e-10	1.0995154807863569e-13	4.101665280610781e-20	1.2436213409829846e-26	2.2277534018361785e-11	2.815125572287044e-13	1.928766540676257e-12	4.416976944111685e-09	7.558044495906008e-13	3.7908228351239934e-31	0.0	0.0
173.5015405709904	0.0031990525939908	7685381.067239451	1053420477.5550458	42.39708300142024	9.40251428619904e-08	2.156475829899127e-06	0.0022892547614869	0.0084068238498873	7.427107614961532e-05	5.915129475155928e-05	3.710191499423666e-07	2.085465362592359e-09	8.126630922010355e-10	2.8243810572347475e-10	6.792559474665226e-07	8.946309106302978e-14	1.7810090047871837e-12	1.6827490334276485e-15	6.392632359201261e-15	3.2683057370675277e-10	2.0953347497558985e-17	1.546498721597467e-13	0.0822833192167391	0.9040849245132574	6.459012675166165e-15	1.4609519780361172e-06	4.841513117119851e-07	9.801563766828467e-14	1.6694035166228006e-10	8.952424359327891e-21	7.965143687738699e-08	1.2561678603387905e-13	8.422451592260761e-20	2.499887384024102e-14	1.7096248312761686e-12	1.1173443025202323e-09	1.155095076690339e-09	2.580219825690718e-10	6.569679512638529e-13	0.0005154643000822	2.0432600820485413e-08	1.6293210511988778e-19	1.6500619538255704e-18	4.323636751953132e-24	9.975641477064036e-23	2.2271046630659817e-12	9.949651729646796e-18	8.453367969357364e-10	2.379923982963546e-19	1.2056596409820924e-12	1.1351756431828585e-22	1.8041322846551397e-24	1.4891319543786778e-14	5.461244475518339e-18	7.931600459877953e-17	1.794143904819809e-18	5.647340787377365e-08	2.3750059933570297e-12	4.495225405016777e-16	4.190133723965432e-18	2.451090512193713e-14	2.0564163471589904e-17	1.0696222851460418e-15	1.913380731647868e-07	2.084222291096434e-16	3.972445675265084e-05	3.6292980054952975e-17	3.384809920028154e-15	2.97065426743685e-17	8.132026171168111e-23	1.0675758156212725e-22	0.0006017093909438	1.688655751774216e-05	3.352097459490664e-05	1.5791074963442633e-07	0.0015196318356502	5.920590868950654e-07	1.616624977639972e-10	7.207930600866587e-13	2.567353041145953e-06	9.557244668415993e-14	6.647395847977539e-05	5.018284530808998e-10	1.03607074017269e-13	5.043101741614178e-20	1.2402216587446184e-26	2.2056976198252877e-11	2.806287949159166e-13	1.9262134550629327e-12	1.8990174456613862e-08	1.6008641778369469e-12	3.135092588469232e-31	0.0	0.0
170.45082269035362	0.001685332792746	7764321.712815957	1364006189.7741234	42.37859422359109	5.0399136498111665e-08	2.7009991341330863e-06	0.0024104477238462	0.0085144336447534	7.970706606500325e-05	7.2612677357161e-05	8.383267166847007e-07	6.093344520175327e-09	1.147989110870103e-09	3.0510509399420184e-10	6.890440972356389e-07	1.5726800655068026e-13	2.0310290971403017e-12	1.812205664706712e-15	7.278012955588394e-15	3.7719225503878896e-10	2.5990036774710764e-17	1.5547517112042117e-13	0.082829097390302	0.9032988425060716	6.635052467893924e-15	1.688419464052408e-06	5.799319249984937e-07	1.0406131504329475e-13	1.6767236066934826e-10	9.005045933044956e-21	8.439052273307299e-08	1.256482110208542e-13	8.490622500938754e-20	3.9551352204747335e-14	2.112541140140162e-12	3.0404154646286316e-09	1.171477299466368e-09	2.5953756031110067e-10	6.44656930159431e-13	0.0005188039081588	2.0711768447821167e-08	1.639450026433079e-19	1.6560100913728298e-18	4.4138246663859165e-24	1.001283616161394e-22	2.236212654146434e-12	1.001454213137112e-17	8.374758604158294e-10	2.3145292826029687e-19	1.204625991088333e-12	1.1335624905003931e-22	1.8128511358411257e-24	1.4979840032581255e-14	5.488099589422556e-18	7.931048407347541e-17	1.7718948140251232e-18	6.607667592214095e-08	2.4833740436250584e-12	4.517013385230938e-16	5.029570505438092e-18	2.4519988708302185e-14	2.607012581831711e-17	1.2885482701561561e-15	2.117415076438356e-07	1.6647876828402602e-16	3.983416144806547e-05	3.632694098392464e-17	3.9992655986263904e-15	2.9733996063710965e-17	8.042954723771729e-23	1.0519776627889372e-22	0.0006053466789579	1.642205752657258e-05	3.346141061947032e-05	1.847675433016342e-07	0.0015086532005754	5.825143662235047e-07	1.6129844353207642e-10	7.135598817744152e-13	2.551116118580248e-06	5.868169135888815e-14	6.206136196723089e-05	5.39711050018743e-10	9.967684917634217e-14	5.741218968261184e-20	1.2350235150618496e-26	2.1751476133842697e-11	2.796541674198253e-13	1.9224052263397783e-12	6.403176479538149e-08	3.3457810424713e-12	2.5743631138233764e-31	0.0	0.0
167.4666463893529	0.0008878711865008	7841927.408165801	1765842564.0913875	42.352629914080666	2.7007973701023996e-08	3.212750659823752e-06	0.0025866185268684	0.0086677097782677	8.755737231684153e-05	8.548215503581377e-05	1.4322714956154563e-06	1.3799435093275112e-08	1.3949916652320304e-09	3.2656096470037483e-10	7.030194765829e-07	2.3300573638927253e-13	2.2201712686027614e-12	1.9241254886528358e-15	8.021787652128757e-15	4.1160941117228517e-10	3.076169820492978e-17	1.566464433733283e-13	0.0835939753902939	0.9021943666676	6.747500774041716e-15	1.842013471948588e-06	6.125955703132588e-07	1.0911677115995099e-13	1.6870883770181314e-10	9.01780042525032e-21	8.738328713985352e-08	1.256579260558237e-13	8.517212777639904e-20	5.731179908957486e-14	2.474822006594586e-12	6.2952914748911796e-09	1.1900743919637e-09	2.6156313866339995e-10	6.801234209002929e-13	0.0005235233617341	2.110867801896732e-08	1.652584215030305e-19	1.6678318446560868e-18	4.495818918617038e-24	1.0069867262012706e-22	2.250848542554168e-12	1.0105840316522865e-17	8.301832758426827e-10	2.254702183796796e-19	1.203165587868996e-12	1.129324983857393e-22	1.826168845153361e-24	1.5104803405304723e-14	5.525962731186958e-18	7.923629574118746e-17	1.7531936407780222e-18	7.289347573557276e-08	2.5367388514037413e-12	4.54102001437834e-16	5.6496203282392116e-18	2.4532493660091817e-14	3.0256662117719695e-17	1.4490218977348666e-15	2.2823225472948825e-07	1.3847252095136886e-16	4.000689394437174e-05	3.638305104913209e-17	4.419514877116266e-15	2.976788820652013e-17	7.909000441249404e-23	1.0314311809177061e-22	0.0006098220024045	1.5998792482866796e-05	3.3353264404948705e-05	1.990596095584155e-07	0.0014935734591818	5.704125921543579e-07	1.6087364982746895e-10	7.043012447138435e-13	2.5232518825464195e-06	3.8969951030897674e-14	5.630974675657719e-05	5.569512181328053e-10	9.623556217124153e-14	6.157006814282721e-20	1.2275185842016048e-26	2.1329135770952794e-11	2.784765108447321e-13	1.9169003080175957e-12	1.721571816303142e-07	6.354369743569826e-12	2.136569827570831e-31	0.0	0.0
164.53431100198748	0.0004677504924911	7918239.809065431	2285629880.8672466	42.316031794685	1.4469472246548145e-08	3.6826741330348753e-06	0.0028449420012564	0.0088857709108682	9.925665483276151e-05	9.72064285902221e-05	2.052556775616198e-06	2.5940599297423174e-08	1.5692022348990427e-09	3.477747702853914e-10	7.229482536467473e-07	3.027860792015112e-13	2.357876147464659e-12	2.025066534726278e-15	8.651617129160411e-15	4.3440217055180254e-10	3.4916720637539943e-17	1.582999449222379e-13	0.0846655664787907	0.900637408157295	6.841970572562943e-15	1.9410583376519124e-06	6.068502802664027e-07	1.1347877148784109e-13	1.7016799283763852e-10	9.014876466521126e-21	8.946131264225678e-08	1.2565167403899698e-13	8.528859428887363e-20	7.77814143188601e-14	2.8030561958524144e-12	1.047006043586678e-08	1.211650665250818e-09	2.6436804727023515e-10	7.401312810630616e-13	0.0005301752667985	2.1673131578220782e-08	1.670490442041658e-19	1.6862579707462831e-18	4.5774567466144316e-24	1.0153350593077666e-22	2.2722458978877024e-12	1.0234251254456385e-17	8.242937832101384e-10	2.203959010645544e-19	1.201098364180982e-12	1.122497453914828e-22	1.8453477413261518e-24	1.5280720336962938e-14	5.579172618167938e-18	7.910091927465714e-17	1.7362060742851223e-18	7.69924794925841e-08	2.570415404500352e-12	4.572560826072514e-16	6.018071857830734e-18	2.4549438662137703e-14	3.2972969955245386e-17	1.542487338905766e-15	2.416374613936051e-07	1.2096269812149756e-16	4.026243625754832e-05	3.646607981868359e-17	4.672827790164854e-15	2.9813293425820566e-17	7.717361173783634e-23	1.0039823049681745e-22	0.000615625116778	1.5572489687835236e-05	3.319182650102847e-05	2.04380292229084e-07	0.0014728332637729	5.549199566514593e-07	1.603174747017325e-10	6.919427247597621e-13	2.4824131852767765e-06	2.7566752803301743e-14	4.907127483605756e-05	5.635818754810926e-10	9.233865203126665e-14	6.354686897382506e-20	1.216943478430444e-26	2.0749918782513797e-11	2.7696408684978565e-13	1.9090715376192293e-12	3.981246428913231e-07	1.053848453487074e-11	1.8182242771748302e-31	0.0	0.0
161.7681384803041	0.0002464214703125	7993298.911132981	2957843652.268474	42.26420704067922	7.74369540031359e-09	4.122736558617224e-06	0.0032281409428783	0.0091958709546189	0.0001170033684259	0.0001079828039492	2.6445666630504856e-06	4.374882272890043e-08	1.7086790433173175e-09	3.7062351110607534e-10	7.513658941947221e-07	3.6004893822524e-13	2.468135239329584e-12	2.123072634912337e-15	9.209270069163763e-15	4.5128016204210654e-10	3.837581343875816e-17	1.60621708253594e-13	0.0861653669646074	0.8984345825878721	6.946094273569412e-15	2.011157814727737e-06	5.876454778238032e-07	1.1747497784704848e-13	1.7221023070918134e-10	9.004158014294402e-21	9.122695480812216e-08	1.2562846558514608e-13	8.537297456556219e-20	1.0298598076334397e-13	3.117431398051097e-12	1.4890874519338117e-08	1.23818183848594e-09	2.6828238395441067e-10	8.336943750938108e-13	0.0005395204471804	2.247631705841313e-08	1.6953035861596376e-19	1.7130161339411709e-18	4.666885417397107e-24	1.0272530290967938e-22	2.302554197978144e-12	1.0414482966969776e-17	8.197865034390397e-10	2.1611568231124373e-19	1.1981659427150977e-12	1.1126045905099328e-22	1.8724225782601453e-24	1.5527506198787122e-14	5.653634728589596e-18	7.889917659819571e-17	1.7192071153743684e-18	7.915245708070594e-08	2.602259484595032e-12	4.615901208059643e-16	6.184372136960037e-18	2.4571806210560736e-14	3.455759604102733e-17	1.5821363373922769e-15	2.528923993985801e-07	1.1037156171203631e-16	4.062841995172882e-05	3.658284246783351e-17	4.820051609396605e-15	2.987470940220309e-17	7.451812208135868e-23	9.6729591921643e-23	0.0006233837777212	1.5101074658189492e-05	3.296304654814612e-05	2.0476591724740425e-07	0.0014444272868383	5.3483423117621e-07	1.5955578977195068e-10	6.752350718004826e-13	2.425545896023848e-06	2.0404565723866764e-14	4.039619405659562e-05	5.649820171819373e-10	8.742924982130534e-14	6.411418956368747e-20	1.202237883829984e-26	1.9965405592813203e-11	2.74952372622406e-13	1.898048236850584e-12	8.393190131773081e-07	1.544425895977082e-11	1.6040783975279304e-31	0.0	0.0
159.09642601268476	0.0001298203679222	8067204.15971381	3826985977.540288	42.190466339945864	4.14082348284763e-09	4.559513329284346e-06	0.0038045030334902	0.0096368926624162	0.0001443343514008	0.0001185400566737	3.2069676688616803e-06	6.72285845110073e-08	1.8488169401237647e-09	3.9775053549975776e-10	7.919254723110257e-07	4.054381982357882e-13	2.5739523755070085e-12	2.2272954445345237e-15	9.741591196537108e-15	4.668582842353367e-10	4.1229309167572545e-17	1.6386201278261185e-13	0.0882589889618582	0.8953089198516245	7.079002403748279e-15	2.072667096303477e-06	5.700730514072671e-07	1.2145246762993325e-13	1.7504897896901735e-10	8.986692765836153e-21	9.309454614659027e-08	1.2557954884224812e-13	8.546734120700733e-20	1.3384011917097294e-13	3.446332791185352e-12	1.9069614534797883e-08	1.2727161564220923e-09	2.73734249391212e-10	9.62004980480977e-13	0.000552593796875	2.3620229724741582e-08	1.7297577317053297e-19	1.750835277904619e-18	4.773122984999362e-24	1.0439894861716122e-22	2.3448806531577208e-12	1.0666506177340236e-17	8.16123360139615e-10	2.1235311306320425e-19	1.1939988432080405e-12	1.0987720452293608e-22	1.91025926889228e-24	1.5872109731343474e-14	5.757249006052983e-18	7.861271926264232e-17	1.7004473417142724e-18	8.017246804230748e-08	2.6414247040225484e-12	4.675680754748054e-16	6.212711093320926e-18	2.460018818066284e-14	3.5445825318420976e-17	1.5847743974601305e-15	2.629250756783176e-07	1.0383385736163403e-16	4.114180795839377e-05	3.674224324569296e-17	4.912547623452358e-15	2.9956547862396904e-17	7.093588627553572e-23	9.187632907355441e-23	0.0006339071911912	1.4542419046592587e-05	3.264481722634033e-05	2.0290636138048203e-07	0.0014058805438353	5.087295995162747e-07	1.584991700198113e-10	6.527476152156277e-13	2.348299130677281e-06	1.5483445378309738e-14	3.0685607316574155e-05	5.635181993342393e-10	8.11209556480083e-14	6.378855883161821e-20	1.182013063944321e-26	1.8921521115447782e-11	2.722318808018663e-13	1.8826515496259915e-12	1.611677134173842e-06	2.0652548985884123e-11	1.4797805335612275e-31	0.0	0.0
156.51896947148714	6.83922870279324e-05	8140032.922522695	4950484366.645613	42.08502003355814	2.2118601538277025e-09	5.032913668284249e-06	0.0046852929940201	0.0102637872135669	0.00018714129108	0.0001300787954169	3.775213074015707e-06	9.563432338126875e-08	2.0194782433820447e-09	4.3262447581659335e-10	8.498567287711394e-07	4.438439506498988e-13	2.6940001854030335e-12	2.3480874385555637e-15	1.0297683657416902e-14	4.844839813815666e-10	4.369623325820999e-17	1.6834637342235686e-13	0.0911653614721819	0.8908676809500418	7.257382250614062e-15	2.139785201239045e-06	5.613534781267438e-07	1.2577263941223825e-13	1.7895695467890278e-10	8.960555664517127e-21	9.536902367351568e-08	1.2548499664412961e-13	8.558145713008009e-20	1.728945026290527e-13	3.825191928114059e-12	2.282400269207931e-08	1.3191909202679503e-09	2.8127441812971025e-10	1.1269445666529888e-12	0.0005707633542513	2.524987371197352e-08	1.7773461865065441e-19	1.803495750119681e-18	4.9064532368372954e-24	1.0671530899964656e-22	2.403340233941775e-12	1.1016694277271733e-17	8.126133303268717e-10	2.087850052321558e-19	1.1880732362568078e-12	1.079794937291227e-22	1.9626379765534322e-24	1.634987352661276e-14	5.900200351782328e-18	7.820944112473277e-17	1.6780457227088393e-18	8.05872294716166e-08	2.6938481469120185e-12	4.7574182390748275e-16	6.147388940964205e-18	2.4633950479793315e-14	3.596480149550877e-17	1.5617718257547762e-15	2.726131722831842e-07	9.941818472227861e-17	4.184924430395316e-05	3.695414577750394e-17	4.982911420724284e-15	3.0062527508082203e-17	6.624168632318096e-23	8.558706690369527e-23	0.0006482104480347	1.3854892426471744e-05	3.2207559560439086e-05	2.0018746872997725e-07	0.0013543653778085	4.751872144698089e-07	1.570341585253288e-10	6.229506355707825e-13	2.245586432871844e-06	1.1772054662085651e-14	2.0809398960739435e-05	5.600011312154421e-10	7.316532854787098e-14	6.281823534330917e-20	1.154567803786595e-26	1.7567058593230346e-11	2.685399179561487e-13	1.8613402155018024e-12	2.7183403331043023e-06	2.6022584108465518e-11	1.4376764912086351e-31	0.0	0.0
154.0269808638677	3.60305936562555e-05	8211877.946838132	6402422704.400028	41.93329805323121	1.1798413582662726e-09	5.598877885932368e-06	0.0060551954612572	0.0111539814422001	0.0002554513469102	0.000144300467643	4.41061260859065e-06	1.2747713572488334e-07	2.249880437599845e-09	4.799007846231805e-10	9.326506640472452e-07	4.8145565353254e-13	2.844553930889701e-12	2.4975150461187583e-15	1.0929858204221202e-14	5.067927429065703e-10	4.6105880071030017e-17	1.7448317237136445e-13	0.09516575345652	0.8845544683784694	7.498562337987824e-15	2.222984557232595e-06	5.64699902260242e-07	1.3081590586319494e-13	1.8426697844008255e-10	8.921732953768948e-21	9.830915469888937e-08	1.2530651546579066e-13	8.570609969583389e-20	2.237474885605359e-13	4.2990709615621625e-12	2.6200245527702322e-08	1.3824708867179946e-09	2.9159206308130144e-10	1.3288787197049826e-12	0.0005957874264	2.7571205794381186e-08	1.8424244258557514e-19	1.8758984922773854e-18	5.078705033285655e-24	1.098715338170274e-22	2.483076070145628e-12	1.149892341848463e-17	8.085249002865601e-10	2.0506940160719605e-19	1.1796469479015757e-12	1.0541884640930896e-22	2.0343234264358487e-24	1.7005694223611746e-14	6.095097588585647e-18	7.764099675901285e-17	1.6498858468175953e-18	8.067678550249552e-08	2.764672538411656e-12	4.867534973355604e-16	6.009770427505047e-18	2.4669644107778833e-14	3.6309333331962085e-17	1.5184505263679325e-15	2.8278665439920884e-07	9.588868587384851e-17	4.280586991795929e-05	3.72268723963102e-17	5.049567735709158e-15	3.019382693968876e-17	6.030112980163693e-23	7.768437178429297e-23	0.0006675189992907	1.3000456665862188e-05	3.1614270646022906e-05	1.9717223825318278e-07	0.0012869806797015	4.331386577885e-07	1.550153974213225e-10	5.844102321810422e-13	2.112401200609825e-06	8.741862104717301e-15	1.2016131155796837e-05	5.544728162660407e-10	6.351515755572173e-14	6.127468030029897e-20	1.1179578183966588e-26	1.5868261074232038e-11	2.635548784449181e-13	1.832158270894665e-12	4.003374964004e-06	3.1717904823555287e-11	1.47889349018795e-31	0.0	0.0
151.54164214053316	1.898172638519887e-05	8282851.088453467	8278341164.272257	41.71331645071337	6.28446656232603e-10	6.330282929458214e-06	0.0082245362891774	0.0124153957317716	0.0003665223611527	0.0001633591182703	5.1971198294715886e-06	1.61740016938807e-07	2.574643333263569e-09	5.45935990790988e-10	1.0509712557097645e-06	5.243025537831377e-13	3.0417085191775495e-12	2.6897937926237687e-15	1.1694553658111591e-14	5.3617265204717e-10	4.881475597330381e-17	1.8275413295484725e-13	0.1006046057945582	0.87558486363374	7.821256908158153e-15	2.331013138155835e-06	5.818871338826398e-07	1.3697546519424865e-13	1.9135389091960047e-10	8.863761902462783e-21	1.0215613518433208e-07	1.2497472558254558e-13	8.580980653155364e-20	2.878158857956218e-13	4.927372440014502e-12	2.9365009580300745e-08	1.468399544068272e-09	3.055002246521017e-10	1.5691373816844748e-12	0.0006298199544124	3.087432848275203e-08	1.930120514264379e-19	1.9739866920903534e-18	5.3029641853379454e-24	1.1409015411093714e-22	2.5900477203349798e-12	1.2154670883748885e-17	8.030396119961214e-10	2.0084567315484944e-19	1.1676736443139222e-12	1.0202840934183642e-22	2.1309458500444712e-24	1.789358692446939e-14	6.356493872824167e-18	7.683821270729953e-17	1.6135636321331949e-18	8.054683892099624e-08	2.8588957069213108e-12	5.012787479472595e-16	5.8056872463671194e-18	2.4698130351085017e-14	3.6575772416387176e-17	1.456192931485736e-15	2.942111643464521e-07	9.246928293809682e-17	4.406988536848628e-05	3.756211724217471e-17	5.12201303817559e-15	3.0345295026146326e-17	5.310533361815476e-23	6.816400409600906e-23	0.0006932040833565	1.1951849810368234e-05	3.08210103233735e-05	1.939735050099167e-07	0.0012013193344156	3.823843979410777e-07	1.5225996577387898e-10	5.361645040447406e-13	1.9451653600050773e-06	6.167391043572613e-15	5.50813248864855e-06	5.465532994466664e-10	5.244038918040908e-14	5.913429048778167e-20	1.0701876642524727e-26	1.3830705324353159e-11	2.569005014548951e-13	1.792722916920022e-12	5.303934135537284e-06	3.815793840574372e-11	1.6148505282013794e-31	0.0	0.0
