Temperature [K]	Pressure [Pa]	Height [m]	Kzz [cm2/s]	MMW [g/mol]	Density [kg/m3]	OH [VMR]	H2 [VMR]	H2O [VMR]	H [VMR]	O [VMR]	CH [VMR]	C [VMR]	CH2 [VMR]	CH3 [VMR]	CH4 [VMR]	C2 [VMR]	C2H2 [VMR]	C2H [VMR]	C2H3 [VMR]	C2H4 [VMR]	C2H5 [VMR]	C2H6 [VMR]	CO [VMR]	CO2 [VMR]	CH2OH [VMR]	H2CO [VMR]	HCO [VMR]	CH3O [VMR]	CH3OH [VMR]	CH3CO [VMR]	O2 [VMR]	H2CCO [VMR]	HCCO [VMR]	N [VMR]	NH [VMR]	CN [VMR]	HCN [VMR]	NO [VMR]	NH2 [VMR]	N2 [VMR]	NH3 [VMR]	N2H2 [VMR]	N2H [VMR]	N2H3 [VMR]	N2H4 [VMR]	HNO [VMR]	H2CN [VMR]	HNCO [VMR]	NO2 [VMR]	N2O [VMR]	C4H2 [VMR]	CH2NH2 [VMR]	CH2NH [VMR]	CH3NH2 [VMR]	CH3CHO [VMR]	HNO2 [VMR]	NCO [VMR]	HO2 [VMR]	H2O2 [VMR]	HC3N [VMR]	CH3CN [VMR]	CH2CN [VMR]	C2H3CN [VMR]	SH [VMR]	HSO [VMR]	H2S [VMR]	C3H3 [VMR]	C3H2 [VMR]	C3H4 [VMR]	C6H5 [VMR]	C6H6 [VMR]	S [VMR]	S2 [VMR]	SO [VMR]	CS [VMR]	COS [VMR]	CS2 [VMR]	NS [VMR]	HS2 [VMR]	SO2 [VMR]	S4 [VMR]	S8 [VMR]	HCS [VMR]	S3 [VMR]	C4H3 [VMR]	C4H5 [VMR]	S2O [VMR]	CH3SH [VMR]	CH3S [VMR]	O_1 [VMR]	CH2_1 [VMR]	N_2D [VMR]	He [VMR]	S8_l_s [VMR]
1940.6005067	73498927.22599994	0.0	518479.3708466801	5.192564057462681	23.654659586849853	1.0572689480991682e-09	0.8254489196656768	7.592866477552752e-05	0.0001137085796076	9.492116252332237e-14	2.6293935726036448e-11	4.994339719063968e-13	6.271516206853089e-08	0.0003168233502076	0.1154326689129933	1.4000212120653206e-13	0.0086391783798366	1.8157590227592143e-08	4.41156773338094e-06	0.005049949371714	4.284727989349613e-06	0.0002032539954092	0.0376938342788942	7.950929542308958e-07	2.2082977654749014e-10	9.505467813651314e-07	1.275285688900197e-07	1.989325697791766e-11	9.221071848630273e-09	7.102294376058403e-09	3.789275677639909e-18	5.32298805216911e-06	1.743164489375163e-09	1.8411295182567162e-13	1.0460962092385526e-11	6.261488656606642e-10	0.0002272712820216	1.3119268341982533e-13	2.490248429492041e-09	1.7656185520539935e-05	5.236772623184681e-06	2.1482969211073623e-15	2.637415831238893e-13	1.870330665718002e-17	1.470526431382507e-16	3.4905925478497287e-16	6.136885544207671e-09	6.006209452877545e-09	9.210736493080567e-24	3.000802280899789e-19	1.7175579134812962e-05	5.3762793534827364e-11	5.8121495071661784e-08	9.703540715405782e-10	5.6866803321289386e-08	1.3843770916899482e-22	3.6135425369748366e-13	5.051034959295563e-20	1.937530940787207e-18	2.2652084498451562e-07	5.864034858676675e-06	3.291396320317825e-07	1.1213464085448877e-07	6.217813063987212e-05	1.7072129678521148e-11	0.0064516024315677	1.876455534307304e-05	4.0135801722776624e-08	6.935340649973592e-05	2.628307865516672e-08	2.4013879591873592e-05	3.0953072596422665e-07	1.573187485715894e-06	1.7792290323081492e-10	5.466420128106936e-05	1.2490717149813886e-05	2.990811484361818e-05	8.79250431779542e-11	3.591164625860552e-07	3.3814394446958934e-14	1.9545153903710605e-15	2.1191066010291234e-30	1.6419826851714175e-06	1.3548086795758258e-10	4.8751314871137515e-09	7.530607134205106e-08	1.0892350802086373e-12	8.456036349544629e-06	2.742451443717398e-07	4.3202870599003497e-19	2.59653251593617e-09	2.425399032666025e-15	0.0	0.0
1693.4035791488575	40640157.30180457	6505780.434513601	2130771.9604674103	5.291891901212223	15.27551464468466	1.9574207567612712e-10	0.8109528517669744	0.0001380650065554	1.958607883540201e-05	3.268143875931857e-15	1.6679627368536504e-13	1.3955772553145445e-15	1.9842061646339303e-09	6.919111046946258e-05	0.1400240184836707	1.4862273294323266e-16	0.0011848197124288	1.5509101834702988e-10	2.5347967901886344e-07	0.0020306514027617	7.154332431066787e-07	0.0001592684119177	0.0383555687204118	1.9263721372023807e-06	4.094215390388935e-11	5.422750884487645e-07	2.4401686151013396e-08	2.5780954176640787e-12	6.9663128965133045e-09	1.213839352505682e-09	2.5012202126714946e-19	1.7590743908693375e-06	9.788653452131135e-11	1.1594279953324607e-14	1.4697581220029345e-12	6.074340164528279e-11	0.0002546988088194	5.2779457832791547e-14	1.2348577780693634e-09	6.518049019705272e-07	1.6761146974383125e-05	3.4908952020055527e-16	7.527947953455214e-16	6.01126430283241e-18	2.4898263825033597e-16	9.55937512454154e-17	2.043480052625458e-09	1.259716644979667e-08	1.1768095382935828e-24	2.4741976459985243e-20	2.925023220250964e-07	2.2315555610532733e-11	5.732978548268102e-08	1.4233623698283995e-09	3.1313927990397064e-08	3.5746119007102937e-23	1.0221868706305073e-13	2.2835941670742386e-21	2.4978971595816894e-19	3.107614074446618e-08	6.664867003986975e-06	9.103922234148189e-08	5.093757216544993e-08	1.9387364699731537e-05	4.547623462588407e-12	0.0067089503450111	6.420541618661085e-07	5.353747894546418e-10	7.875532539971868e-06	6.383307379538625e-10	4.385345565563606e-06	3.6507448573278266e-08	6.201259384020363e-07	4.932926580693561e-11	7.139001177433491e-06	1.3348337679290642e-05	1.336037423912824e-05	3.122931845396807e-11	1.332707789476746e-07	2.741929242818785e-14	4.708818749003311e-16	2.1341907541454983e-31	1.571206294776532e-07	3.836422510922489e-11	3.085972112987756e-11	2.003558023548364e-09	4.360265504617459e-13	5.299932569452143e-06	6.069924804831937e-08	2.6901808680921645e-21	5.900119755730878e-11	1.6022246486636755e-17	0.0	0.0
1478.7289906614117	22471380.846646763	12191720.064218756	3695895.862049033	5.316210887805118	9.7170257429527	4.019710255097315e-11	0.8069171228000303	0.0004013754762758	2.5768077955650845e-06	9.477614370402287e-17	3.709537034592484e-16	1.161883028079884e-18	2.886173265820889e-11	9.588358546230492e-06	0.1467168112394817	2.9970233211561663e-20	6.825414560426759e-05	3.58805159835819e-13	5.6676667816326195e-09	0.00044225252364	6.021989315088955e-08	8.27054459095579e-05	0.0382592656654405	7.614750246489339e-06	6.849487323959837e-12	3.1176983034528775e-07	3.819234554642926e-09	2.920023572785756e-13	6.126508010505613e-09	1.3894166371700726e-10	2.2064451557906884e-20	4.0193964061974725e-07	2.8112049993962345e-12	4.625553612768922e-16	1.5282406747029545e-13	2.8834366405809163e-12	0.0002082817984874	2.5217539449774144e-14	5.677773400755298e-10	5.259684056873657e-08	6.791589839776803e-05	2.946293677500288e-16	3.4601820916124147e-18	4.051518668781162e-18	5.254644817404665e-16	3.1335788280805293e-17	4.404773792451267e-10	3.0662172643545744e-08	2.2288467410383145e-25	1.7466780334015083e-20	8.555238424680366e-10	6.914636040259268e-12	4.503985481929951e-08	1.963391553638716e-09	1.426916601397888e-08	1.5951971527176492e-23	2.4209481849404207e-14	1.3746673253320743e-22	5.227544295129155e-20	1.2690215859462681e-09	4.5578954141204495e-06	1.1777057112488113e-08	8.962826093142499e-09	4.717637950018321e-06	1.349801674935925e-12	0.0067855741905924	5.913945586903206e-09	1.5865772451046685e-12	3.010901557521044e-07	1.8118695468887122e-12	1.313713004406065e-07	2.8079948712773773e-09	1.7896159012872059e-07	1.4581145344494855e-11	4.482599954829839e-07	1.356173998835668e-05	3.279278435067154e-06	8.456176402281025e-12	3.7755275304660765e-08	4.0188487839315456e-14	7.07777687869226e-17	1.0534655594670504e-32	7.269958710562678e-09	7.201429774303064e-12	3.0662778177440235e-14	1.1448172295818494e-11	1.861947343792357e-13	2.4644651571797057e-06	8.229914627957701e-09	1.11101352550201e-23	5.870953523303324e-13	5.051292348412512e-20	0.0	0.0
1285.1506073117664	12425221.521783328	17222667.47842996	4580069.767462909	5.3747397091714	6.250252048753697	2.1736333815697478e-11	0.7991662238982928	0.0053143557428267	2.2105344165648733e-07	4.790832677820542e-18	2.17982205861159e-19	1.571770191258776e-22	1.6646110203833333e-13	8.516562917576616e-07	0.1545839387669101	8.490251675386953e-25	1.8101179991819332e-06	1.9751240553165847e-16	5.126778334250898e-11	6.366873145494165e-05	2.9606557567189522e-09	3.755720260066163e-05	0.0335278071613	0.0001306790155761	1.0489858714413749e-12	1.595893566927995e-07	3.923685176249122e-10	2.8902961270424414e-14	7.358470563754283e-09	9.940385588149292e-12	1.5343978372819092e-20	6.130327254124866e-08	3.443187276941074e-14	6.427946647385964e-18	7.160438560110071e-15	3.910547801103448e-15	8.85066998146893e-06	2.5141064914111748e-14	1.6401045112241388e-10	1.2726709670813924e-08	0.0002749559948013	1.774318553129843e-16	2.946835143956661e-20	1.8777513955164704e-18	7.686224486276654e-16	2.1823793754215192e-17	4.0521606181749836e-12	6.0489735957017e-08	2.5524410974435297e-25	1.8986043864264286e-20	5.22520232903878e-13	1.2465028933074249e-12	3.207422681019029e-09	2.2225465032078842e-09	5.5492953236061684e-09	5.904989797437134e-23	2.828908794476825e-15	6.540308087147779e-23	1.1563763713812486e-19	1.2164213389192005e-12	1.5640944394549126e-07	5.2774547863681376e-11	5.4002067066202856e-11	8.319275034271769e-07	1.1396321135545209e-12	0.0068742433578141	1.6730538216013603e-11	1.0927525660144702e-15	4.9028817409509e-09	1.0307733199477849e-15	1.305981446665797e-09	1.2012945765250743e-10	3.6804727561712295e-08	1.1594628297595704e-11	3.909838995703845e-09	1.2344365876533693e-05	1.4672561885045793e-07	1.1741230178748453e-12	8.027884788993257e-09	8.095302278223863e-13	6.8227349987798484e-18	2.6003088913386423e-34	4.653409734970893e-11	8.897623057328411e-13	5.468154304339591e-18	1.8429950095471228e-14	2.2992434172882454e-13	9.851656838361562e-07	7.240910040370953e-10	5.543958145520121e-26	2.150612674393509e-15	3.664415902926764e-23	0.0	0.0
1111.8449336417468	6870344.591593079	21615308.622134104	4953883.027299231	5.378414946054786	3.9974089797374583	4.755806560912401e-13	0.798719698162848	0.0055321808228535	1.1436633026589113e-08	5.941237972588334e-21	2.419158300264119e-23	3.3155930170447355e-27	2.9600683224161303e-16	4.181249640741616e-08	0.1551721922537945	1.947721190951897e-30	1.642014740365732e-08	1.6690293987920114e-20	1.3649840817933664e-13	4.899145038290814e-06	6.744111311887975e-11	1.2913303091213994e-05	0.033162484362653	0.0002177229483339	9.702488688735821e-14	9.459209394430409e-08	3.224298900637102e-11	1.550201998598398e-15	7.916598927534209e-09	5.030660847552921e-13	5.628954887906071e-23	7.117010605508292e-09	1.8619608284824527e-16	6.7061026360662616e-21	3.249886352078719e-17	3.30910981416651e-19	4.6606454835241395e-08	2.1138971548297094e-16	6.88095170054106e-12	1.2240348255706018e-08	0.0002841458239605	4.4268832963220996e-18	5.582830594902978e-22	3.3016327209136164e-20	4.673401488416717e-17	1.1886611741354822e-19	3.668153881527086e-15	3.0928112053121155e-08	2.428136228543876e-28	2.867529768955242e-23	3.949593190508986e-17	2.8275474552490976e-14	3.858102500020592e-11	4.761729239304532e-10	2.232555628158946e-09	1.2247506203428752e-25	4.732241869825965e-17	1.711371510602253e-25	6.949952229558969e-22	5.010138546184093e-17	5.964379523159459e-10	1.675214808099981e-14	2.1763323329232962e-14	9.76448123187699e-08	1.2095729890183305e-13	0.006880423841517	9.291937881673832e-15	1.0484438104415786e-19	2.333791376859289e-11	5.711430986269333e-20	2.3324725866565883e-12	2.4726565503615087e-12	4.772649329288731e-09	1.0760640633841897e-12	2.5469657158728253e-11	1.2653052025739542e-05	6.6270063642663194e-09	1.7859271474965068e-14	1.1538177387269396e-09	1.2054982016606177e-13	3.4737150291461814e-19	3.612253185749599e-36	2.2270388834807086e-13	6.145549142478378e-14	1.011072996630584e-22	4.9242535419227976e-18	1.4429520259240352e-14	3.034740344853825e-07	3.4814668338172696e-11	4.3574564323630495e-30	2.2209929659299452e-18	1.1405502939041466e-27	0.0	0.0
956.673867941028	3798856.601830441	25464624.57605132	4972195.221223331	5.378432694137861	2.568826111921962	4.389270600584248e-15	0.7985511635135074	0.0056856325945837	3.0697565895910917e-10	5.0122567897280796e-24	3.400595551553032e-28	5.506568635296207e-33	1.2590549275209083e-19	1.0276010904809062e-09	0.1552021579167489	1.6691635791571643e-37	3.4724320047245115e-11	1.1861631394123706e-25	6.817326096952414e-17	1.509042900499777e-07	5.035834623135654e-13	2.717691652238647e-06	0.0333168570786765	6.34810636044181e-05	8.759769482794266e-15	5.7966906767240156e-08	1.7077848721179777e-12	7.362970646460043e-17	1.5210475847088512e-08	1.514175869222221e-14	1.5326253007379816e-20	5.503766812222733e-10	3.3694661017555603e-19	3.030475104225104e-24	8.776887855104749e-20	1.0069828698070156e-22	1.5004990281165014e-10	9.100850029990541e-19	1.3636407260205277e-13	1.2239659516365024e-08	0.0002842114076663	3.778173722242485e-20	5.2206825425583415e-24	1.8350985531277872e-22	1.493906764628981e-18	3.974795485744539e-22	1.4880008309496377e-18	1.3793843435741312e-08	7.989279140335874e-29	3.2899160615490645e-26	7.596831225861092e-20	2.6270463061547013e-16	2.3804377182640457e-13	7.112299685837669e-11	8.668719191555645e-10	1.0424068229926758e-28	3.2465241005834463e-19	1.3909910436324431e-25	1.8925851378471322e-24	8.681251583047643e-21	1.148037524598994e-12	1.5159643103575557e-18	1.499835956533219e-17	6.9215625228488595e-09	8.469685175781746e-12	0.0068799498471882	8.517135747682786e-19	9.079765372254442e-25	3.0399367354484974e-14	1.040039237399821e-24	2.979925983422132e-15	2.0292262304512276e-14	3.57341864341024e-10	5.959781226058143e-11	4.1247104442834696e-15	1.3493258113122368e-05	1.1194944537953426e-11	9.260970726373852e-17	1.0486008450746954e-10	1.839386012169486e-09	8.466832663785948e-21	0.0	2.662637036116542e-17	4.661968776813767e-15	3.726712659317544e-26	1.083928040558731e-22	4.909166980837219e-11	7.314918487595611e-08	8.46138621719986e-13	5.151600651547286e-35	4.881891557635812e-22	7.508707502846491e-33	0.0	0.0
818.0847866283463	2100522.2211022167	28815888.00523239	4746595.474234195	5.3784329098070645	1.6610193785387954	9.443399990847554e-18	0.7985305122080708	0.0056935739031706	2.4894356134957157e-12	2.662604274998576e-26	8.08102092078051e-34	5.790462300274529e-40	1.097652515376689e-23	7.378206575363367e-12	0.1552079325858134	5.864355440476317e-46	6.337525434193561e-14	1.387141134099783e-31	2.119773527737484e-22	9.920236601219207e-11	2.0931521009777278e-17	9.974944453412934e-09	0.0333346858894997	5.549027905593688e-05	1.832529994397923e-17	3.058865908473772e-08	3.4992752559902895e-14	9.528875705640774e-19	3.742625982924772e-10	1.612100074629414e-16	7.014796656206353e-16	1.9246311125069865e-11	2.9003966166931925e-22	5.308180136978717e-26	2.2619217886397935e-20	1.2555622322984947e-26	2.335387277523165e-13	6.84079660514718e-20	7.571604399532428e-16	1.2239659204663262e-08	0.0002842249785848	2.355224700110633e-21	1.3088106079620054e-26	9.129942525395707e-26	1.1153440980755622e-20	1.3071161987737645e-22	1.359822243292631e-22	4.555150788806893e-10	1.0190095985405821e-30	1.4069346024735746e-27	1.6109602658853411e-22	1.382209107049671e-19	5.027290961783031e-16	1.6900558149401852e-12	2.409910615820101e-10	8.246163731230181e-31	4.387931045226416e-23	2.306229832883584e-25	6.64685653542334e-24	1.664182798922193e-23	1.4880532068257397e-15	3.12663261367214e-23	2.941668139308064e-20	1.8072015290353983e-10	5.802621003907354e-13	0.0068897717564087	5.108250376654842e-23	6.757775468165241e-30	7.049388889180909e-17	4.418159269131447e-30	3.417579320034292e-18	2.5320511804344842e-17	6.466405598486289e-12	2.952160545542275e-11	1.2659400991027921e-18	3.734301320898415e-06	1.5212180114479107e-14	1.1370858229104593e-17	9.397452743431065e-13	1.6127568735067786e-08	1.9111226706098065e-23	4.859030384520045e-37	8.669508984536404e-21	2.9483034502781014e-15	7.675173358984873e-30	2.5007475042441533e-28	2.573849848312827e-10	3.49049965705908e-09	1.5801824479055192e-15	7.324651112512433e-40	9.0146816682229e-27	8.84193016088311e-37	0.0	0.0
694.9363762771139	1161453.0538526322	31710995.76537566	4352784.178527205	5.378432772390165	1.081190794303432	2.2521057312470264e-18	0.7985302940637783	0.0056935974834494	3.018895762568552e-12	3.793465165717142e-27	1.54025127555775e-35	3.7579589014305104e-44	2.7121776160981e-24	7.662816984741723e-12	0.1552079503327781	1.8801061224701385e-50	1.0723553886195918e-16	1.256615584818037e-35	3.875166979127928e-25	2.5468140282718144e-13	2.647498580710169e-18	7.167528083778544e-10	0.0333349214356635	5.546548003756456e-05	4.0880029988973856e-17	1.6022629778651033e-08	1.4663844416278928e-13	2.6076336364798285e-18	1.49340690945628e-10	3.1612581519856875e-16	1.8584035471358146e-15	4.017355398617372e-13	2.473249708146936e-24	8.078197037689427e-25	7.595147464436254e-20	1.2080579764265245e-27	5.092497445636486e-16	8.103472825882797e-20	5.736314748889596e-16	1.2239658891840882e-08	0.0002842253453428	6.958300969354629e-22	4.193890411113331e-27	1.6794494724038452e-22	1.8376638246221604e-18	6.002964070460794e-22	4.48560066380445e-24	8.322864866018077e-11	7.666837322096929e-34	3.8837629266732166e-27	2.7521320466769453e-25	6.575037453376891e-20	1.5026037784968654e-18	1.960369166282415e-13	7.014478350460541e-11	2.7108747351700324e-29	4.6146111819116754e-24	8.358926643635719e-26	3.7181873208640376e-23	2.697834463612948e-26	1.8249846761356055e-18	1.0568787348512574e-25	4.846226897426898e-23	9.078060789460985e-10	4.01487828232402e-15	0.0068899504637112	4.574682173327983e-25	3.1855868129409136e-33	1.2646466239952946e-19	2.2696223855090672e-33	3.817770675090446e-21	1.3365834247403925e-15	9.663386608512229e-09	1.8142747586528804e-13	7.228291751991551e-23	3.5381090266176124e-06	2.4217092002161184e-17	5.510127529769672e-18	5.737170828742352e-12	1.6777559690400112e-08	5.282663959487611e-16	1.0431706200060153e-25	9.678747745837814e-27	1.6655325022214822e-15	3.642079021570184e-31	1.8096621018916915e-31	6.076138887320824e-12	6.320159899045815e-10	1.8525157557119035e-15	3.82040497301725e-44	1.755735153736377e-27	1.1098150565743718e-37	0.0	0.0
586.3128514838287	642208.4864190356	34191918.73124605	3858822.535936858	5.378431951938313	0.708585538662301	2.344282464094443e-20	0.7985270088328805	0.0056935992039085	2.324288065579709e-13	2.1234979442785965e-27	3.1247055910068445e-39	4.683851370637557e-50	5.652485737784987e-27	4.898032610405323e-13	0.1552079287206909	8.461048384911996e-58	1.7661816048119794e-19	3.3791281326407985e-41	7.038783763201474e-29	7.234140439467418e-16	1.5815342520282586e-21	3.4895739567140004e-12	0.0333383836747488	5.546283703919403e-05	2.266652538645696e-19	3.2266038073970687e-10	5.758289742001702e-14	1.529138346782629e-20	4.896626051710338e-13	5.139902414677824e-17	2.275595797987788e-15	1.6500573656506248e-15	9.469557009905652e-27	3.5453806791291926e-26	1.4457912167253422e-20	9.195338611728577e-30	1.1837532489115333e-18	8.907961870057284e-22	2.4687348439686575e-17	1.2239657026012045e-08	0.00028422538484	3.447752260096889e-24	6.948105353834441e-29	1.4365254954729831e-24	8.731181439799284e-21	1.7065862508487892e-22	1.8560594797315374e-26	5.767349672954163e-13	6.013055576993175e-38	9.425354954327077e-30	4.325914375658227e-28	1.0498090074612016e-22	3.596574128280477e-21	9.093415187969816e-16	8.153756336051816e-13	9.00913523416368e-32	4.242318918264556e-26	2.4489960804089183e-26	2.1693761920138498e-23	4.0760068996922355e-29	2.2266138967085488e-21	2.7841096413689936e-29	7.399490973871735e-26	4.0099761669215e-10	4.657682005435972e-17	0.0068931256872549	3.2863217755168157e-28	4.0666154181171497e-36	2.0540532016952217e-22	5.962101869350027e-38	4.319287933400378e-24	6.37253646764725e-16	1.4640326200657884e-07	8.837186522586932e-16	1.0898393817111282e-25	8.946183194808376e-08	4.400764749757107e-20	3.297090664778239e-20	8.645780157613892e-14	1.6784566640816733e-08	3.147818606346032e-12	1.7544106862277666e-16	4.0049871641065805e-31	1.4277136325325865e-15	2.270776738173815e-33	3.8548889929920155e-34	3.40149273011597e-14	3.623304282963995e-11	4.5169672726882017e-17	1.0300576740436763e-48	1.0985396544398289e-30	2.3509693119804625e-41	0.0	0.0
491.3251781611305	355099.7938836699	36300753.03846216	3320777.163220863	5.378431721424104	0.4675488998367204	3.385140239047972e-22	0.7985269846947943	0.0056935989772023	3.9792156781489975e-14	3.977165817305835e-26	6.125975560936818e-42	1.62307639057513e-53	4.691384545292902e-29	6.777360161417542e-14	0.1552079221045401	4.996020400273229e-65	2.789272614044172e-22	7.706267780772277e-47	5.287918890262505e-32	1.7434926258463587e-18	3.357770466570321e-24	2.4282557308725703e-14	0.0333384619703654	5.546281753955104e-05	5.6323854688848095e-21	1.1943039747143597e-11	8.159145876556843e-14	2.934599564835484e-22	1.251213717946866e-15	2.604719946120848e-17	2.2602220932190924e-15	4.848157620522223e-18	5.859197059511038e-29	6.001491096478593e-27	6.512937493454678e-21	5.226896616527189e-31	7.890279210758703e-21	5.957230768984376e-23	2.0656248520598598e-18	1.2239656504145772e-08	0.0002842253732424	4.146025060487323e-26	1.959691048988251e-30	9.305482743162444e-26	3.4293457395323494e-23	1.2794125214474338e-22	5.466250907459646e-28	5.543088739639849e-15	4.258883996825057e-40	9.89754804705924e-32	6.636214188069137e-31	5.085715088858655e-25	7.85279581535082e-24	3.9944716137392455e-18	1.3916784447858475e-14	1.3097787200502196e-34	3.377530229887092e-27	3.141130460825352e-26	1.060329809789662e-24	6.046008841705478e-32	2.778332026733806e-24	2.233809487685502e-32	1.0987972838007278e-28	5.97518130018554e-10	4.432751884989104e-17	0.0068931153245964	7.812110804858571e-31	8.123765072949626e-39	3.229230048526532e-25	2.7198706959219727e-42	5.058293095314806e-27	4.355176492070608e-15	1.8810884871408905e-07	6.831614604475205e-16	5.998264405972516e-29	1.0074603901726306e-08	8.672730835619954e-23	9.01170078164482e-21	2.031116260718602e-14	1.6784601588078332e-08	3.43778811278802e-10	5.635987407759139e-10	5.0075059869362135e-34	5.819408041772347e-13	8.201420069070995e-35	7.160921006785897e-37	1.1901235989741446e-16	1.2325756072125566e-11	3.803875290061023e-17	9.768734361495237e-51	2.0210144634765037e-33	1.0094127374457712e-44	0.0	0.0
409.0187990202064	196347.239693666	38079157.99395446	2777668.3624964496	5.378432504931862	0.31054692537746464	2.9888572265378167e-25	0.7985270175072454	0.0056935998074226	7.564650535961461e-16	4.378629468147322e-26	1.3454834740397867e-47	1.757990543533867e-58	3.611300531368012e-33	1.0130135498214577e-15	0.1552079447345088	7.244476254268776e-75	4.391155898411252e-25	6.101043834486344e-54	6.910255652207899e-36	3.841689326275654e-21	5.921417002179392e-28	1.0956935732333198e-16	0.0333384766668444	5.546282553116194e-05	3.5540322843583356e-24	9.237156882056936e-14	2.327638347315755e-14	1.2627734638004365e-25	2.8322413129776967e-18	2.2256724833930416e-18	2.3016891072552503e-15	1.2365200282184755e-20	2.440074592210849e-31	8.605735932487492e-29	2.1318056391031284e-21	1.1063147185592407e-32	5.499968298218879e-23	4.016075394738372e-25	1.620583798018227e-20	1.2239658292546204e-08	0.0002842254146765	1.749636787573818e-28	4.339735137207808e-33	6.633307762071459e-28	1.1340445555844864e-25	7.959799231750574e-23	2.1137511260018e-30	2.7165174280366137e-17	2.8545170704003285e-42	2.7538495420310078e-34	1.0258963988875157e-33	9.33403392174382e-28	1.6297856733503148e-26	1.439915203426706e-20	7.87417141027638e-17	1.457543688223134e-37	1.2459695317515535e-28	9.036331327415698e-27	9.141901909013246e-27	9.070089127906383e-35	3.604350575658527e-27	2.6139927329103867e-35	1.6402874609715158e-31	1.6762656417759542e-10	1.0345532180166749e-17	0.0068931997245784	4.116360011973154e-34	1.5990766662495762e-41	5.090375508035898e-28	1.0213057592838951e-47	6.212470934686915e-30	1.3541853988569402e-15	6.9257211353333275e-09	6.46945806375097e-17	4.9206397320547275e-31	2.614496328736065e-10	1.7834551684378006e-25	9.633804233534463e-23	2.182211149549748e-16	1.6784604491135872e-08	9.964026637535324e-11	3.683947440409489e-08	6.615896149493818e-38	3.5638906872640014e-13	1.5323951338995435e-37	1.2622778013123012e-39	3.531843489753354e-19	5.397048860452758e-13	9.09934988198992e-19	9.625326928744222e-55	2.397148883472988e-38	1.0490932986894752e-49	0.0	0.0
338.3823715916542	108567.33571620012	39567545.483452745	2002099.7010359603	5.378432545898127	0.20755689082086207	7.906214277858483e-28	0.798527006321271	0.0056935998522062	1.3131285826485213e-17	8.402826477214332e-26	3.134449449023873e-53	2.4072796232298726e-63	9.46056313882772e-38	8.531530448332508e-18	0.155207945938799	6.969024503140443e-86	7.009898598593104e-28	9.3548903985445e-62	1.041438418569038e-39	8.100713494209989e-24	6.06908638558659e-32	4.1427544050957613e-19	0.0333384771967222	5.546282604627327e-05	9.013201215996903e-27	5.214180108985061e-16	7.671877730497768e-15	4.114134934283029e-29	6.1452308589831166e-21	1.844918091812911e-19	2.312820079006898e-15	2.939926601145441e-23	7.996400492598785e-34	8.295702130712681e-32	5.014153362261175e-23	1.5176796425332355e-34	2.8954063056133176e-25	1.2967090555407009e-27	5.945959673894337e-23	1.2239658395581847e-08	0.0002842254168965	5.22136047365381e-31	5.597752933740072e-36	2.815060845697689e-30	3.47708582370279e-28	4.022138476421945e-24	7.079707966272511e-33	1.0758794849445262e-19	9.465026971901366e-45	5.132691255761837e-37	1.618517122225924e-36	4.081685667988693e-30	3.2999321454733974e-29	4.726866082737629e-23	3.367497457542173e-19	1.843787372685549e-40	4.092515813724224e-30	2.9911508803485e-27	5.098976291988672e-29	1.3924360107656055e-37	4.881084623586645e-30	4.131059825470226e-38	2.4952521299940593e-34	5.302289938351152e-11	2.0264363131180964e-18	0.0068932164208211	5.002427058734414e-37	3.043022608022282e-44	8.162777007432741e-31	2.4027092154389913e-53	8.016885881322059e-33	7.341734064216098e-16	4.437666990143944e-10	4.2138266045144865e-18	1.0416640707371419e-32	1.2330964403849969e-11	3.737503446762502e-28	6.295490317916077e-25	5.2030092699672694e-18	1.6784604694964706e-08	3.571344695622441e-11	3.645808248824126e-08	2.4040261810471847e-41	4.1275231098954935e-14	2.5300142189470994e-40	2.1900548449738946e-42	9.787971863658565e-22	5.250770602909228e-15	1.6373210436199514e-20	1.6620796477944056e-59	6.851537558605668e-44	2.2574816615475136e-56	0.0	0.0
284.4362815268154	60030.72109851698	40804375.50762066	2208930.369706008	5.378432550469066	0.13653194409292302	3.4162148380144224e-27	0.7985270061288584	0.0056935998596337	1.0108685784591948e-17	8.316824462530774e-25	3.2316181055920596e-55	1.7031489420776242e-67	7.0123515968787055e-40	1.2308392989990172e-19	0.1552079461291288	2.8512460245614938e-95	9.894677710754334e-31	3.672832282918218e-68	5.729890153192974e-42	1.4495635749155e-26	8.408487617852583e-36	1.21045314172001e-21	0.033338477258037	5.546282617797796e-05	5.860848972744973e-29	1.727630806603665e-17	4.9009823717911124e-15	2.8010721543756204e-30	1.1352045109151989e-23	3.330395649816017e-20	2.3122405937845245e-15	5.836149900585335e-26	2.0065106059901853e-36	6.636681194106897e-34	2.4437246641080493e-25	1.3038175715091694e-36	1.0776045829342183e-27	3.277176695963798e-30	3.1385121716442e-25	1.2239658416531277e-08	0.0002842254172562	1.248504592182816e-33	2.4735718342722517e-37	8.490511046246903e-33	8.756761607812863e-31	1.3967579603495263e-26	1.8488174538148388e-35	3.2850200682426014e-22	6.299318822063047e-47	1.0052087896703891e-39	2.2667580214112483e-39	1.3390789336382378e-32	5.729402433001733e-32	1.254231029315802e-25	1.0935593076469349e-21	2.238806552738568e-43	1.1017519854134636e-31	1.9103394567646563e-27	2.079748041109783e-31	1.901955310248568e-40	5.96979803128526e-33	6.288792655739194e-41	3.3667257163845964e-37	3.737156644303734e-11	9.243924944673746e-19	0.0068932162937205	7.82475065961395e-40	4.968307902603008e-47	1.159413948245913e-33	1.8586256534099198e-57	9.391018965536148e-36	2.2557368808069392e-15	5.212972742049448e-10	3.810917297708649e-18	3.841532562835093e-35	8.071694280281575e-12	6.848273741214179e-31	3.378319227404248e-27	3.9389895325053396e-18	1.6784604749916243e-08	3.886090618917126e-11	3.6457146938974185e-08	1.091524415508845e-43	1.660834093261841e-13	3.684736389968641e-43	3.2940537711081555e-45	2.2571769013755556e-24	3.4331699288263496e-17	1.1465484777251253e-21	4.7105948997183935e-64	1.8389007641504523e-46	2.915483632559973e-60	0.0	0.0
259.30279352764774	33193.1096202649	41847863.50433421	2803559.479560765	5.378432545976747	0.08281069904304603	1.721648720881466e-26	0.7985270081431912	0.0056935998549571	2.7301509517609107e-17	6.585917777612999e-24	7.136234413504624e-55	1.2742891168699215e-69	7.187829471747969e-40	1.93785676848174e-20	0.1552079460164029	1.8252768052266088e-100	1.7996788851578166e-33	1.1560733922984645e-71	6.208318028615685e-44	3.2410699183092945e-29	6.544241814918442e-39	4.128851486334607e-24	0.0333384772138079	5.546282606543922e-05	1.4813855262209921e-30	9.316586578901835e-18	4.418176444568792e-15	4.4942666980300726e-30	2.6287087440627725e-26	1.9311462360676927e-20	2.306919518079348e-15	1.431552219793526e-28	5.903291237026993e-39	1.1395255673762226e-35	1.102960408024592e-27	1.0096898972005911e-38	4.39031134868884e-30	9.939991178116313e-33	1.88608728410766e-26	1.223965840072048e-08	0.0002842254170362	3.582783973177818e-36	9.094742143723136e-38	2.901995712278832e-35	2.671493165217359e-33	4.241807300082543e-29	5.659194143919176e-38	1.1715902167942571e-24	5.3291758922468455e-49	3.1994545979985623e-41	4.1009622605143615e-42	4.955717642264691e-35	1.2507048770535858e-34	3.984163918924815e-28	4.16488859750659e-24	3.7116769746006216e-46	1.8344676290509645e-33	1.7182262788120118e-27	1.1712085665362415e-33	3.362669369019168e-43	9.561626713639245e-36	1.3514826021714853e-43	5.8654645045190676e-40	4.401266308040156e-11	5.503403086391491e-19	0.0068932137616007	1.5898455010008936e-42	1.1355585657149048e-49	2.12386383485738e-36	1.7570491805451716e-60	1.4465348632421502e-38	9.298715285284062e-15	9.775301107927363e-10	9.474718507174265e-18	1.1680665490899316e-34	9.23929384529892e-12	1.6213089494385648e-33	1.521569982790448e-28	7.141151677708673e-18	1.6784604700508308e-08	6.899213170028694e-11	3.6641898545491176e-08	7.0077379222691844e-43	9.864051253158825e-13	6.896241760428366e-46	6.295722542048682e-48	6.390999715336141e-27	1.2636913716819436e-18	2.556394117946766e-22	1.5878523639814074e-66	1.4410707623916453e-46	5.542371608165354e-63	0.0	0.0
253.016425993631	18353.644702264603	42802103.04425137	3557648.491162082	5.378432524685879	0.04692662362236113	8.638952013351899e-26	0.7985270161630972	0.0056935998283438	9.966724763217292e-17	3.759671936720559e-23	1.6466198208853676e-53	1.0614389359968094e-67	5.875282425499656e-39	3.017125859038842e-20	0.1552079453075578	9.529562733444446e-103	4.278989533869858e-36	6.432925297751244e-74	8.984547066960271e-43	2.672460706656489e-31	3.450229399615953e-41	1.8367698054912896e-26	0.0333384770339589	5.546282572408667e-05	1.4532303901039021e-30	8.5959698684567e-18	5.20827371862518e-15	5.275064349970974e-30	7.849064125968948e-29	3.089969486916627e-20	2.2885588645214668e-15	4.445429743231789e-31	2.122836359777092e-41	2.254582761698326e-37	6.0648489126873796e-30	9.135450133723174e-41	2.2807744822640963e-32	3.8870707900596846e-35	1.536614500890916e-26	1.2239658336637486e-08	0.0002842254157229	1.2724556069455399e-38	1.2343898284611728e-37	1.1879523284295231e-37	1.0119140546860104e-35	1.5790398105843648e-31	2.107870107305675e-40	5.592902356582216e-27	3.661627378482024e-51	3.8041909880787344e-41	9.713784562498985e-45	2.1707909766060137e-37	3.49879953538623e-37	1.5593124679453104e-30	3.680473282197312e-26	8.378211548111802e-49	2.0744272224963463e-35	2.009452905019361e-27	6.973394337499057e-35	7.842409290369458e-46	2.0274679291807383e-38	4.1011878959214566e-46	1.3393662459964589e-42	8.274463503478276e-11	3.9027951883528497e-19	0.0068932040954795	4.197676242078909e-45	2.2487322456957182e-47	5.087454975740018e-39	8.659146011070661e-63	2.959728640060276e-41	4.4728897594581787e-14	2.659006603486551e-09	2.9488318923404847e-17	9.547672886498943e-32	1.4549479444664056e-11	2.2390417089532287e-32	3.982639055874214e-28	2.3023659718330946e-17	1.67846045770257e-08	1.8152127837945076e-10	3.736094355811557e-08	6.955371642857359e-40	7.034896230772172e-12	1.6873925030306074e-48	1.5567475719674152e-50	2.2742440155179465e-29	2.0494875277272772e-18	1.0643805592241866e-21	1.021895861543576e-66	1.1364850142067084e-45	7.608014171864405e-65	0.0	0.0
247.01147595775416	10148.37951944431	43735850.81611986	4513768.898461604	5.378432488733231	0.026578181995081076	4.439646933380075e-25	0.7985270375069349	0.005693599791215	3.717062909483072e-16	2.200489831960868e-22	5.639896892203372e-52	1.3569798850326546e-65	6.183758669947129e-38	5.968563071882544e-20	0.1552079442822871	9.068278263126021e-104	1.3780729313364714e-37	5.073314550206419e-75	5.0548914466145434e-39	9.312946577100467e-29	8.519994423350371e-42	2.9627049410752366e-27	0.0333384768218869	5.5462825423768986e-05	1.887573858520345e-30	8.118106021047475e-18	6.174687965256144e-15	5.1605767589568474e-30	4.9529400943894304e-31	6.849039024747987e-20	2.228428113470426e-15	1.6165462639453018e-33	8.717334261346389e-44	2.935029115545704e-38	2.287032433298992e-31	6.257455689651816e-42	8.120373354154989e-34	1.5841635935480185e-36	1.2787621622776604e-26	1.2239658262051181e-08	0.0002842254138575	5.198857883503883e-41	1.7077451881005249e-37	5.479000880638796e-40	4.411863722988495e-38	7.360365180037086e-34	8.922527720189601e-43	2.03582982506361e-28	2.7756435963020656e-52	4.921913624243868e-41	3.9215492265867767e-47	1.0587198990404494e-39	1.1565750659253717e-39	7.821151714027089e-33	5.83369434727662e-27	1.9829206331179785e-50	1.7823632292338963e-36	2.3198932041841575e-27	1.8361452204983848e-35	6.572781398846494e-45	5.24727220416683e-41	1.5775684960253294e-48	2.4218647682813545e-42	1.5914134517689992e-10	2.7488355894695335e-19	0.0068931768541113	1.773443960512101e-44	3.2286567520299453e-44	1.4644496200377973e-41	1.2107600020186956e-64	7.368413169036886e-44	2.256505647089901e-13	7.354704061298281e-09	9.45151406422811e-17	5.2611746943341e-29	2.345374995982493e-11	1.0777775651058736e-29	1.2387685742609043e-27	7.790655410971188e-17	1.6784604498799833e-08	4.905580852129992e-10	3.9408213040766944e-08	8.969994022078765e-37	4.3715975770566686e-11	8.37560478090639e-48	7.550873122427109e-53	9.408215921657817e-32	5.1632974570491974e-18	6.877196357015985e-21	6.701505198217669e-67	1.167223021855467e-44	7.316777760823382e-66	0.0	0.0
241.28734136306417	5611.3980923892	44649965.17284955	5725798.008806335	5.378432385831079	0.015044655073379935	2.2144539383437653e-24	0.7985270966998762	0.0056935996840062	1.4138171293678409e-15	1.250762796401717e-21	2.4773678367566847e-50	2.260800868805855e-63	7.411175777421436e-37	1.3960026565744412e-19	0.1552079413362616	1.1759704783173012e-100	5.229128310962726e-35	4.618669410820444e-72	9.326570147013354e-36	3.371146377589669e-26	1.7731586507246254e-39	9.832218783483723e-27	0.0333384762055005	5.546282448888719e-05	2.6954463290630797e-30	8.14911325043355e-18	7.386712557785108e-15	5.095278799626565e-30	2.720113013972513e-31	8.291822565465323e-20	2.045333520740409e-15	6.969517011447287e-36	4.174522720106714e-46	2.5038684598727517e-38	6.424040357471237e-32	3.447630947485577e-42	2.4163728439600784e-34	4.3409120083637976e-36	1.0879617026460975e-26	1.2239658040903736e-08	0.0002842254084841	7.706726005126518e-42	2.4073470740328345e-37	3.006888608187097e-42	2.3158808681094413e-40	3.954552445633466e-35	4.58613405864631e-45	5.992546744539917e-29	1.3204173807850008e-51	5.816844347742927e-41	1.2703041823780205e-44	5.9895756863676e-42	4.57019002443837e-42	1.0854590294894849e-33	1.2271675167448162e-27	1.75467065006028e-47	1.2352170610008945e-36	2.547603010211385e-27	5.3038234070380374e-36	6.986112829441979e-42	3.190861139818254e-40	5.0659152649399655e-50	2.5036187839565588e-39	3.1205131442051375e-10	1.9004234215157096e-19	0.0068931013039773	1.9325470192684371e-41	3.3494893071844293e-41	5.095217669640592e-42	1.940540829624058e-59	2.244166871045228e-46	1.1845011551281738e-12	2.05984677426754e-08	2.974312805633834e-16	1.9732933974261407e-26	3.746869716061789e-11	3.422049916443958e-27	3.725010703278922e-27	2.667107699751405e-16	1.678460423763874e-08	1.352703644987452e-09	4.50176403102399e-08	1.0408724450836205e-33	1.936149948384561e-10	9.864204585409312e-45	3.23816183749028e-50	4.5871945389511965e-34	1.5578755518368418e-17	5.374270156494122e-20	4.271556474724957e-67	1.3757417050246971e-43	5.085223932958042e-66	0.0	0.0
235.84340359349304	3102.7405400969187	45545316.712072805	7261902.696648288	5.378432109336697	0.00851074145101444	9.472709599125464e-24	0.7985272390115692	0.0056935993943055	5.485071767045035e-15	6.097447691331126e-21	3.380648749334133e-48	1.1911208143469576e-60	2.5490981983998134e-35	3.592621770368988e-19	0.1552079333981549	1.1202848916831364e-97	1.5339848966279517e-32	2.805226621814e-69	6.359039058417711e-33	8.207469471265332e-24	1.0981071715523663e-36	4.600525057673195e-26	0.0333384745357107	5.5462821857105366e-05	5.22687738061722e-30	8.802411407333942e-18	8.948350617355758e-15	5.4121859418733114e-30	1.0720288306425281e-30	6.645981726595419e-20	1.605686444076307e-15	5.137705832555003e-38	2.5701307786185944e-46	1.9229273377673743e-38	1.8732618996997862e-32	2.165426502793216e-42	1.6810845817603535e-34	1.154814714903069e-34	9.496437784147067e-27	1.2239657434327726e-08	0.0002842253939849	4.55795150239434e-39	3.4632055870406047e-37	2.2897267472978968e-42	1.0558900757843384e-40	8.374530938227607e-35	5.0765385711277714e-45	2.019142452816443e-29	4.8978050516487865e-50	6.532237326785086e-41	1.0088367688657768e-41	9.333081003473905e-43	2.941485544336316e-42	1.4023826068430536e-33	2.148807165260137e-28	1.2944286370779002e-44	9.775828557922856e-37	2.423477614568494e-27	3.935492306203445e-36	5.362725959350594e-39	2.3704556887552225e-37	2.0244907427703515e-47	1.8690286318843527e-36	6.213469186024991e-10	1.2388844739029553e-19	0.0068929159164442	1.5266168845826382e-38	2.507923977211529e-38	2.6097976720896902e-39	1.7959464568725928e-54	5.4626635621419306e-48	6.407431917198508e-12	5.815373983577209e-08	8.169190947863146e-16	4.9913124705874815e-24	5.5046198180373294e-11	6.965257868777203e-25	9.592600886733494e-27	8.585144227028948e-16	1.6784603478065674e-08	3.7757169435140985e-09	5.73930225730002e-08	1.051766772419329e-30	4.984144783003323e-10	8.441324957500786e-42	2.563757646054321e-47	2.710348838373498e-36	4.958654146201239e-17	4.543530919601869e-19	2.355017867788272e-67	1.533527958683002e-42	3.152782144031788e-66	0.0	0.0
230.67567464338896	1715.6150215430484	46422787.70802443	9208304.677088652	5.378431440952664	0.004811313517772925	2.8355965135166143e-23	0.7985274916965363	0.0056935986918998	2.175195248059264e-14	2.07924276289492e-20	2.683185383594177e-43	3.7267357382964604e-55	4.848305082302437e-31	9.776955905960536e-19	0.155207914176247	8.277537952735185e-92	3.2769835141435346e-30	8.738373556185143e-67	1.8999991441626555e-30	1.3279570424780265e-21	4.420708443001054e-34	2.191050164517316e-25	0.0333384704900655	5.546281536021254e-05	1.570687474044974e-28	8.924875554567308e-18	1.1025974720563728e-14	5.186199015293914e-30	3.438915568245837e-30	4.6589294767668286e-20	9.404158086589278e-16	8.068337483653083e-36	4.653502529207933e-44	1.0969947984247111e-38	4.530158515760961e-33	1.391312106920186e-42	3.855124112849187e-32	4.5342726380462146e-32	8.508520776627352e-27	1.2239655953781303e-08	0.0002842253588528	1.9975187467305173e-36	5.102037777768841e-37	7.143424492479894e-40	3.252317710825022e-38	1.4929246467075261e-33	1.3858225741035854e-42	6.827102663506869e-30	1.7315162118191604e-47	5.5284295235393204e-39	5.7802223241540024e-39	2.064217887340032e-40	1.1348950588942823e-39	3.4010690611400665e-33	3.5024251197409065e-29	7.0145197498586e-42	7.92105931586655e-37	1.7498272014789678e-27	4.556073506892428e-34	2.9689963823434853e-36	1.268783573375011e-34	8.940494740786615e-45	1.004868304318617e-33	1.2444468342268312e-09	7.08268947677171e-20	0.0068925602058434	8.729740828855614e-36	1.353560903773972e-35	1.147858634839153e-36	5.447555458447631e-50	3.3124677122482826e-45	3.499978230022472e-11	1.629179225400424e-07	1.6919150431379124e-15	8.395510530777441e-22	6.794066926339702e-11	8.886206848599716e-23	2.3501315100896327e-26	2.485714849945088e-15	1.6784601581217094e-08	1.0345076008662178e-08	7.205270442330158e-08	9.05599058512947e-28	8.778089779713313e-10	5.242806789307622e-39	1.4700089955967325e-44	2.4156410119409314e-38	1.4061565745610963e-16	3.1366449380865056e-18	9.222215337516797e-68	8.32602117749364e-41	1.1390354511148444e-66	0.0	0.0
225.6755855232273	948.6242449561088	47283259.06207728	11674030.111022644	5.378430032757709	0.002719287619339525	4.759550311427089e-23	0.7985277880884517	0.0056935972111201	8.7146529437452e-14	3.9833245788509783e-20	1.388544469816176e-38	7.698259240525382e-50	5.843731442863853e-27	2.7063946860060922e-18	0.1552078736706118	9.80784028836112e-82	5.469151872461455e-28	1.1838145154712808e-64	2.932155303063745e-28	1.4066029635275885e-19	1.1224070132126226e-31	1.2391493847544984e-24	0.0333384619696011	5.546280158427178e-05	1.499000341135644e-26	7.458285875180838e-18	1.3677157535448399e-14	3.7149847292620585e-30	8.091051765971321e-30	2.9144332217323195e-20	3.8115098485462325e-16	3.0568962309969138e-33	7.040724289981043e-42	4.863047931519493e-39	8.852243549177784e-34	1.985603227046158e-40	1.2537045779040505e-29	1.4524619513183996e-29	7.436441860774476e-27	1.2239652825795211e-08	0.0002842252848047	6.261553983409621e-34	7.552717976519332e-37	1.603812108487334e-37	7.320927769554787e-36	3.1213726077632496e-31	3.0421698283283782e-40	2.348045291902573e-30	3.040991100404501e-45	2.097787183298842e-36	2.384572136468926e-36	4.3367807446884573e-38	3.221403384765338e-37	3.2740127730533157e-31	5.1610181346634416e-30	2.7978814781960697e-39	1.4326517199212395e-34	8.805612635479611e-28	1.0451242269433406e-31	1.183578634211938e-33	4.881420814857266e-32	3.084896040942129e-42	3.883671875560687e-31	2.411283714278805e-09	3.444651054504835e-20	0.0068920474065283	3.60899030230362e-33	5.2555136028752913e-33	4.1470674525057995e-34	5.5133083517164605e-46	1.7359479085621368e-42	1.7963443534904143e-10	4.224636582163275e-07	2.5395762792220463e-15	9.208005472789528e-20	6.832448082209983e-11	7.130784863878012e-21	9.225672457249042e-25	6.7054417719743785e-15	1.678459755171004e-08	2.4295252873156023e-08	6.370546602534239e-08	6.577021613601911e-25	1.4193170120692024e-09	2.360671215060637e-36	6.096879745024843e-42	7.284531822177439e-40	3.1877086182896473e-16	1.2165522101644693e-17	1.9803162566866998e-68	5.4601374168686e-37	1.8483177182650392e-67	0.0	0.0
220.7923735069008	524.5279079622289	48127218.5814647	14796898.379872791	5.378428051876308	0.0015368443159579329	4.509228864082864e-23	0.7985280123145737	0.0056935951332656	3.2332088135266146e-13	4.320686262484468e-20	3.9581606672103445e-32	8.05956990794813e-43	3.037795721705613e-23	6.909565945226529e-18	0.155207816789532	4.846775575284466e-72	7.840705264354124e-26	7.669305093803867e-63	2.5972101301475176e-26	9.57386866496142e-18	1.63808387420884e-29	3.644981513114043e-23	0.0333384500733487	5.5462782456709626e-05	9.38223136895556e-25	7.425660518944213e-18	1.5661572123885658e-14	2.3427504365566696e-30	1.6553744380326322e-28	1.5795150038353858e-20	1.211395779078087e-16	8.335921005689133e-31	1.1184545565832388e-39	3.7482393298549735e-38	2.8252638574094402e-33	4.247785464169962e-37	2.946040686718462e-27	3.362602754878547e-27	5.8303002966765496e-27	1.2239648453766352e-08	0.0002842251808599	1.3989855706778668e-31	1.0259393615797144e-36	2.532799434716106e-35	1.1641060604138236e-33	5.0248475882923817e-29	5.291367163433946e-38	2.1509739024478797e-29	2.4386151350328504e-43	5.746347033816845e-34	7.063172510157308e-34	6.394767692228466e-36	6.727650334046228e-35	4.5444670721591687e-29	6.7934388922221495e-31	8.230710027085468e-37	3.911962283998999e-31	3.210177064540571e-28	1.690095561866674e-29	3.3895765345115552e-31	1.3464624159293676e-29	7.984829440986962e-40	1.0762215215954938e-28	4.108268565560581e-09	1.490732718948828e-20	0.0068915164557979	1.0765744387364309e-30	1.4639602634439848e-30	1.1701773872852435e-31	1.9185520368389857e-42	6.637223998655278e-40	7.167580260926712e-10	8.295638905503616e-07	3.0056908630912067e-15	6.447295558050456e-18	5.5930808176923414e-11	3.679221224792844e-19	1.332556432170358e-22	1.4078136838660947e-14	1.6784592015777306e-08	3.2805360537188286e-08	2.3393692874174588e-08	3.8911016939343145e-22	1.6016666873113047e-09	7.692566232433721e-34	1.8258571882127116e-39	5.831812101858516e-41	5.652515241332312e-16	2.7261883902449352e-17	2.3026318143369475e-69	6.8740067576636e-32	2.7228053812347406e-67	0.0	0.0
216.1967294382804	290.0300384415773	48954972.153884985	18751070.044217456	5.378426692805042	0.000867838861607542	3.6010481086297933e-23	0.7985281821113287	0.0056935937231969	1.0135859398614577e-12	3.8658320679588695e-20	4.3789619653851916e-27	2.7739223430663648e-37	6.916448034930721e-20	1.5113141001660404e-17	0.1552077779414911	9.485083817425152e-63	1.006834678034957e-23	5.211099027484474e-61	1.384568984171692e-24	4.09977013737797e-16	1.242401677194617e-27	1.866025103816362e-21	0.0333384422762399	5.5462770625656575e-05	3.5948521941376825e-23	1.1091008631689788e-16	1.513024468684247e-14	1.7051620112051648e-29	1.7033581578830274e-26	7.783803448431732e-21	4.001297250840017e-17	1.6304702624761782e-28	1.8385072931154528e-37	3.658280821433699e-36	3.050048953731732e-31	3.230609308297223e-34	4.985686156519301e-25	5.624417967780685e-25	4.435475848651378e-27	1.2239645584833824e-08	0.0002842251100951	2.2203845166261905e-29	1.1864169705078946e-36	2.8091561608816802e-33	1.3075499190551098e-31	5.6052929611741534e-27	7.396285520217346e-36	3.32663933956383e-27	1.2820269498832028e-41	1.1263688496349615e-31	1.498332738413931e-31	6.612428553162791e-34	1.0437913820219364e-32	4.5024288673061406e-27	1.2539950159603744e-30	1.79135735833508e-34	3.78927279057574e-28	1.0275499382827935e-28	1.896644143137084e-27	6.96071216660161e-29	2.6570547583035594e-27	1.508562837147268e-37	2.133795631477751e-26	5.9465418272418474e-09	6.1049486368622555e-21	0.0068911274849545	2.313959732573924e-28	2.9184374410452376e-28	2.486699712618833e-29	2.4421813472650367e-39	1.841672099955273e-37	2.038753705670154e-09	1.1260841412282e-06	3.2270710015931894e-15	2.82139063712002e-16	3.848749504897493e-11	1.2692248118022977e-17	1.4176909187732757e-20	1.9848211703705316e-14	1.6784588878066602e-08	2.1075673625685425e-08	3.397526313454416e-09	1.6328024274292634e-19	9.756556978490554e-10	1.8119384910064312e-31	3.943379356949878e-37	5.808120579372809e-42	1.1129562488736172e-15	5.961469959223485e-17	2.2969528950494174e-70	7.56487378012017e-27	1.1569292628990208e-65	0.0	0.0
211.7964653681068	160.36786970061445	49767473.30634501	23756555.586702347	5.378425737227404	0.0004898282271923126	7.680985871276634e-22	0.7985283741108606	0.0056935927631316	3.4079887802745297e-12	3.577136936894581e-20	4.173179370174254e-24	8.820545663340525e-34	3.333218617560472e-17	1.021468409589778e-16	0.1552077510027296	2.9173594045626625e-56	1.0955176002709224e-21	6.305931805919595e-54	4.477074156948149e-23	1.0760348089587166e-14	6.102952876193302e-26	7.033388578338453e-20	0.0333384374973088	5.546276484413047e-05	7.99169152494006e-22	2.7490875738443917e-15	1.5700235525408668e-14	3.5852402128304676e-28	1.2964956030591303e-24	8.228444322575884e-21	1.506761478468072e-17	2.281169010313124e-26	2.5385069136604426e-35	6.370536595928926e-35	2.1666812659221558e-29	9.55710281349783e-32	6.057608650974029e-23	6.804603650861827e-23	7.881411486508209e-26	1.2239643825113756e-08	0.000284225061468	2.4938327329557868e-27	2.0474377543284617e-36	2.1888039204707686e-31	1.0397155134272207e-29	4.300125559328704e-25	8.230364680265766e-34	3.3049355837557163e-25	5.630392470111192e-40	1.5760785138059034e-29	2.2696805013274757e-29	4.8244192007040063e-32	1.2148211627291826e-30	3.1902441581250727e-25	1.598053375542981e-28	2.8952171037467e-32	1.4298986778884782e-25	4.0382149406735866e-29	1.4671828185093953e-25	1.0230045800756258e-26	3.7425629487450128e-25	2.0489092023215893e-35	3.019910188531277e-24	8.722432205542847e-09	2.925922379347923e-21	0.0068907636329619	3.5782911455705227e-26	4.152012993475583e-26	3.9031516505374366e-27	1.281206333596216e-36	3.699318327779552e-35	5.139568012950608e-09	1.3390931831532386e-06	5.293469635059042e-15	7.524705395957713e-15	2.403029959125352e-11	3.11586197588527e-16	1.0803529284242398e-18	2.6032242469965463e-14	1.6784587954994303e-08	1.0358536974627224e-08	3.3967555922791234e-10	3.4548938205342126e-17	4.6154843539172434e-10	3.081103487308602e-29	6.134672410380193e-35	6.263475794620546e-43	1.146483733087586e-14	6.071782574174859e-16	8.86574095696697e-66	7.315752847919464e-24	8.640753039022542e-63	0.0	0.0
207.4986863070445	88.67306907416706	50565340.61276066	30091188.58182667	5.378419640285075	0.0002764528379784444	5.604342600976037e-20	0.7985297583661858	0.0056935863979663	4.6184141424869975e-11	1.588534333879697e-20	2.868812745159672e-22	8.127177016730614e-31	1.205806234746358e-15	5.038631283039307e-15	0.1552075761258008	1.8826402062636825e-51	9.310306891335912e-20	2.586524822819463e-46	8.548453964690275e-22	1.5601265605048337e-13	6.6114431068477135e-24	1.848023258155646e-18	0.0333384017159416	5.546270944343405e-05	7.727986429892087e-21	2.9173256164925563e-14	6.514321803712128e-14	5.4594958430133074e-27	6.825126896919764e-23	4.255871215247001e-20	1.914538894056977e-18	2.2757670074735235e-24	2.6404080121016647e-33	1.4695243287638116e-33	6.838696575288693e-28	1.2604675581236568e-29	5.262921208846841e-21	5.964739634359664e-21	5.3578401785480375e-24	1.2239630686606292e-08	0.0002842247424831	1.9724690784448116e-25	7.26686484545723e-34	1.2019801607843169e-29	5.8850113689057135e-28	2.2536524345776924e-23	7.141224698724705e-32	1.940103416776828e-23	4.5427088124967755e-38	1.5693879453104772e-27	2.445482197202275e-27	2.5200802689247344e-30	1.067866229892372e-28	1.641248760654631e-23	1.5809655496936859e-26	3.4880475272465975e-30	2.420584029579405e-23	2.1525501424290446e-29	7.760808504156217e-24	1.073289126983062e-24	3.751659195596582e-23	1.983527776301216e-33	3.0418482356329632e-22	2.9312537615410776e-08	2.5334807027166932e-20	0.0068884023371481	3.9728777629060135e-24	4.1998769570127475e-24	4.481515263804657e-25	3.243924314638949e-34	5.419211571125961e-33	2.1607301995980448e-08	2.4944922947851942e-06	1.1350622597667397e-13	1.164762579651683e-13	1.7928941884922336e-11	5.661590421170051e-15	5.950629491042067e-17	1.0208910720608838e-13	1.678457261258332e-08	1.2486268101486843e-08	7.989964464324039e-11	1.2606385924136694e-15	5.376063241527698e-10	3.775546319755502e-27	6.863069059649724e-33	7.241092459557178e-44	2.0043672830361081e-13	9.557594685450527e-15	4.1382371842574384e-55	5.080459342741499e-22	9.674387720018116e-60	0.0	0.0
203.38529337904612	49.03047720039568	51348851.33332335	38105694.449222274	5.37838358137988	0.00015595105827215507	1.0550251830926945e-18	0.7985378588880353	0.0056935482915567	8.02944286517286e-10	1.3869257445077584e-18	5.002386634921235e-21	2.2934971878170274e-28	5.418098722789237e-15	7.493844377685554e-14	0.1552065352893221	9.440864873163908e-48	5.873466770345225e-18	4.518790489506685e-39	5.718364109786653e-21	1.1294050350234201e-12	4.567622954337738e-22	3.1183843304478805e-17	0.0333381812000075	5.546235680193703e-05	2.198090148355896e-20	8.155003732422822e-14	3.4273627642922217e-13	3.7951071008693156e-26	2.4803538881384524e-21	1.0437180965379266e-19	5.662709813450503e-20	1.6140617353527722e-22	2.0288070681644045e-31	4.6973197218287415e-32	9.28483815849543e-27	8.715092007694986e-28	3.2559774267892592e-19	3.8010006006244443e-19	1.1081354511946451e-20	1.2239549731504761e-08	0.0002842228386229	1.092762173855758e-23	7.955139446476516e-31	4.6949097769414715e-28	2.3991789126487222e-26	8.045668751709926e-22	4.745644256301978e-30	6.945268008206938e-22	1.7340752792216258e-35	1.1085885213259302e-25	1.8659495101169028e-25	9.692173815990815e-29	7.1075250941799e-27	6.307638502375375e-22	1.1317294586388035e-24	3.146574306138125e-28	2.1503260563026048e-21	3.4265478772268014e-30	2.782358307803988e-22	8.018979410684564e-23	2.66875547200109e-21	1.3633307947150362e-31	2.1742522487053343e-20	1.1076500404463419e-07	1.080771617321821e-18	0.0068747569043508	3.160035320844898e-22	3.0090097528615984e-22	3.734779167770797e-23	4.644841531723873e-32	5.844304958212123e-31	1.226726715511028e-07	9.110487184500305e-06	4.255863059937269e-12	8.98833330826844e-13	1.9271574414066548e-11	6.055851227925883e-14	2.402521841314461e-15	7.750766602459176e-13	1.6784477253906725e-08	5.7634870221551696e-08	3.788118830212573e-10	8.312866871785345e-15	2.436689319188499e-09	3.3284426325915647e-25	5.513819676910742e-31	9.096252406011712e-45	2.0997794973133063e-12	9.327607709576703e-14	8.303565185106541e-45	8.76717524178662e-21	1.2033835318693608e-57	0.0	0.0
199.46372814095287	27.11068557340449	52118601.38616229	48242645.140466176	5.378252539091771	8.792406097874394e-05	9.666694344522877e-18	0.7985673646229535	0.0056934090783121	8.026443754834092e-09	1.3694296588988452e-16	4.3637596523607366e-20	1.2110722235080703e-26	1.2527780374441571e-14	4.584663819481263e-13	0.1552027433100771	5.770698456372081e-45	2.69138378803834e-16	2.6677301550116766e-32	1.1001045333979711e-20	4.916042617246414e-12	1.092346349385752e-20	3.1628913549580195e-16	0.033337372014594	5.546117946511937e-05	1.8095989930059003e-20	1.45383216484447e-13	1.0007546972212336e-12	1.0266791293535114e-25	6.256075762724405e-20	9.043623478123012e-20	3.12057571850282e-19	8.117156907228517e-21	1.2533177233460365e-29	1.2072540824638748e-30	1.1175670831207924e-25	3.6033692225618086e-26	1.428542774649461e-17	1.7709966673515026e-17	5.3099914570802396e-18	1.2239252710616655e-08	0.0002842158983932	4.2165505421874875e-22	3.5591579105387637e-28	1.327445762286261e-26	7.1919994441946775e-25	1.9723768919027352e-20	2.387562892953771e-28	1.6176894002512966e-20	6.884436949361122e-33	5.539259207257501e-24	1.0035714858143515e-23	2.863209135310912e-27	3.575421631199953e-25	1.8949831356478363e-20	5.853947004130741e-23	2.1370245960209784e-26	1.1419090795524052e-19	5.813569259393712e-29	6.699358269293724e-21	4.2582474029111e-21	1.3438276674448826e-19	6.789643879360556e-30	1.1000145003993654e-18	3.175362870627224e-07	3.4220821292378333e-17	0.0068252774511386	1.7959230378271143e-20	1.522784027081224e-20	2.2515954739220482e-21	4.244179331015444e-30	4.6532070217060746e-29	4.458348860856355e-07	3.308053894236446e-05	1.1308892686871792e-10	3.421305255795088e-12	1.8662281775159904e-11	3.092247015900836e-13	7.242755705303382e-14	4.719819545583175e-12	1.678464011139833e-08	2.62154141909538e-07	2.373725497832485e-09	2.3704793961893624e-14	1.0798356106354538e-08	2.1082807025946146e-23	3.178901095108223e-29	1.260896633233858e-45	1.1007002746213055e-11	5.518764215019994e-13	7.152566826449373e-35	7.280910606991311e-20	6.488383591659187e-56	0.0	0.0
195.65171860165924	14.990457246744295	52875231.69800576	61060288.65195367	5.377872441266449	4.9560044740744035e-05	3.827296265148673e-16	0.7986532358669415	0.0056930006600309	5.629000910830745e-08	6.349201754917946e-15	2.7099305354519373e-19	1.3760263555835185e-25	2.178707156838131e-14	1.6396123681531917e-12	0.1551917153423234	1.610166912711378e-38	8.855358524291541e-15	2.4005041455498173e-27	1.578085970150199e-20	1.6239572507283576e-11	1.405258825007387e-19	2.820951331341793e-15	0.0333350105506326	5.545945497054419e-05	9.516825745378974e-21	3.053479891025863e-13	1.8449886187127325e-12	3.646542245450735e-25	1.113921522954721e-18	3.065432084214219e-20	3.4963214200540045e-17	2.8875806930585217e-19	7.874759308725392e-28	2.8790748710166705e-29	1.360066174536406e-24	9.610377069887706e-25	4.426960716059195e-16	6.083412795047414e-16	4.718916033994608e-16	1.2238386537698162e-08	0.0002841957086061	1.1261050567955264e-20	8.436639359806987e-26	2.786532639934526e-25	1.6330497506617932e-23	3.4354900815106694e-19	9.029751828126872e-27	2.6057280292402847e-19	1.7521810366483437e-30	1.9523415120305317e-22	3.7853958239350167e-22	6.892634480429155e-26	1.353063282364946e-23	4.686850998749911e-19	2.18801180879692e-21	1.0993192250999008e-24	3.928122847544364e-18	1.3387574019475864e-26	1.073631508783344e-19	1.6044177093628868e-19	4.779093438237328e-18	2.852975404668817e-28	3.929808612770748e-17	7.764530720126729e-07	7.415452800609153e-16	0.0066815354942636	7.269314219705159e-19	5.437097125593418e-19	9.819000182802112e-20	2.6592384879187487e-28	2.7326898914814818e-27	1.2228777284374748e-06	0.0001028415507144	2.0624220421822046e-09	7.973120385997481e-12	1.513047329024561e-11	8.85503240684831e-13	1.6635148262672546e-12	2.1131244199831197e-11	1.6798366600345967e-08	8.745416386451272e-07	8.454243104318373e-09	4.3284283163431386e-14	3.555269822274593e-08	9.58236676466981e-22	1.3148685512658555e-27	1.9437392428983904e-46	3.3533044843078945e-11	2.519941377255387e-12	1.2190226289742152e-27	4.0470375924193547e-19	1.5342736970112856e-53	0.0	0.0
192.0157091920008	8.288754183586995	53619098.95853136	77262489.60657525	5.3768696306726795	2.7917208226044816e-05	5.458113288066974e-13	0.7988799429684007	0.0056918861319954	3.488198883690958e-07	1.7386411111972157e-13	1.4501818720254177e-18	7.883801132775308e-25	2.5730923646110392e-14	4.777861772379877e-12	0.1551625266049482	8.66063661994185e-34	2.0828305628496286e-13	7.522945959723982e-24	1.419423256765707e-19	5.387760190282669e-11	1.6557765440843737e-18	3.9641977461843444e-14	0.0333287364102382	5.546922885978984e-05	4.6713348310552044e-21	1.6854725821792053e-12	2.382476108873868e-12	7.09581193089745e-24	1.4501072276467514e-17	5.9313312877489034e-21	4.198189270586738e-15	7.257548710633157e-18	4.700575292973423e-26	8.279757332285172e-26	1.0187577903812464e-22	1.9329952725711446e-23	9.662786542559152e-15	1.5587267244163986e-14	2.0404704509925115e-14	1.223609047955184e-08	0.0002841422400271	2.0690940898411413e-19	1.8284329704122806e-23	4.445171351078515e-24	2.9061646401826533e-22	4.610035483838432e-18	2.5584022670599247e-25	3.114911067774413e-18	2.3374920905981656e-28	4.845223806803205e-21	9.973745005381545e-21	1.4789885093213911e-24	3.836311830880192e-22	9.841769408592265e-18	5.924797035495785e-20	4.314726262360651e-23	9.12481045124682e-17	2.8119879188633563e-24	1.138098238439631e-18	4.2874022512474064e-18	1.1991653292014438e-16	1.5315914931975706e-26	9.901862754869081e-16	1.7296240091652052e-06	1.089123404656399e-14	0.0063019405158501	2.091611208563704e-17	1.3709941317174843e-17	3.092244056751556e-18	1.1871924356207636e-26	1.1831609248531585e-25	3.153884021064047e-06	0.0002875992827006	2.582380038396583e-08	1.2078776848797469e-11	1.2627895738507551e-11	1.6083635279660892e-12	2.9657313273200286e-11	7.662136812131703e-11	1.7040309500033508e-08	2.351355539075597e-06	1.961900069814952e-08	5.0425397719881445e-14	9.792521924356223e-08	3.123254905983139e-20	3.906504574497987e-26	3.3465620278211904e-47	8.082626730885177e-11	1.1852268990193549e-11	2.1389035204504396e-23	1.8230756200620694e-18	7.924058094128587e-49	0.0	0.0
188.4942150475676	4.583145449472693	54350867.2003537	97736324.94630256	5.374473491574675	1.5717791338887663e-05	3.94618592393496e-11	0.7994182981055884	0.005689002490852	2.09323722488244e-06	3.220378874307532e-12	7.618337847212676e-18	3.952087839961189e-24	1.7890170924616058e-14	2.7743563006071177e-11	0.1550926608341912	1.6027494434761463e-30	3.4999601709299697e-12	3.732665546969519e-21	3.5582663834985825e-18	2.759491578997784e-10	3.1480553347947235e-17	6.799035216782098e-13	0.0333136328893767	5.556406619403098e-05	4.0075603033318436e-21	2.2279757151619568e-11	2.13236555530366e-12	2.5003778906428647e-22	1.4479399985785555e-16	6.5630470417657824e-21	2.226049494547651e-13	1.2896107782012588e-16	1.810062993699409e-24	7.11313215791472e-23	2.733085587878966e-20	2.6296972681375985e-21	1.484564688645308e-13	3.0211250903974986e-13	4.607028907499095e-13	1.2230589418121024e-08	0.0002840139299822	2.60286691028289e-18	3.7146539753470225e-21	5.303689796487645e-23	4.148336353693597e-21	5.4142459492320476e-17	5.4249884422320645e-24	3.045256403665184e-17	1.5782143902278498e-26	8.465670678853328e-20	1.8369640786736846e-19	3.3154082297949546e-23	8.135668751862114e-21	1.7413346501621994e-16	1.1692541825940576e-18	1.2811557241855693e-21	1.4615439833146917e-15	3.072997995201484e-22	7.987049290310225e-18	8.137166554173016e-17	2.1248962630311524e-15	1.1295429781995463e-24	1.7608125346272807e-14	3.244726174556398e-06	1.0731048243874727e-13	0.0053978332548699	4.274565818220133e-16	2.457639670578549e-16	7.000606550041537e-17	3.856005737901447e-25	3.769385449917212e-24	9.129203661324798e-06	0.0007288668775132	2.232867937745002e-07	1.0943368668002288e-11	1.6402659087048978e-11	1.813962202800264e-12	4.1613713819429724e-10	2.1445973454744557e-10	1.969623646588597e-08	5.143403047748328e-06	3.06326420870072e-08	3.585851223816295e-14	2.2982580237979785e-07	7.299888372389409e-19	8.362797834417352e-25	6.424617133937612e-48	2.129975513280656e-10	6.022064520215747e-11	7.625055572117225e-21	8.164742007352893e-18	7.403847181898241e-45	0.0	0.0
185.1428593624192	2.534183273599284	55071072.11186989	123599261.32240751	5.3695131557760805	8.840074885332573e-06	4.156891178208328e-10	0.8004682042722834	0.0056822370861921	1.622582719062969e-05	3.786009063714835e-11	3.8092598337015305e-17	1.869069216322477e-23	8.100876444481877e-15	3.844178299195296e-10	0.1549487101353713	3.708571642389725e-28	4.2161544663233815e-11	4.2965290432144784e-19	9.393910608936288e-17	2.08170426202433e-09	1.192153053831949e-15	9.764979729236714e-12	0.0332823824671383	5.586096630755378e-05	2.6849411562921772e-20	2.8319255275740385e-10	1.496636040344647e-12	3.2167497101318718e-21	1.129261331898216e-15	4.7338944680274074e-20	1.0949067983402405e-12	1.627204730488913e-15	2.6526313377235944e-23	1.0228168839268962e-20	5.083579672535983e-19	3.6081954859423337e-19	1.6111678061089197e-12	4.473666101006886e-12	5.421176225813584e-12	1.2219244633407033e-08	0.0002837461262566	2.2414426785614046e-17	2.8672353028255445e-19	4.0254892027856423e-22	4.585970137226456e-20	5.7603810048948655e-16	8.62976584405819e-23	2.711648664503695e-16	3.6750629962463517e-25	1.0447041725264313e-18	2.4109995003826337e-18	8.894069421888785e-22	1.2902474992149325e-19	2.5103309413016388e-15	1.6994685735321197e-17	2.1975317802656602e-20	1.635106665920157e-14	7.114606084643478e-21	3.693858797701028e-17	1.1022409051453557e-15	2.6712773795800256e-14	1.8284522923798748e-23	2.2191706645678458e-13	3.0186177516656543e-06	6.948690656025144e-13	0.0035922043269206	6.2117238940825405e-15	3.198158763532446e-15	1.1248839332505823e-15	9.152907741326486e-24	8.728049102621242e-23	6.02627322082882e-05	0.0015976497541768	1.3295470194784395e-06	7.451867937547426e-12	3.6363792383918655e-11	1.2186447081303266e-12	4.6362706573350915e-09	3.416282064491569e-10	3.743205916770909e-08	7.740462174346204e-06	2.5869939936469955e-08	2.499085983717723e-14	3.431004314494878e-07	1.2244084589714995e-17	1.2983288997978477e-23	1.3687400896620828e-48	4.883433641071017e-10	2.7615712880673147e-10	2.8308219984638103e-19	4.0141334078104603e-17	7.081118460769197e-43	0.0	0.0
181.8402968672002	1.4012395929806791	55780614.07128764	156258315.57314914	5.3602001205906085	4.968133442984177e-06	2.9833458124253656e-10	0.801151386048143	0.0056683960079328	0.0001265402719086	3.2473333045083196e-10	1.508120748015999e-16	6.885975332863597e-23	3.757220307347364e-15	1.0564493369060551e-08	0.1546819013982292	2.4578713058770494e-26	3.66156653022218e-10	1.5607981023500188e-17	9.829758631188265e-16	1.4801745357118056e-08	1.7733760721863102e-14	1.0676538709183344e-10	0.0332246802439404	5.604385977127927e-05	5.496285195447165e-20	2.761774250541642e-09	9.541326354938326e-13	9.884648992493615e-21	6.1873003616993e-15	2.6669586995707503e-20	4.99043281347644e-13	1.4722573991203958e-14	2.032406818805987e-22	2.0819141654759548e-19	9.859234728093901e-19	1.6306505371167056e-17	1.246320933764571e-11	4.986793939655872e-11	4.4696209003988026e-11	1.2198167541447564e-08	0.0002832216945188	1.3508688554024987e-16	5.4073372159343025e-18	1.7923263077537726e-21	3.4901586593002334e-19	5.3610200457796546e-15	9.977071195062162e-22	2.207648527359278e-15	2.793673813518343e-24	9.176284886971685e-18	2.54737821853078e-17	1.2796142656969766e-20	1.4601637458148977e-18	2.8161506350332582e-14	1.823563547432896e-16	7.19565223943453e-20	1.2939878285255582e-13	2.349165620098768e-20	9.764016564015381e-17	1.0755381116097607e-14	2.4049858191614936e-13	1.531167666878628e-22	1.999918007337868e-12	4.4554526703510893e-07	2.4865494237489138e-12	0.0014736504824047	6.352899519220107e-14	3.320895570912249e-14	1.1826334773245123e-14	1.5167176924948138e-22	1.416152423366962e-21	0.0012701622270063	0.0020561602559781	5.032209706415421e-06	1.3544326528506948e-11	1.1942769314347143e-10	8.585907404525289e-13	4.04545324375137e-08	1.147024816538648e-10	7.884937409805129e-08	2.1344852386148228e-06	6.203477525161193e-09	3.509590636535369e-14	7.64679064765165e-08	1.4614122142334523e-16	1.4763755518306563e-22	3.230816996073141e-49	5.637891081499623e-10	9.465999426321162e-10	2.9937426848205884e-18	2.2513087625906585e-16	4.729154571615725e-43	0.0	0.0
178.67556631118455	0.7747949477024041	56480154.41150419	197484188.1364913	5.350310297828055	2.790554847462177e-06	3.7808319915972526e-10	0.800366325309845	0.0056517656507437	0.0002898835858419	2.922322027187316e-09	1.0384276167361829e-15	4.433863488810315e-22	8.10582933235878e-15	9.993814489815535e-08	0.1544020357271657	1.0379893141414751e-24	2.309126032572787e-09	2.719832674368846e-16	1.329397069504268e-14	8.27943451061164e-08	6.136272681727472e-14	8.709762443667205e-10	0.0331632378146756	5.6259436804039165e-05	2.363171605170261e-19	2.0428413629661733e-08	1.1422115078676649e-12	4.922250114627383e-20	2.6047223514417794e-14	6.601922578912749e-20	7.803189585593913e-13	9.736388901463297e-14	4.031239682027362e-21	1.1441253805311965e-18	2.668202369877637e-17	3.323946755040938e-16	6.988357020711433e-11	3.83058816022357e-10	1.8720411968121874e-10	1.2175760728454355e-08	0.0002825750602793	6.349319602119762e-16	7.712711823272836e-17	5.8984525841495634e-21	1.2874190105849017e-18	7.905223248724336e-14	5.9954451760362735e-21	1.3982961122085451e-14	4.6272262021091414e-23	5.821799149773366e-17	3.1031293591496084e-16	7.945112524030002e-20	8.130745243556976e-18	1.923259059262062e-13	1.3548189467169057e-15	2.1634458624848541e-19	7.383716170732915e-13	4.6613786418238375e-20	2.09268262923332e-16	7.678498385685046e-14	1.5763659313227878e-12	1.1582995798786378e-20	1.3092918478917979e-11	1.5232053298789778e-07	1.712594576977087e-12	0.0007511750883731	4.3414595060909983e-13	3.335675769890201e-13	5.770401589453589e-14	1.6525158155674453e-21	1.5109968486897736e-20	0.0039614448897358	0.0010635159386805	1.0927587768039262e-05	4.7996725365588407e-11	4.4134862927970304e-10	1.2875876959730948e-12	1.7401625368838286e-07	2.4446306721741703e-11	1.4848523107458362e-07	1.4638495954036446e-07	1.5002354305272e-09	1.0336858712458685e-13	4.8574982188226115e-09	1.1779395014813148e-15	1.2412602722316474e-21	8.5315315330127865e-50	9.168846291473588e-10	2.435546261428128e-09	1.6048113314539034e-17	2.1855619429820094e-15	7.826021325074798e-42	0.0	0.0
175.6359113997593	0.4284115393201341	57170193.79967962	249504087.41859213	5.345955626831152	1.5684228864174698e-06	8.528356657870351e-10	0.7998512180897182	0.0056396982134622	0.0004628260216057	1.7670512904449426e-08	9.064051414399446e-15	3.634788166855812e-21	2.9348201847541994e-14	5.412619620143272e-07	0.1542789639641852	3.210138716800965e-23	1.0699903003365276e-08	2.949628666909236e-15	1.2606941408602156e-13	3.542568611408573e-07	1.450316964669905e-13	4.9270893537273275e-09	0.0331313639625527	5.656408944579194e-05	1.477312688279668e-18	1.1433306525195057e-07	4.399076312520549e-12	2.3205012343908336e-19	8.761015201489271e-14	2.4741755428304962e-19	2.2274328155368728e-12	4.80788365202535e-13	5.668866515260318e-20	1.701169685325429e-18	4.4377796022798564e-16	2.873657888136264e-15	2.9128123559868533e-10	1.4716376960174674e-09	3.895177301023621e-10	1.2164306105977702e-08	0.0002822481384943	2.321706023932906e-15	3.9330267542643845e-16	8.326205920455585e-21	1.7875809576325677e-18	5.992084875588584e-13	1.7465386492797474e-20	5.721137332418471e-14	3.681404810259671e-22	2.727356841870912e-16	3.225713336439062e-15	2.4106439368101825e-19	2.1855864734530613e-17	6.516906957596897e-13	6.5493747363573126e-15	5.485130112924942e-19	3.1231938849610163e-12	9.603914736311608e-20	3.713552559624241e-16	4.0983303644488894e-13	7.700616190784017e-12	3.3723730629714015e-19	6.370013351170627e-11	1.5501889207778118e-07	4.145099779498167e-13	0.0006563941704382	2.126818915272156e-12	2.4340146749455708e-12	1.7002411966814508e-13	1.1772126006375124e-20	1.0458778562491924e-19	0.0050767125808539	0.0005445112416057	1.772708716949093e-05	2.073258692234976e-10	1.6511373445765011e-09	2.4671957216285057e-12	2.728358547463004e-07	8.122282236622233e-12	2.5834004787457145e-07	1.6719666745750848e-08	3.955832346717023e-10	3.00520970107428e-13	5.395284366669495e-10	6.506408756492922e-15	7.7266137820788e-21	2.519481669327785e-50	2.5450357836577103e-09	5.768596735552029e-09	5.744702237958784e-17	1.9930357316783756e-14	1.4200080435398304e-40	0.0	0.0
172.69206649577407	0.2368838975614261	57850409.75494721	315117862.6622751	5.343414856212497	8.816009044240426e-07	1.9699690234221853e-09	0.7996067874357193	0.0056293227846644	0.0006568421761035	6.292297604634308e-08	6.607583620359683e-14	2.657005093034655e-20	1.1483219731284058e-13	2.152354514113284e-06	0.1542032426686711	6.116237818184458e-22	3.733220842305419e-08	2.2344784937144342e-14	7.941627998074415e-13	1.1853811352694033e-06	2.636931878304249e-13	1.9058847628017944e-08	0.0330965605367519	5.683283889203158e-05	7.8433641967623e-18	4.710798869399774e-07	2.0731274049422996e-11	8.740850055686963e-19	2.2697509632445234e-13	7.422126997873036e-19	6.628925262137941e-12	1.8159338414311917e-12	3.9756263524191e-19	9.434532195453188e-19	4.601814407908551e-15	1.2191413858507638e-14	9.348826151420339e-10	2.885596028346015e-09	5.379387810467072e-10	1.2151869487293875e-08	0.0002821051318688	6.547426294619593e-15	7.683467423918572e-16	7.24019611725581e-21	1.4094769590490182e-18	2.078323240854216e-12	2.800836919255165e-20	1.5459328832703953e-13	9.89176350864399e-22	9.720103559194086e-16	2.3948702814835812e-14	4.2165693769535865e-19	3.5342519072881355e-17	1.316864273364567e-12	1.936086037344272e-14	8.328702208472675e-19	1.0120053293113413e-11	2.0788810862725548e-19	5.681510526294225e-16	1.6813111814007588e-12	2.890032946165405e-11	4.0068457667419924e-18	2.3728072362225077e-10	2.5126076505099325e-07	9.680796399746505e-14	0.00082464007813	8.320717125395633e-12	1.2281648124602571e-11	3.912863468123954e-13	5.67223996294165e-20	4.958178855446947e-19	0.0052504235281249	0.0003643945912567	2.3950337906830164e-05	1.0606989287875336e-09	5.296114980924726e-09	5.403889339354801e-12	2.696092569491029e-07	3.769651839351594e-12	4.016706958808494e-07	3.492546141432701e-09	1.1339184337463838e-10	8.56790971933686e-13	1.1145630041980828e-10	2.506294779239916e-14	3.554051750462166e-20	8.294685940432653e-51	7.02321759421261e-09	1.1300386552379809e-08	1.6364054973002306e-16	1.440822014123683e-13	1.639444093336004e-39	0.0	0.0
169.8438884132386	0.1309814880638884	58520865.69566196	398131478.4087677	5.338631932357239	4.951992242769638e-07	4.330759391242392e-09	0.7995835652974361	0.0056164403297027	0.0008738081976633	1.451586209095976e-07	3.963164372530986e-13	2.9281339105911003e-19	4.0413135450993283e-13	6.891428518734851e-06	0.1540512764529843	7.315851463595643e-21	1.0202690711205645e-07	1.2797944363830874e-13	3.666330290974506e-12	3.2206172774232124e-06	3.877640912449859e-13	5.219370534518093e-08	0.0330137526070593	5.690962997974632e-05	3.4138672702700845e-17	1.4014726463151114e-06	7.875384376765886e-11	2.6544273294510417e-18	4.663081759778829e-13	1.744209168557925e-18	1.884093493764782e-11	5.378244466949298e-12	1.5093989013774277e-18	3.8271077855167535e-19	3.646317056259733e-14	3.781138915397701e-14	2.4130125358812873e-09	3.7042535745162203e-09	6.550030435842466e-10	1.2121933988931671e-08	0.0002818499021186	1.4734855613286296e-14	9.286162704625257e-16	5.658116943993256e-21	9.309963177139444e-19	4.446925150357028e-12	3.3112354296980153e-20	3.113669344026633e-13	1.2009282020906226e-21	2.737479152834041e-15	1.2502296650652924e-13	5.611546681702393e-19	4.3249916718675905e-17	1.984086127864382e-12	3.6223426664759786e-14	8.677833373790125e-19	2.6119018896415718e-11	6.222921339098529e-19	7.795741112854424e-16	5.486760957533083e-12	8.649687222673163e-11	3.005011718130287e-17	7.022421999604087e-10	4.561750313789919e-07	2.9860182732422474e-14	0.0011388441449871	2.7731377413486932e-11	4.5949066019242177e-11	7.93912779978898e-13	1.9206362763271806e-19	1.6927435201412814e-18	0.0050497452421096	0.0002920664900222	2.859770133041581e-05	5.223558971613355e-09	1.3630686387797426e-08	1.2727828545460188e-11	2.284785556305237e-07	2.0612541688441137e-12	5.686470524800653e-07	9.91630028980518e-10	3.513794039819678e-11	2.1790072603499105e-12	3.1722781230977065e-11	6.974977297520431e-14	1.2241700878990298e-19	3.027680983260842e-51	1.5779729932663693e-08	1.7860707348177303e-08	4.198956201547647e-16	8.489327571394105e-13	1.3725001745199226e-38	0.0	0.0
167.09122993793636	0.0724242989584457	59182139.71407987	505987583.9106719	5.3270681474649555	2.777210999698858e-07	9.127406065862276e-09	0.799930851325765	0.0055950399110332	0.0011105895445278	2.3857098790449336e-07	2.0395918686253387e-12	2.8565081566374987e-18	1.191922357051197e-12	1.868834446882828e-05	0.1536743380225354	5.952909736626317e-20	2.2830024769257918e-07	5.948883401383668e-13	1.3617066648965949e-11	7.389501067612018e-06	4.81196126684027e-13	1.0646799312235293e-07	0.0328216465378568	5.660303160706281e-05	1.26511286974158e-16	3.0710240058451352e-06	2.3130576242468016e-10	6.76999647987425e-18	7.942858395448376e-13	3.460981163021833e-18	5.0713369868279635e-11	1.2832962276313709e-11	3.499819756173851e-18	2.1142062423256661e-19	2.3184152314624904e-13	1.333586591859912e-13	5.227523769437827e-09	3.797065400315131e-09	8.03594727656152e-10	1.2052075931737412e-08	0.000281155963674	2.772828056986373e-14	9.489766501630273e-16	4.639846142099392e-21	6.056418547663153e-19	7.203179332208024e-12	3.524284691754829e-20	5.037865517650279e-13	8.673483798218055e-22	6.348324609379945e-15	4.760920368409988e-13	6.637505411497241e-19	4.529963989957131e-17	2.50550366351958e-12	4.7021737527004556e-14	7.343511210283658e-19	5.5946573509488124e-11	2.6380597642296547e-18	9.87096379480661e-16	1.477312931839981e-11	2.146865419195808e-10	2.31711105101602e-16	1.717110560178572e-09	8.061136501835661e-07	1.1752215509149826e-14	0.0015192432585016	8.000562793569532e-11	1.3679225040847946e-10	1.5095125314939336e-12	4.740338371209408e-19	4.277122935041541e-18	0.0047020404225213	0.0002454016091081	3.148272951223959e-05	2.1086013909288362e-08	2.7839943540574106e-08	2.908705495597855e-11	1.929281802338435e-07	1.1415125479810497e-12	7.517286187070895e-07	2.8691982004728537e-10	1.1644612947737786e-11	4.705896197339584e-12	9.328586278691956e-12	1.50478348547215e-13	3.2756197586550213e-19	1.2156178247929397e-51	2.829242301395776e-08	2.3545315033085475e-08	1.0817443991763102e-15	4.252433202474813e-12	8.818578988582942e-38	0.0	0.0
164.43393972402734	0.0400459573116458	59835359.46322276	642979856.6042186	5.303091715917654	1.5534108557067252e-07	1.8745920708850896e-08	0.800929390086354	0.00555685878888	0.0013621176819531	3.0467185014433894e-07	1.0866786091309388e-11	1.5312513872121113e-17	3.225598334015991e-12	4.387227723767746e-05	0.1528770148024697	3.5804006550586024e-19	4.344314091310004e-07	2.3645087733368218e-12	4.3596715786693405e-11	1.4794898452017156e-05	5.214231842389136e-13	1.692977158007417e-07	0.032441104771061	5.568695583150146e-05	4.1053498921398923e-16	5.248563841762994e-06	5.456988865032478e-10	1.5113886208856236e-17	1.1669539793859025e-12	6.124168463952597e-18	1.3000316276723023e-10	2.550462046476022e-11	5.5610283029720995e-18	2.5695170835371623e-19	1.635097064733733e-12	8.419403041034277e-13	9.848598978672077e-09	3.575428163002778e-09	1.0276848437314723e-09	1.191328280807266e-08	0.0002796378717131	4.5521366042325743e-14	9.605225879843896e-16	4.1333833588030064e-21	4.059640710398728e-19	1.0220082471489628e-11	4.438518721700133e-20	6.67909513272347e-13	4.6533665050870045e-22	1.2581882862704856e-14	1.3913689867947493e-12	7.38913545858327e-19	4.276796949115124e-17	2.7669223643321576e-12	4.761776141779451e-14	5.716325681419558e-19	1.0307853828752823e-10	1.1998797635849077e-17	1.173986605306542e-15	3.387769656416207e-11	4.5710029977498934e-10	3.0486385748458014e-15	3.5889100462859998e-09	1.344938171580658e-06	5.570981933258911e-15	0.0018884006523853	2.000634444109188e-10	3.4081556516168947e-10	2.756572219433402e-12	8.845729104031297e-19	8.174843493503375e-18	0.0043054583923763	0.0002036363693967	3.317208102382848e-05	6.64330337005319e-08	4.5889334855085725e-08	5.7597790761090624e-11	1.7633798709059137e-07	6.02539961290223e-13	9.442716808462294e-07	7.606123913105694e-11	4.069092044300546e-12	9.52352393979186e-12	2.552073963350848e-12	2.7749689717316045e-13	7.138128750673224e-19	5.331710520320782e-52	4.164825453285761e-08	2.70983699972514e-08	6.377659320414432e-15	2.0419062359824905e-11	6.152764940906714e-37	0.0	0.0
161.87186218813542	0.0221428266489162	60482319.84893786	816953488.7373056	5.259777792967668	8.654043505035887e-08	3.9028463992524636e-08	0.80295065703109	0.0054912463703306	0.0016291290262939	3.462110557273565e-07	8.615130038994752e-11	6.350541042994799e-17	1.1310466279622437e-11	9.060668943746584e-05	0.1514075441075719	1.7226234414556078e-18	7.276235430143171e-07	8.733394511553506e-12	1.2729206738613517e-10	2.660689312592085e-05	5.096735414392334e-13	2.1937256943647906e-07	0.0317754072247758	5.390989307714413e-05	1.2217446261463557e-15	7.612129969180586e-06	1.107696029338713e-09	3.1349055146683623e-17	1.5324330682195853e-12	1.0162339290489893e-17	3.2486053685625064e-10	4.40937211938064e-11	7.105939037918693e-18	8.2233602320074165e-19	1.937148918929133e-11	1.0819570998987989e-11	1.6662966301057593e-08	3.389363532435646e-09	1.311177912547164e-09	1.1670027392942545e-08	0.0002768152143447	6.757059333705947e-14	9.856735751674894e-16	3.8955154385414325e-21	2.7743771819235454e-19	1.4946624749666497e-11	5.421555906752598e-19	7.049547981799835e-13	2.3924492455458863e-22	2.2078108797362054e-14	3.296836997964221e-12	7.551076097382948e-19	3.6977713612734835e-17	2.6927377726644523e-12	4.253828831690762e-14	4.457505118309414e-19	1.688903865982848e-10	5.333047120569758e-17	1.3271874001761322e-15	6.828349172562085e-11	8.628853705704435e-10	6.917932991671239e-14	6.6269575726013504e-09	2.1446345178646075e-06	2.899592417308627e-15	0.0021860850879948	4.381276133360059e-10	7.39358203638796e-10	4.857271724590335e-12	1.3025016485007493e-18	1.2205589160328993e-17	0.0039001322506583	0.0001647043929287	3.439272395266658e-05	1.6690605898832257e-07	6.320014911583339e-08	9.350950639728386e-11	1.808617237980832e-07	3.01656453799716e-13	1.1384106678420137e-06	1.8360472423867624e-11	1.453279981423645e-12	2.538678811046969e-11	6.494834805569682e-13	4.828434143017714e-13	1.3348635180479261e-18	2.5188372875900186e-52	5.2376012835411816e-08	2.8365367547465168e-08	1.0933665361206479e-13	1.269502867396711e-10	7.233675275766122e-36	0.0	0.0
159.3590308968956	0.0122435522814027	61125647.39652	1037858097.3310988	5.188838263571484	4.7950249775903785e-08	8.89646620962617e-08	0.806448503537362	0.0053852325667064	0.0019161850871981	4.020535171308213e-07	5.87728449241577e-10	2.749556955638608e-16	4.4972784236581267e-11	0.0001645719882755	0.1489546546174728	7.033242119916182e-18	1.0978009268661658e-06	3.276135352743336e-11	3.5121780035740797e-10	4.336434664431652e-05	4.656170420719902e-13	2.401979965554966e-07	0.0307119475803758	5.100746259079853e-05	3.559763152120532e-15	1.0006383309195774e-05	2.044087242604918e-09	6.5553574433835e-17	1.842231124521247e-12	1.6918587312563248e-17	8.294291708736675e-10	6.856460459633866e-11	8.483109773647366e-18	2.429744089880552e-18	1.6420041989751128e-10	1.0061309854769397e-10	2.5745249524209858e-08	3.33796328656331e-09	1.3891264825472326e-09	1.1280900869717166e-08	0.0002720912446359	9.083118642407493e-14	8.748572451199805e-16	3.751373035168682e-21	1.890762022530964e-19	2.4469579712404763e-11	2.8703166798380387e-17	5.370850943728273e-13	1.731116799136243e-22	3.4903230575012674e-14	6.580611077555004e-12	6.082322168648099e-19	2.939404954841298e-17	2.2926684087461127e-12	3.654865946827542e-14	3.6375861406131064e-19	2.510275508196434e-10	2.428075808428396e-16	1.4347368896051105e-15	1.232050600762605e-10	1.4760073607681846e-09	9.917695040972865e-13	1.1043878413696124e-08	3.3171256417137245e-06	1.5431590173086817e-15	0.0023736291233244	8.466921826990425e-10	1.4225154653976924e-09	8.17505143539564e-12	1.5670440770566425e-18	1.4620466879474604e-17	0.0034965202307356	0.0001296274695329	3.5429510655380505e-05	3.39299976264526e-07	7.483587007887658e-08	1.234861208644012e-10	2.045603026765423e-07	1.446500145724036e-13	1.3160947320602407e-06	4.0977176134107794e-12	5.032319551427539e-13	7.992804726017835e-11	1.582475018276045e-13	8.275099395812946e-13	2.2214014918865868e-18	1.2584267437520948e-52	5.805534409597516e-08	2.771143892819692e-08	9.544893548954285e-13	7.55006081856523e-10	6.490404425960018e-35	0.0	0.0
156.89031351631155	0.0067698932410139	61768841.74482958	1318309737.7454388	5.080373972172117	2.6367645513379573e-08	2.231019507205062e-07	0.8119824053268884	0.0052232417223775	0.002222104911761	5.363487250144364e-07	2.638381872258097e-09	1.7518423981164733e-15	2.80923675617796e-10	0.0002609652559018	0.1451385581155691	2.4905926222577707e-17	1.5099172253239971e-06	1.176147576102327e-10	9.015496217781491e-10	6.36712899625789e-05	4.3851030592916206e-13	2.302692196074286e-07	0.0291225173187121	4.672193583923676e-05	1.007682265798628e-14	1.2339010943218924e-05	3.542355783023662e-09	1.3864798559440781e-16	2.0460137644402053e-12	2.809798452431073e-17	2.2162607284648e-09	9.75953197960178e-11	1.0742606535994847e-17	5.273540634246217e-18	8.408455953303633e-10	5.730560843348195e-10	3.631150195793917e-08	3.384234222202945e-09	6.359048211424348e-10	1.069874175225426e-08	0.0002647201184324	1.0409459208074853e-13	4.751375891836738e-16	3.639577216490283e-21	1.2983163290787516e-19	4.3101366552829436e-11	9.551307055543792e-16	2.533754723459302e-13	2.8691863335255745e-22	4.962630709969869e-14	1.1204531544899379e-11	2.701698168384408e-19	2.1989063594249297e-17	1.7425716604205769e-12	3.1660430028512865e-14	3.073024228918882e-19	3.4005733114141237e-10	1.0665021102260496e-15	1.4843396450719102e-15	1.9860311612786623e-10	2.296395126436925e-09	7.836628421015641e-12	1.6664981381748238e-08	5.017277285902098e-06	8.991808163422007e-16	0.0024291596048092	1.4378819248892852e-09	2.419457452594238e-09	1.3009930145173953e-11	1.5764399554433061e-18	1.426788566164945e-17	0.0030889889487969	9.873279449166038e-05	3.5861880340848486e-05	5.672926350966757e-07	7.783665886265005e-08	1.3474245351838874e-10	2.39291477088964e-07	6.709555248188383e-14	1.4375767606446435e-06	8.458701983078917e-13	1.537257718312163e-13	4.472927944721829e-10	3.803638403111253e-14	1.357448240614578e-12	3.3358489543761817e-18	6.4864366837779605e-53	5.788605682453684e-08	2.5537788885504292e-08	4.475970551913001e-12	3.1642387164258302e-09	3.8118612987443622e-34	0.0	0.0
154.51638325741067	0.0037433134960629	62416793.52036275	1674302231.9547875	4.92247458924277	1.4343499699946452e-08	5.658425544654687e-07	0.8202504609740136	0.0049859385494781	0.0025386026166463	8.893629263765875e-07	8.632911931678389e-09	1.1914976001284744e-14	4.442734663888818e-09	0.0003637595843915	0.1394773780188221	7.527857793902487e-17	1.8987167541719292e-06	3.5784062224318576e-10	2.025982628069253e-09	8.401554947648214e-05	5.014342572237366e-13	2.0031503611264403e-07	0.0268653950441435	4.08488305268404e-05	2.5689048091583965e-14	1.43770613875191e-05	5.796186574325234e-09	2.7259182539731697e-16	2.096171766429753e-12	4.291512296039916e-17	5.580594807931983e-09	1.2733288187054247e-10	1.5696136835982656e-17	9.59501227236118e-18	3.066243796034901e-09	2.302764727603793e-09	4.6332908330221935e-08	3.439211215995402e-09	6.015087461575525e-11	9.871411861697552e-09	0.0002537453548533	1.027011641973396e-13	2.1146094369534238e-16	3.4971457789646965e-21	9.171500799181317e-20	7.540301013156293e-11	1.7552393760097058e-14	7.596258060007762e-14	6.861954545212719e-22	6.283635892714855e-14	1.6103772778000616e-11	8.155239320009756e-20	1.6239930566437878e-17	1.2900995666803772e-12	2.7972238471831573e-14	2.5619003092942413e-19	4.1781612124453536e-10	3.6166681738118816e-15	1.4622341353795937e-15	2.8034650472905566e-10	3.192019175120394e-09	3.8965345646184224e-11	2.2382879976619582e-08	7.531344335147647e-06	6.470547784401398e-16	0.0023407053459163	2.110918233775362e-09	3.604830437595647e-09	1.918005453258324e-11	1.3368087389864497e-18	1.1394312977325906e-17	0.0026644943792435	7.16891018598946e-05	3.471020824278095e-05	7.976090403313604e-07	7.187846019199503e-08	1.2316937498502382e-10	2.697947549968732e-07	3.0352954392886143e-14	1.4417098073288258e-06	1.5729557667892685e-13	3.4115348986759887e-14	4.341613740351199e-09	9.346375091868788e-15	2.010768788518723e-12	4.504941109028443e-18	3.3278360439745323e-53	5.238185376321249e-08	2.2127715053140723e-08	1.3932530603945029e-11	9.637846188346286e-09	1.629228402025738e-33	0.0	0.0
152.2370678163333	0.0020698104727731	63076643.25175257	2126107236.45496	4.701081772590449	7.687727039363163e-09	1.355342140918188e-06	0.8321055459316065	0.0046486223825328	0.0028614916882759	1.6656263607215775e-06	2.362784459523068e-08	5.3180401889774495e-14	1.422448887555848e-08	0.0004538933521856	0.1313335427804648	1.8889078449594584e-16	2.1762458017488585e-06	8.710737106632771e-10	3.783645855664956e-09	9.985684459241604e-05	6.679784850759167e-13	1.619657782582626e-07	0.0237984873336112	3.333970890798362e-05	5.531802123765975e-14	1.5557074069414424e-05	8.695885882733062e-09	4.652846968693396e-16	1.966441141221711e-12	5.568147967708809e-17	1.136650008132532e-08	1.4925332442998472e-10	2.3693984351772653e-17	1.6925667890794194e-17	9.165883955437296e-09	6.8900532765367825e-09	5.2757924076302095e-08	3.3770855655819687e-09	2.2630743352924547e-11	8.746577490944844e-09	0.0002379311061461	9.492317186332037e-14	1.243438510776919e-16	3.222791735146023e-21	6.507795926960795e-20	1.1939110979181502e-10	1.849031526163365e-13	1.7959316710445784e-14	1.2177435407534873e-21	6.974147065236105e-14	1.9100180138253715e-11	3.4146292938785973e-20	1.1903824015342185e-17	9.47090903080339e-13	2.4466320131035642e-14	1.9938198293160613e-19	4.5974910773950264e-10	8.119464914099645e-15	1.3534882673346573e-15	3.348954849768193e-10	3.825050582248027e-09	1.2766808875145338e-10	2.5818890339602464e-08	1.0766689074680455e-05	4.710320690218879e-16	0.0021049127854251	2.6241756204188064e-09	4.6754931038449205e-09	2.2073325093495408e-11	9.41547352339092e-19	7.380223752812376e-18	0.0022093072021321	4.765024743179519e-05	3.094187694984674e-05	9.126836929521618e-07	5.828726386771412e-08	9.265412115190755e-11	2.758099058043208e-07	1.3328774061424676e-14	1.2713865636086811e-06	2.4389644977159692e-14	3.0346472567504585e-15	9.88113089785313e-09	2.4415499752472117e-15	2.5621106627930084e-12	5.2934477734750716e-18	1.6071249041047214e-53	4.269856376423797e-08	1.7708979444477912e-08	3.334686725644319e-11	2.3522377912820132e-08	5.34357394971208e-33	0.0	0.0
150.02047147741763	0.0011444714416003	63758671.66312236	2699412807.075618	4.401086172497117	4.038353066558606e-09	2.8186832703485527e-06	0.8485255143631439	0.0041810311393016	0.003196058421703	2.879557525356768e-06	5.7388657986988425e-08	1.530832166032915e-13	2.9286770336299012e-08	0.0005145901070716	0.1198797773362535	3.8056391160630727e-16	2.2497074880261296e-06	1.6538630391074144e-09	5.736744261497558e-09	0.0001063378227291	7.936148697870933e-13	1.2186824668179014e-07	0.0198206904093139	2.448366851539909e-05	9.224863493784678e-14	1.5109572951947314e-05	1.1356030646642497e-08	6.61049585691737e-16	1.6614112945084734e-12	5.669993393418004e-17	1.747487988163951e-08	1.5002451692867243e-10	2.964190132184076e-17	2.9757075935561835e-17	2.2913810531585617e-08	1.505052226688866e-08	5.261735715042893e-08	3.070937404845414e-09	1.2692444668099367e-11	7.2868072442595865e-09	0.0002157322078655	8.102417183909503e-14	8.349301857229216e-17	2.7510804692262457e-21	4.4765779115745414e-20	1.6295357567756408e-10	1.1957489753801164e-12	4.6130997810845465e-15	1.3357634547156296e-21	6.563938629269333e-14	1.8070064979517952e-11	1.7689936923471564e-20	8.44889080077556e-18	6.695656431933701e-13	1.9650525713714328e-14	1.3630252183391257e-19	4.4041828035528845e-10	1.1804172548774724e-14	1.1463463441242489e-15	3.221078986160133e-10	3.772951551874697e-09	2.7198394785485436e-10	2.4212930968314934e-08	1.3554390503168424e-05	2.782424377464689e-16	0.0017293900505787	2.695539469381105e-09	5.202836634021679e-09	1.9880637835838524e-11	5.206011509664871e-19	3.7113311826239295e-18	0.0017161184018879	2.7017370616989666e-05	2.4106441237685182e-05	8.494876655276446e-07	3.9835284582460575e-08	5.4274041012352705e-11	2.420229609868436e-07	5.502048578900176e-15	9.200321536276202e-07	2.7247449513418682e-15	0.0	1.3712761745875004e-08	6.658739596904448e-16	2.68372371881055e-12	5.015066989034724e-18	6.64417703401199e-54	3.044941275762115e-08	1.2614081109596922e-08	6.676445748047749e-11	4.907822187381582e-08	1.2216163750340622e-32	0.0	0.0
147.83354758415663	0.0006328187521845	64477993.59733752	3426763233.589433	4.010246546543126	2.064749618322698e-09	4.659177540004916e-06	0.8704461238919231	0.0035514751114231	0.0035561206488141	4.105196861826786e-06	1.259819242363009e-07	3.0325069666848923e-13	4.8447696569710145e-08	0.000531085175343	0.1041457949068452	5.767946719085699e-16	2.046129011457381e-06	2.4014036632576976e-09	6.962509299452485e-09	9.92317508443714e-05	7.120330719724863e-13	8.296264933298417e-08	0.0149652129321124	1.5147332514653906e-05	1.1011956990226213e-13	1.2611959253346836e-05	1.2186006194925595e-08	7.507163183240912e-16	1.2222257929877233e-12	4.256085095855406e-17	1.981077786225645e-08	1.203369075319187e-10	2.6858630965355332e-17	5.227868939780195e-17	4.48169479275768e-08	2.3704114456378998e-08	4.4808690150444653e-08	2.461874406746158e-09	8.323045303965929e-12	5.5037449782453135e-09	0.000185437391307	6.160023984514271e-14	5.583698625629443e-17	2.0794308283933387e-21	2.8342873425383814e-20	1.822772343500905e-10	5.160666896190604e-12	1.7016280904313337e-15	8.883138363218427e-22	4.910455107537956e-14	1.2834380509033416e-11	9.757976253988543e-21	5.560614132928162e-18	4.3483288268089894e-13	1.3029650084023562e-14	7.575183358812813e-20	3.4582914519588583e-10	1.1426215688545616e-14	8.46361638621725e-16	2.3174799134223994e-10	2.8973595782330287e-09	3.741559727022427e-10	1.7002089543730332e-08	1.38623147505673e-05	1.2519060317633198e-16	0.0012437538562384	2.197620535855931e-09	4.790652432501378e-09	1.4072486969494404e-11	1.947704628952616e-19	1.2611127129212729e-18	0.001194742575474	1.157510106884114e-05	1.5140957455480084e-05	6.242919085383373e-07	2.0726856869830546e-08	2.1538150580076272e-11	1.690813680324634e-07	1.9144760427625844e-15	4.829137768485976e-07	1.6082817302937118e-16	5.753879284305766e-19	1.3471234440195784e-08	1.37929176405016e-16	2.160411647372309e-12	3.4517230129279044e-18	1.942016607307723e-54	1.778231643137077e-08	7.4495557342885285e-09	1.1541235657037068e-10	8.950136772021983e-08	1.765532267539288e-32	0.0	0.0
145.7407656682021	0.0003499078776107	65257524.04103637	4349379304.829237	3.5288098680508395	1.0190392508945381e-09	5.8644056194688966e-06	0.8982619945807658	0.0027416082238182	0.0039628077491269	4.6277612606073045e-06	2.540600049100269e-07	4.368500546945565e-13	6.735684449240851e-08	0.0004901291581762	0.0832990200216425	5.821127905880731e-16	1.5507548097427284e-06	2.58522274318045e-09	6.517940720472143e-09	7.695722474393156e-05	4.528613116112917e-13	4.759232122847836e-08	0.0095691044940659	6.905168539405371e-06	9.057045897681163e-14	8.457625349943798e-06	9.99375276059769e-09	6.388466433459619e-16	7.283784992966789e-13	2.1705035106642925e-17	1.5894693316562877e-08	6.825447173077451e-11	1.6194630963141806e-17	1.0146073385150367e-16	6.557127319167974e-08	2.67714640966342e-08	3.1026645707588725e-08	1.6134960164967407e-09	5.954219459098273e-12	3.5205830980321832e-09	0.0001457988685292	3.881275676098612e-14	3.28770711286628e-17	1.2872171455095176e-21	1.5109799813639602e-20	1.5367684760899162e-10	1.6070491224054343e-11	7.74608600536336e-16	3.428515388185437e-22	2.5736334966885263e-14	5.9565697321137066e-12	4.980081733021532e-21	3.1438470057152186e-18	2.3863939746791693e-13	6.158058570548937e-15	2.9746612376067704e-20	1.9662112758246287e-10	7.404844628175413e-15	4.980565480817363e-16	1.0761729850355275e-10	1.5658385781038559e-09	3.209417686114067e-10	7.591158187128228e-09	1.0503326513431307e-05	3.980810955800101e-17	0.000717843135918	1.3007033719434782e-09	3.3631993497707605e-09	7.263618940293329e-12	3.073424501155206e-20	1.7741770418893242e-19	0.0006861779200817	2.8053107193458995e-06	6.585748426020393e-06	3.248779799301625e-07	6.394107322903086e-09	3.793139955261167e-12	8.190225743502677e-08	4.0447303751289456e-16	1.370635621624392e-07	3.5777886533786513e-19	0.0	8.841590890534057e-09	3.4107843903357544e-19	1.162072159646928e-12	1.4592009163506433e-18	2.2209807882362087e-55	7.3181369087508855e-09	3.142219543471281e-09	1.7094506302028732e-10	1.415966121716614e-07	1.7157500169891924e-32	0.0	0.0
143.72153176293844	0.000193476445493	66132823.437546186	5519458788.332587	2.989971545343861	4.84131452099671e-10	5.425823083027439e-06	0.9305844665726118	0.0017868134875765	0.0044423625168317	3.936376287069868e-06	4.780748798086263e-07	4.402351722539768e-13	7.72195236679682e-08	0.0003848083650851	0.0575967048162446	3.307420474132708e-16	8.675959110929951e-07	1.888786717046665e-09	4.217484181792003e-09	4.393137922452601e-05	1.8556035127848402e-13	1.9628923256910825e-08	0.0044953262091815	1.6297309537358031e-06	4.684446733329136e-14	3.945987227868316e-06	5.4412241608822095e-09	3.507799691943041e-16	2.965956392548571e-13	5.694897213756219e-18	7.940356278471072e-09	2.0213310701674623e-11	5.297249083069592e-18	5.1628984289118e-16	6.998640282672295e-08	2.0445803689799e-08	1.5515850198825162e-08	7.416314955987988e-10	4.412188550391728e-12	1.654447843220557e-09	9.794207142150756e-05	1.7339682279079294e-14	1.4349653022967386e-17	5.5247387550247925e-22	5.6441652071739394e-21	8.371884109626293e-11	3.80102025372462e-11	2.850133521571435e-16	5.812362809544323e-23	6.786666819906428e-15	1.169487601975109e-12	1.9351519999011426e-21	1.3084396801980416e-18	9.315092726605973e-14	1.474268476290982e-15	5.52676670405566e-21	5.936398652037869e-11	2.907397718984321e-15	1.919319545004637e-16	2.040005448489129e-11	4.4679004260436476e-10	1.4072658169082482e-10	1.2770419676232626e-09	4.935803528375624e-06	6.237668808356271e-18	0.0002726303389784	4.37685467422858e-10	1.4702988568293254e-09	2.0848239062807325e-12	0.0	0.0	0.0002719637571176	4.664613014748536e-09	1.302940314616614e-06	8.4097056961449e-08	3.0106640799313747e-10	0.0	1.9036827169497442e-08	0.0	0.0	0.0	3.1568369059100793e-19	2.9373599327489104e-09	0.0	2.776868389356735e-13	2.197023657678668e-19	0.0	1.3718828464680495e-09	6.257993808192622e-10	2.059131118205693e-10	1.862293016373908e-07	1.248888532918235e-32	0.0	0.0
141.72037857114398	0.0001069799720321	67154114.6642743	7003082848.235109	2.48776151695606	2.2587538277386795e-10	3.355162849347161e-06	0.9621252806883184	0.0008503425630939	0.0050196756188331	2.2820190953914934e-06	8.048316820789478e-07	2.8414616707658385e-13	6.726874106893104e-08	0.0002314275552351	0.0305414807439094	9.48941374484903e-17	2.6369390588124644e-07	7.229534442064222e-10	1.3679325295387496e-09	1.3414012247591803e-05	3.46482182315647e-14	3.800499465187257e-09	0.0010801516232968	0.0	1.0825760371173671e-14	8.616981449028945e-07	1.339799773362864e-09	7.978554804880077e-17	4.976277213682165e-14	0.0	1.5998748383279574e-09	0.0	2.898361339944322e-19	6.824455814226936e-09	5.086446995110057e-08	2.491738086829808e-09	4.0373141808467405e-09	1.5915628196004434e-10	3.181808144843086e-12	3.9762212598265285e-10	4.926800187779202e-05	3.613339925856201e-15	3.1174016555214828e-18	1.0352830565201332e-22	8.781620063764638e-22	1.9542936149496836e-11	6.919654284272799e-11	2.3657612515789877e-17	0.0	0.0	0.0	3.659019253034431e-22	2.702408664040252e-19	1.6171646120683424e-14	0.0	0.0	0.0	4.198932583279359e-16	2.5647346541885242e-17	0.0	0.0	4.474835590883436e-12	0.0	8.190254277495478e-07	0.0	3.5706489279003665e-05	2.0869546120253027e-11	1.885562111748808e-10	2.0723388165842324e-14	7.063412369100031e-24	3.879185715399394e-23	4.45410457226268e-05	0.0	0.0	0.0	0.0	6.542456941145073e-16	0.0	8.060848999634483e-21	4.177363390205918e-13	3.913964551372218e-23	2.750860789415086e-19	0.0	4.654927463956447e-21	0.0	0.0	5.391719544816268e-59	0.0	0.0	1.7785229095666786e-10	1.838680101066651e-07	7.105291386606119e-33	0.0	0.0
139.81285698356064	5.9153011555685466e-05	68368033.85177143	8883886733.51081	2.1556914151057107	1.0969992273804125e-10	1.112775578597214e-06	0.9839431334379248	0.0002206690919533	0.0057130586474396	7.534855738852768e-07	8.566612099558312e-07	1.3432183836240228e-13	3.684116593323424e-08	8.853147432559909e-05	0.0100171776223361	8.081530166934197e-18	6.526250861474933e-09	4.299100747778446e-11	0.0	6.239433496142656e-08	0.0	0.0	0.0	8.746618062329742e-11	0.0	0.0	0.0	0.0	0.0	3.7657988576558152e-22	0.0	2.355028607104873e-16	0.0	3.365082441633683e-09	2.1513921224447533e-08	6.555831892702536e-11	0.0	0.0	2.106922212559288e-12	0.0	1.4463850335541686e-05	0.0	0.0	0.0	0.0	0.0	4.393522200361857e-12	0.0	2.3228378588686102e-27	3.1807325807548423e-19	2.417718268656584e-16	0.0	0.0	0.0	7.080088461594555e-20	5.59652619931824e-25	3.5256083896468384e-15	0.0	0.0	5.004310434172623e-15	3.081305527261491e-15	0.0	4.2613416500216653e-13	0.0	1.0511156144439404e-21	0.0	0.0	0.0	0.0	0.0	0.0	0.0	5.108876572706453e-12	1.8210214678835144e-10	0.0	2.3095724935668586e-13	0.0	1.6992102141527066e-12	0.0	0.0	0.0	7.16943100225475e-19	6.757684991335817e-15	0.0	5.909848082081758e-17	6.71878247637464e-23	0.0	2.067494316693233e-13	7.749008381419212e-14	8.356653282354034e-11	1.1183648002499297e-07	2.850506399450557e-33	0.0	0.0
137.98195738661883	3.270779296011439e-05	69754903.56969246	11267694036.0253	2.028495966016928	5.7835309864134173e-11	1.124540645946056e-07	0.9920810542682684	1.2391709583485596e-05	0.0065575093557963	1.0164312751556589e-07	3.249320012683379e-07	4.8754850811291614e-14	8.589772810394439e-09	1.5695530508227688e-05	0.0013313600910009	0.0	0.0	0.0	3.4665057453963904e-15	0.0	1.1663666341701929e-18	2.196104193876712e-13	1.8809962035386253e-08	0.0	3.528579186331704e-18	1.4436370700479318e-10	1.971506356208057e-13	9.449216934571266e-21	6.0064989758857625e-18	0.0	2.983272352942578e-13	0.0	1.4580742419026462e-22	7.812417240802983e-10	3.946642338573563e-09	0.0	4.7313151171535e-14	1.833974497204095e-14	1.0620970976533345e-12	7.181936180990419e-15	1.3765631430928144e-06	4.0378754301677603e-19	1.1393298142730833e-22	9.339040393387598e-27	9.817707321938204e-26	4.407226749395265e-15	0.0	2.2866563765586622e-20	0.0	0.0	0.0	2.1136173725410234e-26	9.241075614637802e-24	1.3299344706454826e-18	0.0	0.0	0.0	6.433391086233645e-20	5.281603195269384e-21	0.0	0.0	2.9430600813101017e-15	0.0	1.5921630404578223e-10	0.0	7.40327880174663e-09	1.0678362217027304e-14	7.986890243694907e-14	1.4230461237085357e-17	8.779496205535122e-25	2.746304294654289e-24	5.287515122389675e-09	0.0	0.0	4.275625763220529e-19	0.0	4.077486800497187e-17	0.0	9.316036951624243e-23	3.7168263147046605e-14	3.747783127734185e-26	3.0179649864645744e-21	0.0	3.849017251963265e-21	0.0	0.0	3.090614493093646e-60	0.0	0.0	8.604510078620702e-12	2.8319871576538174e-08	6.3106815150403725e-34	0.0	0.0
136.07363931564834	1.808529595005692e-05	71215209.5932143	14288365255.117151	2.0083066740107167	3.2104922886632567e-11	0.0	0.992363059852794	0.0	0.0076365982816618	0.0	3.9224073839507815e-08	5.382400021667031e-15	3.4050011421675964e-10	3.016957997245082e-07	0.0	1.6301825277560514e-21	1.823046227930482e-12	9.617371556779612e-15	0.0	1.546545839378374e-11	0.0	0.0	0.0	4.80309160184604e-13	0.0	0.0	0.0	0.0	0.0	1.845505804977267e-24	0.0	9.375433572267628e-19	0.0	5.529232334563474e-11	7.956160000022713e-11	1.9185404997026848e-14	0.0	0.0	0.0	0.0	0.0	0.0	0.0	0.0	0.0	0.0	1.8032305227659682e-15	0.0	7.900254494461175e-30	1.7488158944184208e-21	3.0054489408498224e-18	0.0	0.0	0.0	3.59286664793767e-22	3.7821059598182975e-27	1.6880869934872978e-17	0.0	0.0	7.704989800862467e-17	9.494333069469533e-18	0.0	9.985413040990338e-15	0.0	1.350947437356381e-23	0.0	0.0	0.0	0.0	0.0	0.0	0.0	4.529500988054803e-12	1.6891386413924345e-12	0.0	5.806607801220929e-14	0.0	1.2170402097534027e-14	0.0	0.0	0.0	1.1673053182532642e-18	2.1108513851242358e-17	0.0	8.381484502379973e-19	1.3152750503810626e-24	0.0	2.0297359937269927e-15	6.706286767958082e-16	0.0	4.4620996788835356e-10	4.541973929162284e-35	0.0	0.0
