Temperature [K]	Pressure [Pa]	Height [m]	Kzz [cm2/s]	MMW [g/mol]	Density [kg/m3]	OH [VMR]	H2 [VMR]	H2O [VMR]	H [VMR]	O [VMR]	CH [VMR]	C [VMR]	CH2 [VMR]	CH3 [VMR]	CH4 [VMR]	C2 [VMR]	C2H2 [VMR]	C2H [VMR]	C2H3 [VMR]	C2H4 [VMR]	C2H5 [VMR]	C2H6 [VMR]	CO [VMR]	CO2 [VMR]	CH2OH [VMR]	H2CO [VMR]	HCO [VMR]	CH3O [VMR]	CH3OH [VMR]	CH3CO [VMR]	O2 [VMR]	H2CCO [VMR]	HCCO [VMR]	N [VMR]	NH [VMR]	CN [VMR]	HCN [VMR]	NO [VMR]	NH2 [VMR]	N2 [VMR]	NH3 [VMR]	N2H2 [VMR]	N2H [VMR]	N2H3 [VMR]	N2H4 [VMR]	HNO [VMR]	H2CN [VMR]	HNCO [VMR]	NO2 [VMR]	N2O [VMR]	C4H2 [VMR]	CH2NH2 [VMR]	CH2NH [VMR]	CH3NH2 [VMR]	CH3CHO [VMR]	HNO2 [VMR]	NCO [VMR]	HO2 [VMR]	H2O2 [VMR]	HC3N [VMR]	CH3CN [VMR]	CH2CN [VMR]	C2H3CN [VMR]	SH [VMR]	HSO [VMR]	H2S [VMR]	C3H3 [VMR]	C3H2 [VMR]	C3H4 [VMR]	C6H5 [VMR]	C6H6 [VMR]	S [VMR]	S2 [VMR]	SO [VMR]	CS [VMR]	COS [VMR]	CS2 [VMR]	NS [VMR]	HS2 [VMR]	SO2 [VMR]	S4 [VMR]	S8 [VMR]	HCS [VMR]	S3 [VMR]	C4H3 [VMR]	C4H5 [VMR]	S2O [VMR]	CH3SH [VMR]	CH3S [VMR]	O_1 [VMR]	CH2_1 [VMR]	N_2D [VMR]	He [VMR]	S8_l_s [VMR]
126.80164609163631	1.8478633105506312e-05	23188537.913281266	591102979.9081092	9.406069701253404	1.6487056401835528e-10	0.0015325633811179	0.2683803969925714	0.4763416712681076	0.25365098247988	6.206537359154427e-05	1.4268571265802963e-10	2.1396515852999704e-18	5.064337828744696e-17	9.836246671593849e-13	3.57452280028851e-10	6.6509410583929805e-28	1.4531188784683212e-19	2.656776657507746e-22	2.3806626903588223e-22	9.076196014899817e-18	5.759323482252295e-28	2.7362409330650496e-26	3.6440257037157055e-06	0.0	4.287138920029109e-22	3.013490346263271e-09	1.5010468111218021e-12	9.452467025754648e-25	2.410860831361015e-21	0.0	5.987165562313404e-06	0.0	1.7051774988677494e-32	7.162856510652593e-08	2.6714404944006166e-10	1.9437291635053968e-13	4.599042066924471e-15	7.550395682465396e-09	2.828508858230061e-09	7.163919800690306e-06	8.828024765058117e-07	1.616817586191939e-17	3.92096432631359e-18	2.9754460646697924e-28	3.530130016276084e-26	6.016972072747139e-12	3.643932705461803e-19	0.0	0.0	0.0	0.0	1.8110043618166624e-35	4.6197535137492845e-34	7.851514537865708e-26	0.0	0.0	0.0	1.647777541803354e-15	2.796058429333867e-13	0.0	0.0	3.6841545313698896e-26	1.7637493065017506e-29	1.3259337193073208e-07	0.0	1.2646459271343845e-05	7.181868505686985e-33	1.3914533605736369e-27	0.0	0.0	0.0	1.1223780761011388e-06	0.0	0.0	2.904212965271804e-23	0.0	0.0	0.0	0.0	0.0	0.0	0.0	4.773661542901565e-23	0.0	0.0	7.502739289183498e-49	0.0	0.0	0.0	6.553632422502027e-07	2.745470352278356e-15	1.0029973916520964e-37	0.0	0.0
126.80167561691154	3.41459881447911e-05	22993474.8149616	462122992.07812846	12.596308171716966	4.0798852623182786e-10	0.0020393898109941	0.1751094255568783	0.6688340060766897	0.1538354739287883	8.168436444378216e-05	1.4502602901228928e-10	2.0029522595505312e-18	3.342041361736632e-17	1.2390035426761676e-12	4.732605246024211e-10	1.0688584828135218e-27	2.8180265904045363e-19	4.6986248724337795e-22	4.5916655944413735e-22	1.9687590447508082e-17	1.6890488168718262e-27	7.151571578904733e-26	8.060446746028799e-06	7.505748957808703e-07	1.4991822739463573e-21	7.496134235687046e-09	3.349944919719053e-12	2.534259626947085e-24	7.502783808555496e-21	9.878683942163897e-30	1.837445130203029e-05	3.595192926681438e-24	9.676714288002175e-32	8.949668532956145e-08	3.2944417911561536e-10	3.830736229049247e-13	9.599578172046714e-15	1.9181149566364133e-08	2.925496072130429e-09	1.5849145269745676e-05	1.2035723502680386e-06	3.286374787356692e-17	8.091996476816628e-18	7.1426753315389085e-28	8.784311782724761e-26	1.5576063744955287e-11	8.247704928856503e-19	2.528102692242876e-19	1.2369546043692906e-21	1.9931549986451908e-17	5.572823522561646e-40	4.888522195504186e-35	1.1043243416791345e-33	2.1518263504128566e-25	3.352676791802805e-27	1.9179229084582498e-18	2.763926941032492e-14	6.0282266962316426e-15	1.1199203961784853e-12	4.2007515618515634e-31	2.1576993670265914e-24	3.0011667628036647e-25	0.0	4.5792055024262697e-07	1.404677518225383e-20	5.120545345076674e-05	1.6694738424365963e-31	1.1029060012613031e-26	1.916379142588104e-33	5.536046118352284e-66	5.008732473617261e-65	3.4757568596357026e-06	8.427773312887313e-13	1.8762265317539352e-08	7.316974071582542e-23	3.3380578275373924e-25	2.890075196422817e-32	1.689994126931465e-12	6.370953967257879e-25	1.5380104910424175e-10	2.410369075626092e-25	9.714092031205933e-22	3.5867486318137043e-22	6.83428996719258e-27	1.968742357171353e-40	0.0	1.860333009091505e-63	7.114323443716331e-22	1.3599718395447762e-20	5.039532731006747e-07	1.7283582363290025e-15	1.2159617213269035e-37	0.0	0.0
126.80170699366047	6.309711869525603e-05	22824872.47355744	361211622.4963442	14.565678693975746	8.717764506023576e-10	0.0022766347775042	0.1151654082540118	0.7877003100903571	0.0945332107747953	9.092008253719208e-05	1.23078503014769e-10	1.5470993726471782e-18	2.446281845815464e-17	1.3195436910764886e-12	5.298640675968256e-10	1.3965151095567663e-27	4.419025339460455e-19	6.766008877858934e-22	7.122532920468101e-22	3.390530703984928e-17	3.679624833958841e-27	1.4270701320962719e-25	1.4134734709678135e-05	5.298246831575046e-06	3.636022401798216e-21	1.4394469878080196e-08	5.824697250757691e-12	5.1195254254165484e-24	1.6880914085583347e-20	6.302941826785378e-29	4.095567344314598e-05	1.9961414905907946e-23	3.3381999410718318e-31	9.532015532936144e-08	3.4234217515757077e-10	6.098276240750033e-13	1.6044137198520372e-14	3.742875701262508e-08	2.295199298800325e-09	2.7796934439961843e-05	1.381815921296688e-06	5.2348492586486405e-17	1.2003798761251222e-17	1.3301953878789278e-27	1.6131291543696364e-25	3.074859223471317e-11	1.4527061612549428e-18	1.524749069835638e-18	1.3907219717403622e-20	1.3596572201031866e-16	1.5053034204829327e-38	9.663638003502835e-35	2.058654455002811e-33	4.406407435004134e-25	2.393198354485228e-26	2.26263208254418e-17	1.5260729761087232e-13	1.5007405387420522e-14	2.921641255441852e-12	4.522504006269352e-29	1.1058566850090429e-23	1.0764258945319456e-24	3.4033686875435405e-27	1.0927331205762331e-06	1.3663608950263746e-19	0.0001343904654742	7.045832566448562e-31	3.843559022192521e-26	9.111422168323194e-33	0.0	0.0	7.794234193220103e-06	0.0	2.137678468502886e-07	1.3076706932603707e-22	0.0	1.5058954396609197e-32	1.592217402865697e-11	0.0	0.0	0.0	9.534331032421286e-23	1.899027367432024e-21	0.0	1.9399818377924491e-38	6.6963394308888664e-46	0.0	1.1072799859309275e-20	1.6318136543787492e-19	3.069234161226027e-07	9.88394202969751e-16	1.2363485624982825e-37	0.0	0.0
126.80173576041064	0.0001165948506384	22669231.75041688	282279070.5565464	15.771185552942509	1.744249041829838e-09	0.0023350480958139	0.0774579878916837	0.8603123865430176	0.0593346207186944	9.442748169899136e-05	9.418186415250452e-11	1.0573004106426849e-18	2.3446280491368896e-17	1.2984510292877545e-12	5.533487127535274e-10	1.6090738741294984e-27	6.212566771505293e-19	8.694602950629332e-22	9.685010596752056e-22	5.147341500708581e-17	7.18343646077373e-27	2.469051245524226e-25	2.1965018147474555e-05	2.064843035560364e-05	7.511972951980649e-21	2.3866036544168963e-08	8.657720821867881e-12	8.737891818917025e-24	3.18630978014749e-20	2.3793396407486606e-28	7.65871339205811e-05	6.706224804378524e-23	8.539880693933923e-31	9.488229983543085e-08	3.253391802543336e-10	8.7331819272757e-13	2.395590380198904e-14	6.312086522618564e-08	1.2745794430702615e-09	4.320069136533671e-05	1.475458877121023e-06	6.907922726751025e-17	1.2066961065463264e-17	2.0829290928960182e-27	2.2728198900267265e-25	5.144010822812504e-11	2.224444058726832e-18	5.137110348373508e-18	7.63446819396396e-20	5.147017039603137e-16	9.531595586555485e-38	1.5372511556581255e-34	3.363133525665837e-33	7.557251345443953e-25	9.431532877089743e-26	1.1280994058375304e-16	5.099301385517224e-13	3.092289736301513e-14	6.1263364459430086e-12	3.386552000413031e-28	3.523831510983589e-23	2.6332347663279764e-24	3.296728203997736e-26	2.127475062098292e-06	6.267938499877007e-19	0.0002833138295367	2.0142126050882552e-30	9.607136060898558e-26	2.78301683210263e-32	4.0949384482101437e-63	3.362703515991506e-62	1.4666180974684975e-05	2.9038472887208776e-10	1.008943207956617e-06	1.892258871115872e-22	9.653809152257485e-22	1.1056627616017553e-30	7.131384550641242e-11	2.183544290455093e-21	1.812572960569788e-07	1.5655879302214833e-23	3.6318895081853554e-22	7.597726409625935e-21	9.47742977247266e-25	1.4223200880558271e-37	6.758773002282193e-45	1.0611027345853786e-60	6.068709058643985e-20	8.159873154805846e-19	1.70303036143622e-07	5.87034310629266e-16	1.1300788115680651e-37	0.0	0.0
126.80176963147308	0.0002154513466938	22520627.512385093	220552221.32419044	16.510454886449473	3.3742162851822062e-09	0.0022566234948077	0.0538959587765374	0.9044971566675576	0.0384102964282319	9.527176035187404e-05	6.71970103309117e-11	6.4868251910505695e-19	3.524198899056557e-17	1.2100736074577497e-12	5.588984740434683e-10	1.66335355260171e-27	8.132375653862326e-19	1.0236996403559409e-21	1.1792046313110813e-21	7.170798442371018e-17	1.3645488469328764e-26	3.9197710664778207e-25	3.167575973072008e-05	6.090773303796075e-05	1.4165846008432047e-20	3.577757734044897e-08	1.1324431764315009e-11	1.3173119411275357e-23	5.382572015595928e-20	7.082481249136636e-28	0.0001278738202513	1.7614448395988546e-22	1.8278812351157694e-30	9.088513018763797e-08	2.8774078340834187e-10	1.1728933289833722e-12	3.3378228459489385e-14	9.657158873297189e-08	4.355921193166145e-10	6.230568862582084e-05	1.5197105104407191e-06	7.701514976592398e-17	7.051516818025869e-18	2.8222723634738777e-27	2.516211198008493e-25	7.604036917690867e-11	3.064320925746148e-18	1.2579644893898376e-17	3.134019781046104e-19	1.4634941352257326e-15	3.838407553222217e-37	1.9537837234943166e-34	5.058484938543335e-33	1.1320473565440882e-24	2.825187726709534e-25	3.955213257361903e-16	1.329413602217481e-12	5.741443233233675e-14	1.123644177258789e-11	1.522831337308628e-27	8.865804570393364e-23	5.027721548192335e-24	1.7214879355752828e-25	3.616787645031323e-06	2.16107417656455e-18	0.0005235408215361	4.778897360740839e-30	1.9732962877444733e-25	6.894351662915454e-32	0.0	0.0	2.477443624419035e-05	7.686953325614407e-09	3.23663706709036e-06	2.382492603250584e-22	1.2035034935061031e-20	8.022160740871972e-30	2.2903754811322968e-10	1.677240742758027e-19	4.917605116029633e-06	0.0	1.842235838840824e-21	2.797143183365296e-20	0.0	6.258147402712159e-37	3.631543999683449e-44	0.0	2.256674334082618e-19	2.85449023761482e-18	9.127062604041597e-08	3.6351592878626456e-16	9.312286366381648e-38	0.0	0.0
126.8018043700962	0.0003981246387643	22376114.987365168	172291093.06358674	16.97043029862511	6.40879612677601e-09	0.0020486822902189	0.0391586879752427	0.9313404227287848	0.0259080753572856	9.640560394543705e-05	4.472420938035048e-11	3.5267754496465763e-19	6.206615469564581e-17	1.0665392783589345e-12	5.553054032281291e-10	1.5228687326134868e-27	1.0023336749098237e-18	1.1038883153493209e-21	1.2719931338125305e-21	9.273915732625044e-17	2.611312188573812e-26	5.865309082924101e-25	4.323855335360523e-05	0.0001494977329651	2.454729357405017e-20	4.9193864537747886e-08	1.3035268382392155e-11	1.7669666024210126e-23	8.338332165761101e-20	1.8062568815826262e-27	0.0001949701212599	3.909528022556234e-22	3.4777313097573474e-30	8.434935558054595e-08	2.3499102524167115e-10	1.502659875619927e-12	4.4129825381284e-14	1.3606630046119718e-07	1.2226810154711183e-10	8.505754471757307e-05	1.5357331824231055e-06	7.534169987210607e-17	3.1012864845050083e-18	3.3332646710591155e-27	2.432193531638764e-25	9.988028728037076e-11	3.775455892587292e-18	2.495888702746032e-17	1.0417998477212921e-18	3.402637822630341e-15	1.1683549446441613e-36	2.0628694271709704e-34	7.159158410810869e-33	1.5224450142008924e-24	7.100663696433969e-25	1.1069403234788032e-15	2.913420859136972e-12	9.960532244866504e-14	1.8574479421113883e-11	5.107564197391831e-27	1.885516850505936e-22	7.864648241623806e-24	6.402360775474484e-25	5.485974190378494e-06	6.218694350463348e-18	0.0008788540832028	1.0236398304308404e-29	3.4704268387272504e-25	1.496341211643787e-31	1.442617013447518e-58	8.709212998373218e-58	3.900028618068329e-05	6.683649265210854e-08	8.041779728657857e-06	2.6931832186719472e-22	7.692194362321424e-20	1.596434212502031e-28	5.86868802350425e-10	2.1444908690178694e-18	4.1658819444022064e-05	1.0576775257685391e-20	0.0	9.684727124254228e-20	1.7887153186668017e-21	2.0476713400300372e-36	1.3912145207516637e-43	1.749391846124036e-56	6.612684377328657e-19	7.940351620474657e-18	4.728900514308975e-08	2.262292032679449e-16	6.747452036223113e-38	0.0	0.0
126.80182985677834	0.0007356799129988	22234163.732021447	134566067.85654926	17.26913626961572	1.2051024620954804e-08	0.0016977974688369	0.0298861595029526	0.9475490453516447	0.0183589122114076	0.0001027670231926	2.704981051897271e-11	1.64637067716823e-19	8.630741694988913e-17	8.692277351010864e-13	5.476120511988051e-10	1.1922275592597157e-27	1.1591314095354776e-18	1.0803897248022302e-21	1.1809490117304768e-21	1.1086862070896232e-16	5.036092331793493e-26	8.392960843599183e-25	5.631666545076168e-05	0.0003163688003602	3.782884787496734e-20	6.184367291444549e-08	1.3071249565869194e-11	2.074842180547297e-23	1.1855625933068017e-19	3.947349315306179e-27	0.0002715650117758	7.530108901291327e-22	6.2967903688661124e-30	7.564484667337675e-08	1.7344481017563916e-10	1.857407432043549e-12	5.5502487695678033e-14	1.7567121866409697e-07	4.0559845150107045e-11	0.0001107988507517	1.5365647700537327e-06	6.668856051173003e-17	1.5916608100437507e-18	3.412107638482784e-27	2.186226231895047e-25	1.1335958725033707e-10	4.014289842968706e-18	4.258590257026127e-17	2.720786328310329e-18	6.614030022396796e-15	2.833516674226654e-36	2.06981080224044e-34	9.63509421145668e-33	1.87265573778726e-24	1.5605882848473655e-24	2.563303929153404e-15	5.477668310899395e-12	1.6265926273274856e-13	2.7645068896779343e-11	1.3677351922277004e-26	3.4433050544581482e-22	1.030639978200426e-23	1.845677848791812e-24	7.414557978246892e-06	1.4732442139438232e-17	0.0013593837277992	2.1174813321519533e-29	5.239926589804121e-25	2.947635231755805e-31	3.531194603037624e-57	2.9009301554658083e-56	5.963465020936032e-05	3.455992308269599e-07	1.6885832183659705e-05	2.7851156545796493e-22	3.3513793862796663e-19	1.6910631046556665e-27	1.2325781758983702e-09	1.6759250936667828e-17	0.0002047295915669	0.0	2.623347443711925e-21	2.856641252450576e-19	0.0	5.3278176077229695e-36	4.162162962155384e-43	1.8853768476782075e-54	1.615162467630902e-18	1.8285889063488256e-17	2.3246397556902116e-08	1.3162776091448495e-16	4.102166051414024e-38	0.0	0.0
128.81011212899196	0.0013594359195395	22091795.77525585	105082945.74028727	17.483684873976475	2.2193803295222084e-08	0.0011930656856446	0.0240176779517834	0.9570371865026956	0.0137130113960275	0.0001252986992115	1.4674991813574356e-11	1.4390129146289662e-19	1.2759733690566766e-16	6.198533469233084e-13	5.385572559919923e-10	7.59808831091337e-28	1.2405756270590837e-18	9.646808843733098e-22	9.118373151397537e-22	1.2066538318663083e-16	9.645646364422028e-26	1.1619438570248883e-24	7.024741815373104e-05	0.0005873998664472	4.96332703347968e-20	7.00508454526032e-08	1.142628355115524e-11	2.0630567653647576e-23	1.5142382046954325e-19	6.749995663290374e-27	0.0003386788741135	1.2688065349583478e-21	1.4385793305207752e-29	6.567704701992633e-08	1.1245739312703648e-10	2.2751110385300174e-12	6.602034874841818e-14	2.035295143810958e-07	1.7772263243261063e-11	0.0001382363889283	1.5296141160378265e-06	5.4160694450388404e-17	1.2981845956905265e-18	2.9825181867829903e-27	1.8615420768395199e-25	1.0378404786117235e-10	3.476454283161055e-18	6.314241010456567e-17	5.086693942657544e-18	1.0727520936222328e-14	5.5660869706802666e-36	2.353049645159429e-34	1.2404923360122462e-32	2.09490556966468e-24	3.0785167275450663e-24	4.855225434704209e-15	8.80434058275393e-12	2.470905684312664e-13	3.5868654509332513e-11	3.0013677325591237e-26	5.350667308999076e-22	1.127353120971603e-23	4.2612830074751055e-24	8.843426306821558e-06	3.114013098015278e-17	0.001950369824179	4.6018782895756783e-29	6.67321870622651e-25	5.402348889453133e-31	2.771068208528725e-56	2.5740113067245035e-55	9.558549004796513e-05	1.260021481623732e-06	3.486847201890216e-05	4.729599379449177e-22	1.1146777168116813e-18	9.50331981008866e-27	2.102707666850102e-09	1.0460156599102048e-16	0.0006863874393455	1.2209629600648149e-17	4.217174361030546e-22	8.515735319161598e-19	1.4602123145798084e-16	1.1302971831806259e-35	1.011735540584127e-42	2.1934659283295176e-53	3.3735692532927947e-18	3.509626598146993e-17	1.0722814590791892e-08	6.569230681121355e-17	4.846121271014453e-38	0.0	0.0
131.3828181009456	0.0025120517587618	21948160.71339036	82045608.34682555	17.667810026193663	4.0631486482573534e-08	0.000590086584332	0.020236979918874	0.962149632835026	0.0106592137043501	0.0001874488107672	6.418421734533033e-12	1.1712982454640094e-19	1.3826470377004515e-16	3.4197977052746174e-13	5.29613671391858e-10	3.146251205510365e-28	1.2016522448990791e-18	8.150495804466069e-22	5.554538117779275e-22	1.167576975899609e-16	1.7292246373954377e-25	1.5761132204516547e-24	8.415750086255122e-05	0.0009718880670712	5.0397061497672915e-20	6.98465915548797e-08	8.61853214468205e-12	1.5137670702814673e-23	1.6429744508451486e-19	7.493564300949466e-27	0.0003559434367733	1.865326095440035e-21	3.711379713337277e-29	5.636394683674431e-08	6.159341535086287e-11	2.8276103168590093e-12	7.34551482341596e-14	2.0456973284035146e-07	8.695046245475973e-12	0.0001656650676362	1.5190763684155072e-06	4.077201628764532e-17	1.4925679867352822e-18	2.1820448439990283e-27	1.502947584444594e-25	6.745644675275223e-11	2.212189233208067e-18	8.063558029283813e-17	5.587702114707868e-18	1.4343650923883437e-14	8.916544589379674e-36	2.8424800392986188e-34	1.5256532049986542e-32	2.0700289958230584e-24	5.5986757355818885e-24	7.125757921990243e-15	1.1885229362620044e-11	3.4121226471061657e-13	3.8189720491897135e-11	5.442140935405646e-26	6.863431851445777e-22	9.498014962212206e-24	7.983024648975388e-24	8.900866266393293e-06	4.7634458659240026e-17	0.0026101064240683	1.127884706813688e-28	6.97538797672521e-25	9.421882628358383e-31	1.324711854301209e-55	1.3938614030812012e-54	0.0001773451543077	3.5721029098133773e-06	8.69441071722068e-05	8.712493119618714e-22	3.0807844800772043e-18	3.250716477213173e-26	2.796121691669473e-09	5.640673314071631e-16	0.0017102577173475	9.748240496250234e-16	2.7239216864865847e-21	2.1238302931410442e-18	2.2132392518637413e-15	1.9574013313765888e-35	2.0457778004061642e-42	1.512601591937028e-52	6.273020824690327e-18	5.572718006556124e-17	4.313392789205582e-09	2.164516482399713e-17	4.343849636788098e-38	0.0	0.0
132.0317539312873	0.0046419282792201	21805333.46032578	64048246.344419904	17.84770794072193	7.547314782421104e-08	0.0001303920260475	0.017776456634486	0.9642679837336884	0.0083382545817814	0.0003199461942899	1.910633790934945e-12	3.071950476540337e-20	6.98327382417369e-17	1.1343637027966621e-13	5.2158165725972e-10	4.4208617382289987e-29	1.0248867488907344e-18	6.464533929576732e-22	2.390704364973217e-22	9.781129349973396e-17	2.6289322923775056e-25	2.1127667349952017e-24	9.689727351514877e-05	0.0014426886381201	3.517777609388992e-20	5.97171158188448e-08	5.474733529236312e-12	6.206189981210183e-24	1.4273354930241457e-19	3.628884624718695e-27	0.000265633558591	2.307804366876204e-21	7.483206247611124e-29	4.7672278928467774e-08	2.7976033383560807e-11	3.1453221877084348e-12	7.492099674759041e-14	1.7303123324993137e-07	3.879115479891374e-12	0.0001908445032916	1.5073975441682677e-06	2.883261209918936e-17	2.5052097561912533e-18	1.3242066953375507e-27	1.1508030734305606e-25	2.5328123367399623e-11	8.245345814243713e-19	8.702132387140443e-17	3.1016223876846543e-18	1.5582186752977512e-14	1.1378521722759742e-35	2.684463400617798e-34	1.7526869609481736e-32	1.7325007922170988e-24	9.520972698462804e-24	7.335124573076301e-15	1.309628646041879e-11	3.841193576186198e-13	3.2408625577383347e-11	7.786729515784208e-26	6.789803696276733e-22	4.3944595953576555e-24	1.1650452320968745e-23	7.030075344423489e-06	4.2769957211016083e-17	0.0032617600062646	2.923898198566354e-28	5.828549983758983e-25	1.5854642189465663e-30	4.6037210825052226e-55	5.707934533670721e-54	0.000379294538745	8.082931266214e-06	0.0002736721568429	8.417989608154189e-22	7.458059203037965e-18	6.876777975459486e-26	2.600856265751682e-09	2.4428482270875758e-15	0.0032392707304735	1.891514494013928e-14	0.0	2.9378945116748544e-18	1.571119596251674e-14	2.600367283345601e-35	3.380776726251806e-42	8.162285170066023e-52	1.0474932213756708e-17	7.182060420843079e-17	1.3627900621434831e-09	3.9420258666183534e-18	5.8675575898313226e-39	0.0	0.0
132.00537811511083	0.0085776489573783	21663968.28272233	49990816.30191287	18.020914596673624	1.4084565426153098e-07	1.4392607796998815e-05	0.0162226015064629	0.9644622413235444	0.0062961445919743	0.0004644531420285	3.3151302142784213e-13	3.779701435787677e-21	1.8224022748097802e-17	2.018911088939552e-14	5.149011686307006e-10	1.4604056921300644e-30	7.5233909145116415e-19	3.6317694483314883e-22	6.789357732835373e-23	7.006286533160852e-17	3.2735084026744384e-25	2.8067690418796402e-24	0.0001073765437272	0.0019341227415893	1.498928039396073e-20	4.3343857794437566e-08	2.942291818061688e-12	1.890239398148724e-24	1.0645042204782421e-19	7.7689035788127e-28	0.0001093085047592	2.232319500575688e-21	1.0525440657710436e-28	3.306466289397345e-08	1.1918813403976596e-11	1.851760347102012e-12	6.520986093054645e-14	1.2743065422462905e-07	1.7555195274316122e-12	0.000211701671418	1.4962527855593902e-06	1.8899087718184632e-17	5.2188565312001364e-18	7.014246403527621e-28	8.625791267862233e-26	5.3306568351872854e-12	1.4036496163833832e-19	7.998160116974032e-17	1.857195738259716e-18	1.3890713038194571e-14	1.0733491753341724e-35	2.0162819345308807e-34	1.834140466974236e-32	1.227560531428632e-24	1.5027354959759084e-23	5.464462337072909e-15	1.196496112650334e-11	2.326310586958221e-13	2.4048827729549928e-11	7.608966163924906e-26	5.01851891037374e-22	6.177651022649783e-25	1.1673098687136357e-23	5.009387062331123e-06	2.5434955059190628e-17	0.0038063333663175	5.988161700293261e-28	3.9077516011079287e-25	2.6797750136455504e-30	1.2588578636429255e-54	1.9560907310732166e-53	0.0007495785524798	1.4564539960567411e-05	0.0007400021756836	5.311875847181938e-22	1.6507525029204017e-17	1.0328142087310652e-25	1.4811197299369519e-09	8.059254010196372e-15	0.0048604668787787	1.8645577411935818e-13	1.1151657313144838e-17	2.02005024326446e-18	8.89419982565689e-14	2.3015297324438736e-35	4.2482478760741456e-42	3.947807890206068e-51	1.3589729296793182e-17	7.692144292185096e-17	3.1766923685206096e-10	8.034204233808742e-19	2.728195217031818e-40	0.0	0.0
132.6567741012653	0.0158503227991222	21523169.618647937	39012742.399251446	18.17488794091802	2.6119833297973296e-07	2.2387292324337067e-06	0.0153205614950696	0.9637545356723262	0.0045735506496881	0.0004892194252813	2.681198115817113e-14	2.8906152069629613e-22	2.3914103527674857e-18	3.1241283029622934e-15	5.097840478107166e-10	1.2016036835282019e-32	4.680632069353788e-19	1.2492912302523792e-22	1.415496066189779e-23	4.3327166078315824e-17	3.5524515588817947e-25	3.6732065168916374e-24	0.00011512726172	0.0023752887500225	3.086145608169016e-21	2.7104073014901026e-08	1.3983414896902332e-12	6.172114604509078e-25	7.053447122440434e-20	1.8194273429647407e-28	2.303048696358161e-05	1.635502552750219e-21	1.034402444726707e-28	1.6987084563787488e-08	5.014146267806548e-12	3.810037631013082e-13	4.2787747204268686e-14	8.416179118756752e-08	8.892879648953528e-13	0.0002272821827591	1.486902203171473e-06	1.1162376517269677e-17	4.9427561031304265e-18	3.7563514504120165e-28	6.707772516417325e-26	1.258812764999466e-12	1.5368799703571914e-20	6.306885828814573e-17	1.735327009209556e-18	1.0239437290037374e-14	7.103923002536652e-36	1.4923019350629575e-34	1.7525036203707307e-32	7.612164616569365e-25	2.117902775261768e-23	3.348622064140475e-15	8.586173132612898e-12	7.175864529036556e-14	1.5872015787784345e-11	4.643368876437296e-26	3.1087131520505144e-22	2.797462499176536e-26	7.578533995868546e-24	3.681126083121415e-06	2.0743508992147282e-17	0.0041691735063035	8.69713545967947e-28	2.1781486904510063e-25	4.645790576054149e-30	2.837622571721937e-54	5.837129295327577e-53	0.001230793037251	2.2408363246569816e-05	0.0013296827390483	2.3899890020393574e-22	3.509268379122231e-17	1.2838908653322113e-25	5.768650059281692e-10	2.2633487729234835e-14	0.0063618102446136	1.2109994459785016e-12	0.0	6.035090982641099e-19	3.985737600885213e-13	1.2782835155843528e-35	3.8090811797008266e-42	1.920766206070359e-50	1.3593241208801748e-17	7.131580137897947e-17	5.339946822227219e-11	1.6433121057228473e-19	2.3916108802838274e-41	0.0	0.0
133.96125279318304	0.0292892299608819	21381997.83967513	30440942.43624689	18.29720357003081	4.811754412792053e-07	4.392114354069201e-07	0.0148944088401845	0.96287786077467	0.0031876027523591	0.0004009354401375	1.0523777685256901e-15	1.4123414451646126e-23	1.855894343991405e-19	5.349007277891736e-16	5.062247496038503e-10	2.8239678502122897e-35	2.436051865183827e-19	3.036691859457348e-23	2.1657921496400337e-24	2.335315955273264e-17	3.4726852796044497e-25	4.6486714040907286e-24	0.0001202620355573	0.0027169952121581	3.1942568819404884e-22	1.4808758985743467e-08	6.051820790663281e-13	2.071477652495583e-25	4.068469364241666e-20	5.206792258505351e-29	4.324414226293269e-06	9.289279032398257e-22	7.48651296947305e-29	6.844355421270325e-09	1.8415988744423602e-12	2.8099410275162532e-14	2.1522095178563624e-14	4.8909465209218293e-08	4.95087280085221e-13	0.0002376971051732	1.4800003381333236e-06	5.7852065629168754e-18	2.8563149687338604e-18	2.341681484984567e-28	5.673683580453604e-26	5.747026622611428e-13	1.49632232083822e-21	4.1211435992864017e-17	1.907292016118437e-18	6.133246949718583e-15	3.380954539211686e-36	1.1364287234600068e-34	1.530003772720375e-32	4.148243130207756e-25	2.518398204664497e-23	1.7131451516492085e-15	4.783318743237726e-12	2.048984172170153e-14	9.112106273947799e-12	2.0522473933749366e-26	1.6806095058600378e-22	5.274250196162128e-28	3.6957397498943785e-24	2.766621745720651e-06	3.8428498509964167e-17	0.0043244587774474	9.70918773257931e-28	1.0259533115151196e-25	7.816082301059568e-30	5.240277595947778e-54	1.4576841023321465e-52	0.0017284377004283	3.278668619434964e-05	0.0018832162116063	6.596249670239467e-23	7.478188630856285e-17	1.4982504378386672e-25	2.0633225831454768e-10	6.032862675719059e-14	0.0075862568896767	6.963717610222529e-12	1.893247191934361e-11	9.475975292269344e-20	1.5257543801291197e-12	5.132454294905632e-36	2.45634092963157e-42	1.0286383972895432e-49	1.125168447773654e-17	5.700922813261071e-17	6.550594561618652e-12	2.652299572001209e-20	3.081041067477069e-42	0.0	0.0
135.36398708044797	0.0541224934389938	21240061.07538462	23749095.88121045	18.381164008693982	8.83970249006989e-07	9.093523309733345e-08	0.0148066141900086	0.9622330915817596	0.0021409694789427	0.0002580007415198	9.628158099404447e-17	1.7132270168802876e-24	3.032863792067886e-20	8.753650477027255e-17	5.040567740906113e-10	2.497725436896415e-38	1.0439348992204216e-19	6.64159520623534e-24	2.336886419022688e-25	1.0782097588722725e-17	3.02139716852171e-25	5.503731994124345e-24	0.0001232224857792	0.0029413642327977	7.856330883656723e-23	6.936792791875587e-09	2.324512945016713e-13	6.628238041369401e-26	1.978480256748527e-20	1.7993808582733972e-29	1.4834154207651324e-06	4.188677700495532e-22	3.6677145912449e-29	2.173907700472296e-09	5.628818126448807e-13	1.898059732559409e-15	8.988090569727147e-15	2.4173034358361272e-08	2.841635047328509e-13	0.000243765079517	1.4756404514365618e-06	2.550487240758689e-18	1.2789723776743048e-18	1.7063020190502776e-28	5.154822948946736e-26	3.206501141235409e-13	1.1562411898233445e-22	2.168489627642778e-17	1.6086147337718697e-18	2.9056102607629325e-15	1.1958666877710916e-36	8.157830810521788e-35	1.1872801499554152e-32	1.9536295696692147e-25	2.3387000953018386e-23	7.181325885695589e-16	2.199941073964673e-12	1.1519944435024771e-14	4.419043371584627e-12	7.312580864444045e-27	7.707609118062464e-23	8.390061231129968e-30	1.481771120078251e-24	2.0587192492137053e-06	9.843731173235956e-17	0.0042936152699983	8.472424556713279e-28	3.9794840227481645e-26	1.1761462184875181e-29	7.43080345027701e-54	2.770644261339728e-52	0.0021630278085847	5.058925663184821e-05	0.0022814349571787	2.713947195882466e-23	1.6389503511338447e-16	1.8272106242157647e-25	7.879017384097606e-11	1.638689127738566e-13	0.0084591620442879	4.812219401995171e-11	2.328596561002168e-10	2.863090681036825e-20	6.306572311491358e-12	1.6524603868502126e-36	1.1759443307038333e-42	6.410683347715068e-49	7.923643884268839e-18	3.840326886499084e-17	5.592797091210138e-13	3.092810956645656e-21	3.597061886875953e-43	0.0	0.0
136.19464424886985	0.1000109699014335	21097685.50803982	18525731.7926016	18.428922309219463	1.627711862157152e-06	2.153725151721305e-08	0.0149332459198441	0.9619270329295618	0.0014179331584511	0.0001115348273059	1.2335433066295888e-17	2.3972927505200103e-25	5.9674785763029836e-21	1.8083010940982682e-17	5.02965558078673e-10	6.763881784866311e-41	3.597381450559628e-20	1.608589979097025e-24	2.116825079386801e-26	4.131354320749305e-18	2.294201025345678e-25	5.8174607205926384e-24	0.000124643073445	0.0030617560562281	2.78526727343399e-23	2.676059266949768e-09	7.393158317086711e-14	1.848116091908141e-26	7.829991441082895e-21	7.552427858590138e-30	6.333057584683433e-07	1.5019622747464523e-22	9.148692995336222e-30	5.06857334150773e-10	1.3954550160778208e-13	2.3132429462952493e-16	3.110933277103127e-15	9.731321505303135e-09	1.5545909142285034e-13	0.000246718450495	1.473403889533869e-06	9.284860533731991e-19	4.403161834937807e-19	1.295011352070259e-28	4.622064569465764e-26	1.6610602991219196e-13	8.351459852176333e-24	8.895845812768356e-18	7.534202235388533e-19	1.0586074436999516e-15	3.165620327807388e-37	4.893825072795856e-35	7.718365490747491e-33	7.815753260649654e-26	1.4992010415016413e-23	2.4191113725749273e-16	8.279911481212043e-13	9.088295807434231e-15	1.7565369810777802e-12	2.0925339070368347e-27	2.865226421686711e-23	3.0004638660895557e-31	4.824056082997902e-25	1.464281600465461e-06	3.132988566200807e-16	0.0041327384225186	5.682983878721074e-28	1.2176206275051803e-26	1.4921583424587833e-29	7.26133841756422e-54	3.580411578716501e-52	0.002525745312865	9.454299701763205e-05	0.0023944625640473	2.0474396493261443e-23	3.713935991004211e-16	2.3128093340418243e-25	3.508366220424479e-11	5.036395114663765e-13	0.0090260379445162	5.639667225529193e-10	1.759816453847851e-09	9.920061532507523e-21	3.545582781494543e-11	4.217328876668392e-37	4.255812739230468e-43	4.72781815527516e-48	4.9206806318866794e-18	2.109405581444265e-17	3.982685976620804e-14	3.092838221278339e-22	3.017202057156351e-44	0.0	0.0
136.28145126313078	0.1848066019334417	20955448.01259932	14449233.95798364	18.450522880551016	3.0093963519318357e-06	6.052694697044194e-09	0.01516592236867	0.9618689066095698	0.0009511918300777	2.955608807197677e-05	8.817041709954707e-19	1.424558728498182e-26	7.060590746588477e-22	6.559420336287613e-18	5.025430013872677e-10	2.364120583787308e-43	9.65274762731968e-21	3.64815904014718e-25	1.5482045250622211e-27	1.2621159997055693e-18	1.389735927126654e-25	5.114143515588238e-24	0.0001251840793462	0.0031122459332919	5.4853336005671134e-24	8.13857341002769e-10	1.831535213988725e-14	4.0272205833084975e-27	2.438287503879866e-21	2.5757992020579944e-30	2.644594622764008e-07	4.184388883950441e-23	9.811563580951504e-31	7.904822870325637e-11	2.5534984535784316e-14	1.849732099040207e-17	8.579046186256744e-16	3.052661704319599e-09	7.70581782576512e-14	0.0002478639220321	1.4725360470943884e-06	2.692210016575176e-19	1.0558725813071996e-19	8.54012465903671e-29	3.68100583335113e-26	6.80267500534875e-14	6.970080365129176e-25	2.7257823223615005e-18	1.6693303743918172e-19	2.894940606771338e-16	6.182625908169595e-38	2.1206243417239032e-35	3.82820263655677e-33	2.633833114667975e-26	5.962047548796531e-24	6.433297961296398e-17	2.441926095072416e-13	6.9990693769694895e-15	5.577470199318533e-13	4.685685570383754e-28	8.242384899941366e-24	1.3122088427672659e-32	1.232299058771451e-25	9.462031710678956e-07	1.3283215061082762e-15	0.0039093014721939	2.840925874966017e-28	2.7954435288605355e-27	1.5257136838996797e-29	4.2796100231171995e-54	2.80724093950617e-52	0.002818368123017	0.0002012950023658	0.0021638989623578	1.14565800282391e-23	8.589311076200074e-16	2.83597374805788e-25	1.878958166087399e-11	1.6494548980718925e-12	0.0094035516880009	8.769160974813089e-09	1.1183247544872834e-08	1.953429274637023e-21	2.4766665609687e-10	8.315827686905431e-38	1.1149849296780948e-43	4.0069786858936334e-47	2.7089619047904684e-18	9.223295366897172e-18	3.7264553489646905e-15	3.1536769617176365e-23	1.610160970815183e-45	0.0	0.0
135.80116505690066	0.3414973392603408	20813839.678996883	11341337.113396836	18.45916711043492	5.583235024887143e-06	1.811821800082681e-09	0.0154083556238315	0.9619654143942158	0.0006436374187002	6.816577061086241e-06	1.7210590025804347e-20	1.881002166937316e-28	3.412469469869241e-23	2.039121756924382e-18	5.024559181374985e-10	7.953544788459206e-47	1.9681981926492626e-21	4.6711009763879217e-26	4.8220092463821444e-29	2.9581881218691323e-19	6.072591503495638e-26	3.46084635676808e-24	0.0001253494043689	0.0031283144645089	2.948945938882196e-25	1.8912319275014608e-10	3.833438324614592e-15	6.619887974006476e-28	5.8480264526473795e-22	5.995397269655904e-31	1.0161268663233808e-07	8.852892611733372e-24	6.428613494772784e-32	7.152197261367614e-12	2.954725077274215e-15	3.9674227056173923e-19	1.828096487392368e-16	7.275815110885973e-10	3.316426582422681e-14	0.0002482187971769	1.4723912799181283e-06	6.004068426639914e-20	1.6334682871653383e-20	4.2418082668803833e-29	2.375868974923468e-26	1.9373139378852144e-14	2.899950536921154e-26	6.032869561938006e-19	2.4489667410993482e-20	5.883538834790754e-17	8.864495594505467e-39	5.8412878903504326e-36	1.3074873756916578e-33	7.419521399538757e-27	1.5592425860494323e-24	1.3326443138944625e-17	5.4675350513247664e-14	4.3459060087783585e-15	1.4012438133278e-13	8.063086826725105e-29	1.7798501097936322e-24	1.5738289335522331e-34	2.4064617432172246e-26	5.755968782416925e-07	5.377378248110884e-15	0.003702745589534	1.0028334971028495e-28	4.564971077917297e-28	1.1717131233531314e-29	1.320756184443986e-54	1.180721464693276e-52	0.0029965362786995	0.0003712121462927	0.0016982968277383	2.500584280830064e-24	1.9575172215519947e-15	3.2712501755615687e-25	9.923862749265553e-12	4.476034280380121e-12	0.0097027897338646	9.170325566963505e-08	6.65218165098419e-08	1.48492391723861e-22	1.6652894802294315e-09	1.254940394443865e-38	1.954001290881913e-44	3.781676477963341e-46	1.287649228482264e-18	3.2838956598537617e-18	2.4828522202620113e-16	2.2480053554601013e-24	4.541784164553941e-47	0.0	0.0
135.2984551792211	0.6310404038698428	20672874.07587037	8905389.268757472	18.46669988582779	1.0359614624559811e-05	5.274996951907711e-10	0.0155269235402511	0.9622919689933572	0.0004129747168624	1.453839164776664e-06	3.0018091796356525e-23	2.300020695990317e-31	1.780671399732234e-24	6.244041149233005e-19	5.025817479315714e-10	5.466071191741947e-49	2.9850876980947043e-22	2.9801748108013994e-27	4.372057796083505e-31	5.1647386454303255e-20	1.8876263544528723e-26	1.7440793606937447e-24	0.000125422869754	0.0031329667844517	1.6345773026948044e-27	3.274145026715827e-11	1.4340052700213656e-15	9.262554372321839e-29	1.059915990315972e-22	9.741957756774579e-32	3.5706171416885536e-08	1.3916307715146e-24	3.044658479295439e-33	3.16336334601089e-13	1.7543346755137712e-16	8.71740345508136e-22	2.9436124471818124e-17	1.3009370982268815e-10	1.1801325803422434e-14	0.0002483696291207	1.4727896831744336e-06	1.0076221608705686e-20	1.6379230323689994e-21	1.5635856742874318e-29	1.1489580143525647e-26	3.567015437998337e-15	6.134713651914571e-28	9.415498267302834e-20	2.6546957939265413e-21	8.797069909877211e-18	9.393311955963866e-40	1.0330738647719388e-36	2.9187869922101273e-34	1.770946331324009e-27	2.7724953790437863e-25	2.105846427831938e-18	9.095963710902166e-15	2.1162394420471145e-15	2.786557354967821e-14	1.0462773478280681e-29	2.821247675907772e-25	2.071897127271536e-36	3.5087127283066794e-27	3.766032582543543e-07	1.9515108914770078e-14	0.0036446087551181	2.246552132784237e-29	4.949798535897417e-29	5.788388661182077e-30	1.86885927632082e-55	2.261393430325717e-53	0.0028450934602951	0.0006244512368506	0.0011665313112027	9.912131959189212e-26	4.119706238292096e-15	4.434132110128504e-25	5.660912764209788e-12	1.0971085584062026e-11	0.0099762121550957	7.346031616611577e-07	3.906675682008069e-07	1.1443544081068018e-23	1.1128687622073448e-08	1.4296450299737369e-39	2.3427919954486905e-45	4.082716677052277e-45	6.411045020743928e-19	1.0833777051379593e-18	6.3570858839182054e-18	1.3322330631919104e-25	6.321154460778349e-49	0.0	0.0
135.37533360549978	1.1660764097861305	20532032.610007267	6990010.051485403	18.485488018286627	1.915174585186119e-05	1.5432146876442807e-10	0.0152402831933341	0.9632620532442108	0.0002123101042221	2.349480379528433e-07	6.464528146095806e-26	2.1172995543102123e-34	5.8979438281188735e-25	4.206571375728149e-19	5.03072844334967e-10	1.4286096954100148e-50	3.3086439930957824e-23	9.756729591471143e-29	7.99189419983994e-33	6.573052813215263e-21	3.9062332551989526e-27	6.343904589271335e-25	0.0001255542106664	0.0031367305470466	2.593334645133861e-29	4.1385778388849054e-12	1.8391946338967644e-15	1.4207555171321865e-29	1.4278028178078122e-23	1.1739917140534922e-32	1.4414767020689996e-08	1.5954717896985695e-25	1.0712240193323132e-34	6.918273402899104e-15	5.968366227828664e-18	8.339994264844692e-24	3.5054705903707614e-18	1.7201208273333906e-11	3.1497490306635386e-15	0.0002486285715425	1.4742398082133005e-06	1.25790597044013e-21	1.1287214233308075e-22	4.5335128665789286e-30	3.826864847066647e-27	4.13007212436706e-16	1.7447552281349177e-29	1.0272652060099436e-20	1.9995385429031024e-22	9.557563756615585e-19	7.467535444611891e-41	1.2959103312049778e-37	4.295524467317579e-35	4.31806277356414e-28	3.325552869354186e-26	2.4891037277873204e-19	1.1034224094041505e-15	8.299473114775449e-16	4.455727113538112e-15	1.005219981468658e-30	3.228317336141896e-26	1.262363860704998e-37	3.744093215282149e-28	3.7441728411741627e-07	6.823726836628491e-14	0.0040226353335469	2.8676134122885308e-30	3.4738420403169626e-30	1.4561913463908454e-30	1.2460913078139028e-56	1.8637423271382765e-54	0.0017226996751851	0.0011072835427242	0.0006894147330916	3.608974891124442e-26	6.729221918967661e-15	8.99678183886271e-25	2.5242734102458105e-12	3.256716603027157e-11	0.0102204413119803	7.440619964644298e-06	2.3185022016680703e-06	4.459929275791017e-24	1.0767646598531385e-07	1.1979486095100883e-40	2.0208144847272784e-46	5.184844461850788e-44	5.848264340754445e-19	4.876142389789299e-19	2.5075171437990142e-20	2.3220119380120566e-26	6.497116792804011e-51	0.0	0.0
135.76438244904276	2.154749814942384	20391091.397196747	5484611.904225655	18.517480557140196	3.53494678854851e-05	5.103266634788781e-11	0.014002078896491	0.9649195276022062	3.804426048156701e-05	3.9618084422429226e-08	1.2902860495000228e-26	1.6885948703257673e-37	1.1508350874809107e-24	1.0089791416533077e-19	5.039329059916396e-10	7.330825853443646e-52	2.6460412855702712e-24	1.7239328800994383e-30	1.08466338623283e-33	6.008565835128317e-22	2.6358942760762924e-28	1.1877795586466568e-25	0.0001257713371971	0.0031422133258416	2.501850342522353e-29	3.7655370317053443e-13	3.2619900317978743e-15	2.3254943122717443e-30	1.4176981949568363e-24	1.2305848081613679e-33	2.4713421439292842e-08	1.3157011067801248e-26	8.445605426204246e-36	7.00437987015071e-17	2.1312623829472448e-19	1.213270558862044e-24	3.0350890185588823e-19	1.653860889833635e-12	5.313707735435241e-16	0.0002490568287855	1.47676465575007e-06	1.165057277916254e-22	1.006271154715703e-23	1.745932954235006e-30	8.218714992113434e-28	6.680485048196836e-17	2.4758096876902286e-31	7.94194968173607e-22	2.385368482593322e-23	7.462402956769487e-20	4.663942156013735e-42	1.3348492305716558e-38	4.215243188688907e-36	8.82570780768036e-29	2.731848656222162e-27	2.1953772886096167e-20	9.625854068108042e-17	3.8605611247483047e-16	5.899810827195545e-16	7.042816557249809e-32	2.636000428062557e-27	1.928232892248952e-38	2.8806633843491205e-29	1.3505721925846246e-06	6.851214941003427e-14	0.0053756297237505	2.204401906148665e-31	2.118233307694599e-31	1.341222021019622e-31	4.811950447374861e-58	8.164900668332509e-56	0.0001511944028687	0.0011745235984753	0.0003369267179526	3.0788903521484457e-25	5.148437958356117e-15	2.1898708979024806e-24	4.1977309450459385e-13	9.882920939730934e-11	0.0104120689108812	5.549738650537079e-05	1.3647030789527073e-05	4.1682373819563445e-24	9.276530954169968e-07	7.055121813192089e-42	1.2716682321689432e-47	7.874167329568373e-43	8.599747257484553e-19	2.7518802966738624e-19	2.7081159362340164e-24	7.442013612554589e-27	9.05499469807752e-53	0.0	0.0
136.11193363094057	3.981683126447769	20249972.49225008	4301934.300016687	18.53347757240535	6.521047860107546e-05	5.988720277321069e-12	0.0126988743934988	0.9657482910565508	6.868175851784119e-06	1.082884052817774e-08	4.4351926905938304e-27	2.803010901096019e-39	2.263745832785588e-24	2.030317345215173e-20	5.04364096991074e-10	6.65326244274111e-54	1.5173119506584703e-25	1.5708957923454702e-32	1.091236852587488e-34	3.918853635732823e-23	6.225264348221365e-30	1.0467737693353914e-26	0.0001258799210851	0.0031449291803461	8.274268780162075e-29	2.4526495484932322e-14	5.714378751893226e-15	2.771978190684115e-31	1.0478349518625402e-25	7.783779948814585e-35	1.3422868107872177e-08	7.7485483191943585e-28	7.629051869871681e-37	2.561438242417024e-19	2.063274637433683e-21	5.257121652630873e-26	1.893301490767332e-20	1.1829319636331356e-13	6.742433703342054e-17	0.0002492708020924	1.4780292135110072e-06	7.886435667522867e-24	5.146977405054945e-25	4.519428970534605e-31	1.22619122806935e-28	1.2711799586102889e-17	1.415188345072903e-33	4.4787975559132114e-23	2.765020167554525e-24	4.164902329716595e-21	2.1547564150277807e-43	1.3543254988962107e-39	3.3322919400546305e-37	1.4377296202123558e-29	1.6032720569488075e-28	1.3118685870009176e-21	6.000818496095481e-18	5.648053843471984e-17	6.540472074111704e-17	3.566943535222037e-33	1.5283314896083282e-28	7.492826260601269e-40	1.5859648680647384e-30	2.039530137542262e-06	3.2790660760543076e-14	0.0067135773782017	1.1766356528848504e-32	1.0397541744492298e-32	7.435640284219447e-33	1.2751430689476897e-59	2.3407772343355654e-57	1.9342057237450702e-05	0.0005502766884975	0.000127202921275	3.664634092305088e-24	3.668595791031226e-15	5.345816753805125e-24	5.2533154175617084e-14	9.714988111687851e-11	0.0105253264307067	4.9133568857436754e-05	3.656350757690088e-05	4.965066292167067e-24	9.21499421762948e-07	2.9946087439141445e-43	5.823219111863913e-49	1.4438161828171202e-41	8.271334228296933e-19	1.3237113082171182e-19	1.8706929112049012e-31	2.542078633541107e-27	1.1927079926545151e-55	0.0	0.0
136.85754191793768	7.357606163601331	20108203.482216787	3373165.1214680467	18.54147539160609	0.0001198952757268	1.7572460211623581e-13	0.0118767462590919	0.966164620199264	1.569312909783657e-06	2.5067115011757983e-09	1.5658369787959615e-27	7.0042480190652355e-40	3.6270811962453644e-24	7.671523030409742e-21	5.045811710803816e-10	4.4182657686082643e-57	6.2186406687102014e-27	6.594219201846594e-35	7.813606574579771e-36	1.8199668189333243e-24	1.152864540120176e-31	5.671627283874202e-28	0.0001259344447455	0.0031462917652578	2.349283506679084e-28	1.1797444463677084e-15	9.606182955599076e-15	2.767910804538352e-32	5.9893512285265835e-27	3.941025144751168e-36	1.3827396105970214e-09	3.2488150316122344e-29	3.471798983119517e-38	4.94008848323617e-22	1.6030167512835926e-23	1.4703387144399696e-28	8.472970317691115e-22	6.3981389020633285e-15	6.871610263142932e-18	0.0002493784006818	1.4786655729732734e-06	3.878362369512057e-25	1.43089430407415e-26	6.598136477072312e-32	1.303332400450608e-29	2.2711602467897872e-18	7.873352533170388e-36	1.8976494647255325e-24	2.029892724113096e-25	1.6579683689248862e-22	7.2053636978374e-45	1.967053163543886e-40	2.333693392918782e-38	2.016188977102676e-30	6.777948896240461e-30	5.479121506436177e-23	2.667794594304482e-19	2.1672306247766832e-18	5.826584694745533e-18	1.2995302043328838e-34	6.2831107934769565e-30	5.363430625993968e-42	6.226902887916667e-32	1.6769858213444363e-06	1.6616120672275244e-14	0.007549383799502	4.4696649923449665e-34	3.8061469802690207e-34	2.8160655836942633e-34	2.4796329450995263e-61	4.788998360246341e-59	4.413988060418875e-06	0.0002049277446207	3.32517293859989e-05	6.1514792413574104e-24	3.1381044215751736e-15	1.2853318529405116e-23	5.1549111439458055e-15	6.116694780449267e-11	0.0105768448156802	2.321663738087996e-05	3.981626169877496e-05	5.56113095689676e-24	4.445349085170466e-07	9.221757721002926e-45	1.932412487161946e-50	3.2237546202659515e-40	6.4021526015725e-19	5.788095237146939e-20	2.458611462293418e-40	9.016612618076729e-28	3.730178169577646e-59	0.0	0.0
138.18131125287957	13.595850483200028	19965151.10295088	2644071.6800627154	18.544720012030183	0.0002194660417823	1.6924221799710576e-14	0.011455738498448	0.9663345711332356	3.657182361087035e-07	3.180288351407812e-10	5.122927033986706e-28	1.983298942785207e-40	5.2508414644884974e-24	3.736386773314717e-21	5.046699117457232e-10	2.528749034625456e-61	1.8136261074433e-28	8.671815365330623e-38	3.919159324470228e-37	6.012353748345051e-26	1.59682804705869e-33	2.0305665607807385e-29	0.0001259566066756	0.0031468435823646	6.040925312909665e-28	8.369722736716828e-17	1.4686652293332663e-14	4.842943397469966e-33	2.840062542614525e-28	6.026372029790413e-36	2.954331340918584e-11	9.660027373272052e-31	6.656360660384742e-40	6.64962495927845e-25	2.920182634088157e-25	4.7774032059449295e-31	2.7080192342412e-23	2.637690797905145e-16	5.096650209446269e-19	0.0002494222145762	1.478925615510261e-06	1.3776027966586278e-26	2.632796417910745e-28	6.043283127106607e-33	9.733423193994858e-31	3.3677664560179454e-19	5.656487593552619e-38	6.319448877132789e-26	6.50763605410461e-27	4.691211631747762e-24	1.7296661784463426e-46	2.7813511322070555e-41	1.4248157686919452e-39	2.350915377048133e-31	2.0570121320172216e-31	1.6846423910257714e-24	8.433616813228288e-21	1.8568503067750808e-20	3.8797106314183777e-19	3.387199976114107e-36	1.826656417660681e-31	6.328831007621921e-44	1.736441950406352e-33	1.0439404869088896e-06	9.990308613244807e-15	0.0079757748698346	1.2085312978086402e-35	1.0198954925185328e-35	7.386972567083274e-36	3.557742759501905e-63	7.151054732818599e-61	1.3681588903712076e-06	7.079642823926059e-05	5.253121738513355e-06	1.786737532613063e-23	3.222537168344626e-15	3.114669881487935e-23	3.845301243151562e-16	2.9818383826718436e-11	0.010592709608733	8.861325378964248e-06	2.9654978216418978e-05	6.316187285927372e-24	1.6000722398645168e-07	2.0535338090872203e-46	4.621015141801624e-52	8.825543637072617e-39	4.228789188614434e-19	2.31708531404922e-20	1.3685281091062468e-49	3.013737180648555e-28	1.1383065751149534e-61	0.0	0.0
139.44817294957394	25.1232732836373	19820860.406707525	2071935.170915812	18.545906173656263	0.0004018846624942	1.1411563570507956e-15	0.0112702058685999	0.966397003438006	8.16425892543434e-08	1.2716063414067327e-11	1.397336805726017e-28	4.5508024924628807e-41	5.964953578229623e-24	1.864311631402264e-21	5.047025810888448e-10	8.054306243760239e-65	3.7629524254745935e-30	1.9655801976614326e-41	1.2904286068587788e-38	1.4696216038848634e-27	1.5945677063422658e-35	5.052736671776311e-31	0.0001259646652003	0.0031470414757993	1.3517158632914023e-27	4.0023772651084046e-17	1.875510677059432e-14	5.7044288828691684e-33	1.197892562486372e-29	3.3032189092284244e-35	2.8351455516571336e-13	2.0374095808818995e-32	4.153312418952847e-42	7.33519447826696e-28	1.831944409933896e-27	3.413881522807436e-33	6.1801341019475855e-25	8.311597898224362e-18	2.5266924355602987e-20	0.0002494381633989	1.4790212555436315e-06	3.526179330476189e-28	3.282948106351375e-30	3.529115788078996e-34	5.045040402171982e-32	3.2315231632734366e-20	6.457020433726594e-40	1.7366416548641962e-27	4.450395856396736e-29	9.438188026872664e-26	2.975862908111993e-48	2.949700373736532e-42	6.985844143685285e-41	2.1085378012355728e-32	4.476576020516045e-33	3.8406539309194116e-26	1.8978796827455784e-22	7.101690593429471e-23	1.8280748700904782e-20	6.309428170453456e-38	3.759619912112812e-33	5.988790658394728e-46	3.4396048872581905e-35	5.590097058039225e-07	9.234644806961871e-15	0.0081632560346046	2.3235333670595417e-37	1.988067639423519e-37	1.3520703866058295e-37	3.760128418939361e-65	7.822856950086474e-63	5.074115080566017e-07	2.363566922944862e-05	4.745422726949211e-07	9.667074909764276e-23	3.7060156378550645e-15	6.615692389860455e-23	2.1167314667525038e-17	1.1653987043935546e-11	0.0105957550145381	3.140893718877504e-06	2.1404320177887364e-05	6.216140778285189e-24	5.2300006308932484e-08	3.303750768192169e-48	7.950155927197986e-54	2.961574468453369e-37	2.334092178446233e-19	8.011111150090053e-21	3.2152706256737048e-59	8.769794855546431e-29	8.099141476908415e-65	0.0	0.0
139.88134808773904	46.42437494177005	19676189.132209305	1623123.760819283	18.54633124072613	0.000740345170877	3.015379253178667e-17	0.0111965719891125	0.9664193012348252	1.65242242524843e-08	1.0788775854350462e-13	2.785276510298793e-29	5.69783574652752e-42	3.8418536996054525e-24	8.372422594987698e-22	5.04714252102794e-10	4.580584586125482e-66	5.592140046123959e-32	8.021478986324228e-46	7.870230607142726e-40	4.7935504565237166e-29	1.912116121758277e-37	1.1874612523977592e-32	0.0001259675433406	0.0031471123612109	2.457605540104632e-27	2.4344463713080785e-17	1.822763075728664e-14	5.837857567567155e-33	4.847908400716165e-31	1.5003303549169744e-34	9.962250417071136e-15	3.0699307048524313e-34	1.93757226263224e-44	7.039954892847039e-31	2.936662943462327e-30	3.2880884132297e-35	1.0140899000745124e-26	1.9922797150929308e-19	5.8827845647147785e-22	0.0002494438620243	1.4790554181367226e-06	6.532212989370701e-30	2.5709694975475164e-32	1.3315576037660371e-35	1.8119431235357465e-33	1.8511923934779328e-21	1.1104113055821814e-41	3.8875589798301954e-29	6.040269313558825e-32	1.3597810135046382e-27	3.691172401002556e-50	1.9111595511099696e-43	2.517805797874993e-42	1.3078021486156997e-33	7.02684675680436e-35	6.574796420400285e-28	3.0643451073131016e-24	9.347053765800826e-25	5.96624064738306e-22	8.449842442447205e-40	5.520835074503292e-35	5.1423130096667365e-48	4.873847307448756e-37	2.6340967096989684e-07	3.4230417224449653e-15	0.0082375602488915	3.191241574348168e-39	2.8264442877175743e-39	1.746588631421049e-39	2.939814221708265e-67	6.303532082910752e-65	2.045674378943248e-07	7.434302399775117e-06	2.9317732747956832e-08	4.010719285527561e-22	4.60988474506376e-15	6.385987087466731e-23	8.452427159104427e-19	3.58609519371719e-12	0.0105962127068515	1.0352008432604684e-06	1.7351187817525733e-05	3.817065662342314e-24	1.5979753818611586e-08	3.860858881187796e-50	9.892946647467214e-56	1.2052582475291639e-35	1.0059230564392028e-19	2.119469600060804e-21	3.1704813534839607e-69	2.0157148473124407e-29	4.089471605921511e-69	0.0	0.0
141.07963275462367	85.78589917014244	19530345.09227731	1271172.7842150289	18.54647968933212	0.0013564477056594	1.3131866606345828e-18	0.0111684892195663	0.9664269888131376	2.4339553001705443e-09	9.068262269792212e-15	3.8631613520438925e-30	6.428675205149876e-43	1.0798210596565896e-24	2.947322822393233e-22	5.047182415435646e-10	2.6863667207905275e-67	5.95802682724777e-34	1.2135977168112526e-50	2.125598813494585e-40	6.849735924619961e-30	7.323826354745953e-39	6.5829778494515935e-34	0.0001259685789698	0.0031471396208514	4.158327479789688e-27	7.864745298263477e-18	1.1152129217108412e-14	2.415169037004242e-33	9.995663419628591e-32	5.738105612344108e-34	4.43066609073398e-13	3.308796449966913e-36	1.3778548167804091e-46	7.035404604071216e-34	4.797064186954772e-33	3.617468937614677e-37	1.1977326976327832e-28	3.55543340083135e-21	2.7929897023018142e-24	0.0002494459127926	1.4790671460610346e-06	8.743917553710633e-32	5.0648061280731905e-34	3.2961813724853996e-37	4.4968164083190393e-35	6.439580042799702e-23	2.185914247615638e-43	7.082369444942417e-31	3.0840231807379013e-34	1.4044358565255905e-29	3.301410084051758e-52	7.921572015235351e-45	6.323450952943232e-44	5.337849075530079e-35	7.958537560678e-37	8.475531974593687e-30	3.556519410845029e-26	1.146784891209634e-23	1.33764679667974e-23	8.138439132094245e-42	5.793751875635126e-37	5.091465939169782e-50	4.9458518695867415e-39	1.0465410333424601e-07	8.235192522430633e-16	0.0082658777208356	3.1291519882466656e-41	2.930032206990385e-41	1.5896634668428306e-41	1.6970941804207763e-69	3.736363264495431e-67	7.645287494904697e-08	2.271094233926044e-06	4.2687536227426254e-09	1.2776737039963932e-22	5.906124798294956e-15	1.4510708180111336e-23	2.4055632545361502e-20	8.510380715695367e-13	0.0105963229626282	3.084838107762234e-07	1.5515568164897067e-05	1.0684197114137232e-24	4.642136201835828e-09	3.2754170013490573e-52	8.900105972023085e-58	5.9528348909056676e-34	2.879387957758134e-20	3.502795262717721e-22	1.318541915769032e-79	3.2925535116747544e-30	4.7031164634258294e-73	0.0	0.0
146.03930966878536	158.5206156391014	19379444.28025104	995267.2175169697	18.546527011599387	0.002421411246258	2.445927463189448e-17	0.0111593723430928	0.966429389866667	1.7623278014772934e-10	2.8756938791169174e-13	3.463106999827042e-31	1.5708940881999809e-43	1.2325696792678706e-25	5.646434941996139e-23	5.047194633105959e-10	4.723106669159759e-68	4.40342257781284e-36	6.278854894617965e-56	2.1977046867908903e-41	1.1167886740770098e-30	1.6254669674762887e-40	3.8110296511970047e-35	0.0001259689320344	0.0031471500288071	4.6246102716351344e-27	7.665759315722428e-19	3.0179938238762456e-15	2.566373214055553e-34	1.4944863691012007e-31	1.5411961014193853e-33	2.423153094184863e-11	2.4688510561244104e-38	6.227476936497289e-48	3.226601611687311e-36	2.2408777229208728e-33	5.882436231802382e-39	9.853505050210604e-31	4.475839870196443e-23	4.522632471827801e-27	0.0002494466120322	1.4790707736974083e-06	8.16385805670386e-34	1.6293451015729644e-34	5.244980778875076e-39	7.458249514271843e-37	1.3587283173959403e-24	3.441983615895166e-45	1.2516603222752183e-32	7.168328028519957e-34	1.0062273063437503e-31	2.0587906214622418e-54	2.006057328510594e-46	1.0566111368398905e-45	1.4006232565198616e-36	6.290625120479582e-39	7.944876841222499e-32	2.872991035645984e-28	8.350393850393344e-23	2.561257642501364e-25	5.451433431756181e-44	4.20650520738058e-39	6.320136949608368e-52	3.4782263908184117e-41	3.1474749072269194e-08	1.2342562610971012e-16	0.0082750761768295	2.1184625172301212e-43	2.1267729212449124e-43	9.921090259074878e-44	6.979384710806938e-72	1.5726085973950326e-69	2.008093495583233e-08	7.270962564694638e-07	3.3080471817796475e-09	9.987213019554829e-24	6.582223345595812e-15	9.786633517585498e-25	4.66064078779008e-22	1.457387462037661e-13	0.0105963651185726	8.227148790958297e-08	1.4885548452199348e-05	1.1022512375686698e-25	1.3656357241215223e-09	1.9488521585203505e-54	5.594117378382662e-60	3.6797048776901713e-32	3.8185985531927255e-21	2.6277193916935432e-23	7.10647394218066e-79	3.2135445560854992e-31	2.748923841756253e-71	0.0	0.0
159.87051604096249	292.92442960539285	19214335.76974361	779042.981681282	18.546537691809124	0.0040873331953954	2.9858080806289536e-16	0.0111575654060115	0.9664299405894649	2.935773558972055e-12	1.7386065729648253e-12	1.2586184074499802e-32	1.4607198080857025e-43	5.008505233319238e-27	3.507217906284865e-24	5.047197461051228e-10	5.519325189780508e-68	2.0925054609873446e-38	8.034622988157101e-62	7.0604032218506815e-43	8.285711008167324e-32	4.097416243091289e-43	9.37831220775782e-37	0.0001259690077015	0.0031471520119242	8.347263939276842e-28	2.3869389952205222e-20	1.82755652673429e-16	8.341827232573752e-36	6.283873758390647e-32	3.46524906047222e-33	8.536117720842273e-10	1.1822686150991467e-40	9.28293281458632e-49	8.760682589406525e-35	7.411263298722465e-31	1.7328548116544082e-40	5.233557000735248e-33	3.6435481138260624e-25	1.4116016310824378e-25	0.0002494467620284	1.4790716097910085e-06	4.916197067960485e-36	6.585750594916341e-35	5.048664812598623e-41	7.666648635631749e-39	1.7232304554600734e-26	3.5384861149129767e-47	3.773187386852793e-34	3.415317326847241e-34	4.635375023013938e-34	8.292931727715794e-57	3.3746494634449385e-48	1.1089098404627846e-47	2.315502559195609e-38	3.2160724679075246e-41	5.1845121312933405e-34	1.4977508151401484e-30	8.755761603721099e-23	1.7219240371404283e-25	2.3528601433518912e-46	1.9591777528807598e-41	2.3109509215047585e-53	1.5714052334389733e-43	5.741039539854241e-09	2.878182093074812e-17	0.0082769216074797	9.20000575001488e-46	9.910300518818829e-46	3.985601897251527e-46	1.890616775719225e-74	4.3478897742867113e-72	1.2920097858554767e-09	3.256646081419174e-07	1.593099351678481e-09	3.1022083804056307e-25	2.9875630110193746e-15	2.3400777950912674e-26	5.699161462490925e-24	2.123186752964828e-14	0.010596372073726	2.8020151341195496e-08	1.4789009334604457e-05	1.8940361290086868e-27	7.867802488742382e-10	7.528058715365537e-57	2.274725759405316e-62	3.089836771248272e-30	1.6989428489511042e-22	7.4801436819215985e-25	6.81839600150615e-73	1.2699321263055878e-32	1.20787708108252e-65	0.0	0.0
184.56524854793585	541.2843062317743	19023835.079296585	609640.7177720554	18.546538189572388	0.006542268163396	8.05156527073761e-18	0.0111574316170786	0.9664300216004866	1.0664869531685977e-14	1.688350771540383e-14	6.511625512335876e-35	2.386847018525257e-47	2.8813178750713734e-29	8.646445452715641e-26	5.047198142223979e-10	1.9697304460329527e-69	5.814527110088614e-41	1.8948702889659547e-68	8.827174376879919e-45	1.9848575542785333e-33	7.678271009695791e-47	1.1270782405729674e-38	0.0001259689847857	0.0031471500580854	2.766020192115982e-29	3.3985474973765824e-22	2.4085684510786257e-18	1.0074520196071428e-37	1.344243007740899e-33	5.042259619729293e-33	1.6487918174752075e-09	4.723767110086823e-43	6.838305556301615e-51	5.0468269857041804e-37	2.979202657391157e-32	6.073472033586604e-42	1.6321059508876905e-35	1.7126793376589663e-27	2.1283423456578936e-26	0.0002494467163499	1.4790717717285677e-06	1.7325802205786782e-38	1.6281552304254134e-35	2.717418090668537e-43	4.469433467393527e-41	1.2267074859705812e-28	2.204610951460853e-49	5.931490121386222e-35	9.380579272748144e-37	1.5148549910156346e-36	1.9615064964254802e-59	6.1908882960131886e-49	2.6757561413998577e-47	2.1578766882622754e-40	1.0021904741498289e-43	1.9541346485355564e-36	4.570662317413605e-33	1.1871360951311922e-24	3.511060791762978e-27	5.948682985152072e-49	5.324711972815647e-44	8.207661220651349e-56	4.1478866764242e-46	4.289078534878623e-10	4.152238573847011e-18	0.008277076372388	2.335314560663417e-48	2.687667352857493e-48	9.407879713387574e-49	3.0550482255296783e-77	1.1950105385672637e-74	6.248162812877151e-12	2.497294162571624e-07	5.2353770710301476e-11	5.12672716908315e-27	1.8071687565554595e-16	2.505927033794665e-28	3.976920513927901e-26	1.3912175690772753e-15	0.01059635962807	1.9964050506252364e-08	1.4793499109431438e-05	2.8921265462381684e-29	1.1735688835224275e-10	1.715062772656756e-59	5.437678771174305e-65	3.8715154273567134e-28	2.929649213740517e-24	8.942053596883994e-27	2.079206644931492e-70	7.289655488294167e-35	9.967984797599905e-66	0.0	0.0
215.01987712204115	1000.219410062544	18802051.74647738	476959.3292470927	18.54653816739244	0.0103769447931897	1.846884063477436e-20	0.0111574343688608	0.9664300734879584	2.187378684706465e-17	1.463918076027681e-17	7.364310931378362e-39	5.89050899036855e-54	3.589512221847582e-33	3.4231948446567563e-28	5.047198678425214e-10	1.694474400447371e-71	9.087917384938477e-44	8.811018617672316e-76	4.758642845105736e-47	1.8839630875281068e-35	3.104206981976671e-51	6.58810614083395e-41	0.0001259689588192	0.0031471481254137	2.9865708428450524e-31	2.2257222201100142e-24	1.628292615294851e-20	5.252436489873657e-40	1.0894086758913162e-35	1.3891930376900164e-33	1.676440600332309e-09	2.955086587661352e-41	7.845859749079918e-49	3.540118383167062e-40	2.8647006185679393e-34	9.108412415575833e-44	2.93990117960236e-38	4.3549910829544526e-30	2.4104494634669347e-28	0.0002494466648962	1.479071889820845e-06	3.447195501760545e-41	1.615299943139471e-36	3.238767278062524e-44	4.191639092345664e-41	4.756489989517597e-31	2.7983254816674983e-49	6.0392091813237415e-34	1.5087529768301594e-39	7.517989646278875e-37	2.640837080222435e-62	1.108970828730523e-46	6.454782199197299e-45	1.9338020903856366e-41	6.756883291463712e-43	4.097276378970268e-39	7.373009837008497e-36	5.592791748497336e-27	2.758487139175688e-29	8.259925763831904e-52	7.940921500729173e-47	6.022861109852315e-55	5.999360821355907e-49	9.328638298943672e-12	6.443436561479792e-20	0.0082770781152554	3.2504616700932817e-51	3.980691472372434e-51	1.2234901776891582e-51	2.6778119310274548e-80	1.4780982973498368e-72	1.0317353595783462e-14	1.9739871916124963e-07	5.778731869358427e-13	3.64599984578451e-29	4.025180369056635e-18	1.2695560818995124e-30	1.490224359571586e-28	2.2024297290420268e-17	0.0105963477475214	1.575080989759262e-08	1.4808116049542835e-05	5.145417857411175e-31	2.728652076516175e-12	2.159081124449818e-62	7.1647280065277795e-68	7.507225174954654e-26	2.1910212489019514e-26	4.908861643821645e-29	3.2498231544579935e-66	8.941731727538667e-39	9.79285085183233e-68	0.0	0.0
254.1292902894148	1848.268750355164	18540140.019733485	373067.4676985063	18.546538307364383	0.016224198001337	5.7764012183465744e-24	0.0111574398583702	0.966430112834524	1.923590213389183e-20	1.77095488092609e-21	7.321132088077003e-46	7.628125587712683e-64	3.0350088843161375e-39	2.337549662921098e-31	5.047199042648536e-10	7.926103817653127e-75	9.273125654444044e-43	2.874797611022987e-77	1.1153934787072878e-49	7.948160136379896e-38	2.320942892844668e-56	1.4809449255584958e-41	0.0001259689442095	0.0031471469816712	1.3760067697951785e-33	6.847621615685769e-27	4.569990975302341e-23	1.3238833184049112e-42	3.229201560094799e-36	2.86455039360377e-35	1.6767542731197307e-09	9.83704807182881e-39	2.358857208918892e-46	2.6812632130530865e-44	6.259477508896323e-36	4.2036197735402195e-46	5.108925704137377e-37	6.11105162147161e-33	4.059049913818099e-31	0.0002494466359537	1.479071973210407e-06	3.3643017081220077e-40	5.253358979233418e-38	9.686978298036755e-42	1.2489439519168528e-38	1.0133216576062661e-33	1.0409143917299203e-46	1.8605790099345591e-31	1.3666122869003424e-42	1.2089629439537747e-37	4.027310036240591e-61	3.381040098971361e-44	2.53365980776974e-42	5.961455421731899e-39	2.1158541714357292e-40	1.5082952247583358e-41	4.3095427228990924e-39	1.2772171663095109e-29	9.433916916163912e-32	8.435316607320578e-55	8.562840549778869e-47	2.462098926012181e-52	4.69641514229903e-52	6.708187022835074e-14	3.487767601275794e-22	0.0082770764364618	2.44612570105792e-54	3.1764339048810135e-54	9.590767037562742e-53	9.397491004978094e-84	7.544302432766493e-70	3.65497849479881e-18	1.5337482987589768e-07	2.740007264394859e-15	1.1709525188040003e-31	3.242011658420186e-20	2.301719169817124e-32	2.9732787163812205e-31	1.2219225115020012e-19	0.010596340628955	1.2221308979694064e-08	1.4820830176060492e-05	3.0232624686795377e-33	2.2230182808867155e-14	1.4821632478559517e-65	1.6079994054294802e-68	2.3120574572757545e-23	7.48923236201015e-29	1.2641723815930107e-31	4.966973281303814e-63	9.440989904055505e-46	2.0168296533633244e-70	0.0	0.0
298.11572973277674	3415.3480118185503	18233185.06670235	321443.7680816477	18.54653869109013	0.0255565909207851	5.690926314443265e-28	0.0111574438470534	0.9664301542648256	6.341208164076955e-24	7.748874443539816e-26	1.1032824627494618e-57	1.1341228573439033e-74	8.842327346970871e-46	5.558781519097042e-33	5.047199364987281e-10	1.5808531707843552e-79	5.561173390744975e-40	1.0461784845695044e-76	1.632617386756924e-52	8.965946776748168e-39	4.756407449924952e-58	6.576785425246983e-39	0.0001259689364178	0.0031471462660702	3.2879444365797895e-36	1.033187770538087e-28	4.795736072348768e-26	5.0744393136370226e-42	1.6094260310665357e-33	1.3128086584003166e-37	1.6767556142483235e-09	4.68839954695316e-36	1.0014408605585478e-43	3.415820194992936e-49	1.1703621370640302e-33	4.710397985222439e-49	2.866211396526365e-34	1.1737673489589092e-31	3.1991593757408123e-32	0.0002494466205167	1.4790720520886865e-06	1.5794997052367409e-37	3.472241186490702e-40	4.204851012850352e-39	5.268881974550187e-36	2.814618344275682e-33	5.659348198225256e-44	8.562646124524913e-29	1.857662242910801e-45	5.987825810875217e-36	2.749805596630137e-58	1.4636319156255434e-41	1.450685802129412e-39	2.7823433529637657e-36	9.44422379375705e-38	6.319852198488668e-39	9.216357186987289e-43	1.2166650812689868e-32	2.072083012861985e-33	1.3625766778253372e-52	5.433242193787759e-44	1.4661079261032689e-49	5.227339860326175e-52	2.14085938834676e-16	1.3663186111916692e-24	0.0082770754041156	4.7021376110447075e-56	2.831481999448744e-57	5.955598732454606e-50	6.009531740690424e-88	5.725000883660145e-67	4.514364319604004e-22	1.0398308316187613e-07	6.718753670234232e-18	1.9760548458393663e-34	8.711785109598552e-20	1.0116055829590217e-29	3.991944354321835e-31	3.3247647127981363e-22	0.0105963360328584	8.274938593441975e-09	1.4835116592561922e-05	7.859176404907336e-36	8.196116203761313e-17	1.8005654898854765e-65	1.1780962290204738e-65	1.0105765203029106e-20	8.506188421994212e-29	1.0021733198199367e-34	1.247808149245845e-61	2.6754751853091446e-53	3.891884271132615e-70	0.0	0.0
328.08258908734075	6311.096283801517	17895725.728712	321443.7680816477	18.546539363556292	0.0429115782537043	4.239922043507769e-31	0.0111574445307256	0.9664301996631516	1.145770000243739e-26	3.6878834029483364e-29	7.478545239807855e-70	7.827900680202894e-86	1.1111844474563356e-52	7.916794583957246e-34	5.047199655423005e-10	4.323919865988054e-85	3.795691321592059e-37	4.710917137524331e-76	3.212592921837134e-50	5.195720409636377e-36	1.7049209371646493e-56	3.282265629748056e-36	0.0001259689359052	0.0031471460062435	4.344654938703948e-35	4.439364254897488e-26	2.5283530490976568e-28	2.0549139782414965e-39	9.107069578750716e-31	6.33091809424819e-39	1.6767555780249463e-09	2.485668517538544e-33	4.64771986256601e-41	4.550080077071184e-48	1.3617480954749206e-31	2.460374269366521e-52	1.833636421327881e-31	7.47588397091745e-29	7.617905797569211e-33	0.000249446619498	1.4790721293235977e-06	8.216437944234049e-35	3.992107812753181e-42	1.9992720212521296e-36	2.4283481127764125e-33	1.4020655262774832e-30	3.4982113536654737e-41	4.390251649369271e-26	1.0083053527687092e-42	2.8391813911649188e-33	2.160421058736356e-55	6.976834327883231e-39	9.453961274399262e-37	1.4452578871007436e-33	4.6632081536502986e-35	4.415445264301133e-36	2.0411870271639572e-46	7.144813373066816e-35	8.38649601008769e-31	9.535494782953485e-50	3.94456970427405e-41	9.912707627647964e-47	3.655195994686091e-49	3.5241175020720544e-18	2.370124257416507e-22	0.0082770751221041	2.842017903676982e-53	8.397430383886952e-55	4.2522543416918976e-47	2.5098055405128689e-88	5.055069897879431e-64	3.856098663137496e-25	4.874917900840501e-08	4.80570028500324e-19	1.0864839822620223e-34	3.852314546148412e-17	5.7844722077666665e-27	2.187911377594744e-28	1.4930473755186016e-21	0.0105963341328353	3.879227827697199e-09	1.4851107524883065e-05	1.2517714086554175e-38	2.805783637760278e-19	1.4161187531811455e-62	1.0066925297906546e-62	4.8559733679776834e-18	3.8390837823221615e-26	1.778270171660784e-36	6.4877059978299925e-62	1.5576735551560206e-59	3.970431093248823e-70	0.0	0.0
349.19408412144776	11662.043272189208	17536948.487793155	321443.7680816477	18.546539755262742	0.0745007501478727	4.0275065681527926e-30	0.0111574445823726	0.9664302226804452	3.2920549428326514e-24	2.1627617412117243e-28	2.0105887145381002e-72	6.402687418145127e-87	4.2976806329582095e-55	8.19106454876877e-31	5.047199789418781e-10	3.2212747321537978e-83	2.715569661116212e-34	1.2390965940787085e-71	4.058005576839928e-47	3.19070901177453e-33	5.890236902684663e-51	1.668374481236086e-33	0.00012596893726	0.0031471459790804	1.895885570523723e-32	2.1580644792980257e-23	1.7436938415363968e-25	8.332178400275927e-37	5.309587673087826e-28	4.303327533099247e-36	1.676755587107912e-09	1.3430590905890438e-30	2.1486670716804166e-38	2.682417270118524e-44	1.1298177593239744e-29	4.709572522193136e-53	1.2329732407680822e-28	5.008743124916072e-26	1.066320913002015e-29	0.0002494466222132	1.4790721665497909e-06	4.3333868019389266e-32	4.420286441010587e-39	9.489542102777592e-34	1.1141776773275698e-30	5.640593312200918e-28	2.264739284822393e-38	2.301556171142343e-23	1.012255274200904e-39	1.3532561252804406e-30	1.802760185810871e-52	3.34572816381386e-36	6.4636349916471445e-34	7.661389962348159e-31	2.3315104388466742e-32	3.264162681478329e-33	2.3554950216888696e-47	4.262203997631172e-32	3.62472460091263e-28	7.046341290982377e-47	3.020107397080521e-38	7.008096489242593e-44	2.6992507150445712e-46	9.868507778963832e-16	1.149504605994184e-19	0.0082770751502154	1.8388385509523413e-50	5.571201607700434e-52	3.187686891426205e-44	1.12391975227771e-83	4.8073130400868456e-61	3.232487310244502e-24	1.99965179168525e-08	2.071828271260214e-16	2.516909252029919e-32	1.689113277442212e-14	3.4225406034242264e-24	1.2571999483137983e-25	8.417454900820885e-20	0.0105963337883903	1.555826834319966e-09	1.4859454015229374e-05	4.655236653847452e-38	4.24902993024259e-17	1.18416462804503e-59	9.253632482416048e-60	2.3406487387618545e-15	1.7186987056343024e-23	8.404696432801863e-33	2.555770536106248e-59	9.243272001592741e-61	1.3848976168700392e-66	0.0	0.0
379.1493249461763	21549.86188873217	17147861.081624743	321443.7680816477	18.54653973277468	0.1267906061713311	8.716335483818129e-27	0.0111574446207159	0.9664302220152992	3.928092706376687e-21	1.7119344258921583e-25	4.081887407648903e-66	1.5220845334333395e-79	7.451454283947848e-49	1.1175093268613423e-27	5.047199788474593e-10	3.153549366582307e-77	2.012029392093294e-31	1.0666195538715644e-64	1.0957747417942442e-43	2.011025511956961e-30	2.436929690220889e-45	8.504744320953538e-31	0.0001259689297536	0.0031471459565769	8.015556836650515e-30	1.0330534911842612e-20	1.787080129582504e-22	3.6691535246291005e-34	3.138453001723105e-25	3.031604034211715e-33	1.6767551911128059e-09	7.249341490822952e-28	9.616253782048208e-36	2.774147685113236e-40	8.564886898807906e-28	1.0906638811742871e-47	8.618712363205766e-26	3.493465225376196e-23	2.10060150273304e-26	0.0002494466214099	1.4790721659100114e-06	2.2675734781280258e-29	2.3787230613171065e-35	4.370480096264774e-31	4.947113835344357e-28	1.9940673021655115e-25	1.5174166276946341e-35	1.2128491117126608e-20	1.0778466614160069e-36	6.330807021340063e-28	1.5832220324896414e-49	1.5753333220351758e-33	4.585476532973774e-31	4.069141972209566e-28	1.155783109507131e-29	2.5186652739584587e-30	2.9806924720190586e-42	4.4190824566243815e-29	1.4839577988615054e-25	5.450986376345879e-44	2.4143564628921e-35	5.117915885241667e-41	2.0837843540521613e-43	2.695458404700453e-13	5.4970134903459156e-17	0.0082770751031432	1.2893035436421075e-47	3.766727856001083e-49	2.4803560005024885e-41	1.8160193338652809e-78	4.8978679858005936e-58	4.027256043848618e-21	2.130263692085569e-08	8.720522253983645e-14	3.884963507753381e-30	7.105156762151958e-12	2.0663699599336466e-21	7.512368969369437e-23	6.007708772590092e-17	0.0105963336597575	1.2465065158066876e-09	1.485928197736363e-05	8.801819494401904e-36	1.7177461770925366e-14	1.0432412593525452e-56	9.098010404058933e-57	1.102515289482089e-12	7.383520460283587e-21	1.5632041160753667e-28	3.540774978116233e-54	3.16251835805425e-54	1.4194692811005482e-60	0.0	0.0
430.4327774558087	39821.19913162127	16706746.736534271	648507.3899308746	18.546533699613477	0.2063772072312129	6.154667348271451e-23	0.0111574423648404	0.9664299078215294	3.2893762994633137e-18	3.8477372175352826e-22	5.621475448317651e-59	1.2384233624061882e-71	2.0633890231816568e-42	1.1035151209973208e-24	5.047198131994917e-10	8.02513079308284e-71	8.002504994403603e-29	2.84942627936499e-57	5.443503444054295e-40	6.74225074116425e-28	3.07433035537957e-40	2.251309764544216e-28	0.0001259674521446	0.0031471449274509	1.6852003378557037e-27	2.4833381902056333e-18	2.8904735019130974e-20	1.820650107115425e-31	9.69359996145677e-23	9.30379760447522e-31	1.676672055912509e-09	2.0021359841182952e-25	2.103576995124664e-33	4.588156640163969e-36	9.042176164631292e-26	5.624579336742679e-42	3.251586345589099e-23	1.3181155576408003e-20	3.4273805388477263e-23	0.0002494465399803	1.4790716847769566e-06	6.0156887764544314e-27	1.2440961059313776e-31	9.860973827015707e-29	1.0743585911075922e-25	3.1227189311666865e-23	5.45575344112397e-33	3.308199041590373e-18	6.243658653930334e-34	1.4811878982083236e-25	7.614975331882311e-47	3.705640874247184e-31	1.7526768910693703e-28	1.1125801558202782e-25	2.9059979288672308e-27	1.0481492608746763e-27	6.997436481833661e-37	9.297577825357274e-27	2.858943290632663e-23	2.2990781511839256e-41	1.0479142084114687e-32	2.001332730682241e-38	8.742610486076588e-41	2.827815376423176e-11	1.3232076471029201e-14	0.0082770707441317	6.778241057462414e-45	1.3374414167101772e-46	1.0392266277590031e-38	5.989805384305109e-73	2.7967012753241593e-55	1.7620616393397006e-17	4.465033189499558e-07	1.7501573874156378e-11	8.530706191818051e-29	1.4402358982935344e-09	6.5834970949276e-19	2.436932213386017e-20	7.195699300983984e-14	0.0105963298836962	1.4298072880552461e-08	1.4746465091162712e-05	4.62968672631806e-34	3.285012679919989e-12	5.042421579031124e-54	5.003261939389881e-54	2.572809347195698e-10	1.5281821585242265e-18	1.4082765689315247e-24	1.037034375353886e-47	2.7471009024308384e-47	1.3652288668265227e-53	0.0	0.0
538.076054652989	73584.13285745328	16156235.632251706	2673129.352444908	18.54589599399334	0.3050551143691158	7.377903890054783e-19	0.0111571280687422	0.9663966966393684	1.7928448462262382e-15	1.752927542244278e-20	2.521528994813558e-50	1.1672796350505328e-61	3.036158540093541e-36	7.954469965277769e-22	5.047023798845265e-10	4.1432220412266e-64	9.602676526175688e-27	1.1338443911936116e-49	2.5724471924674623e-36	6.766993661838803e-26	5.777510243419455e-36	1.7530031441237574e-26	0.0001258893781652	0.0031470369663039	1.2909066001542757e-25	1.6445531854381374e-16	6.77551549891687e-19	1.8743021916687982e-28	8.726073777417676e-21	8.682270138637199e-29	1.6720678234478735e-09	1.5619056691102406e-23	1.210244246903677e-31	1.2341257047522175e-31	5.724733280227848e-24	2.4030459806917457e-36	3.731199826558558e-21	1.5181643790254911e-18	5.087006867641804e-20	0.0002494379626083	1.479020829245544e-06	4.450661497647624e-25	7.174560366153022e-28	5.86062774215507e-27	6.1620254122477244e-24	1.0367018264912428e-21	5.922840875578738e-31	2.6043921397651154e-16	1.4701800136604556e-31	9.504717749989702e-24	1.1331426960917902e-44	2.3968158706165638e-29	2.034600826072508e-26	8.701901511777264e-24	2.043638447940372e-25	1.3174138888438857e-25	1.1660538722995487e-31	2.4281539287610782e-24	1.3426703283185534e-21	2.990513668035612e-39	1.3946408036126523e-30	2.3598074556411217e-36	1.1246160168835295e-38	7.247281043759124e-10	8.816952896688352e-13	0.0082766985984666	3.821997177132056e-42	1.38880823803527e-44	1.319233383401238e-36	2.0742343404788e-67	5.092639029621456e-53	2.7001913767400524e-15	4.6082829344293006e-05	8.790277559568255e-10	4.569059900001489e-26	7.4915847510233e-08	6.208847038793627e-17	2.436994123954219e-18	4.733374874117153e-11	0.0105959479368277	3.276970846726968e-07	3.179870012928656e-06	6.115882639872044e-32	1.5608016907271427e-10	6.926717285353505e-52	8.755516781381408e-52	1.6131572029184882e-08	8.103150205518194e-17	6.03895150848174e-22	1.9072421730292136e-41	3.005418555499542e-40	4.735354728300855e-46	0.0	0.0
690.3438879868046	135973.41934597056	15451467.93033843	5976899.520016716	18.545713829116018	0.4393615712977059	4.283322195605582e-15	0.0111584559391226	0.9663877803076908	4.991565639382543e-13	7.051498068039011e-19	2.271762152660282e-42	1.1540806825206874e-50	1.1655890819978114e-30	2.929359211494888e-19	5.046956188523338e-10	1.4365259596766097e-56	6.72122516196884e-25	8.134702684466846e-43	4.573731187194085e-33	3.9420154776879544e-24	3.6610994059433984e-32	7.960595836361183e-25	0.0001242995763068	0.0031470179661736	2.3264838920370866e-23	5.5235904026977554e-15	1.1472051977529397e-17	4.494561362553635e-26	4.364400945940508e-19	5.57165544835704e-27	1.558988377090757e-09	6.42573838626787e-22	3.2213795720565e-30	1.0378326709625475e-27	6.150164706532063e-23	2.1107947561711317e-31	2.52858357082017e-19	1.0384161139204562e-16	3.459600571340662e-17	0.0002494355120574	1.4790062919137175e-06	1.7037668539131774e-23	1.6000799016930387e-24	1.6204728012846902e-25	1.6636626399273652e-22	5.9886936980113726e-21	4.8691370148793205e-29	1.1274877601721998e-14	2.5662146295573126e-28	3.0897003130798083e-22	1.0171781275569542e-42	1.6719227944724823e-27	1.3937414013690374e-24	3.6906748928786743e-22	7.488679656326359e-24	9.613114396501766e-24	6.704920266952695e-27	4.3457999145840745e-21	2.3694326405124002e-20	2.3402847988301762e-37	1.110053475275107e-28	1.826090398758901e-34	8.619375613321422e-37	1.3737646369435812e-08	3.0088492528928e-11	0.0082745925465352	4.4953380220978907e-39	8.015385929405118e-43	9.83047356261441e-35	3.933022558494207e-62	5.833910275067183e-51	2.5470064239086055e-13	5.944483707438228e-05	1.7812326720384193e-08	1.4240137926180712e-22	1.6515494772166338e-06	3.3396244156361213e-15	1.4703552036311015e-16	1.1208941925556495e-08	0.0105953063285085	2.6861364463620486e-09	3.459705907170213e-13	2.121392581171842e-28	1.880417988314009e-09	3.0691054828006312e-50	9.618366140313468e-50	4.870103932778253e-07	1.8840800369588e-15	9.633093646914372e-20	8.837067837239594e-36	7.333562903870555e-34	9.160175378040736e-40	0.0	0.0
843.1039337083209	251260.2928195333	14593033.343627485	5301015.834146071	18.545736976022987	0.6647782806306306	1.1061896783328038e-12	0.0111564753411486	0.9664020835191216	1.811748940949437e-11	1.6013098935045777e-18	4.675379634130302e-37	1.241660027915361e-42	4.2550740334056985e-27	1.282218620630682e-17	5.046650637638501e-10	3.217452184131997e-49	6.196860114306668e-23	1.190017335339802e-37	2.1475622308309476e-30	3.033353086907054e-22	5.005607056807177e-29	4.8687688892570403e-23	0.0001204274156037	0.0031476838238009	8.303779425953639e-22	1.5358674526812125e-13	8.077012785112815e-17	4.2013350153127476e-24	2.514344011245926e-17	9.875889069697176e-26	2.9302742466759445e-10	2.866386427547068e-20	1.106558965239625e-28	2.029849966604249e-24	6.8456117498632e-21	1.04405039190305e-27	2.301997736724816e-17	9.630448066118516e-15	2.2196600833947866e-15	0.0002494358232399	1.4790075611772655e-06	6.856222472068693e-22	2.620242026310534e-22	1.4618512910145952e-24	3.2477854492761124e-21	4.567952010190511e-19	6.862466680550332e-27	5.656872878209784e-13	2.882350998448844e-24	8.983462411268514e-21	1.2663348896767626e-40	6.310742445519566e-25	1.2837821111807034e-22	1.8194553295338835e-20	2.668411777628438e-22	6.146825763068972e-22	3.34995458172266e-23	1.92506055035458e-19	2.68510201760416e-19	2.523789677001107e-35	1.2158914078331903e-26	1.1764618843585058e-31	8.960183485038116e-35	8.895253678932745e-08	8.755410249455187e-10	0.0082633891911007	2.904887083555918e-36	6.47817335707893e-41	9.752349302498018e-33	7.82211907221753e-58	9.883571197061764e-49	4.503318988621542e-12	6.139147330503081e-05	1.1437396390213445e-07	2.1577868446138136e-19	4.861926888513441e-06	2.287480702345618e-13	1.2243692856785144e-14	1.5950318899404e-07	0.0105849136985462	1.227055132639706e-10	3.2564080606322346e-18	7.604569398742562e-24	4.839254570662871e-08	2.804195021373506e-48	1.3792749689889218e-47	7.445736776936431e-06	3.2971580179364544e-14	5.7283051770798056e-18	1.0066034305730155e-32	8.777611412435879e-30	2.5065460340144292e-34	0.0	0.0
980.0259674895524	464294.6764994219	13598293.819630183	4461012.52557776	18.54639023896328	1.056830879447754	7.78227751387352e-11	0.0110081225815119	0.9666215332745692	3.6399065249627057e-10	2.627269247871207e-18	6.135888835243661e-33	6.141434561229681e-37	3.3037051720615743e-24	2.921017080775606e-16	5.046274684694415e-10	3.919342242551701e-43	6.723421037295553e-21	2.8205197195277978e-33	1.2056152369466263e-27	2.8549660457465444e-20	8.74387516600833e-27	5.947361899765496e-22	9.33930871089864e-05	0.0031762771506736	4.313747796876577e-21	2.707175184277498e-13	5.593592979394446e-16	4.440010970588625e-23	2.266228671759972e-16	1.2862521403194951e-24	5.5155134780529386e-14	5.687373057238308e-19	3.023396258136166e-26	1.0690871690168e-21	9.614995580682636e-19	7.72638820619533e-25	2.4348381049772002e-15	1.0787160528801789e-12	6.433823966920622e-14	0.0002494446118489	1.4790425074330057e-06	6.685573786938784e-21	1.6703160647472638e-20	4.045425070927661e-24	1.7281001775816808e-20	5.19327792016376e-17	2.4261873497053624e-24	1.5342261672282246e-11	3.721113624958388e-21	1.557047198152936e-19	1.9677789909347926e-38	1.0583414566560561e-22	1.4025549224710835e-20	3.8944116564681024e-19	1.0346524470344236e-21	1.414651161505721e-19	3.483014138304341e-20	3.981419029023409e-20	2.844383253878087e-17	3.347231560782412e-33	1.6573526331214764e-24	1.6874663670243035e-28	1.1322581744971164e-32	6.03607392376712e-07	7.693160078990825e-09	0.0082264463941428	2.305255042380845e-33	7.102458993521027e-38	1.1271542354641104e-30	7.789243728216096e-54	2.326452058736681e-46	1.187372895827677e-10	0.0001302404406089	8.331304915142823e-07	1.1404933913325249e-16	3.418214494636981e-06	1.505640477757442e-11	1.2270157844170085e-12	7.991809911898506e-07	0.0104762086374589	9.655416980021419e-11	1.693680298351894e-19	1.6754454976875866e-20	1.9626346646252214e-07	9.053889229487548e-46	2.4361780354093303e-44	1.0995494663335525e-05	7.851727253219322e-14	6.21752479043951e-17	1.1497884701147851e-28	1.439306631914308e-26	1.0637411043837293e-29	0.0	0.0
1090.1842371548933	857953.0979872525	12495990.258209832	4461012.52557776	18.55426018849465	1.7562942146822658	1.2535474776341942e-09	0.0096100046569989	0.968200315159884	2.3671985857259197e-09	2.758613536926003e-16	4.2096539644882265e-30	2.353896747271716e-33	2.667157180921777e-22	2.313326219504203e-15	5.039798923015194e-10	1.3413170145555108e-38	5.424562604155412e-19	7.360894611001488e-30	1.7742494595146352e-25	4.724366459327983e-19	2.3836831182067846e-25	2.712862924312425e-21	3.192198426980399e-05	0.0032412882617608	1.3373127062423715e-20	1.3925813518162334e-13	9.377764545211897e-16	2.4069453906956442e-22	1.1626884206694702e-15	3.680674233945145e-24	1.8613921201396612e-14	1.349498119666054e-18	5.970720512502228e-25	1.5618239188791252e-19	3.9650020713768136e-17	6.930080938408787e-24	5.329946334517586e-14	8.402666558208726e-11	5.942190319715754e-13	0.0002495504795979	1.479523169569074e-06	9.074323857107678e-20	2.7823209838184083e-19	1.8918737902449152e-23	8.014870768526381e-20	2.1543386744014085e-15	1.4094158901362877e-22	1.1662805380927256e-11	7.424611676416191e-19	1.903291880557261e-17	2.637117601425528e-36	6.746455756494887e-22	5.483442515871196e-19	6.145925800737203e-19	8.338872058803054e-22	2.5013855943311638e-17	2.912827799954438e-19	1.892172584129728e-18	9.555358582726302e-16	1.9193525832296047e-31	1.4530482871529262e-22	7.492958161513766e-26	2.1798238812808564e-31	2.328477210316905e-06	1.621102640439902e-08	0.0084622482408896	7.589022759201683e-31	1.5871292370891563e-34	9.861849696819699e-29	2.1901153653636576e-50	5.6136540821845e-44	1.2138174064946955e-09	0.0003172497246461	3.24275927541125e-06	1.331213383117787e-15	1.2672815109994315e-06	4.7370651251750495e-11	6.223813331066364e-11	2.9301463413633547e-06	0.0098619725213666	2.4652837587241847e-10	3.1283063239309295e-19	4.1851412443149304e-19	4.423761066729987e-07	2.3902220782120352e-43	4.11321777960487e-41	1.3736404662348164e-05	9.796473200537233e-14	2.2736949011897963e-16	1.3337586927018509e-25	1.8475527008255422e-24	1.7815605111390396e-26	0.0	0.0
1167.2932594093245	1585380.051943888	11319398.531836256	4461012.52557776	18.544280412212665	3.0293773730159272	6.326602446613965e-09	0.0111634341474438	0.9666965093188004	8.853575236841779e-09	4.240462787139739e-15	2.5077034038810148e-28	3.1432847793709168e-31	3.2663627260929428e-21	7.342493240774557e-15	4.811365192075129e-10	1.0682963721887752e-36	1.273068867678248e-18	1.3133437669689732e-28	8.997434886213509e-25	6.196341323309392e-19	6.763856107052196e-25	3.0842460495928404e-21	4.6646704166856376e-05	0.0032246310298761	1.5221340087966306e-19	4.196458660974185e-13	5.572653668476615e-15	2.702999850467768e-21	4.001017664095854e-15	2.2869965297101562e-23	1.8816191045889596e-13	4.724344838404055e-18	7.114100285754894e-24	3.0148559400793655e-18	4.270542090506253e-16	3.155864795437275e-22	5.350840943103005e-13	5.530042931040535e-10	2.161938116093993e-12	0.0002494163773167	1.477789304396358e-06	6.049714756623237e-19	2.3185111102075497e-18	1.124026897532259e-22	2.477604955838319e-19	1.8547170957780687e-14	4.005223522908373e-21	2.0636246373536968e-11	1.3159601228941349e-17	2.4713744347635764e-16	1.6597646558656238e-35	2.311665398637834e-21	2.6103170969404986e-18	9.550044173924493e-19	2.5031656183371564e-21	3.395239221267221e-16	2.0823044142948885e-18	3.059742511333261e-17	9.440811672269615e-15	3.310904043711299e-30	1.682256825628137e-21	2.2166653641992643e-24	2.1298748530344163e-30	4.650265324608728e-06	3.78315116262228e-08	0.007880277679397	3.1212402513086146e-30	1.350755588710841e-33	1.8959926256906959e-28	1.9438529801200451e-47	1.1945347258403874e-41	4.246468846022661e-09	0.0003515012834813	6.897378394680993e-06	7.088590861659708e-15	1.4383608358618336e-06	7.631841747875399e-11	2.4687962646106185e-10	4.192109825561083e-06	0.010352877474733	2.3848873199875286e-10	1.8383488720633392e-19	3.535566252731879e-18	4.630802556341458e-07	3.5715961280825576e-42	2.016118831414329e-40	1.552812274204855e-05	1.1694699299191848e-13	5.040662907451414e-16	8.218719081707444e-24	2.9695147088697023e-23	1.6866598499011023e-24	0.0	0.0
1219.0989228344406	2929565.631265946	10094808.097273923	4461012.52557776	18.53731366391513	5.357979687460878	1.5428089473041993e-08	0.0123043327968722	0.9655303768188692	1.8177529459145106e-08	1.8749793642701576e-14	1.7181535756455245e-27	3.586026904931511e-30	8.61907983169362e-21	9.342018114292314e-15	3.2305297502689056e-10	5.050708716935657e-36	8.539775830044186e-19	2.7460659962971715e-28	1.1287914294187456e-24	3.6003738648124413e-19	7.395786257004762e-25	2.074782633575733e-21	5.919213401122161e-05	0.0032107274583903	6.494292267519988e-19	1.0555642219125437e-12	1.948109492262036e-14	1.1361861950906364e-20	6.256077759995798e-15	5.640419494880811e-23	7.395839598465988e-13	6.956400909087836e-18	2.013836547941544e-23	1.0748674365302885e-17	1.2823582932082806e-15	1.8606390981281464e-21	1.1982704060569274e-12	9.825050464970254e-10	4.324246063437809e-12	0.0002493234579461	1.475111930387018e-06	1.4857703299335257e-18	9.827034424513582e-18	3.6546068740170943e-22	5.295855581836705e-19	4.836637648338807e-14	1.9867892296720702e-20	2.9202232623225864e-11	4.8965240278734563e-17	5.180105989786892e-16	7.146809093526101e-36	3.3181526387800362e-21	4.740464381430199e-18	9.325519283115558e-19	4.3262707179364556e-21	1.0996125527855857e-15	6.2865122298346016e-18	1.7809165632186922e-16	4.0635937067263655e-14	4.7081493300709254e-30	2.5735535498388013e-21	5.4777768925726034e-24	2.5462144439621842e-30	6.479486556646066e-06	6.865617517456272e-08	0.0075339179039348	1.8825373335996687e-30	1.073040588758545e-33	7.889236659831831e-29	6.486881729623818e-45	1.8350573656994485e-39	7.641903840739579e-09	0.0003159322728572	9.98174127627322e-06	1.7886977617961083e-14	1.5669915145132451e-06	9.345404200196603e-11	3.425214187496005e-10	4.769839660708821e-06	0.0107546067155676	2.1370587251681844e-10	1.439819489786518e-19	1.2777419118782921e-17	4.363423351999576e-07	3.063865633778133e-42	1.2755277396562907e-40	1.676903255853708e-05	9.713830571683405e-14	5.600019002803618e-16	8.315497370687377e-23	9.223594788567184e-23	1.7305259623073377e-23	0.0	0.0
1261.1655244278218	5413436.845866418	8832770.900972202	4461012.52557776	18.534785584247896	9.569263874798157	2.8510208647174225e-08	0.0127333166857358	0.965071832930487	2.8388176721123752e-08	5.1234941980690073e-14	1.3162615803579782e-27	6.188915612758242e-30	2.4356324550401137e-21	1.6149679954735572e-15	3.658166175898294e-11	3.293201457102537e-37	1.4386288381413494e-20	1.0271029855039705e-29	3.209200167872673e-26	5.9452397152863486e-21	2.076287724033398e-26	4.006378632022002e-23	6.799278120265531e-05	0.0032013444893694	1.0543954168488689e-18	2.2683327563396595e-12	5.0737443398947647e-14	2.473128982206432e-20	1.981187181572202e-15	1.796709911650329e-23	1.924776067551608e-12	1.420067451149038e-18	6.34643594532435e-24	2.352112393668575e-17	2.6101723776445185e-15	4.9979269233370855e-21	1.625229473936225e-12	1.3253508787786767e-09	6.861772008439261e-12	0.0002492920683028	1.4692738315424985e-06	2.6987346511851415e-18	3.0803215404153696e-17	9.099485861056356e-22	9.707467378427841e-19	9.217362476635225e-14	5.1849556305657685e-20	3.7789774635990446e-11	1.1987986075355979e-16	7.847534703026502e-16	2.0808399776389188e-39	6.514481886442118e-22	3.560122797356947e-18	1.4523553187335194e-19	1.116259609505278e-21	2.5678491938180626e-15	1.3588137052606801e-17	6.588104153328705e-16	1.268234908525642e-13	1.087428543754408e-31	4.123063634477601e-22	1.1889788860681602e-24	5.6276562262692e-32	8.011065944360847e-06	1.0779227463034993e-07	0.0074279885599327	4.590199858816496e-33	3.0417280133167904e-36	1.5417845451556474e-31	8.126065076019025e-43	1.3584458129264075e-37	1.0823899001580741e-08	0.0002815148546915	1.248888987443926e-05	3.509176097443211e-14	1.703353802196826e-06	1.1299748546424659e-10	3.9086219930181134e-10	5.371250048940395e-06	0.0109192110582037	2.1383815222062166e-10	1.656637283694383e-19	3.4751779636696215e-17	4.272457399798872e-07	1.5846723366380632e-45	5.763764112343564e-44	1.785784779304323e-05	1.3684928754990286e-14	9.278664118623155e-17	4.2329097521940744e-22	2.9458208016374775e-23	8.400748545700972e-23	0.0	0.0
1307.6287008253494	10003291.331459446	7529344.173022844	4461012.52557776	18.531676475206844	17.051522502260042	5.404665761519838e-08	0.0132497805266333	0.96452960495639	4.547431581844664e-08	1.464060917295886e-13	3.354281768658075e-27	3.2814809305853906e-29	2.137649788334221e-22	8.48115077386155e-17	1.2346752102901864e-12	6.92807080703108e-39	7.412670899498827e-23	1.211509939023937e-31	2.6867802357397076e-28	2.576856924890867e-23	1.5323881948560222e-28	1.6135762562973758e-25	7.863269397889082e-05	0.003190013119896	3.53228288729336e-18	4.949535853766383e-12	1.3539948141202805e-13	1.0222774379117268e-19	2.051282650466485e-15	1.7459195795052645e-24	5.208257352445034e-12	8.782251891180543e-20	6.186273234673193e-25	5.32137899561972e-17	5.440854463886864e-15	1.3781499370216182e-20	2.202882648973128e-12	1.8135226480776022e-09	1.0999845987616364e-11	0.0002492604986821	1.447960126689645e-06	4.932938263130331e-18	9.92105926759395e-17	2.337617204745648e-21	1.768214230412121e-18	1.7887650302966712e-13	1.369251147768038e-19	4.871988291654511e-11	3.0196020984302915e-16	1.2993935276341649e-15	6.7295592324328505e-43	4.327343234268091e-23	6.213583536525846e-18	6.7193509058234805e-21	8.667971404944041e-23	6.120363506767298e-15	2.9925165374920876e-17	2.5424865544947104e-15	4.08071741810757e-13	7.645451807026023e-34	1.944801344389655e-23	7.720296964819834e-26	3.291817214318948e-34	9.990871863798464e-06	1.71280906071189e-07	0.0072871225140701	3.9742030987409405e-36	2.816575662253289e-39	1.0277312527354443e-34	3.679330720434703e-42	3.5547012189614284e-37	1.5640914112786252e-08	0.0002500996926748	1.5816150451838585e-05	7.007975414456662e-14	1.8460421467126624e-06	1.3597360437296735e-10	4.4810239097989824e-10	6.03131062982151e-06	0.0111106612754954	2.1045924185628717e-10	1.8273564424196722e-19	9.647373036005263e-17	4.1456002726353473e-07	9.469419394858636e-49	1.1776106091738908e-45	1.898870180921597e-05	5.732123501276861e-16	4.626622609217287e-18	2.295314011159404e-21	2.9318044422236918e-24	4.325819311410925e-22	0.0	0.0
1366.7841416888448	18484715.036153007	6172284.25844666	4461012.52557776	18.52551773914653	30.135136475577948	1.193630674102326e-07	0.0142455549318542	0.9635139133657572	8.46287436283695e-08	5.459525616538947e-13	3.84332938338047e-26	4.371022265593093e-28	1.4692346148016115e-21	3.063935169621032e-16	2.5500655459732792e-12	1.98974859885186e-37	3.762328919857184e-22	1.6945687040216268e-30	2.472500954087037e-27	1.2320103517228514e-22	1.3275505190963256e-27	8.662554383516972e-25	9.542827927848396e-05	0.0031719929162238	1.6878509062439036e-17	1.1682810315445396e-11	4.213946874094467e-13	5.637867206764473e-19	6.467087417654271e-15	1.1970009326602421e-23	1.775184715930478e-11	3.685929036024197e-19	4.6106437135670354e-24	1.481542614830597e-16	1.3198741693277699e-14	4.565292813345801e-20	3.0436446527458398e-12	2.724267861884714e-09	1.883141298461688e-11	0.0002492290726397	1.3436149313658443e-06	9.547349398110129e-18	3.76403162597617e-16	6.489216714394284e-21	3.1113683259074626e-18	3.891418635478436e-13	3.9758463016136514e-19	6.187974626035549e-11	9.062243501418387e-16	2.5777930130273565e-15	1.2804866390537079e-42	1.6927487315865122e-22	1.3730455787728236e-17	1.847750526421461e-20	4.3827487474420225e-22	1.6533080782046104e-14	7.429412410555462e-17	1.2622029097687364e-14	1.5711167041085596e-12	5.2709050935659877e-33	5.6444365401656e-23	3.3972883517568417e-25	2.039688498842336e-33	1.3210397096668148e-05	2.935802218341661e-07	0.0069777100385693	6.475682526159919e-35	5.684414567708698e-38	1.2115432276226086e-33	6.5299476857113584e-46	3.181725690114944e-41	2.5625954416685625e-08	0.0002207755269294	2.162861774448724e-05	1.5819970659775006e-13	1.9835885291513497e-06	1.6175207045459427e-10	5.355404995299825e-10	6.731128801673932e-06	0.0114593964661075	1.911232086673876e-10	1.5879284785109297e-19	3.0782397017596007e-16	3.874452910309298e-07	3.3366952506923026e-48	8.818013520517444e-47	2.018768069488327e-05	1.4557622594035985e-15	1.502841115378813e-17	1.8166351998720323e-20	2.3357433586480426e-23	3.1732812906660228e-21	0.0	0.0
1440.0110353197051	34157226.721290514	4748197.704399458	4461012.52557776	18.51637474706306	52.82782417401645	2.99804480457905e-07	0.0157072057906962	0.962036493986869	1.784163883424311e-07	2.549295541613981e-12	5.953482982680964e-25	8.26413072837335e-27	1.2639557618230336e-20	1.2416038405298045e-15	5.357189951053391e-12	8.693126880416971e-36	2.2099302962894256e-21	3.2050949509967897e-29	2.7500701146759357e-26	6.379534225173878e-22	1.3015032841427914e-26	4.822646483832829e-24	0.0001200636698074	0.0031456276875965	9.065308497129435e-17	2.926544657225117e-11	1.483501748014015e-12	3.565103086928101e-18	2.11460118370911e-14	9.378410806002904e-23	7.371866462124539e-11	1.7121505355941168e-18	4.206907932140225e-23	3.7964020738242793e-16	2.808638112737477e-14	1.3540530953004105e-19	3.281473281157407e-12	3.431766086713531e-09	2.6283134759295404e-11	0.0002493200809831	9.142115733755452e-07	1.3169524460357629e-17	1.6363864227147749e-15	1.2537515307283611e-20	3.17179597103668e-18	7.218658565686389e-13	9.5856294291113e-19	5.976671839205817e-11	2.4487638170700015e-15	4.44776963456954e-15	0.0	5.462059151443775e-22	2.3644906035454438e-17	3.9035809037021443e-20	2.365588049952646e-21	3.854316724156512e-14	1.5714357829800824e-16	7.760776561253912e-14	7.046740764222499e-12	3.2240609896081057e-32	1.282352109756494e-22	1.2694948829473635e-24	1.042065290912217e-32	1.8238057995630817e-05	5.344403981633701e-07	0.0065049549709612	1.3128530146277392e-33	1.509115909942959e-36	1.657631761287371e-32	2.4855557591753937e-45	5.448573322139674e-41	4.642523511315914e-08	0.0001921290813774	3.147068724705123e-05	3.91200620040684e-13	2.0996378047397928e-06	1.8777660034528424e-10	5.10371766891183e-10	7.400371172483241e-06	0.0119613500987824	1.595321709190125e-10	1.0979269077237944e-19	1.0897918968877165e-15	3.462542916735645e-07	0.0	0.0	2.132182684686157e-05	3.713986122654061e-15	5.213180931240536e-17	1.976534705006271e-19	2.3714614236761037e-22	2.425134797164457e-20	0.0	0.0
1523.505368973528	63117886.0484321	3247799.6419708813	4461012.52557776	18.505988127352197	92.21694167596463	7.750259924588771e-07	0.0173546917320302	0.9603746482937734	3.859540345436267e-07	1.253454764768512e-11	9.698342678195425e-24	1.6632644568632991e-25	1.1198642489691189e-19	5.058364731160606e-15	1.1090073940903108e-11	4.0383546710812e-34	1.302236675342284e-20	6.290522288078626e-28	3.0894434722254983e-25	3.2592326348943637e-21	1.2685902801375667e-25	2.6188747699318257e-23	0.0001510989949253	0.0031126731172816	4.932833390924634e-16	7.352904185083967e-11	5.313029608492882e-12	2.2986822691865758e-17	6.882719697284275e-14	7.3879003976386795e-22	3.21597837032569e-10	7.945971597341947e-18	3.920764575095613e-22	5.094120448040541e-16	3.0898251686779974e-14	2.067221532761418e-19	1.7688743780230786e-12	2.226479965745957e-09	1.8662561486012336e-11	0.0002494832691138	3.0909217896550896e-07	1.8026773990701654e-17	7.309787925552378e-15	1.9411859026211232e-20	8.1519116103377775e-19	6.91630087570737e-13	1.1686363286641112e-18	2.882945939614763e-11	3.475356628233584e-15	8.871436765194712e-15	0.0	8.85918840651423e-22	2.029706076211243e-17	4.0790934634733254e-20	1.2633368547817236e-20	4.673934567272055e-14	1.7030801265229728e-16	5.020983213622217e-13	3.2794966076428834e-11	9.89171100832398e-32	1.4355155455041265e-22	2.3801896633171194e-24	2.610652106421695e-32	2.5159501003003817e-05	9.798965011449983e-07	0.0059637370967493	2.681399143205327e-32	4.0834316694081713e-35	2.2502980992909366e-31	2.197356039955121e-40	2.114570487820252e-36	8.524523592849173e-08	0.000164072619514	4.620418638886848e-05	9.671119181422333e-13	2.185596256874347e-06	2.1138321492216515e-10	2.450220475883499e-10	7.971574309050561e-06	0.012523011610261	1.2692258021938888e-10	6.878108796878048e-20	3.8610151895389446e-15	2.992903083761628e-07	0.0	1.927328884373734e-40	2.2224585867338685e-05	9.231417179112542e-15	1.7882382553504051e-16	2.308739089330092e-18	2.48812525574768e-21	9.993262503446729e-20	0.0	0.0
1611.845842492193	116633225.86841276	1667481.1692169271	4461012.52557776	18.49640742592921	160.98156578732625	1.881921172205367e-06	0.0188612252957597	0.9588535016206268	7.840262926702094e-07	5.534210081006527e-11	1.3351475593991105e-22	2.766052700350628e-24	8.764823529112031e-19	1.9218591671091893e-14	2.2527486122899524e-11	1.4892331712714166e-32	6.99276193402852e-20	1.0413142813032216e-26	3.085468421806289e-24	1.5652402812161007e-20	1.1349534491146026e-24	1.3647054736809632e-22	0.0001848703469126	0.0030771446270065	2.4941168834541345e-15	1.7712945722962578e-10	1.7676673199709724e-11	1.3682696327384482e-16	2.167746523588494e-13	5.352922435447061e-21	1.2825213872446163e-09	3.4467154494557e-17	3.2484654665808185e-21	1.276308585968415e-15	6.47920075993627e-14	5.888198057813463e-19	1.907265363630516e-12	2.83631604508824e-09	2.6204296888310167e-11	0.0002493994116613	2.176927840375811e-07	7.697041275030656e-17	3.040703509119341e-14	1.1377892700672562e-19	8.817066662285731e-19	1.2899463131621004e-12	2.7564050054021573e-18	2.833120709592397e-11	9.400950391897568e-15	3.2454863953949934e-14	0.0	2.8040979775545304e-21	3.4777462194925186e-17	8.624444499120616e-20	6.409071352846514e-20	1.1030030638054173e-13	3.5586230592119036e-16	2.938673074410952e-12	1.4224171317343914e-10	5.986041337943946e-29	3.1872453704729163e-22	8.503024612230447e-24	1.2573565878693578e-31	3.352448813155976e-05	1.7302009931275677e-06	0.0054636038810164	6.611539242467975e-31	1.2799709556779452e-33	3.7753177750193385e-30	2.362612257226616e-32	1.0571938092848887e-28	1.4729809851793893e-07	0.0001381735829129	6.537260380227822e-05	2.2252184613639345e-12	2.2515900336117284e-06	2.32912268962408e-10	2.3341036626800635e-10	8.457800431993976e-06	0.0130345793997194	1.01231098110199e-10	4.5339525111632425e-20	1.2624132398163678e-14	2.562724533319856e-07	0.0	0.0	2.2872775461959952e-05	2.2388003311477124e-14	5.8179907587494e-16	2.309503832399043e-17	2.283862315053592e-20	7.261630539285639e-19	0.0	0.0
1708.867872103689	215522258.87340385	0.0	4461012.52557776	18.4869130183012	280.4387502665585	4.473390916263503e-06	0.0203372021537956	0.9573625418408056	1.55716339792227e-06	2.357998506405421e-10	1.7166827267657637e-21	4.2662528219503225e-23	6.5019985063881784e-18	7.052743769044102e-14	4.5064220729742126e-11	4.982748819491393e-31	3.5795818577818164e-19	1.5993620046969403e-25	2.9074682398761706e-23	7.236795982275969e-20	9.684341687311429e-24	6.891517175987184e-22	0.0002227932492567	0.003037508108231	1.2194787653587174e-14	4.178369874475913e-10	5.695189639058629e-11	7.872545847971372e-16	6.699316596655138e-13	3.719936229797665e-20	4.977475131328845e-09	1.44199124613393e-16	2.550662154440833e-20	7.124941289008644e-15	3.044843269909027e-13	3.70618987896225e-18	4.659604271302301e-12	8.212924085474316e-09	8.346748200974391e-11	0.0002492002386332	3.54112630988674e-07	3.711495595545497e-16	1.231814307465023e-13	8.052374862704746e-19	5.047171680702609e-18	5.452766378518489e-12	1.4542068122698793e-17	6.366454982043688e-11	5.736930902844125e-14	1.254264397614457e-13	0.0	1.9902076180803442e-20	1.347548247728927e-16	4.140813738558496e-19	3.151538396406979e-19	5.914474976741524e-13	1.6689848374529364e-15	1.6658884205442728e-11	6.035841571759752e-10	0.0	1.5871559559270045e-21	6.717957465359698e-23	1.3254389641777986e-30	4.381012775560797e-05	3.001253466516507e-06	0.0049660006442707	7.836191941739548e-30	1.9581872155107366e-32	3.1489004795809776e-29	1.425634561291836e-33	3.0279421133885844e-30	2.4766401494190105e-07	0.0001144464665483	9.096887639167624e-05	4.923293551435501e-12	2.289084560710609e-06	2.501366521055333e-10	5.030570825639757e-10	8.81466457786046e-06	0.0135313428225745	7.902974822588737e-11	2.933267749176469e-20	3.953165271775128e-14	2.148511991587932e-07	0.0	0.0	2.321772422658737e-05	5.299705011581676e-14	1.831244660116048e-15	2.1917240949536862e-16	1.979532504886096e-19	1.1554246739596642e-17	0.0	0.0
