Temperature [K]	Pressure [Pa]	Height [m]	Kzz [cm2/s]	MMW [g/mol]	Density [kg/m3]	OH [VMR]	H2 [VMR]	H2O [VMR]	H [VMR]	O [VMR]	CH [VMR]	C [VMR]	CH2 [VMR]	CH3 [VMR]	CH4 [VMR]	C2 [VMR]	C2H2 [VMR]	C2H [VMR]	C2H3 [VMR]	C2H4 [VMR]	C2H5 [VMR]	C2H6 [VMR]	CO [VMR]	CO2 [VMR]	CH2OH [VMR]	H2CO [VMR]	HCO [VMR]	CH3O [VMR]	CH3OH [VMR]	CH3CO [VMR]	O2 [VMR]	H2CCO [VMR]	HCCO [VMR]	N [VMR]	NH [VMR]	CN [VMR]	HCN [VMR]	NO [VMR]	NH2 [VMR]	N2 [VMR]	NH3 [VMR]	N2H2 [VMR]	N2H [VMR]	N2H3 [VMR]	N2H4 [VMR]	HNO [VMR]	H2CN [VMR]	HNCO [VMR]	NO2 [VMR]	N2O [VMR]	C4H2 [VMR]	CH2NH2 [VMR]	CH2NH [VMR]	CH3NH2 [VMR]	CH3CHO [VMR]	HNO2 [VMR]	NCO [VMR]	HO2 [VMR]	H2O2 [VMR]	HC3N [VMR]	CH3CN [VMR]	CH2CN [VMR]	C2H3CN [VMR]	SH [VMR]	HSO [VMR]	H2S [VMR]	C3H3 [VMR]	C3H2 [VMR]	C3H4 [VMR]	C6H5 [VMR]	C6H6 [VMR]	S [VMR]	S2 [VMR]	SO [VMR]	CS [VMR]	COS [VMR]	CS2 [VMR]	NS [VMR]	HS2 [VMR]	SO2 [VMR]	S4 [VMR]	S8 [VMR]	HCS [VMR]	S3 [VMR]	C4H3 [VMR]	C4H5 [VMR]	S2O [VMR]	CH3SH [VMR]	CH3S [VMR]	O_1 [VMR]	CH2_1 [VMR]	N_2D [VMR]	He [VMR]	S8_l_s [VMR]
129.37266738497283	1.860722462893415e-05	10522256.881745497	4575592457.231399	21.21785482737411	3.67054473589953e-10	1.2153321306153211e-05	0.2402203566674543	0.0406264128892837	0.0068395179100788	1.1170894630410856e-05	1.120245575788951e-08	6.713804211929239e-15	1.004277881355321e-15	8.310824716094583e-10	8.633213914886339e-07	5.071222507324624e-23	1.6245671986080022e-14	3.452892124390796e-17	8.11953480370755e-17	2.357342622839568e-12	6.521770098850068e-21	8.956597575525663e-17	0.0001390963329972	1.4846232716668223e-05	1.3386053450295149e-18	3.957429890103543e-08	3.277366340607012e-11	5.0758553549256426e-17	7.839084477989007e-14	7.038279253159066e-25	2.084630430771723e-08	1.4925991803060573e-18	2.601170930238057e-25	0.0005708681946959	1.2514632671515489e-07	8.055828623413833e-09	1.0035156584923274e-08	4.855482861948126e-07	3.667452305084595e-07	0.6993327440752182	0.0010146961995536	1.7443840401719408e-12	4.643263542751253e-13	1.6761755177245385e-20	5.19625732539295e-19	1.7134645151865784e-10	6.192529228173806e-11	2.3809247236912302e-14	1.932712527949068e-20	2.6771855172563904e-12	7.303105883275485e-27	8.967497800503354e-26	1.0519559625265624e-16	3.8525232020730055e-17	4.5330499443999035e-21	8.20929353800869e-17	3.1584473605094386e-11	1.541866081896593e-17	2.4957556040569565e-16	2.993107660199864e-19	3.748667876196798e-16	8.135547359322073e-17	4.675927924353995e-17	1.5701840203040647e-05	2.4412888101207135e-18	0.0025488005341622	1.8711654968722296e-22	1.5691568110367844e-19	8.741090329819795e-22	2.758858758834388e-26	4.7287445779160125e-26	0.0083372358108032	0.0002201956102953	8.695873840081272e-05	4.369131816805605e-21	6.577125033641289e-09	1.5262128530023492e-14	2.762691590742088e-06	4.39697440401656e-14	4.465587797110228e-06	1.3927123856349553e-13	0.0	5.2698714728273015e-14	1.4690885817506625e-13	4.620842213650881e-27	4.277010404192143e-32	7.907997499842468e-12	5.116304980195279e-13	1.891845288617715e-12	7.824434831874448e-08	2.526731420952385e-11	2.1821320894732698e-34	0.0	0.0
131.0969079538929	3.4622880839161215e-05	10413724.834930643	3567222897.39591	22.77001783661605	7.233093899801589e-10	1.1434041939806148e-05	0.18313004903143	0.0402423815259945	0.0049033197685426	1.079693254181923e-05	9.918861755320445e-09	5.808783548505696e-15	1.5790908413888812e-15	7.925592565359593e-10	8.386030170616422e-07	5.108009198365818e-23	1.7213049045283882e-14	3.6175411820285776e-17	8.558374685689285e-17	2.547791767977933e-12	7.121669882861215e-21	9.867031629650807e-17	0.000150622497631	1.830337827203737e-05	1.4879101155925233e-18	4.34885071478492e-08	3.527792644781137e-11	5.5442274090224416e-17	8.77773796515687e-14	8.6155282768137e-25	2.312550267632431e-08	1.811023479644468e-18	3.1430152185304477e-25	0.0005366942940605	1.1465270997635285e-07	8.547482214401178e-09	1.0775400098096632e-08	5.337557718379207e-07	2.8001910958505777e-07	0.7573015606614744	0.00099553413913	1.889850721109949e-12	5.035424061594125e-13	1.849531892170118e-20	5.819404809076362e-19	1.8928908869981663e-10	6.704957762219073e-11	2.8937851350661164e-14	2.4542731168573422e-20	3.2987387612968773e-12	9.44748739485529e-27	9.852356363655572e-26	1.149045006321103e-16	4.278889079236928e-17	5.5913250081822684e-21	1.0396546449899828e-16	3.830445383997071e-11	1.740722920587822e-17	2.839792480036462e-16	3.901826253904762e-19	4.513581237217735e-16	9.700378664542952e-17	6.194028281608402e-17	1.7183648454510277e-05	3.176673397373533e-18	0.0029022973829165	2.216825185979461e-22	1.8393589727855064e-19	1.0442593180663245e-21	4.44948324322451e-26	7.699802860718614e-26	0.009333693365638	0.0003206207775486	0.0001107429702776	7.166710315156138e-21	9.227833364946764e-09	2.4482345247089364e-14	3.4594212737673075e-06	6.42770655418296e-14	6.465994778822477e-06	4.231992651571898e-13	2.905700331001006e-06	6.574229884213361e-14	2.808291653434426e-13	6.0229896181082606e-27	5.668135163310276e-32	1.3094273442211592e-11	6.5183011562945e-13	2.390196009140228e-12	6.118544250595054e-08	2.026799825709774e-11	2.082049086455485e-34	0.0	0.0
132.82268970334562	6.442357210750902e-05	10308494.03837368	2780487740.611785	23.78570179627459	1.387645336886117e-09	1.04354513041379e-05	0.1460506234959149	0.039612918237958	0.0036880656079847	1.0380312328523332e-05	8.433809618488734e-09	4.560594300140233e-15	2.6595528631684802e-15	7.522742810308797e-10	8.13682122652078e-07	4.838933643928421e-23	1.7716347736767365e-14	3.6852869307451904e-17	8.671770562851471e-17	2.663393631921004e-12	7.516206522139179e-21	1.0488869619635592e-16	0.000158154309441	2.1071502873983888e-05	1.5919223445477367e-18	4.60102250607254e-08	3.638084670822833e-11	5.775439205211314e-17	9.44023869954294e-14	9.87483373530388e-25	2.4434184706810777e-08	2.060923276857503e-18	3.5812360408761784e-25	0.0005023727512601	1.0194545627265796e-07	8.793523067497755e-09	1.1243613501037932e-08	5.65283175287694e-07	1.900261148351269e-07	0.7951841793180536	0.0009731140484905	1.950351137708445e-12	5.244816622182795e-13	1.957737920025749e-20	6.259876766096248e-19	2.0045903447265407e-10	7.034734527336583e-11	3.277734190448289e-14	2.9186933688264253e-20	3.792937273870624e-12	1.1248409855341323e-26	1.0417057808744083e-25	1.214052979122339e-16	4.575087305690197e-17	6.439829829908981e-21	1.2226103412606974e-16	4.3554885918607286e-11	1.8825733232053386e-17	3.089000176926409e-16	4.66921119440109e-19	5.109903810318139e-16	1.0879860408107535e-16	7.494641451594476e-17	1.7666443371194813e-05	3.8741596642956e-18	0.0031593923552287	2.480658292725405e-22	2.0357794849576961e-19	1.1758200161488977e-21	6.160282986992116e-26	1.0738080751217005e-25	0.0100328498708683	0.0004160481097286	0.0001304335921816	1.0799743754861231e-20	1.1624835762793268e-08	3.3830046941864716e-14	4.021845865815413e-06	8.338097897953605e-14	8.32317388719454e-06	9.805689244214953e-13	1.812427514367523e-05	7.653237257574039e-14	4.363896726167674e-13	7.204196247574882e-27	6.863436599413511e-32	1.8461772899795925e-11	7.680629427228848e-13	2.799201923558793e-12	4.267050077088664e-08	1.4812409457946816e-11	2.0050540361068784e-34	0.0	0.0
134.71664586773863	0.0001198743877602	10204749.201130228	2166819614.7344646	24.46250579202234	2.6181592680627404e-09	9.203371879007834e-06	0.1216628694647888	0.0389816146390201	0.0029119781760224	9.94955193108036e-06	6.770584874624861e-09	3.493342525351025e-15	4.776291178510212e-15	7.11437043740583e-10	7.922536994120056e-07	4.245113276404291e-23	1.790481534517811e-14	3.6861564924391656e-17	8.522217679778787e-17	2.722625882794716e-12	7.770385649445356e-21	1.0915831634704467e-16	0.0001631310789424	2.322049897772639e-05	1.6622059005159865e-18	4.744522731306263e-08	3.6292257721905726e-11	5.808301758600281e-17	9.907675925138152e-14	1.0858769632532066e-24	2.4861484032343416e-08	2.2508176234144505e-18	3.9421280132163103e-25	0.0004680819349717	8.735186468832639e-08	8.82708176016722e-09	1.1539598952042769e-08	5.84213467151462e-07	1.1723391473869285e-07	0.820217259206373	0.0009526730340184	1.936442564343665e-12	5.300565449689594e-13	2.0162241331306764e-20	6.571304264834536e-19	2.0616815248961127e-10	7.239130374401041e-11	3.549607774670245e-14	3.3470638940164516e-20	4.1689189553449e-12	1.2695067426846863e-26	1.0739089600185545e-25	1.2579647808000403e-16	4.7812810957909736e-17	7.099911613931919e-21	1.3723576342852598e-16	4.7493196819249655e-11	1.9809765204049656e-17	3.268112028090545e-16	5.285335975870548e-19	5.562685890491097e-16	1.17063797761486e-16	8.548492157832602e-17	1.7222525305551247e-05	4.62618638157277e-18	0.0033456475095591	2.67740827759102e-22	2.16538632603815e-19	1.2753403256813094e-21	7.726812595561377e-26	1.3552703208887496e-25	0.0105192294297546	0.0005018909698708	0.0001460837976395	1.5584677470117102e-20	1.3657722634109989e-08	4.2475180891612653e-14	4.4531820777254304e-06	1.002311541926105e-13	9.925617572797908e-06	2.0126594672382058e-12	5.384406684091638e-05	8.543341620881172e-14	5.971483943141191e-13	8.146641087173902e-27	7.840135725229042e-32	2.3468037403055184e-11	8.608103965695999e-13	3.122361799572501e-12	2.666643456981745e-08	9.78204456009834e-12	1.964160207565598e-34	0.0	0.0
136.55812708175387	0.0002230529660311	10101563.81417107	1688257281.0008562	24.92331881194893	4.896506142058693e-09	7.751924942201898e-06	0.1053949992423404	0.0384394320191294	0.0024062348244357	9.490856568331132e-06	5.000856882091497e-09	2.410755484054308e-15	8.207956014438735e-15	6.685291905806423e-10	7.751672313056591e-07	3.311372610263633e-23	1.7856482455350035e-14	3.634375168173633e-17	8.134995920766323e-17	2.7307413387354242e-12	7.930436185914352e-21	1.121091619574925e-16	0.0001664616266561	2.4850085179938072e-05	1.7024069267372006e-18	4.7883868689675545e-08	3.5056248160854626e-11	5.66188532654242e-17	1.0238009549296852e-13	1.1622590762839926e-24	2.4398193653597816e-08	2.389784141770489e-18	4.257792908193631e-25	0.0004322298979104	7.101328061151734e-08	8.612149352250828e-09	1.1720129087947714e-08	5.920756230397659e-07	6.859523067302644e-08	0.8369706078922577	0.0009358590821888	1.8568753663331293e-12	5.217634883526002e-13	2.034310247425434e-20	6.79198664532812e-19	2.0708737650906917e-10	7.343564767655881e-11	3.7536585229833205e-14	3.776227310802195e-20	4.437647827013784e-12	1.3817386286270682e-26	1.0867058887897037e-25	1.2879424722768146e-16	4.925273074424994e-17	7.602118917959729e-21	1.4947633010681547e-16	5.0264794458661676e-11	2.0423256662881056e-17	3.3955480873949024e-16	5.756512386800648e-19	5.897380123622375e-16	1.2182684247843412e-16	9.356472124201035e-17	1.5907228852144092e-05	5.641327821903448e-18	0.0034806633955462	2.821207577421694e-22	2.229268387598126e-19	1.3493769473898517e-21	9.05755946572553e-26	1.5982488975599588e-25	0.0108522552106701	0.0005772907018743	0.0001580937731778	2.027669357772009e-20	1.530199054798543e-08	4.998871702064397e-14	4.760797889865965e-06	1.147064528869757e-13	1.1231929171382562e-05	3.9787281680478544e-12	0.0001102433201768	9.306872846877497e-14	7.577651986249669e-13	8.85727719978866e-27	8.608512228107723e-32	2.7797962634543376e-11	9.328296863960342e-13	3.370333438182221e-12	1.5335430913920806e-08	5.861093269198497e-12	1.967138297071676e-34	0.0	0.0
138.535466968495	0.0004150396643091	9998244.153453162	1315138612.1838238	25.243214210141375	9.096268321804536e-09	6.119964235669513e-06	0.094404848853598	0.0380067623796967	0.0020693276279976	8.969952154229698e-06	3.297025328470418e-09	1.6042933446022956e-15	1.2822180513643388e-14	6.213189801468708e-10	7.620951234862861e-07	2.1737923184551466e-23	1.7604568677400268e-14	3.534255905478562e-17	7.514472894630992e-17	2.6823293352043734e-12	8.039974120348191e-21	1.1416194842215415e-16	0.000168717598359	2.6064088884794124e-05	1.7057273523991366e-18	4.723055477582508e-08	3.2606636262131036e-11	5.34175879484438e-17	1.047211027036032e-13	1.2221903962771383e-24	2.29616987863804e-08	2.4846084535888774e-18	4.564316849006737e-25	0.0003926490771912	5.3501205748134856e-08	8.056010317474663e-09	1.1810139714371697e-08	5.879218545918033e-07	4.021045451996487e-08	0.848318780817237	0.0009227455624227	1.7217376956351026e-12	5.004352266577828e-13	2.0166451925530963e-20	6.948915485300624e-19	2.03409472826154e-10	7.342481566667035e-11	3.9787837469213474e-14	4.263342389416674e-20	4.6048770802075785e-12	1.466253508108414e-26	1.0834019873373853e-25	1.30863875352707e-16	5.0260940853618946e-17	7.978236005814736e-21	1.5970605847573203e-16	5.192988395956616e-11	2.063729339666111e-17	3.483771087551852e-16	6.092190150972467e-19	6.13364446119579e-16	1.2251377994354562e-16	9.925291411581798e-17	1.3807581403779426e-05	7.3741125453272e-18	0.003579121048176	2.9250044619658336e-22	2.221549735919447e-19	1.4037595971034409e-21	1.0123042373860042e-25	1.7979326545255995e-25	0.0110725371249464	0.0006440206641655	0.0001669503396304	2.4624589220681923e-20	1.6586745903867958e-08	5.6281521600192266e-14	4.946960350703767e-06	1.27632412832659e-13	1.2245541622931123e-05	7.986429423332285e-12	0.0001798216408751	1.0018978766625597e-13	9.354722628517726e-13	9.35132446940127e-27	9.195903228167816e-32	3.134206017030358e-11	9.877994262681622e-13	3.556315054493297e-12	8.465484686415726e-09	3.284061498066537e-12	2.006204961463848e-34	0.0	0.0
140.55571277340152	0.0007722736263717	9894381.057046512	1024293094.9575903	25.469079631139373	1.6831620589197673e-08	4.419007154523801e-06	0.086882646367762	0.0376762380953994	0.0018383628521829	8.343007960248794e-06	1.893151507418739e-09	9.86158125131231e-16	1.7211821704725895e-14	5.680232256407768e-10	7.523548564534693e-07	1.101933251891354e-23	1.7155831973925054e-14	3.383966921835701e-17	6.661446929167844e-17	2.5664499653659395e-12	8.158903927664699e-21	1.156025307139261e-16	0.0001702668119624	2.695774104463996e-05	1.6517643189149933e-18	4.528885037404611e-08	2.8857249532770737e-11	4.8481176364803456e-17	1.0639069117280469e-13	1.2697970108365196e-24	2.045265322820656e-08	2.5373652572344697e-18	4.893032008013164e-25	0.0003474994712111	3.626971895922112e-08	7.059704137052037e-09	1.1805557562533563e-08	5.686486843206922e-07	2.3945276073071592e-08	0.8561113068279482	0.0009128485499344	1.542869721670602e-12	4.661758004771724e-13	1.964415058470237e-20	7.061113093146095e-19	1.9497874266034401e-10	7.194494567845525e-11	4.377270903255458e-14	4.896973955740345e-20	4.667209660904429e-12	1.5278738803420813e-26	1.0665112745413482e-25	1.3231456024986574e-16	5.096879813173361e-17	8.257192233188884e-21	1.6866320591340075e-16	5.2415870762458536e-11	2.0300086360599625e-17	3.539302517926086e-16	6.292825077892255e-19	6.27917247604246e-16	1.1767960538399902e-16	1.0243797323707507e-16	1.1110225323323954e-05	1.0818661731693197e-17	0.0036520538746324	3.0013438356768275e-22	2.1331988212269568e-19	1.4433770644752576e-21	1.0934084979207992e-25	1.9570861184929707e-25	0.0112073260843228	0.0007054643942777	0.0001730548025153	2.737460147820337e-20	1.7567423352482792e-08	6.149136684532916e-14	5.003067626430757e-06	1.4111914821065361e-13	1.2990338572364254e-05	1.6823556325558127e-11	0.0002526176219121	1.0726186836722537e-13	1.1933786239302522e-12	9.644515104715111e-27	9.635567626778971e-32	3.413129368610943e-11	1.0295181176285173e-12	3.693393084812249e-12	4.587771986368459e-09	1.7785259380561277e-12	2.0057574445258355e-34	0.0	0.0
142.57758102466397	0.00143698688409	9789721.898217868	797626275.5609375	25.63057022005693	3.1070612177889806e-08	2.849617636496848e-06	0.0816753488482346	0.0374312659653958	0.0016736504456477	7.563106369379598e-06	9.424213641843856e-10	5.42255731645254e-16	1.9750362179668923e-14	5.0785551981863e-10	7.452346228970035e-07	3.8901507331564716e-24	1.6503313017670442e-14	3.1778478972961734e-17	5.594247212709278e-17	2.3752038288377255e-12	8.39120929430879e-21	1.1662384755700083e-16	0.0001713456392751	2.7610190549973205e-05	1.50965894782131e-18	4.1916995102437695e-08	2.3856209122581954e-11	4.1874247966947067e-17	1.07593168728377e-13	1.304818381849969e-24	1.687549287337744e-08	2.542684107620476e-18	5.2472314391722575e-25	0.0002962258157831	2.1563821219217463e-08	5.620456366480178e-09	1.1668025897741285e-08	5.304094997531697e-07	1.4382340226596448e-08	0.8615364640968383	0.0009055458490619	1.3357139922183449e-12	4.184231094023052e-13	1.876241493780405e-20	7.141446671743714e-19	1.81563876813563e-10	6.818429576756641e-11	5.2141792778387033e-14	5.805349335505152e-20	4.6141955929293346e-12	1.570207182739655e-26	1.038885220849979e-25	1.333523438970208e-16	5.146454866437975e-17	8.462327277107435e-21	1.769914601896157e-16	5.151946379220943e-11	1.9131133822386528e-17	3.5624729603622433e-16	6.338095727052465e-19	6.32039313719195e-16	1.0512892391444407e-16	1.026192434205476e-16	8.165108121477292e-06	1.831498399241335e-17	0.0037076588991739	3.063977745694241e-22	1.9606324305100009e-19	1.4720770687520778e-21	1.1519484716972109e-25	2.0821364203736047e-25	0.0112734830879677	0.0007658598687286	0.0001766217093094	2.824478030803206e-20	1.8305046997488808e-08	6.586998698825133e-14	4.9107485787535045e-06	1.596526904655992e-13	1.3492178569280563e-05	3.78605072706967e-11	0.0003205285380085	1.1352122220058293e-13	1.7021172015509754e-12	9.7538695553965e-27	9.958908607386128e-32	3.626535721890066e-11	1.0613941465945384e-12	3.79287642212952e-12	2.444143313225509e-09	9.4081102625916e-13	1.7957408503374995e-34	0.0	0.0
144.66537389370504	0.0026738337741096	9684046.349597428	621011591.0072141	25.74726995061172	5.7238860215970785e-08	1.6321940654840209e-06	0.0780328799805628	0.0372540426353333	0.0015490597806342	6.588464383037284e-06	4.0980365470933004e-10	2.64892404558319e-16	1.9740490819652702e-14	4.41583971912272e-10	7.401083894139689e-07	8.918853433765856e-25	1.5636977051985866e-14	2.908219049855324e-17	4.3711826776021095e-17	2.111938322510058e-12	8.928314093422639e-21	1.1735786952397943e-16	0.0001721086723862	2.808455806734462e-05	1.2595166620730913e-18	3.718143906497017e-08	1.7979637669306743e-11	3.388350237458267e-17	1.084734758591717e-13	1.3190491299761179e-24	1.2528854645015904e-08	2.485953656572878e-18	5.5621346149358465e-25	0.000240454582709	1.1274495628743264e-08	3.91894105436939e-09	1.1319961703122662e-08	4.7182005361368853e-07	8.701105742195757e-09	0.8653710214900375	0.0009002462315897	1.1197715737223199e-12	3.568131690905487e-13	1.7492026832213303e-20	7.198143068243634e-19	1.6317336407446574e-10	6.111528429092875e-11	6.975856004563399e-14	7.121946727510661e-20	4.440440667314881e-12	1.594632461083922e-26	1.0059473154888264e-25	1.341192191901879e-16	5.18049837922838e-17	8.610432343492757e-21	1.851643722797073e-16	4.9003205614094377e-11	1.6840931515753358e-17	3.549923999073613e-16	6.18202318698572e-19	6.211632738997492e-16	8.332669374875775e-17	9.889909172487715e-17	5.4615308977573625e-06	3.5943690676407445e-17	0.0037521907242215	3.131245851820832e-22	1.7137668832418314e-19	1.4928168694354956e-21	1.1912261880537788e-25	2.1808215855257924e-25	0.0112795431900941	0.000830228493648	0.0001777104706623	2.803683356382018e-20	1.8856829988086832e-08	6.97206792281655e-14	4.656835763216548e-06	1.9280771313574962e-13	1.377394933526416e-05	9.165398782475283e-11	0.0003789979384792	1.1587419322817324e-13	2.920809318506114e-12	9.703906370103916e-27	1.01922970452962e-31	3.786783824602676e-11	1.086332157586664e-12	3.863956248851631e-12	1.277897588160323e-09	4.857400331209738e-13	1.3141216192727684e-34	0.0	0.0
146.84758242166814	0.0049752625655288	9577166.75764381	483423161.3034508	25.832610056906415	1.0527069067873801e-07	8.604936717365632e-07	0.0754588744349161	0.0371290150264879	0.001446729091971	5.399596813271626e-06	1.5346440785437079e-10	1.117394208939429e-16	1.70311979195504e-14	3.720203818017778e-10	7.364737249888259e-07	1.3294723277765008e-25	1.4553296170294302e-14	2.5678109976416322e-17	3.105289853668828e-17	1.7941134656327265e-12	1.0093296655130187e-20	1.1789537539909146e-16	0.0001726584412421	2.842937023704305e-05	9.250907141777984e-19	3.1411932457283345e-08	1.2030434501035276e-11	2.5185865163839425e-17	1.0913518446770876e-13	1.2980618547564116e-24	8.131500472133206e-09	2.3454475780497067e-18	5.654860871587417e-25	0.0001841971946435	5.477277093929883e-09	2.286302494667737e-09	1.0657445638636321e-08	3.9710651476447873e-07	5.2938896856858915e-09	0.8681300247308295	0.000896456862791	9.138165849212997e-13	2.8284208469898053e-13	1.580461624010123e-20	7.235403311993498e-19	1.4008145975445592e-10	5.0196372858198236e-11	1.0532490984344093e-13	8.809719781205578e-20	4.15874124591861e-12	1.5989492572602122e-26	9.783162029265728e-26	1.347191430923987e-16	5.202021459515312e-17	8.709938328906235e-21	1.9344843479501344e-16	4.473733550724343e-11	1.346872123296922e-17	3.50040787129449e-16	5.767158743115039e-19	5.873727534513776e-16	5.453282258641488e-17	9.043155561957891e-17	3.4232924940940647e-06	8.123660783874862e-17	0.003790670744418	3.231239636892685e-22	1.4172940641163384e-19	1.507812037826114e-21	1.2141059084875308e-25	2.260808949653121e-25	0.0112261108956034	0.0009048773011486	0.0001763322247167	2.646209475108196e-20	1.9271707151507653e-08	7.336744856410918e-14	4.2584489280090685e-06	2.611430670593757e-13	1.38588710247162e-05	2.385380593511698e-10	0.0004266051420164	1.08652464504098e-13	6.167995983827753e-12	9.529203491185156e-27	1.0354962694507896e-31	3.905871127039521e-11	1.1067422640389268e-12	3.913697213170971e-12	6.563501409450361e-10	2.453439868098503e-13	7.949286990863164e-35	0.0	0.0
149.0671264820321	0.0092575828144722	9468973.776963435	376257390.4736991	25.89598437834485	1.9343636844846786e-07	4.429929688022e-07	0.0736234850984692	0.0370439790078926	0.0013541476715726	4.032319902990116e-06	4.7626830573994696e-11	3.8450928044420355e-17	1.2176164076948162e-14	3.036524778996746e-10	7.33951673271214e-07	1.3137332035831628e-26	1.3264628711411182e-14	2.1542977560678026e-17	1.953608973363284e-17	1.4524812359172273e-12	1.23309241784107e-20	1.1829773760123505e-16	0.0001730633573722	2.868065600341e-05	5.799509870252016e-19	2.518713390818472e-08	7.02094407130458e-12	1.6880606179747753e-17	1.0965265686976025e-13	1.2327648195586018e-24	4.578896002761551e-09	2.104147660646378e-18	5.2390042882144725e-25	0.0001326081043623	2.6682933232373e-09	1.0523640856274802e-09	9.60541996828645e-09	3.152280920788888e-07	3.218811122335813e-09	0.8701576569923023	0.0008937978055308	7.300208000922018e-13	2.0233747538117762e-13	1.3702988351809066e-20	7.253193879942932e-19	1.1287089746036498e-10	3.6511803672894224e-11	1.7197227804641709e-13	1.030463744831478e-19	3.797286232351479e-12	1.5755950848735467e-26	9.733471926977312e-26	1.3523855256866102e-16	5.211175021134342e-17	8.756361866935078e-21	2.019197563423548e-16	3.8824385361373405e-11	9.715660974663109e-18	3.4172549176933367e-16	5.071661103928884e-19	5.23477733944037e-16	2.680955170078661e-17	7.740723716595436e-17	2.148425364915092e-06	2.1197390639774195e-16	0.0038275645942249	3.409093112002824e-22	1.1068005054140912e-19	1.5186733179910157e-21	1.2225643046587654e-25	2.3290764127696086e-25	0.011105024014421	0.0009983549930501	0.0001724738070673	2.213778407236717e-20	1.9589113823564e-08	7.714924433257452e-14	3.774513487081999e-06	4.087108851196933e-13	1.3771916937967225e-05	6.638437918627184e-10	0.0004638770397582	8.708132713011998e-14	1.5517272008428945e-11	9.273721328803458e-27	1.04561358015881e-31	3.994090070367392e-11	1.1246536753046789e-12	3.9471685255948596e-12	3.3144638931757116e-10	1.2193162194827088e-13	4.4744936702501335e-35	0.0	0.0
151.39598615695726	0.0172257922949845	9359332.010349384	292802450.5953345	25.944142762134927	3.5505378795125666e-07	2.288079031097649e-07	0.0723060814611671	0.0369899368312663	0.0012619317852649	2.619002598913592e-06	1.1865737447794774e-11	1.0728646009360837e-17	7.075211597549147e-15	2.409558593168875e-10	7.322663809575736e-07	8.696371098995209e-28	1.1803946805772794e-14	1.6771927506119916e-17	1.0637612072819457e-17	1.1244284578601822e-12	1.609341955259992e-20	1.1860359971461306e-16	0.0001733701255609	2.886484770540804e-05	3.0669611121424867e-19	1.921039195420167e-08	3.603444946408412e-12	1.0147857317441185e-17	1.1008088381988491e-13	1.126181497469361e-24	2.328076617926298e-09	1.7713052125114667e-18	4.1766645574148565e-25	8.972588149778077e-05	1.3559396706220915e-09	3.5775189339981445e-10	8.2064136309607e-09	2.354927191814381e-07	1.9591415016007955e-09	0.8716899293201291	0.0008919886967939	5.727161632125984e-13	1.2639503016510525e-13	1.126429263676658e-20	7.246474417449889e-19	8.301399503815389e-11	2.305438126938609e-11	2.811605762274209e-13	1.0408930613549888e-19	3.385145011040777e-12	1.5100605467551584e-26	1.0141259766141872e-25	1.3577043774033992e-16	5.2042729393640215e-17	8.722694644534617e-21	2.1042865700755407e-16	3.1763689418460564e-11	6.62951621286271e-18	3.304150336349389e-16	4.1687759099917344e-19	4.32696033117486e-16	8.991475061229223e-18	6.179963195894565e-17	1.4388557345238192e-06	6.606716144235082e-16	0.0038677480029601	3.7380825771705903e-22	8.190113348174144e-20	1.5265581870999205e-21	1.2175290248270383e-25	2.391941523721387e-25	0.0108972685142004	0.0011227965040133	0.0001659498185958	1.5421470448663877e-20	1.9840328457325013e-08	8.14411908637817e-14	3.284171480353207e-06	7.316041350699183e-13	1.353353367848422e-05	1.958596076199056e-09	0.0004922802092048	5.6160551630665705e-14	4.434193728212946e-11	8.984200232993515e-27	1.0488301650350191e-31	4.0598057677092326e-11	1.1419629254323606e-12	3.967626505292361e-12	1.6364799097382538e-10	5.987332448355676e-14	2.6470712525879645e-35	0.0	0.0
153.81205594869496	0.032052418664414	9248142.23312356	227823548.3131526	25.982188741690152	6.512326148799829e-07	1.1728324789279315e-07	0.0713556009941131	0.0369608185439067	0.0011621523233085	1.3962454880510737e-06	2.391413386629903e-12	2.431274686259585e-18	3.4128386719368128e-15	1.8639152977021407e-10	7.312274873997055e-07	3.9134828043205146e-29	1.0224575469339084e-14	1.167790729797531e-17	4.9862874655508034e-18	8.407133494838714e-13	2.1709264749474472e-20	1.18828316642341e-16	0.0001736126300996	2.900137259467966e-05	1.4203902766136525e-19	1.4060549908748477e-08	1.691435819277308e-12	5.5928884586626e-18	1.1046293439708722e-13	9.877427134979312e-25	1.1483097115431874e-09	1.3958407418000172e-18	2.688154161911602e-25	5.704131114187529e-05	7.173850180603945e-10	8.598631898529403e-11	6.6566124508462945e-09	1.649412636409535e-07	1.1876099040567332e-09	0.8728988804374828	0.0008908359054929	4.41185525740832e-13	6.711414565763004e-14	8.684286483708109e-21	7.202924219038912e-19	5.3542209176086686e-11	1.2771231550874445e-11	4.2476223849701626e-13	8.278444009174025e-20	2.945485339997176e-12	1.3820415281426976e-26	1.1209438010125985e-25	1.3645187058765992e-16	5.1715079687952816e-17	8.548245588591977e-21	2.1856734325687726e-16	2.4522084310724708e-11	4.717562891767724e-18	3.162694270936089e-16	3.2251837347770347e-19	3.332867933335141e-16	1.968019278163887e-18	4.66166846846754e-17	1.059260051042934e-06	2.578891193722913e-15	0.003918175417445	4.337807740591183e-22	5.787945541770755e-20	1.5323049174422297e-21	1.1988081708368123e-25	2.45532015228866e-25	0.0105688223161507	0.0012956561971971	0.0001563290352591	8.426237996990494e-21	2.0050349832323075e-08	8.669227106475544e-14	2.855339454677242e-06	1.4460078666477661e-12	1.3156632766813716e-05	6.0750024918229555e-09	0.0005135420547706	2.925890170048271e-14	1.383841184630079e-10	8.69348965238256e-27	1.0411226629448708e-31	4.109600854929774e-11	1.1607880032435317e-12	3.976433968771901e-12	7.710670398095705e-11	2.8643975172675874e-14	1.6295005630086753e-35	0.0	0.0
156.22983313977863	0.0596406553989391	9135383.764325531	177238807.02858588	26.01429637594952	1.1944844544111065e-06	5.832468233024768e-08	0.0706635162880783	0.0369530148266978	0.0010476982621066	5.895426665166276e-07	4.3179702460208133e-13	4.820063265251425e-19	1.5493995173846206e-15	1.3969593743193435e-10	7.307120859399669e-07	1.4185882968051134e-30	8.595753836131663e-15	6.871971768209331e-18	2.0639671979576098e-18	6.148807533789501e-13	2.945766272925939e-20	1.1894985642764072e-16	0.0001738180253372	2.910478707943136e-05	6.377996848375205e-20	9.992646317057503e-09	7.63269199718156e-13	2.9356922809774904e-18	1.1083523713316221e-13	8.280489780216137e-25	5.74422635332417e-10	1.044273757654774e-18	1.3415441372690477e-25	3.380214380006552e-05	3.8625073444661157e-10	1.5535356751189048e-11	5.193970835164596e-09	1.0817346859823892e-07	7.093017842220438e-10	0.8739223679699866	0.000890218167289	3.328102679583144e-13	3.032557153800728e-14	6.276035373454905e-21	7.099910129130995e-19	2.8796632131997806e-11	6.356176805483236e-12	5.703376780810429e-13	4.9411498672455554e-20	2.4978950538639816e-12	1.174515423220196e-26	1.3016545764859015e-25	1.37532917723199e-16	5.092806702513066e-17	8.151272025653054e-21	2.25959341882184e-16	1.8114624218108227e-11	3.671472220390477e-18	2.994376989255114e-16	2.3995888871916693e-19	2.453435023895907e-16	3.082658655845288e-19	3.400794762246873e-17	8.60835938814594e-07	1.2630364708803228e-14	0.0039912390058994	5.402817638271009e-22	3.930659345522777e-20	1.5365223183740506e-21	1.1650785699167703e-25	2.525048984362113e-25	0.0100631550086189	0.0015420316594157	0.0001431673397558	3.7634798842098025e-21	2.023978818815336e-08	9.347795039991278e-14	2.528254870677487e-06	3.055687516377084e-12	1.2652625557769776e-05	1.9677766447922326e-08	0.0005292805163989	1.4038335624472904e-14	4.59430111920996e-10	8.398542366592385e-27	1.0128249290376602e-31	4.148523239738568e-11	1.184000389124414e-12	3.972395639144156e-12	3.2995677408293586e-11	1.281371828244601e-14	9.673015082476165e-36	0.0	0.0
158.73722563615374	0.1109747072024914	9020988.968159296	137866042.6452593	26.044415739269024	2.190028776245118e-06	2.7606375237200254e-08	0.0701395007009463	0.0369649279900945	0.0009124157119428	2.062965074975471e-07	8.338215721111482e-14	1.0241620695946664e-19	7.984461720783923e-16	9.926560775279676e-11	7.306484268908373e-07	6.217002867955622e-32	6.993333390037803e-15	3.149299342174859e-18	7.843723025019152e-19	4.440271332534404e-13	3.975641634389758e-20	1.188700482117507e-16	0.0001740120158753	2.918677095329237e-05	3.049459488359425e-20	6.952299473435983e-09	3.452314254510719e-13	1.49658090256004e-18	1.1123235074331325e-13	6.610433909215885e-25	2.943847371209727e-10	7.579221728078839e-19	5.529470133720201e-26	1.8233830594312905e-05	2.0410811739086559e-10	2.670754366932581e-12	3.945785187934222e-09	6.730945633748648e-08	4.15149045971106e-10	0.8748901194616434	0.0008900748478324	2.446941936153044e-13	1.2344613835398256e-14	4.3568728041213775e-21	6.90262135030795e-19	1.2222468530551739e-11	2.8159510278013228e-12	6.903214684648009e-13	2.367426096313493e-20	2.061205396361146e-12	8.937156526442194e-27	1.5626884225881164e-25	1.3951253515966346e-16	4.932173916228899e-17	7.485384390668437e-21	2.3313004215493005e-16	1.3017014125182208e-11	2.9869510685789973e-18	2.8039197463187554e-16	1.7526893083327788e-19	1.7678379421195472e-16	4.498481309551946e-20	2.4434037566211897e-17	7.685926126721451e-07	6.88319781066958e-14	0.0041120999615712	7.23111939458167e-22	2.557461071478409e-20	1.5395516615247759e-21	1.1138738736637537e-25	2.607321609456211e-25	0.0092881003482841	0.001897727933301	0.0001264562702363	1.758582820966938e-21	2.0427070538465552e-08	1.0258837121353293e-13	2.3127972695089133e-06	6.783723532432189e-12	1.2040959549291793e-05	6.62502689972202e-08	0.0005408896552804	7.605004013993621e-15	1.6023671907476555e-09	8.042085270895988e-27	9.485282889696131e-32	4.1804742930374087e-11	1.2160548270770897e-12	3.949869878271755e-12	1.1882020234156147e-11	5.019974983729043e-15	5.383086325827171e-36	0.0	0.0
161.35200121081698	0.2064931305046946	8904897.039955808	107224983.97516984	26.07695746823367	4.01400723219846e-06	1.2438383657641371e-08	0.069685826958123	0.0369968938227252	0.0007520936617491	6.507825706104167e-08	1.6948067733670395e-14	2.3653721677840767e-20	4.387649378116828e-16	6.45437082548088e-11	7.310098495310033e-07	3.579640025277622e-33	5.493167923682642e-15	1.026595995594052e-18	2.7676019355206717e-19	3.178434488467996e-13	5.298280210841863e-20	1.183436282179737e-16	0.0001742235750258	2.9257633927313578e-05	1.5455970932824402e-20	4.745534661720425e-09	1.6197900496020872e-13	7.486068098487964e-19	1.1169096046990433e-13	5.125814052768763e-25	1.5660696740752423e-10	5.421500410211431e-19	2.0951887041778032e-26	8.523620146976507e-06	1.0127102061280722e-10	4.815600679805219e-13	2.926678923916507e-09	4.1439886207243726e-08	2.3370346967914717e-10	0.8759476433797745	0.0008904057066829	1.74410709333715e-13	4.9971847036857155e-15	3.063578462078157e-21	6.56388325883034e-19	3.876020661454313e-12	1.0473367636927369e-12	7.784732427495693e-13	1.0598509067861698e-20	1.6537547081675844e-12	5.8794112700755904e-27	1.892666232184898e-25	1.4339045418719866e-16	4.6351556601624365e-17	6.573885780504976e-21	2.4275635192167783e-16	9.17192484607721e-12	2.428129888473376e-18	2.60177819976401e-16	1.268900886749408e-19	1.2610688710876474e-16	6.826414702071272e-21	1.742335952572602e-17	7.513908650410445e-07	3.429366532363337e-13	0.0043344737583636	1.0167891593779085e-21	1.569246179549322e-20	1.540908997844523e-21	1.0416934500573088e-25	2.7089246320430915e-25	0.0080988426747687	0.0024099787592907	0.0001068991388381	9.495257522597633e-22	2.0630406487123523e-08	1.151495794402697e-13	2.1913768936709605e-06	1.5697185466545803e-11	1.1356689256070216e-05	2.3426208359201218e-07	0.000549518776884	4.406520920681169e-15	5.905023582795299e-09	7.514820348623241e-27	8.365260184456212e-32	4.2086521779901736e-11	1.264135347866079e-12	3.894314497011927e-12	3.246093813958189e-12	1.5744636714342417e-15	2.6973515145064016e-36	0.0	0.0
164.04395573639354	0.3842264063632667	8787092.838159502	83935842.69958009	26.117052938226635	7.357683883524591e-06	5.5503550513048624e-09	0.0691649157888985	0.0370510141011483	0.0005671729838234	1.9304510123086023e-08	2.8520075255876537e-15	4.7531899581287804e-21	2.021728317095714e-16	3.6698456722618896e-11	7.318130991212699e-07	2.257496809285293e-34	4.173563082478466e-15	2.3671287180451575e-19	8.891029677255391e-20	2.2647855211269585e-13	6.900236338839255e-20	1.169157114760422e-16	0.0001744866829281	2.9326888329163182e-05	8.196498915404267e-21	3.1853566094134142e-09	8.240749193683994e-14	3.852177836744506e-19	1.1224972932721117e-13	4.155690171548614e-25	9.049024169834552e-11	3.8628783152808163e-19	7.887156584826305e-27	3.178560132259086e-06	4.457308109096898e-11	6.837604685522632e-14	2.125054093166559e-09	2.7161366341831414e-08	1.21842018501511e-10	0.8772654644668875	0.0008912698757033	1.20606676997696e-13	2.220182038080268e-15	2.30459671913539e-21	6.042503309913639e-19	9.034683750762981e-13	2.976407221574993e-13	8.390192731108312e-13	5.17412612490765e-21	1.2928108845845629e-12	3.320673862645378e-27	2.2365001588496454e-25	1.5102734096893531e-16	4.1476728080579786e-17	5.4914766016804324e-21	2.5999778923275363e-16	6.3660704343458295e-12	1.9497061044693626e-18	2.4030300007643686e-16	9.148257601748173e-20	8.970452242258718e-17	8.514847933372789e-22	1.2396980226619998e-17	8.214837575301378e-07	1.3268594040871238e-12	0.0047696474854923	1.4186817487060049e-21	8.875250331976909e-21	1.5364501463320757e-21	9.452292249980239e-26	2.836044900082022e-25	0.0063093779779471	0.0031168044908809	8.597106821323227e-05	4.643341833767401e-22	2.086809765203416e-08	1.3264229787994724e-13	2.1163793040371323e-06	3.786548974215944e-11	1.0650853653757936e-05	8.957469664857584e-07	0.0005560511249631	2.0976969043990244e-15	2.3641815473555926e-08	6.712996185535024e-27	6.879831986013894e-32	4.235778292095016e-11	1.3383171911280645e-12	3.7744176615488076e-12	5.949649253198419e-13	3.525143626922866e-16	1.183246037350614e-36	0.0	0.0
166.8561048127233	0.7149387051569409	8667556.92058729	65731226.06300654	26.17014608032194	1.348723222044784e-05	2.719840703430417e-09	0.0683338116651966	0.0371303979115931	0.0003626736450723	5.50285217337752e-09	2.7627891132513937e-16	5.800873273453501e-22	6.129078572138755e-17	1.6677454637587363e-11	7.331065958583471e-07	2.342267831201028e-35	3.0819999675721536e-15	4.546646094418951e-20	2.5334464635078915e-20	1.6109504445533693e-13	8.462917754776188e-20	1.138552190785909e-16	0.0001748375023856	2.940354933669176e-05	5.298756108296438e-21	2.1045567655515988e-09	4.9251815981573604e-14	2.252820195293891e-19	1.1295426571543037e-13	4.210014421274308e-25	6.355815785578307e-11	2.754756151210664e-19	3.2799009029578345e-27	8.04383358788667e-07	1.5759978951319277e-11	4.823393392534923e-15	1.5206474803861102e-09	1.998452695018364e-08	5.5287465433439327e-11	0.8790251107353522	0.0008927571735692	8.17063827834082e-14	1.1522838271568255e-15	1.956527012977065e-21	5.347006924954955e-19	1.746397823722396e-13	5.4361153295337055e-14	8.793527732836407e-13	3.2063028854893257e-21	9.859913123531034e-13	1.6798551379834595e-27	2.512558590723453e-25	1.6562966540591987e-16	3.4632117913484065e-17	4.326297366955638e-21	2.9119102724686293e-16	4.36088955616269e-12	1.548724712617316e-18	2.2174002272341732e-16	6.566486078907976e-20	6.38576832258323e-17	6.779844268632003e-23	8.822467911544457e-18	1.098748810709124e-06	3.5290482284025565e-12	0.0056427778627336	1.7977834651737505e-21	4.526465863841134e-21	1.5072016457041337e-21	8.220511751390797e-26	2.9939319602731943e-25	0.0038002451405947	0.0039626961056046	6.536238892969485e-05	1.4403565223343062e-22	2.11618863101401e-08	1.5707331762222216e-13	1.9955956883343083e-06	9.749933075568411e-11	9.962148309442422e-06	3.9368394035324805e-06	0.0005612321775832	5.997858141666441e-16	1.1001854642532985e-07	5.6269976628888375e-27	5.328186386183338e-32	4.2645406475336295e-11	1.446554100306659e-12	3.529851836791144e-12	6.31342383969775e-14	4.7792761067762103e-17	4.614371406268078e-37	0.0	0.0
169.7334921545931	1.330302508277447	8546307.777348358	51455006.96369249	26.23534167478012	2.473201878672508e-05	2.0383587355489496e-09	0.0667748350409084	0.0372300403995953	0.0001559645464308	1.5529950503152247e-09	9.291016670074114e-18	2.0923872164597217e-23	1.0103374775291729e-17	4.469192603200116e-12	7.348009571353061e-07	7.523815022078565e-36	2.231996486761488e-15	8.510559328494995e-21	6.865590520769446e-21	1.1469872096721085e-13	8.128278742277504e-20	1.076200423622148e-16	0.0001752700394764	2.948866004484126e-05	8.224706368176854e-21	1.3704910345070968e-09	4.212704216364368e-14	1.8245778370620105e-19	1.138305409092346e-13	9.538437472239416e-25	8.082222150721917e-11	1.9719560313328824e-19	1.967927662475004e-27	9.020417442525709e-08	3.832036482106094e-12	1.1902325468348844e-16	1.0835010268642192e-09	1.593002092045915e-08	1.9708828377418985e-11	0.8811962043836438	0.0008947667308494	5.5623464934898094e-14	7.489630110631463e-16	2.468543580302207e-21	4.5976779936383685e-19	5.08795560007065e-14	4.000778355502823e-15	9.068330497590752e-13	3.146701707252668e-21	7.358897796289344e-13	8.677107943334201e-28	2.6357302131808905e-25	1.913421708857083e-16	2.691040203890749e-17	3.173584801666245e-21	3.395159458852652e-16	2.948380304534492e-12	1.358290530579703e-18	2.0416526906044567e-16	4.6914987909656496e-20	4.557610433724752e-17	3.600628432247466e-24	6.2878647700283e-18	2.417515416332404e-06	5.646656187997079e-12	0.0073390641303389	1.867408432950603e-21	2.1742691017624608e-21	1.395729245129512e-21	6.739894540024809e-26	3.182472820106517e-25	0.0010831129263164	0.0044723224307481	4.6755314892117016e-05	2.745694708370049e-23	2.1528254893469213e-08	1.904153384194402e-13	1.7142871135745988e-06	2.986107907736181e-10	9.297223532383817e-06	2.1700807488285475e-05	0.0005655052511655	6.572102539091049e-17	6.713374334693999e-07	4.3894715468154345e-27	3.9458054914251566e-32	4.2965301101814175e-11	1.5536247952519384e-12	3.074205643063485e-12	2.9852133637847334e-15	2.8339981576113007e-18	1.8749909880868148e-37	0.0	0.0
172.74336450512152	2.4753237595952977	8423216.328058854	40264511.471119545	26.290824275687225	4.5313208940968536e-05	1.6732939577290503e-09	0.0641367651020199	0.0373162150610427	2.2042466560749867e-05	4.716161819053794e-10	8.289500310691567e-20	1.7641473393496008e-25	7.466912212006625e-19	3.161775053390513e-13	7.362572938894123e-07	7.617618788638442e-36	1.600053417623481e-15	1.4089965621199665e-21	2.7178416138950038e-21	8.17701288799262e-14	2.3021726289918736e-20	9.390436316287835e-17	0.0001756388913327	2.955897615130556e-05	4.537241541525209e-20	8.783242962711622e-10	8.76863867333414e-14	3.46699072744818e-19	1.1482462041746886e-13	6.3433881139497496e-24	2.7295532215224423e-10	1.4183759871027191e-19	3.839533871922439e-27	2.183833037515705e-09	3.923469606105987e-13	1.0979449825287158e-17	7.725638256842397e-10	1.2548407987228308e-08	4.996271594759164e-12	0.8830465045735234	0.0008965099361942	3.8930525011282665e-14	7.785757076197605e-16	8.485149332424194e-21	3.984877813247056e-19	4.4541488072035057e-14	1.0304603138714023e-16	9.269397421470925e-13	7.560314233998941e-21	5.425146282321163e-13	5.400614434071705e-28	2.663252726003856e-25	2.2796217663308803e-16	2.031103841113857e-17	2.153351687784791e-21	3.6698577870263713e-16	1.9576193654828653e-12	9.155362758224609e-19	1.8059760465339947e-16	3.3464554597987783e-20	3.26084095888513e-17	2.9556691803154115e-25	4.48563806637152e-18	7.252058846549441e-06	4.705794498836568e-12	0.0100944331979111	1.5387538654782565e-21	1.1788830159409716e-21	1.1456716808146778e-21	5.120361475717313e-26	3.3892626259912877e-25	7.7535800382773e-05	0.0035022726241335	3.164202730870615e-05	1.2682628832443988e-22	2.1946885668800047e-08	2.3245552621011297e-13	1.2752155558434956e-06	7.334402052262212e-10	8.56879172044752e-06	8.129096387964016e-05	0.0005687003193091	2.309122109256129e-18	3.016193970497912e-06	3.2220548081717508e-27	2.8402574534737784e-32	4.3300016416476034e-11	1.395135285408281e-12	2.4058535264001093e-12	3.2743506220644576e-17	3.517016205722795e-20	3.546259506961663e-38	0.0	0.0
175.80701035136292	4.60589052241274	8298180.917051448	31496546.63043012	26.330800343334523	8.297198155341777e-05	2.5449787553789264e-10	0.0614164897345368	0.0373789186275075	2.5665433521862994e-06	1.3994961567931911e-10	7.541514559992733e-22	6.312754047652547e-28	5.907430064952472e-20	1.0424104520273347e-14	7.37305494296974e-07	3.468601547485927e-36	1.1429181562108498e-15	1.6321013883186972e-22	6.357222455559127e-22	5.833971472469571e-14	3.2196208388099853e-21	7.568209895333873e-17	0.0001759056737837	2.9608571899932107e-05	5.810181500626344e-20	5.517881671461006e-10	1.777903583989684e-13	4.0329378468502905e-19	1.159650726238291e-13	9.502194737778768e-24	2.5718768882876216e-10	1.0250942281855209e-19	8.741579954090644e-27	2.538429301168881e-11	2.0649742148892502e-14	1.918164721185038e-18	5.513362562213163e-10	9.537665316175785e-09	8.686535321771758e-13	0.884380546705387	0.0008977677498383	2.758715189090253e-14	3.1986033051228704e-16	2.783361673343216e-20	3.5760422106665013e-19	5.77807868070403e-14	5.241293384278326e-18	9.43556460859267e-13	9.766391644641815e-21	4.0187580365082923e-13	3.650883067908559e-28	2.752320121916859e-25	2.621980280005097e-16	1.5556786534861444e-17	1.413818901529779e-21	2.226149200552471e-16	1.2664584117048092e-12	1.4669507030085168e-19	1.3185788933644435e-16	2.387892860968532e-20	2.338739966547571e-17	5.720732915055867e-26	3.2015105261806442e-18	6.563155154335031e-06	3.5089977230157997e-12	0.012865822710254	1.170030067350847e-21	6.99960463788875e-22	8.84967784423167e-22	3.597281702794598e-26	3.591915444059098e-25	9.854498592414824e-06	0.0021245180087387	2.0956793754859283e-05	2.879676557844378e-21	2.2399697497478962e-08	2.77658460532748e-13	9.106029720837158e-07	6.427741397947851e-10	7.68345918309809e-06	0.0001078423149601	0.0005691738279706	9.57470696774271e-20	4.099302186520212e-06	2.321317454588553e-27	2.0388345317311078e-32	4.3660508796602e-11	9.56869418791178e-13	1.7972265570918924e-12	2.16724259150808e-19	3.3588270488214775e-22	6.30543815459e-40	0.0	0.0
179.03811158873722	8.570283956681253	8171041.9700979795	24629499.653121952	26.360586472811978	0.0001517730882378	1.3343318537798826e-11	0.0591713994222528	0.0374255704426545	4.765160170928138e-07	3.763503757737651e-11	1.456524318037518e-22	6.0698293879607395e-30	1.042710256917844e-19	2.503724508072375e-16	7.380892568286193e-07	4.095339664227824e-37	8.158485406556492e-16	1.0755564508734837e-23	1.9364172665801445e-22	4.16424641615584e-14	6.986558498814616e-22	5.910149973714536e-17	0.0001761047724636	2.9645033777057992e-05	1.8084609842765834e-20	3.3836391794202126e-10	1.936406202935024e-13	1.5160047183718885e-19	1.173407693449428e-13	4.6161892685092364e-24	5.205907798904303e-11	7.451591443421298e-20	1.1472010630347947e-26	2.0776252067890701e-13	3.5183283363415003e-16	1.4336245553093647e-19	3.9372719187865005e-10	7.071733271600367e-09	9.231967580796153e-14	0.8853755530748949	0.0008987091005915	1.9624424477587216e-14	3.349917654751459e-17	5.827971570932716e-20	3.3392816648641774e-19	7.395970312473248e-14	6.755790391535834e-19	9.59186233146331e-13	7.436163009866964e-21	3.0158808838436294e-13	2.529303338685896e-28	2.9271223416981704e-25	2.9049026966695033e-16	1.2191900676228937e-17	9.125834650446348e-22	8.673001587725073e-17	7.90093920541021e-13	8.949704043494458e-21	9.410275490491956e-17	1.704493308190289e-20	1.6821936731544138e-17	1.2415587601789191e-26	2.285699390285114e-18	3.8750525482722565e-06	2.8364160719114367e-12	0.015147619511792	8.689971375095276e-22	4.288102407256507e-22	6.688312701853695e-22	2.3917964205687926e-26	3.77202162910017e-25	2.6608332050077115e-06	0.001096069643825	1.3579598865637022e-05	3.969673753428493e-20	2.290083471902695e-08	3.176582139337196e-13	6.49787902392413e-07	3.5476681761333966e-10	6.8869927967732615e-06	9.0284065242634e-05	0.0005568054092774	8.505978043673651e-20	3.3414381778467303e-06	1.664475758392744e-27	1.4669554048089875e-32	4.408029815456009e-11	6.376748928252696e-13	1.323986460988357e-12	8.253665238111846e-22	6.409814803151282e-23	1.2702212750533784e-42	0.0	0.0
182.3656189959944	15.9469198715718	8041689.862173997	19253356.517231934	26.380431504537917	0.0002774634115222	1.1545003834825342e-13	0.0573982051200591	0.0374568993716142	9.320976780375785e-08	9.977029821301756e-12	3.225817182887867e-23	1.4122863069798306e-30	1.881563578324789e-19	1.5178003360227093e-17	7.386098285872703e-07	7.990613849386342e-39	5.823577266859751e-16	3.3354353143718024e-25	1.4386809083403053e-22	2.972689555392979e-14	1.6614874230134671e-22	4.507000206474535e-17	0.0001762373657511	2.966946861399064e-05	2.656274666778288e-21	2.0154902003106887e-10	1.570275711182736e-13	4.2234595251578134e-20	1.190530945018809e-13	4.032572924275516e-24	4.978107336850091e-12	5.457040907626498e-20	1.421371633169675e-26	1.3792621151964976e-15	1.0352295637518e-17	5.601188494486777e-21	2.8127496196643566e-10	5.1641115017036305e-09	5.495544330591597e-15	0.8860389399045802	0.0008993336926752	1.3984993002912141e-14	1.3885572013972234e-18	9.753817961916322e-20	3.217533662337705e-19	8.750592928190529e-14	2.8546557926340483e-19	9.753393557443142e-13	5.3893266995405645e-21	2.303414886940556e-13	1.7777325136500835e-28	3.014456635378821e-25	3.141291327538152e-16	9.816544661479352e-18	5.79463592859148e-22	2.628379394359932e-17	4.685914451879415e-13	2.9869049551359173e-22	6.717320923479393e-17	1.2167061107946351e-20	1.2141018371354545e-17	1.727782674776363e-27	1.6318418385005898e-18	1.953230310610305e-06	2.295843877296612e-12	0.0169434027035176	6.360160456908845e-22	2.7073896078145072e-22	4.972261251243833e-22	1.5353806131890827e-26	3.930947883771479e-25	9.460494299023488e-07	0.0004725495418093	8.56463281519925e-06	3.2940955607302864e-19	2.34591295395806e-08	3.4959004656743164e-13	4.638494754057669e-07	1.3892125751510035e-10	6.191533858089252e-06	5.183751065598593e-05	0.0005120762660805	1.186530537495546e-19	1.8686283783981536e-06	1.1905992359902308e-27	1.0587955646076516e-32	4.459109506329544e-11	4.274090323497204e-13	9.682554893185212e-13	1.6456593391328255e-25	1.7354148234230237e-23	7.25149074750552e-46	0.0	0.0
185.8074296596374	29.672792018994954	7910008.396595596	15046007.01904023	26.39197635028533	0.0005069407816556	1.424860723522754e-15	0.0560315612300994	0.0374755766877176	1.6526181642805214e-08	2.685292616236544e-12	5.921455835268028e-24	2.502281830324453e-31	1.6551021322125212e-19	4.69762962255396e-18	7.389087904851426e-07	4.0328979208051557e-41	4.156467405455936e-16	2.2979283137772427e-27	1.452659752972791e-22	2.1218520310071856e-14	3.684481671887478e-23	3.3641438999662104e-17	0.0001763143510937	2.968402393616272e-05	1.1888573737949269e-21	1.1599982098044559e-10	1.0475975947111297e-13	1.619023232666607e-20	1.212514230806781e-13	9.493808342859996e-24	4.500821772349447e-13	4.036397663580287e-20	1.910748681401784e-26	7.880124388483353e-18	6.787592422103575e-18	3.1635208310703192e-22	2.0098513015334012e-10	3.734048128745426e-09	1.5544956707387067e-16	0.8864251268051547	0.0008996910834087	9.974229924132124e-15	4.4966826335822775e-20	1.405511390658471e-19	3.1698717133771134e-19	9.512162121865825e-14	2.2314314033079176e-19	9.933759264937557e-13	4.001171804974021e-21	1.7990537939656077e-13	1.2601008050124109e-28	2.839286895680918e-25	3.348962913824749e-16	8.15124244970301e-18	3.621347149217692e-22	6.935895227280173e-18	2.5902903987023016e-13	9.494895676936222e-24	4.79631787553964e-17	8.683801695655852e-21	8.802827510901217e-18	4.081965985684714e-28	1.1648224111107225e-18	8.81445149277701e-07	1.787094817694145e-12	0.0183190993002965	4.604534399999298e-22	1.77296698606978e-22	3.643543871120934e-22	9.437271188434516e-27	4.0837053341154368e-25	3.895190294047574e-07	0.0001747550954025	5.239221173548818e-06	4.974587299808708e-19	2.4083958511306e-08	3.758297391154677e-13	3.311560668136916e-07	4.035072489879175e-11	5.567199203396073e-06	2.180450842572257e-05	0.0004324104149531	9.929627943622208e-20	7.842952605093168e-07	8.50377746893367e-28	7.673154980415473e-33	4.523657277167726e-11	2.8745039924321585e-13	7.045919312013474e-13	6.697093715528563e-32	4.088339588210338e-24	1.3102059762268783e-47	0.0	0.0
189.4255083975411	55.212830646508245	7775851.542995048	11754534.310714602	26.398347013252756	0.00092548261465	3.58733032366604e-16	0.0550020393625241	0.0374862832093558	2.427633354625647e-09	5.909778144800821e-13	8.796354139231782e-25	2.2617494880696086e-32	8.275496165102545e-20	1.6516732633277077e-18	7.390704031353665e-07	1.9717761747247788e-43	2.965407625928925e-16	6.500026708748278e-31	1.3779443667819638e-22	1.51394079943896e-14	6.896280606132102e-24	2.4659704739355328e-17	0.0001763565728072	2.96923858003222e-05	1.1105122635523645e-21	6.411554208768792e-11	6.082682590823241e-14	8.344676190339674e-21	1.241450150444546e-13	1.955777091514825e-23	4.5607931900164535e-14	3.025921817002385e-20	2.2789715775234312e-26	5.016854454147324e-20	8.875731868214693e-18	1.969821733911092e-22	1.4362362339371302e-10	2.680173728552704e-09	1.6831349548748264e-18	0.8866385019043858	0.0008998831196111	7.113960010635236e-15	2.6635044237728924e-21	1.8132894897493285e-19	3.1748421006049466e-19	9.585584607278533e-14	1.8120934201004992e-19	1.014805793694058e-12	2.478007894257232e-21	1.4446578019540616e-13	8.968911667320395e-29	2.368902015268987e-25	3.5469774815124307e-16	7.001636713342652e-18	2.2363032026885878e-22	1.5847424429410253e-18	1.296488233804334e-13	3.304907216620444e-25	3.4240708185340055e-17	6.1951635572322736e-21	6.423127490994338e-18	1.8921430966048958e-28	8.311035633120036e-19	3.547760228196839e-07	1.3413365718418538e-12	0.0193499972817411	3.3050189838217596e-22	1.2053977687916808e-22	2.638989223235649e-22	5.4147946704772376e-27	4.2469608588381e-25	1.6202095951334204e-07	5.848817095057738e-05	3.097096334259776e-06	3.5035461482890183e-19	2.479699892095709e-08	3.994025480152718e-13	2.363597722292728e-07	9.358685012152547e-12	5.003819467621663e-06	7.487633134893383e-06	0.0003413703661374	5.235855339810713e-20	2.766779366061344e-07	6.0671069603404305e-28	5.589248257275105e-33	4.607713774269533e-11	1.933380955505593e-13	5.104410515825543e-13	3.082707925455626e-40	7.272298219473833e-25	9.743188052834152e-48	0.0	0.0
193.1529965904112	102.73575422388762	7639132.402692682	9180452.379620736	26.402034369720628	0.0016890695602257	5.1430099517480007e-17	0.0542418796511568	0.0374927254745074	2.3887661684900083e-10	6.998291226000449e-14	8.749153567484843e-26	3.935716110225656e-34	2.6066579200311462e-20	5.531201347263959e-19	7.391620474438611e-07	9.502790868104176e-46	2.1140762918695038e-16	1.657738806039293e-35	1.1248976482130674e-22	1.0794144372396972e-14	8.728147775453926e-25	1.785157683647243e-17	0.000176380603835	2.969748135426565e-05	9.584068463519859e-22	3.380336117939494e-11	3.1813829445833927e-14	4.8853155261987025e-21	1.2801419854555365e-13	3.120064451525397e-23	1.2522484166935011e-14	2.309718399037129e-20	2.0098507923410728e-26	3.576274597266638e-21	1.478328419870739e-17	1.169475709456384e-22	1.0263020121912996e-10	1.9142944952242332e-09	2.3008901677463506e-21	0.8867622611625632	0.0008999913141115	5.070897067094369e-15	1.5582095352856596e-22	2.1609312478100336e-19	3.224599204762189e-19	9.07769085018852e-14	1.305763957988807e-19	1.0414616778335137e-12	8.593683502305194e-22	1.1995284408941e-13	6.39258893233341e-29	1.761850703410775e-25	3.755682663572458e-16	6.234301816441381e-18	1.382499283482009e-22	3.081758145576796e-19	5.622578431163055e-14	3.0635742660638403e-26	2.4429167435354432e-17	4.416453280661045e-21	4.7297474560176375e-18	1.2541953519440454e-28	5.925600009756341e-19	1.1661846229413329e-07	9.81446278247106e-13	0.0201088204274663	2.356128132484681e-22	8.439068890245358e-23	1.8967851806395176e-22	2.772248307952847e-27	4.438182456479619e-25	5.506959761493004e-08	1.846169763181564e-05	1.7639282859357471e-06	2.945010460549133e-19	2.5640498732538865e-08	4.230719933550724e-13	1.685864792614494e-07	1.842151753753824e-12	4.501709258159844e-06	2.288445229617092e-06	0.0002600319692471	1.730310631100317e-20	8.8716159196037e-08	4.324016820374274e-28	4.0964217187560065e-33	4.7191868029985976e-11	1.29948530383482e-13	3.677763325483449e-13	5.911237794338075e-49	7.925791945598046e-26	5.2184393134267855e-48	0.0	0.0
197.0623433260826	191.1627256266844	7499719.205366113	7168067.354491535	26.40434733022376	0.0030808105164783	2.873757447081732e-18	0.0536888280085894	0.0374968848233178	1.1391737239408229e-11	2.5075866133589378e-15	3.7240198660452766e-27	8.501662452249648e-37	3.734505165185649e-21	1.9847087102756032e-19	7.392187264187167e-07	3.5497026205785105e-48	1.5051143757365428e-16	1.58663904893517e-40	8.115903116225152e-23	7.685893636587873e-15	5.359270956217013e-26	1.2863759178155754e-17	0.000176395098946	2.970088286070852e-05	6.811860624563925e-22	1.6869599363081366e-11	1.542442574933852e-14	2.8570088441096577e-21	1.3324356305328834e-13	4.121823810838354e-23	4.9717377276425766e-14	1.8056462091787638e-20	1.4848642010183752e-26	9.81930159048636e-22	3.768527021233637e-17	5.621537959127774e-23	7.332096400425198e-11	1.363641449619721e-09	3.8839644294305454e-24	0.8868400769175665	0.000900057908617	3.609705370893158e-15	4.568508490731161e-24	2.4428376291099924e-19	3.3207096896267723e-19	8.195165935676573e-14	8.510133848824434e-20	1.0760028059871384e-12	9.269761916775476e-23	1.0354440772574948e-13	4.5542753539409726e-29	1.2234618114371745e-25	3.9981479881761214e-16	5.759837669593988e-18	8.832185037439521e-23	4.992199548625372e-20	1.968874240256428e-14	4.563186970634335e-26	1.7407633849379686e-17	3.1442008532762048e-21	3.529271512994308e-18	8.94772564231325e-29	4.219273312377695e-19	2.7392518168851883e-08	7.094278504743009e-13	0.0206600719795021	1.6710223338677338e-22	5.987478668569551e-23	1.3588973491178322e-22	1.1667430717083464e-27	4.677963750740616e-25	1.2496670742366969e-08	5.658474813130094e-06	9.663019167707078e-07	2.9230190388061333e-19	2.668391000560649e-08	4.495839478262162e-13	1.200906656064556e-07	4.273060613623698e-13	4.064233584042083e-06	6.577131127988786e-07	0.0001956827815465	2.5532413191884533e-21	2.747579501020005e-08	3.077074867332383e-28	3.022740163351395e-33	4.8686567201667154e-11	8.760160767422498e-14	2.627319776082361e-13	4.7162358006189456e-58	3.483802629091205e-27	1.678605669302384e-48	0.0	0.0
201.076396352285	355.7007776415015	7357537.890939958	5595308.240877935	26.40589330651736	0.0056184247088432	2.575330882705781e-19	0.0532897315212265	0.0374997136533644	4.346753663724023e-13	1.198587224768286e-16	2.6022089478205884e-29	2.253310898173541e-40	8.926946746926473e-23	8.074695672803977e-20	7.392563261434631e-07	6.65280822292381e-51	1.0692052298701636e-16	5.74057658612341e-46	5.544090537430262e-23	5.460856635796814e-15	2.608374103901037e-27	9.285738698810576e-18	0.0001764039963813	2.9703359797295625e-05	4.505360581629484e-22	7.900203283060694e-12	7.118518104764441e-15	1.586721757733821e-21	1.4037501283234306e-13	4.8692454162788976e-23	2.3092773708003e-13	1.4560913497519483e-20	1.0894919286120196e-26	2.163378914246056e-22	1.177524066934459e-16	1.937810798123588e-23	5.23619879859545e-11	9.691444786049755e-10	4.380925730404491e-25	0.8868921986474556	0.0009001019780101	2.563785315944497e-15	1.0941692492315913e-25	2.6787171529097308e-19	3.4724443826427043e-19	7.140852128764961e-14	5.307992688517577e-20	1.1227869652637338e-12	1.2162733345999537e-23	9.33439007486301e-14	3.2393908157653325e-29	8.306959528431711e-26	4.302686564138712e-16	5.522706682693567e-18	6.204951387392015e-23	6.6671709346754916e-21	4.966756327529895e-15	9.148688235069516e-26	1.2379329159318528e-17	2.2335252134092715e-21	2.685223207716411e-18	6.417142309053287e-29	2.997816555800544e-19	6.662428967441625e-09	5.125977238831999e-13	0.021057613364386	1.1795264659494431e-22	4.252605254966333e-23	9.730073949800264e-23	3.4839007583539223e-28	4.993435029610223e-25	2.128255842268001e-09	1.7244364930299804e-06	5.091041440995871e-07	3.1381655957903635e-19	2.80291368935771e-08	4.820351449269344e-13	8.536501043861737e-08	2.736744538205499e-13	3.6939864016923688e-06	1.8640858305896666e-07	0.0001475481982055	9.872084760131349e-23	8.820651839490315e-09	2.1846317719971034e-28	2.2454869362492926e-33	5.0706779846640567e-11	5.986680571242238e-14	1.849999642288256e-13	2.603741403142982e-66	2.452616818023701e-29	1.049904250505852e-48	0.0	0.0
205.282841180472	661.8604270261962	7212454.047002944	4366508.061221279	26.40696646336021	0.0102405258703085	1.2071215071177072e-19	0.0530025330986296	0.0375016957039468	6.26443287793545e-14	8.443643262272207e-17	5.163473480614397e-33	3.765062680827249e-44	5.150403518006666e-25	3.979285377973226e-20	7.39282316615257e-07	5.1982293318388204e-54	7.569348971357898e-17	6.287040897489516e-50	3.649286858939325e-23	3.866812433131712e-15	4.693215957958261e-28	6.7370312724035875e-18	0.000176409090948	2.970532609288545e-05	2.9177692151740283e-22	3.4381075577810178e-12	3.082108548089367e-15	8.200043776899313e-22	1.501968598621078e-13	5.413246959395672e-23	6.616714344009476e-13	1.2212469472022752e-20	8.016600863029573e-27	1.1445758579103677e-22	2.8826317851045163e-16	4.06580014118295e-24	3.737879580669405e-11	6.864380262304211e-10	2.408450599657078e-25	0.8869284377995096	0.0009001324291555	1.8145653015251224e-15	1.2387771301932816e-26	2.8962988550097325e-19	3.6970110073349453e-19	6.062962406225152e-14	3.2134204022879853e-20	1.188955990467091e-12	2.2079254071364934e-23	8.81169120417659e-14	2.29808352547521e-29	5.584790241416348e-26	4.707188409827911e-16	5.4952995694737456e-18	5.210750757465489e-23	7.860199808371303e-22	7.613818421696578e-16	1.115896065827639e-25	8.77580932289003e-18	1.5811701506570509e-21	2.1022067971105826e-18	4.6090748164685453e-29	2.122757284632941e-19	2.859981925808766e-09	3.7187087470483623e-13	0.0213436343656866	8.271578522069088e-23	3.012091579290308e-23	6.966608021820579e-23	5.801937321901731e-29	5.423815225821188e-25	3.3307877822895884e-10	5.299446694628754e-07	2.583363846891869e-07	3.472296068189035e-19	2.982073336545649e-08	5.243760207617352e-13	6.048132860648133e-08	3.5806966322644044e-13	3.3902033010183143e-06	5.348225430554825e-08	0.0001123834973226	2.34806139936224e-24	3.160299211602885e-09	1.545492608443406e-28	1.6767201395266117e-33	5.3458778337569314e-11	4.229442247031559e-14	1.2708998930106165e-13	1.754322846533561e-65	4.8807769262894836e-33	2.704407082051672e-48	0.0	0.0
209.6819308974728	1231.538563867866	7064334.158924295	3406724.191979465	26.40772536542985	0.0186555468081683	4.202400672714601e-20	0.0527960360777058	0.0375031044253055	1.2817564747414075e-14	2.8771979726623136e-17	7.483074383996988e-39	1.6285117666767436e-45	1.3193966364734227e-27	2.4144157832561126e-20	7.393006042038723e-07	1.6304620182032546e-57	5.33074357448684e-17	3.1637044136112866e-50	2.268740709026978e-23	2.7239527885308305e-15	1.1548726849174979e-28	4.932817401552042e-18	0.0001764111880266	2.9707051741176663e-05	1.8538065345855121e-22	1.3751467030836544e-12	1.2267392323611658e-15	3.861147546833707e-22	1.638859173287908e-13	5.805337125978621e-23	1.301710957503691e-12	1.0746262852004691e-20	5.8180181984821765e-27	5.380624867939103e-23	4.485122138408579e-16	4.550752020864656e-25	2.6683151880850984e-11	4.836891198461615e-10	1.0089290693350252e-25	0.8869540945118912	0.0009001538886156	1.2775084758771536e-15	3.5426131548805984e-27	3.1221054504917733e-19	4.022204222760692e-19	5.068776049346781e-14	1.883059165108973e-20	1.2849472625187472e-12	2.0078413361144603e-23	8.701058586970043e-14	1.6240366527278608e-29	3.720339185182052e-26	5.266401601325637e-16	5.676219331802956e-18	5.495150378218482e-23	1.2079667588349085e-22	6.222383584874706e-17	8.650663492056189e-26	6.191240607083597e-18	1.1135347000683889e-21	1.7152831913064789e-18	3.3154479162154217e-29	1.4953943733731914e-19	1.3165218503979755e-09	2.7171354005334906e-13	0.0215492812790701	5.742921411017556e-23	2.123517403630257e-23	4.987693913593498e-23	4.0813369267100464e-30	6.0281799916778875e-25	5.090088294207896e-11	1.647485125065707e-07	1.2657235162038864e-07	3.829684829916699e-19	3.2266602327863014e-08	5.821448012251007e-13	4.2636092533935214e-08	5.110044912633921e-13	3.1482360425799726e-06	1.5653263948537355e-08	8.693886867813733e-05	4.932346949360888e-26	1.3546967431736582e-09	1.0874920965582787e-28	1.2531811584109469e-33	5.724122739153636e-11	3.173219239543448e-14	8.365487372788333e-14	6.120413403766303e-65	3.3682875423873783e-38	3.296737603978553e-48	0.0	0.0
214.27391144156763	2291.55146970843	6913045.332314515	2657272.441904215	26.40826628122897	0.0339695809185222	1.0687325865711947e-20	0.0526476687101159	0.0375041114821139	2.860321565192712e-15	6.3314402846629904e-18	1.481454909703381e-41	7.358073082958165e-47	1.4545906158467525e-29	1.6290697283657726e-20	7.393134997760287e-07	2.0379353052247363e-61	3.725768722794395e-17	1.1683204566788858e-50	1.2804906282109689e-23	1.9044633548228108e-15	2.929853822360109e-29	3.67322415846051e-18	0.0001764105410011	2.9708761414233527e-05	1.156700488858564e-22	4.995593265484798e-13	4.4375014796377447e-16	1.6141315025584141e-22	1.8324319834736186e-13	6.069011736213686e-23	2.0050902091371647e-12	1.000302427973231e-20	4.137343400539688e-27	1.933702213350635e-23	4.926200253484149e-16	5.760710896144461e-26	1.9082740886626948e-11	3.382552684415422e-10	3.156572031263181e-26	0.8869723964442576	0.0009001690858383	8.925100636403136e-16	1.5281157958128909e-27	3.3822672896987263e-19	4.492177292298459e-19	4.2343367706051436e-14	1.0647986914672368e-20	1.424946241022e-12	1.1995872479597433e-23	8.942268478799286e-14	1.1418240900202673e-29	2.4567480420284038e-26	6.064518126985808e-16	6.093091744228524e-18	7.101691329421141e-23	3.556071688707929e-23	5.752968833290409e-18	4.789400172675621e-26	4.336941778068085e-18	7.7828490021449e-22	1.4833212024453573e-18	2.394654556094829e-29	1.0455604452694561e-19	6.100832854205093e-10	2.010384243205064e-13	0.0216970451018795	3.927047412390333e-23	1.486701565638951e-23	3.571756531976571e-23	1.002976051928162e-31	6.897169476335349e-25	7.855854740391897e-12	5.198091401504104e-08	6.007968054175561e-08	3.974496175005988e-19	3.5674999857127763e-08	6.636550544037365e-13	2.9835495563319405e-08	7.255559305542076e-13	2.960544019367188e-06	4.7061422709741446e-09	6.860598803809758e-05	1.6114455510323578e-27	7.068989190328011e-10	7.592936704010031e-29	9.299305525237609e-34	6.249476757750089e-11	2.585771832781036e-14	5.1037429517750704e-14	1.3784976181029731e-64	9.963075123522915e-40	2.0729033139705103e-48	0.0	0.0
218.9839759933156	4263.941294562886	6758508.092449438	2072217.530216677	26.40865275351392	0.0618493451664735	2.3640773351949977e-21	0.0525412221235734	0.0375048322724346	6.609096471442663e-16	1.148990129136147e-18	4.7515328362235695e-43	1.1968435285118016e-47	1.9326811291318103e-30	1.0502723793771901e-20	7.393224850228128e-07	1.0130676879793813e-65	2.576406195100241e-17	3.6647236937374273e-51	6.1044102969118454e-24	1.3175143230855937e-15	7.136094615500651e-30	2.8219400517881677e-18	0.0001764069623192	2.971069310931397e-05	7.145121115707251e-23	1.6292077004877645e-13	1.451615149152801e-16	5.811463109481462e-23	2.110964085283361e-13	6.155628633935717e-23	2.651064712945545e-12	9.914943828683475e-21	2.884410903763708e-27	6.237769188791351e-24	4.68683555959354e-16	2.9190832256550645e-26	1.3743253375778395e-11	2.340492746324724e-10	8.792114031438655e-27	0.886985480234373	0.0009001797784829	6.168554872744349e-16	7.104480728598214e-28	3.7048158575437747e-19	5.177736085927317e-19	3.607844676869931e-14	5.8062102269212735e-21	1.6296729343295116e-12	5.965277225912962e-24	9.523856342872528e-14	7.979803331869869e-30	1.610531378189444e-26	7.237588224183939e-16	6.81126432639277e-18	1.0652202144496914e-22	1.3279568015643226e-23	2.1419893645261827e-18	2.064069217073454e-26	3.00782201245708e-18	5.382144168585329e-22	1.3854808415215409e-18	1.749248005278619e-29	7.23377733945589e-20	2.8552750025404663e-10	1.5212111005283856e-13	0.0218030664281543	2.6233035267073577e-23	1.030643097325108e-23	2.561114193163781e-23	7.943195106141129e-34	8.176136671657426e-25	1.2461552395875438e-12	1.6693432053997607e-08	2.7739532726561256e-08	3.588232436490885e-19	4.051745364397525e-08	7.820441330267215e-13	2.06629722968672e-08	1.0309606552352625e-12	2.8182113702577084e-06	1.4644671543035787e-09	5.543585890234008e-05	5.730795669737658e-28	4.256850582781219e-10	5.243901420484705e-29	6.766185177694442e-34	6.988133911541855e-11	2.269807467101345e-14	2.7088013176789032e-14	2.455443407851461e-64	1.8312332330980915e-40	9.681017617005626e-49	0.0	0.0
223.8616057224997	7934.011347251972	6600608.549161992	1615616.6641166925	26.40892870386109	0.1125781134612318	5.11900538226444e-22	0.0524650354603354	0.0375053473123601	1.5718563286334166e-16	1.9561386473693976e-19	1.7790751018534054e-44	2.677255098593868e-48	2.5953387675244844e-31	5.471199991102757e-21	7.393285261102391e-07	2.0003160154171147e-70	1.7554402041359024e-17	1.1019455775084184e-51	2.1537686670518862e-24	8.981914605552207e-16	1.6372196819310685e-30	2.291542032581074e-18	0.0001763997533551	2.971315852325808e-05	4.4648682094589625e-23	4.7208444365665685e-14	4.373293569596669e-17	1.743895490509776e-23	2.52047989322326e-13	5.789775571973312e-23	3.184482508280481e-12	1.050702526329261e-20	1.97101917353089e-27	2.0559758158071723e-24	4.3868267877274076e-16	1.9881874609277582e-26	1.009104890594541e-11	1.5957615038341716e-10	2.58472378046202e-27	0.886994826165509	0.0009001871326837	4.2002000947182835e-16	3.403755569473034e-28	4.121754871804312e-19	6.195735756386998e-19	3.216366604869117e-14	3.0705431238766352e-21	1.932534252739395e-12	2.7815884108622003e-24	1.0500657428941525e-13	5.5456727113411444e-30	1.0515838853942962e-26	9.016943110543722e-16	7.953251968367509e-18	1.7904675958277323e-22	4.831050112064415e-24	1.0752647598092612e-18	7.462710615321202e-27	2.057346232506542e-18	3.6673348752039483e-22	1.4214314010358038e-18	1.3114778707522257e-29	4.9319645656875654e-20	1.3683884056691342e-10	1.197198171437745e-13	0.0218789555644527	1.6887856284072888e-23	7.046554601929817e-24	1.8425585669964786e-23	1.9692505401637552e-36	1.011180201388262e-24	2.0838004300112817e-13	5.506170226295264e-09	1.2512266242542318e-08	2.6764858518655683e-19	4.754284128798446e-08	9.59160928943201e-13	1.4106342905614261e-08	1.4723755096479968e-12	2.712223336121748e-06	4.790952605309235e-10	4.600308327838189e-05	3.610577868354213e-28	2.7564678970357827e-10	3.567003908540377e-29	4.755728251198867e-34	8.042401617393601e-11	2.019151957634971e-14	1.1076222302642662e-14	4.020627949081657e-64	3.3080888975948714e-41	4.324621151422842e-49	0.0	0.0
229.0151270657526	14762.993134682962	6439156.973555912	1259355.742195539	26.40912524889921	0.2047643015297912	1.2146721171947304e-22	0.0524106872441659	0.0375057138622268	3.961289437573831e-17	3.51569992715153e-20	8.361576103558527e-46	6.8239788477722136e-49	3.617165228496745e-32	1.8791696057295392e-21	7.393322049082911e-07	2.075150359503041e-75	1.1715565230792916e-17	3.5838655263085535e-52	4.488933347048868e-25	5.998863098239147e-16	3.63028527105606e-31	2.0371277809847712e-18	0.0001763874522154	2.971663841734397e-05	2.950034978617895e-23	1.2053030398557842e-14	1.3428906699896962e-17	4.2382191121936576e-24	3.139077255381828e-13	4.302636316038466e-23	3.596838333845188e-12	1.1921134261504187e-20	1.3154865351450256e-27	7.542453875588135e-25	4.245243690540336e-16	1.3850146615378634e-26	7.755808135125362e-12	1.0657662004468976e-10	1.0422035882618976e-27	0.8870014847857378	0.0009001918902134	2.800879230474501e-16	1.6763130300299304e-28	4.670014459059691e-19	7.746477841792614e-19	3.07853532261296e-14	1.6066042782701453e-21	2.3901437212740282e-12	1.3504376136001795e-24	1.1997353735466657e-13	3.848800483759491e-30	6.886558421565803e-27	1.1817111287761129e-15	9.738535735846114e-18	3.3294612369582653e-22	1.769132362159135e-24	5.505850367220784e-19	2.59229958197624e-27	1.3802358922136471e-18	2.447632737844461e-22	1.6175260916628214e-18	1.0367721743344944e-29	3.294278149720995e-20	6.975431112375539e-11	1.0053071762022625e-13	0.0219330980922333	1.0225326901141328e-23	4.724154022445816e-24	1.3332292897040224e-23	1.5061599504770653e-39	1.3144965007775926e-24	3.94902778970675e-14	1.910340933882345e-09	5.534967665003343e-09	1.6729337035932244e-19	5.798914927718985e-08	1.2332897194969945e-12	9.43857807521252e-09	2.098809768274289e-12	2.6343422267075643e-06	1.7196350619738738e-10	3.927084285620536e-05	1.9425775725013422e-28	1.8270005490376132e-10	2.3752674612459747e-29	3.1940616288817823e-34	9.575797789909739e-11	1.6450450936235407e-14	2.868056704790145e-15	7.111917048434671e-64	6.425891650009448e-42	2.207132437684664e-49	0.0	0.0
234.3644165129448	27469.8329452458	6274020.686228982	981451.6155735132	26.409264483292063	0.3723150831109826	3.593357154848474e-23	0.0523721410334014	0.0375059724707139	1.1262269450675813e-17	7.9209729615742e-21	5.636136687571937e-47	2.1563690423980903e-49	6.143951036946496e-33	4.0980006804051963e-22	7.393337346352938e-07	1.1252192759372966e-75	7.597951891696092e-18	1.4041172373858474e-52	4.4137042648076615e-26	3.8943256699590287e-16	8.305594171384807e-32	2.0600513335889497e-18	0.0001763673079064	2.9721958187876444e-05	2.208467963953701e-23	2.698157694421957e-15	5.666272951132946e-18	8.396941180179263e-25	4.104003139758493e-13	1.78581838333566e-23	3.9005281976250816e-12	1.4473878892220228e-20	8.516995332213727e-28	3.3508020487812907e-25	4.3279190745218806e-16	9.871695283599904e-27	6.5541393239164695e-12	6.916408949319084e-11	7.478950655566043e-28	0.8870062030274007	0.0009001944093994	1.8146215134937002e-16	8.525429450110694e-29	5.387532324638511e-19	1.0184465488655194e-18	3.2226947292790274e-14	8.739251177776244e-22	3.1013854932816397e-12	7.953469528512317e-25	1.4223561386332388e-13	2.7089194771100597e-30	4.595716482574146e-27	1.641624932203968e-15	1.2560160219824265e-17	6.81274205739297e-22	7.362315485191026e-25	2.893594774506912e-19	1.1870227735482276e-27	9.0148676450464e-19	1.5873899502131712e-22	2.043385896277432e-18	9.021243791447517e-30	2.138721717893135e-20	4.0441383004315946e-11	9.298779917852853e-14	0.0219715057451948	5.5662503803192976e-24	3.0815842466092918e-24	9.702764230532733e-24	3.643334106658376e-43	1.809912729062617e-24	9.788151211682563e-15	7.248592915353053e-10	2.409430737010526e-09	9.134780777489706e-20	7.396451272795244e-08	1.6745600698691297e-12	6.141951657619464e-09	2.9458798385459415e-12	2.5776126358108514e-06	7.304795324696091e-11	3.4493420043965644e-05	9.037875768221215e-29	1.2053312938665902e-10	1.5358556648268608e-29	2.0485612497221822e-34	1.1855811566933323e-10	1.158670299189276e-14	4.51896686032511e-16	1.5462204892915816e-63	1.640642907500406e-42	1.469730020544415e-49	0.0	0.0
239.982476029458	51113.73521314833	6105016.116291804	764720.6545675492	26.40936228364037	0.6765594788748658	1.4003044212847056e-23	0.0523450340959081	0.0375061518325053	3.754856810667236e-18	2.476264899369413e-21	5.4173655922939826e-48	8.926523917371687e-50	1.3946137403556085e-33	8.626483858532185e-23	7.393328580943356e-07	2.640699834524046e-75	4.737633236429448e-18	6.982401586009705e-53	2.8097194347173385e-27	2.4314320944131555e-16	2.0589608590947128e-32	2.426074320772334e-18	0.0001763341981728	2.973065539729633e-05	1.9917142853036605e-23	5.293749616144294e-16	4.255288174991988e-18	1.7239700426111608e-25	5.667049905228259e-13	4.1603761440669286e-24	4.113266630469197e-12	1.877888339051384e-20	5.294841870872035e-28	1.9053249544555096e-25	4.731010451747128e-16	7.19940335541313e-27	6.516905252871014e-12	4.312728596297368e-11	9.285170273482151e-28	0.887009518203129	0.0009001945923836	1.1299955939871064e-16	4.4863742499015487e-29	6.29777941375296e-19	1.416123575171414e-18	3.7087198551282774e-14	5.403958649145132e-22	4.2458427034106094e-12	6.1141221618728e-25	1.7515115683586615e-13	2.0156362586968627e-30	3.235182582004359e-27	2.4356454779279173e-15	1.7141751828674123e-17	1.5213424504022458e-21	3.702564225606584e-25	1.5559283919195752e-19	9.358026253351931e-28	5.675022914418745e-19	9.897679435297744e-23	2.85061797857232e-18	9.082885799740084e-30	1.3353635182097947e-20	2.7925735115026535e-11	9.735137807898449e-14	0.021998525475299	2.4943584462675344e-24	1.9355326986675203e-24	7.019135935349686e-24	4.070141587514008e-45	2.6597198223315548e-24	3.46946613086528e-15	3.0762991510515775e-10	1.0353079862336851e-09	4.446083693520717e-20	9.918483916211877e-08	2.418127723026285e-12	3.846606395181344e-09	4.117031792081581e-12	2.536295548433939e-06	3.8058765620097795e-11	3.113058186385634e-05	3.6772384408157176e-29	7.780347240635557e-11	9.539277378133437e-30	1.2541552483332047e-34	1.5333288638224207e-10	7.615018924892712e-15	6.844119208759002e-17	4.6874475884802487e-63	5.9340592507931255e-43	1.385149756148761e-49	0.0	0.0
245.8817012267576	95108.47527349084	5931951.57484915	595735.0584366766	26.409430349740564	1.2286891507413045	6.66649178686906e-24	0.052326138708538	0.0375062720350918	1.3877471987449213e-18	9.87853497197369e-22	6.1081721821420156e-49	4.646328189652746e-50	3.832243789593236e-34	2.126245742896544e-23	7.393285017943704e-07	6.306920398096434e-75	2.799653856255538e-18	4.025143373547962e-53	3.403377095660266e-28	1.4392469391063924e-16	5.4197956358754464e-33	3.3143831183474106e-18	0.0001762784089377	2.974578734241116e-05	2.15224963275144e-23	9.483349193292938e-17	4.410126437226578e-18	8.898943968710615e-26	8.31079815842668e-13	1.0138803320761791e-24	4.250555471311896e-12	2.5996722027923726e-20	3.115800180538958e-28	1.3497631411799011e-25	5.71361565424287e-16	5.2993785714858246e-27	8.010109604376579e-12	2.542367264516819e-11	1.5683755276781846e-27	0.8870118268302127	0.000900191576705	6.665288966053717e-17	2.4836818046195126e-29	7.364753735320579e-19	2.0914586601157414e-18	4.6576330233412216e-14	4.155186410756077e-22	6.163154118847205e-12	5.435365243787002e-25	2.239673037453217e-13	1.7258646840830444e-30	2.5522417552998595e-27	3.887272400156672e-15	2.4865933734969882e-17	3.658945525905403e-21	2.0855306362583305e-25	8.448561817505471e-20	9.968863547568495e-28	3.3966591479904066e-19	5.848460062575414e-23	4.362992507397387e-18	1.0896147158796761e-29	7.90439949465944e-21	2.190935838096594e-11	1.1628260447709224e-13	0.0220173767217647	7.709461404116827e-25	1.1542010208397015e-24	4.845372842757776e-24	1.5126905160801973e-45	4.2024339365443336e-24	1.6038393129574417e-15	1.4202328971381618e-10	4.4019087935855855e-10	1.910659050731313e-20	1.404036466182735e-07	3.738478454285557e-12	2.285895288176802e-09	5.834741911305908e-12	2.505499681670236e-06	2.2753652852368566e-11	2.8781475788122108e-05	1.2846440806844602e-29	4.8479978737729137e-11	5.6089417792533184e-30	7.247322059644675e-35	2.0788660559644232e-10	5.204762332935984e-15	1.264724050323972e-17	1.816568218877964e-62	2.6384537566946843e-43	1.7635579802515978e-49	0.0	0.0
252.1352161574992	176970.4763529273	5754584.594610884	464005.0754030358	26.409477752462493	2.2295494248124994	3.5281074965972836e-24	0.0523129402362606	0.0375063462254774	5.15067450882075e-19	4.270182820416464e-22	6.29649059703956e-50	2.7553217255487235e-50	1.0621354237089864e-34	5.787089387913407e-24	7.393178345937465e-07	1.4375281826369614e-74	1.5377166404507946e-18	2.414668225036249e-53	5.442395285780215e-29	7.922100263291621e-17	1.7893934887801788e-33	5.137387739568609e-18	0.0001761809861373	2.977380721620687e-05	2.589808061369381e-23	3.3225134372315704e-17	4.6302611967098774e-18	1.129656258024866e-25	1.3002584712452465e-12	2.9078765116107656e-25	4.322313360584773e-12	3.834980569689499e-20	1.7019609725481053e-28	1.1204914372092869e-25	7.971633850109393e-16	3.794384811622615e-27	1.2074118003706823e-11	1.381706212967233e-11	2.9794079751584187e-27	0.8870134372447177	0.0009001828352734	3.650250760905849e-17	1.4808003580960356e-29	8.387625160130335e-19	3.285212201020853e-18	6.305177880488147e-14	3.9817293190346824e-22	9.523316712133983e-12	4.536809113248629e-25	2.96090247467812e-13	1.8849952006117425e-30	2.4052312237095994e-27	6.717784631159479e-15	3.848816484237756e-17	9.37079904837178e-21	1.1765388526478635e-25	4.454592311310625e-20	1.0606099328872759e-27	1.8974925970587562e-19	3.211877581150219e-23	7.294179962594194e-18	1.5398100501781328e-29	4.3505396384747504e-21	1.7911400315598688e-11	1.562546888264378e-13	0.0220305747024624	1.18736032782936e-25	6.4110930550116025e-25	2.962267858034077e-24	5.64159772486585e-46	7.188748808861467e-24	8.187175403511934e-16	6.90377129306953e-11	1.8550231761869862e-10	7.006765556617986e-21	2.101970060425153e-07	6.224919773931012e-12	1.2644173724949127e-09	8.313842134870627e-12	2.4805386439894813e-06	1.4399910398749524e-11	2.713197672873748e-05	3.675491648085849e-30	2.8839677119080496e-11	3.061394670727559e-30	3.8778695997450113e-35	2.9602933404871215e-10	4.117140227380488e-15	2.6103743975655002e-18	7.784006462277085e-62	1.191775270315558e-43	2.904909985777919e-49	0.0	0.0
258.6948806981689	329292.9406188384	5572707.307918289	361338.4978760177	26.409512274926357	4.043383611544787	1.976770438955973e-24	0.052303259464275	0.0375063800831967	1.7374325462000233e-19	1.7081035857416932e-22	4.582178782839937e-51	1.600327928675954e-50	2.463306190566856e-35	1.7551439130990183e-24	7.392937335645983e-07	2.5966420983818183e-74	7.650667051552441e-19	1.3872246879219442e-53	7.173244068881962e-30	3.952346279997465e-17	1.5481387737542725e-33	8.831454622348998e-18	0.0001760040583364	2.982911529483816e-05	3.1502782335790254e-23	9.754186043218004e-17	4.218375939259424e-18	1.6372631173132944e-25	2.176328871491769e-12	9.427402733525304e-26	4.330135339490557e-12	6.018046069984496e-20	8.409199977874445e-29	1.0187197731863104e-25	1.373345630897442e-15	2.432403208239359e-27	2.1321449449835083e-11	6.615867174009959e-12	5.5082818861159225e-27	0.8870146161245305	0.000900161625141	1.805596048804856e-17	9.869632563132893e-30	8.824780116985213e-19	5.4653262063574e-18	9.154077871460736e-14	4.347035567671236e-22	1.5699309178388113e-11	2.9121354531303105e-25	3.9826287284430533e-13	2.696367647811812e-30	2.7205025043926448e-27	1.2638192457593435e-14	6.372664243422304e-17	2.5469426229286487e-20	6.08222420501413e-26	2.1076093148656822e-20	9.659664086959123e-28	9.65441994023314e-20	1.5977214033736086e-23	1.3294958784496529e-17	2.4721112155884145e-29	2.1700626157190377e-21	1.394335128285431e-11	2.304253540029933e-13	0.0220403145547173	6.2949443372428784e-27	3.2340983403075598e-25	1.5244886158902194e-24	2.523563089402057e-46	1.3391149230129973e-23	3.928148427520338e-16	3.4349246896478263e-11	7.75052364521452e-11	2.033675751647056e-21	3.321014543489672e-07	1.1214732919886412e-11	6.34616527112275e-10	1.1324156617617149e-11	2.455823605137878e-06	9.015954317827257e-12	2.590645410569032e-05	7.909161637392288e-31	1.635760875331527e-11	1.5113272830728136e-30	1.8729975841475601e-35	4.4240023410755665e-10	4.1771065970134605e-15	5.993459450826548e-19	3.064884987872377e-61	4.499822711054092e-44	6.241769620574014e-49	0.0	0.0
265.602702856314	612722.7714816987	5386083.079324644	281339.20139107155	26.40954175793745	7.327947954837445	1.202444027870706e-24	0.0522948456940966	0.0375063662497038	4.726982261069879e-20	5.114296512491801e-23	1.6089492720847593e-52	7.199536077057852e-51	3.735481081375312e-36	5.350841650892233e-25	7.392376417607469e-07	2.688547701934941e-74	3.3376555480539287e-19	7.59118047837193e-54	6.564962775166796e-31	1.7304955708706666e-17	2.707321695994073e-33	1.6584574978732802e-17	0.0001756709333872	2.9945663365082387e-05	3.461265986761407e-23	5.389625612292187e-16	3.0316573730831466e-18	2.0158965524284272e-25	3.897991912977397e-12	3.073266604718952e-26	4.2613877123346464e-12	1.0014020696448126e-19	3.639281423468173e-29	9.447104736505108e-26	3.3118595864106425e-15	1.1866300242107444e-27	4.237961732530661e-11	2.50241618211337e-12	8.73352276440504e-27	0.8870156376497594	0.0009001093982768	7.752701175301214e-18	7.892069997360735e-30	7.764028269323727e-19	9.506456222317185e-18	1.46905957392989e-13	4.861476727308839e-22	2.7601073946021783e-11	1.1057002858074297e-25	5.190900165530988e-13	4.7051802176648295e-30	3.450063819108821e-27	2.597685459361477e-14	1.129177912963751e-16	7.350502293757653e-20	2.65482324202721e-26	7.603898814210666e-21	6.822118664114873e-28	4.3388235531711374e-20	6.968034642871125e-24	2.640102938248346e-17	4.358334854439081e-29	9.49589812108043e-22	9.232949933187323e-12	3.6404562069446114e-13	0.0220488985622808	9.305488211962431e-29	1.4347020872891201e-25	6.670114213726287e-25	1.4919521096023782e-46	2.7278541674056997e-23	1.437815460901604e-16	1.665394160531916e-11	3.2023346914247985e-11	4.1303742367964633e-22	5.489263664663229e-07	2.191872683095292e-11	2.7982888911901e-10	1.3234553969137812e-11	2.4227299384617262e-06	5.097986869621168e-12	2.481379583448515e-05	1.1220407857394775e-31	9.15958981546162e-12	6.530521180063196e-31	7.919100343252088e-36	6.904908296470586e-10	5.453614569156709e-15	1.3805326311165945e-19	9.025022502647551e-61	1.1105898881551485e-44	2.0381712965272794e-48	0.0	0.0
273.1330490103596	1140107.024422303	5194283.574112637	219014.69091897164	26.40957551519857	13.259366323559558	6.579105384675655e-25	0.0522848665260599	0.0375062641891625	8.700284018249689e-21	8.249797488913828e-24	1.4931403919043856e-54	1.4846548804332348e-51	2.5747841616425097e-37	1.3865744455657426e-25	7.390981652697585e-07	9.618808812506668e-75	1.2324292394881148e-19	3.24089001317919e-54	3.3634652555447517e-32	6.426383393033653e-18	4.33832461971101e-33	3.372424004559893e-17	0.0001750244671058	3.0207996880376344e-05	2.8360977762923056e-23	3.573693201289646e-15	2.0976911384050944e-18	1.5981828414660959e-25	7.449535013436228e-12	8.341696718852832e-27	4.07555991826524e-12	1.7566799752084312e-19	1.337543545594739e-29	6.971846156857412e-26	1.1374467416819696e-14	3.346046570149004e-28	9.286571682280027e-11	5.179289800889355e-13	1.0421893081630155e-26	0.8870168432486536	0.0008999716132736	2.70681210998038e-18	7.151168784974842e-30	4.794162816638051e-19	1.6920621041212176e-17	2.870072901323727e-13	5.4258583884401055e-22	5.156344683476694e-11	1.3819712873358234e-26	5.505768796115782e-13	9.270455757288968e-30	4.588426511171996e-27	5.843296768163734e-14	2.1362463140256803e-16	2.2577156783641027e-19	5.686459617145325e-27	1.5749340655948529e-21	4.507513967262499e-28	1.66899368099242e-20	2.571271784864209e-24	5.706672593963587e-17	8.247925388352271e-29	3.5182134489073343e-22	4.4609222064879055e-12	6.035380887084397e-13	0.0220593075419475	3.503537769879888e-31	5.402551086973972e-26	2.469154065605657e-25	8.660780573408177e-47	6.091523110304463e-23	2.9394132685467704e-17	7.162995008486283e-12	1.2976638582477343e-11	4.971375476982706e-23	9.333635383922276e-07	4.64969853213526e-11	1.0463982140332336e-10	1.1064530996126538e-11	2.3650980444284607e-06	2.2505554387297977e-12	2.3475390881177887e-05	8.649128533044439e-33	5.716924238896722e-12	2.3830826177186467e-31	2.864585767689568e-36	1.113522439940888e-09	8.322792792153698e-15	2.732652307647413e-20	1.5419420932991655e-60	1.2653830141991212e-45	8.752963472449565e-48	0.0	0.0
296.0295119563128	2121422.750445146	4986541.831147896	170469.06935167598	26.40962849391315	22.763785498832863	9.523930792652688e-26	0.0522682061457428	0.0375059121257867	1.0167889051440912e-21	2.0471732864935683e-25	1.1393655997887775e-55	2.977422166723123e-53	2.545404115295824e-39	4.824304114376783e-26	7.386970491955758e-07	4.479498521275446e-75	3.4854579196012994e-20	1.0263542248252175e-54	4.8901018218954395e-34	1.8503944171236386e-18	1.2083709294883064e-32	7.644663516728544e-17	0.0001736410684956	3.088029663645618e-05	6.962738727249374e-24	2.992056313153485e-14	5.066091104438746e-18	1.2513114279348588e-26	1.559670145964275e-11	1.120712153228083e-27	3.658521648706452e-12	3.313215665844397e-19	3.910982782294063e-30	1.5259240004988932e-26	2.964862424124151e-14	3.1057232821445056e-29	2.3108519646160307e-10	2.931901421841984e-14	3.877449777578749e-26	0.8870188365156522	0.0008995474046587	6.430065081678036e-19	2.2390395443404637e-30	1.4849397171761266e-19	3.103957387030092e-17	4.838018573905334e-13	1.2710301593713133e-21	1.0488134758631567e-10	8.498895679236215e-29	2.701550400159901e-13	2.0468351984627044e-29	6.534622733018587e-27	1.4957668395708677e-13	4.434231133302988e-16	7.795731771190876e-19	1.016871443154898e-28	6.34440163528133e-23	9.755970195586834e-28	5.064613067680155e-21	7.253637169416974e-25	1.391354776255856e-16	1.705532450653051e-28	9.972215328391616e-23	1.4033622587712648e-12	1.054876531508697e-12	0.022077174822797	3.173160397985466e-34	1.5600623305963512e-26	7.220392424975276e-26	8.617986856003244e-47	1.5519069027911443e-22	1.3830108296468467e-18	2.5171176452602243e-12	4.790650513016447e-12	2.546486886817124e-24	1.6450155825928012e-06	1.1092571715251688e-10	2.9985580043231185e-11	5.093635766766213e-12	2.2416450808326367e-06	6.149741793461993e-13	2.1173880538239493e-05	2.9285231667608042e-34	4.6744984222771e-12	6.622667107057817e-32	8.991158267818712e-37	1.8646903763654153e-09	1.3919030346433224e-14	3.464874512388219e-21	2.390900332142324e-59	4.916791883247048e-47	3.1536534012809317e-47	0.0	0.0
354.03967761423576	3947378.965046407	4738285.57485131	150053.98650341106	26.409717870877596	35.41690670772892	2.214847636314245e-26	0.0522360712593171	0.0375046984641296	1.1613646373493719e-21	9.16603289705865e-29	7.882822295027354e-54	6.446516954518853e-56	3.589031783409828e-43	9.991035493154704e-26	7.373712091779335e-07	1.0628370682055308e-76	6.245863950936212e-21	2.7758266466702496e-54	1.7317429628485434e-35	3.9370327048253143e-19	4.854503953147968e-32	1.937497121640525e-16	0.0001704031151176	3.280253954219102e-05	1.3514710854883398e-24	3.2291997538554577e-13	2.090008157449817e-18	1.8662562456556884e-27	3.5655562139042876e-11	1.9277914044376843e-28	2.782765255533868e-12	6.654602970250776e-19	1.0341502114393196e-30	7.665009315930611e-27	3.631153981769327e-14	1.3592987359891775e-31	6.582237097089634e-10	1.7127706532446578e-15	5.494099645576046e-25	0.8870226015679873	0.0008980238885514	1.0567590430335654e-19	2.3048139851574882e-30	1.928595506370992e-20	5.77760857743384e-17	2.487731734861681e-13	1.6392576066496375e-20	2.3090218851756662e-10	1.7974470103419062e-31	6.640060740874753e-14	4.9959977209452267e-29	9.495322622896047e-27	4.4083390739460086e-13	1.0092720390915373e-15	3.085174551871201e-18	5.8296228698090255e-30	5.858571891537757e-26	3.056913239075942e-28	1.156496938594042e-21	1.2686313750896404e-25	3.8575861461008216e-16	3.915194886369727e-28	1.753464531184316e-23	1.5505654983932552e-13	1.883591623151721e-12	0.0221131931392433	4.468676947000264e-36	2.7876409424785044e-27	1.9037531619126046e-26	3.2835268230754984e-45	4.571125564953852e-22	2.390039381331414e-21	2.5210521108431145e-11	1.275726555343409e-12	1.2596128093081783e-26	2.96198954025404e-06	3.00101546288552e-10	5.3271976343724115e-12	6.351782871977465e-13	1.9497646194642376e-06	6.4243610966361886e-12	1.6552505585728123e-05	1.015112920952011e-31	4.9003648945970674e-12	1.0769255335594059e-32	4.975539083444973e-37	3.1205359569019438e-09	2.4377234029662444e-14	1.601498874592911e-22	3.10672218991321e-57	1.0581271803691589e-49	7.453804809187985e-46	0.0	0.0
441.87512408528215	7344976.709814794	4428740.349038037	280419.8867595514	26.409766436611584	52.80139664321405	2.5365808789431752e-26	0.0522059790791596	0.0375023996634794	1.4421784307287026e-19	2.2663516076152987e-29	7.12460443397785e-53	7.168314393020328e-57	4.6099114590918855e-39	1.5591453698113565e-23	7.347886257581118e-07	3.333857819788328e-74	1.4533631403838297e-21	9.573896191530376e-52	6.646169807939142e-35	1.93461339474246e-19	4.25888152042194e-30	3.710872987418183e-16	0.0001661696218745	3.589598341051747e-05	2.887286506100228e-23	2.437063621523455e-12	2.5831166219691936e-19	2.5039386471883256e-25	6.168151980402578e-11	2.2702219816775502e-27	1.9135682224296054e-12	1.0267433791585809e-18	6.71535226801871e-31	7.986659012997188e-27	1.171189960745341e-15	1.4757688764823801e-32	1.4135312438671003e-09	1.0986020780285382e-15	2.212382766261013e-22	0.887025878798543	0.0008947323013511	8.666955619393883e-20	4.502595355951732e-27	1.6198471742598616e-21	8.06662211319772e-17	3.3107132728983423e-15	3.160511537821132e-19	3.847227498926496e-10	7.002659293374363e-29	1.5262509114046447e-14	9.123877575245084e-29	5.356931496551997e-26	9.787096905167237e-13	1.7534987173444913e-15	8.568997276366041e-18	8.05593003153555e-28	1.6605536495840763e-27	3.349349771437543e-29	4.744558831196513e-22	2.5135909028223527e-26	8.055266519332158e-16	2.29677054895978e-27	3.506864242440529e-24	4.768705619932299e-13	2.524939432563651e-12	0.0221507351889496	9.067018025090502e-36	5.4473323474313255e-28	1.399993349626049e-26	1.0981327113788208e-41	1.0197807283027553e-21	1.65246405234959e-21	1.4241480476368204e-08	3.912038940984728e-13	1.9318016495421178e-23	4.103749956419787e-06	6.143674341274684e-10	1.064207307949119e-12	1.640470896742657e-12	1.5858233246837153e-06	1.121897620728383e-09	1.17632468665795e-05	2.6581572940879526e-29	4.9227793478770985e-12	1.0203978557335918e-34	7.728069643868157e-37	3.900370449645054e-09	3.3572328695758064e-14	1.6878462686510725e-22	2.663156360302241e-52	1.8663763983451344e-44	3.00850489729779e-45	0.0	0.0
551.2038815558494	13666963.153381327	4043074.574377013	366974.20042171545	26.40967698826158	78.76129090437814	2.720069223115388e-21	0.0521759794374599	0.0374972996428158	5.874436845406914e-16	4.106463582824926e-26	3.5465202272244838e-47	5.469358311304063e-54	5.5801390621251794e-34	8.276954951476475e-20	7.286627398637325e-07	4.559997958456456e-64	5.711134396291067e-22	8.77447144030797e-46	1.7310789018367202e-32	2.3129513973517314e-19	1.4716287530216198e-26	6.939789629169947e-16	0.0001589725148028	4.196209351569176e-05	3.3283036579949185e-20	1.7876215299321098e-11	3.62052100405504e-17	6.1661896682941805e-22	1.0213636083924264e-10	1.6437814416171315e-24	8.461518147673707e-13	1.5019723431662394e-18	7.185120763871563e-31	5.497867858764667e-26	9.033141905115197e-18	1.668888926014028e-30	3.020602018816755e-09	3.6323626613944543e-16	2.3512088176155922e-18	0.8870271807913246	0.0008861144350598	1.2766109466583742e-19	1.8257738757000792e-22	1.4902793550773933e-21	1.0030544885560108e-16	1.2695699478235972e-17	1.1913897354046525e-17	6.075090776591689e-10	1.228117636881535e-28	2.8346230486885568e-15	1.5943379721839263e-28	2.423298709557967e-23	2.172311558054076e-12	2.9469872912809266e-15	2.2128807229405038e-17	2.1362953170935005e-25	2.236040120086172e-26	1.8278414444122867e-26	2.838157412435559e-22	4.3815528177325945e-27	1.6635145619323085e-15	1.2129934252548122e-24	6.5038821553863605e-25	1.0187643738749804e-10	2.940923936172521e-12	0.0221983900435055	2.298566159250309e-33	2.897922370654253e-29	1.8081183332831043e-26	7.499760160273903e-37	2.289099756492443e-21	1.8497400705066024e-17	1.781910194788972e-06	7.942309107189054e-14	3.3352852134548864e-20	5.237651595811666e-06	1.2478699904903104e-09	1.7413956385610665e-13	2.988484079294397e-10	1.0371861324426671e-06	4.7888695406553936e-08	5.258196240360374e-06	3.516891045620401e-26	3.901080393534573e-11	2.8190459913131593e-34	1.509043666031249e-36	4.1039213793551515e-09	4.4006024089336216e-14	1.546361007855676e-20	1.291529962564518e-44	2.110692303859361e-38	1.0168748204420323e-40	0.0	0.0
687.636420971143	25430425.33903315	3562670.507163417	476884.0423293096	26.40930503116652	117.4739861160851	3.172196263132185e-18	0.0521703641840837	0.0374874261812701	4.66214837802843e-14	1.7885240493822007e-26	3.5297757530648806e-40	1.0572290379266171e-47	8.412200723635918e-30	8.25365574863814e-18	7.149423599567183e-07	3.9175449577304623e-57	5.432328167026063e-22	1.2072249602651923e-41	3.46968840796261e-31	3.8941723205329604e-19	1.0767490606811515e-24	1.2006502125420365e-15	0.000148860015048	5.265461565783234e-05	1.0305073422283305e-18	1.1615683180742979e-10	2.5175718036049843e-16	1.5558004196537747e-20	1.5329318431624784e-10	3.632459317956667e-23	1.0423119923133366e-14	2.047412245488429e-18	6.159475857901584e-30	1.7881692838360091e-26	1.4747682819363652e-19	8.928315642798479e-27	6.102031124832187e-09	1.5185424411367814e-17	3.9893241162960437e-16	0.8870255201844561	0.000864433171148	7.116918190763656e-20	9.744323008233842e-20	2.553821189470981e-21	1.00737627619814e-16	1.2015240587049269e-19	2.2229881541929752e-17	8.5982436311105e-10	6.116742131688186e-29	4.1816554973478064e-16	2.511078170508342e-28	3.9427587117505497e-22	4.54360212449733e-12	4.564019405906632e-15	5.0034830176186415e-17	2.3179991589905806e-25	9.971537600570633e-24	4.139594749699394e-26	8.706309546873655e-24	1.1084730866500164e-27	3.2209774104311624e-15	4.6765417703602384e-23	2.3666426116674214e-25	7.658427809474075e-10	2.490668169214249e-12	0.0222448314061159	2.069619901171846e-32	1.0876718638398924e-32	2.189734152843017e-26	6.49464431677585e-34	4.95000002523618e-21	3.1069928485282733e-16	1.574515212344257e-07	1.364982065463846e-13	1.8914463698117588e-17	4.66379842178636e-06	2.398927935254653e-09	2.514286865026137e-14	1.4529210339910795e-09	3.590584424748248e-07	3.826137661771634e-12	8.617251345065943e-16	1.0678887489905305e-21	1.1098157416584632e-11	1.4590414961955506e-34	2.9061831953692665e-36	3.119782911243637e-09	5.056962579507131e-13	5.457309286151473e-19	1.9930242487264568e-41	1.817754357188024e-33	3.9664267694558083e-38	0.0	0.0
860.4504571151438	47318963.66927277	2962637.9713451862	606473.6770487912	26.407930295774957	174.67618564149095	6.131242008799926e-16	0.0522597939619233	0.0374697005527402	1.0148751150050412e-12	1.2608259215153472e-26	1.1636589659983319e-34	5.802983077904138e-39	7.637161345240083e-27	2.1192689377230028e-16	6.859614609987222e-07	5.188780405828909e-51	4.252108902042005e-21	1.375875614081216e-37	2.598952925153192e-28	1.6628069616501814e-17	2.1088237798372028e-23	1.817746208863945e-15	0.0001341956184253	6.912438598032422e-05	7.710466235552275e-18	2.0489523306858647e-10	7.738927108360756e-16	4.630576067186391e-20	1.6996220627673715e-10	2.9963964437770584e-22	3.1596354436430163e-19	2.062801962348401e-17	4.809160992579463e-27	5.193301341155656e-26	5.405556651431798e-21	7.154345089711895e-24	1.121279294130901e-08	2.30798041125964e-17	1.533826223245192e-14	0.8870056003143142	0.0008118730998725	7.245642777544704e-19	1.063960141490071e-17	3.1606844416988218e-22	1.299022876072342e-17	2.8882123057419215e-21	2.494535727011981e-17	1.3195569586552482e-09	9.405624751914204e-30	6.073229546160568e-18	3.3291878137271754e-28	2.3675873590487402e-21	7.021485383596919e-12	6.18994221630541e-15	1.4580436728911584e-16	8.447776820124035e-26	1.0241687802432309e-21	3.688935664159455e-28	6.99429130062502e-24	2.268386300920289e-27	5.682850747859686e-15	5.9132338014547385e-22	4.138259762537081e-25	2.446427250925193e-09	1.8632663591494283e-14	0.0222461286930085	5.236669423342152e-32	3.006098114520366e-38	1.719601257141209e-26	1.070364984692573e-31	1.0170407664367892e-20	1.1648308270874396e-15	5.9661357377954105e-09	8.108103147095111e-14	4.7387990396633116e-15	2.869115970567859e-06	4.2351251372909205e-09	4.907702742768673e-15	2.259371061745698e-09	4.5957963400338127e-10	1.5514102151023972e-16	1.1039335582774815e-27	2.6385791460502968e-17	1.1051829050958169e-12	5.139012229327144e-35	4.6276728288421955e-34	7.937415168173069e-12	5.237171973850084e-12	8.790078874829479e-18	2.3456425461388766e-38	6.870026948898073e-30	3.493152243659158e-36	0.0	0.0
1085.9065710318246	88047458.62025307	2207090.11412196	698996.667967973	26.404520018643183	257.509123784845	1.6810694795452786e-12	0.05246390137638	0.0374473447158123	4.6040866471315503e-10	1.3071669789213968e-20	9.805305820884019e-29	7.967576643146533e-32	4.1699793354491963e-22	1.0217428226059029e-13	6.261261081156671e-07	5.963671669855119e-41	2.036154178890621e-18	9.349212422708171e-31	1.3079325466063284e-23	8.238380094431104e-16	8.838205206090626e-21	2.647383679229487e-15	0.0001174089541814	8.658010947133677e-05	2.1066542483498947e-16	2.8609861039788435e-10	7.105084764602498e-14	3.2456480132575986e-18	2.576138672800281e-11	6.256005552451682e-20	4.9799657050321656e-21	1.059632202353572e-15	1.6709317645544782e-23	3.7016137406961276e-21	3.1978499699362456e-17	6.037235685864356e-20	1.7945290299483132e-08	2.4018497474366745e-14	9.7065851029575e-12	0.8869551938825248	0.0006834780352102	5.201721601207384e-16	1.951667003845686e-14	1.5130725932557108e-18	2.484976506937947e-15	1.2376166846654729e-17	9.986850863097917e-16	3.554382625922114e-09	1.0790909433759856e-24	9.439800822541506e-18	7.1665747425808095e-31	2.24342496389127e-18	4.847438760941073e-12	5.3548475898917843e-14	3.8735290889912143e-16	1.0767730114110108e-21	3.120076268091939e-18	1.2175718508651434e-23	1.9356905903627856e-19	3.372357779691183e-26	1.336110420637639e-14	2.4992395155084973e-19	2.077107095417077e-23	2.2335948982660549e-07	7.922234142076606e-12	0.0222422903718555	4.75177269481689e-29	3.99993716470784e-34	1.6880534165607706e-25	2.6588434459174303e-28	1.9428903875704114e-20	4.300532883943262e-12	5.657159107582036e-07	7.117414278649909e-11	3.7357150134448737e-13	2.2217134062796026e-06	6.749755055821155e-09	1.1126669247864872e-12	1.3468871538058426e-07	1.3325182015065934e-09	8.465072807889127e-14	4.039184244321437e-24	2.9899231991395907e-15	3.2073490344105873e-10	1.3828903916365368e-36	2.742019953282902e-30	1.2559658114995978e-10	4.8884646942431393e-11	4.176972121221806e-15	5.883816803408317e-30	2.8346531706300158e-24	4.811101886392817e-28	0.0	0.0
1385.817799838991	163831884.05538332	1245406.2188874085	573958.8396892711	26.39379131708521	375.3047394646241	1.141219647066074e-09	0.0530289120714174	0.0374669827099388	7.19192983132145e-08	1.182664353909989e-15	5.892075540857735e-23	1.3548978948303152e-25	1.0025756047137204e-17	8.901481535324958e-12	3.236420064660791e-07	8.14193523244489e-32	2.437025652610051e-15	2.885142960058073e-24	9.929582998271012e-20	2.0996785601392523e-14	1.402580231128072e-18	4.098046677646154e-15	0.0001526550973956	5.104178212492608e-05	5.675593540324996e-15	6.127079793741034e-10	4.6437609603795376e-12	1.9807091198166232e-16	9.922416920659542e-12	4.689373320966806e-18	3.997361873858648e-16	2.4034331370137502e-14	6.914935354003318e-20	3.306138575630302e-16	1.5093796489846054e-13	1.1460628125232167e-16	3.0328470672878496e-08	5.545364762666274e-11	9.97987190607485e-10	0.8867834019913015	0.0003059928901415	1.0716402254444317e-13	1.0391206840114736e-11	3.719142222383543e-16	5.5074458585509683e-14	4.6000399773774607e-14	2.5689614012775276e-14	6.422762694380986e-09	2.4319016422481014e-19	2.7841639479307468e-14	1.5537659301569642e-29	3.222398123404591e-16	4.226371944303177e-12	1.63679910239957e-13	8.101028187406829e-16	2.224252647393299e-17	1.8264124804897004e-15	1.648821564364333e-18	9.83345551722729e-16	9.295437177652938e-23	1.9704398265905202e-14	2.600092922981944e-17	9.3283009886065e-22	8.945579237467371e-06	2.2982075119789696e-09	0.0221722326144465	3.2183200961470444e-24	5.824421532143302e-28	2.8248839843426056e-22	7.8890917297545e-31	1.6162956604653802e-25	3.578844939107761e-09	2.259329592940552e-05	3.054574915013487e-08	2.5286928766604022e-11	2.704527637754033e-06	1.8824363638950185e-08	8.424520656686423e-10	3.828226266216617e-06	1.5872579679219197e-07	1.542684430125869e-11	7.743984480307878e-21	2.828522118400206e-13	3.5670352489055384e-08	2.549092916051411e-34	1.7476743394919043e-31	2.335444649994341e-08	1.739271211454334e-10	3.738808800441325e-13	4.945375479540374e-23	1.6668633428720437e-19	9.816904788270883e-21	0.0	0.0
1800.5041547	304845666.8	0.0	164184.0316853127	26.37539146890656	537.1242897078484	2.511543963713065e-07	0.054210765947589	0.0374396180293089	4.802077970032904e-06	1.4964529555295153e-11	9.120048606461857e-19	1.822220422983137e-20	3.146783426733565e-15	2.7325096722206508e-11	1.520866253985032e-08	1.4551160236386763e-26	4.5098049534065695e-15	3.51557466727409e-21	8.898093854056116e-19	1.7623870380349297e-15	5.74632988556674e-19	3.812126188327945e-17	0.0001725196263465	3.118663909550692e-05	9.434860914634965e-14	1.203558345706114e-09	1.4702139701746972e-10	7.007529030652702e-15	5.109151795674896e-12	1.381870344836742e-17	4.570417379258813e-12	2.4001034736799492e-14	4.97929800041502e-18	1.9887670568630724e-12	1.0650111997455004e-10	4.06500969693933e-14	3.3353230275688176e-08	2.059894005489433e-08	3.0488969254352496e-08	0.8862648279332254	0.0001063522789557	1.0558633626829564e-11	2.0765946063709587e-09	4.5892775180686665e-14	3.5021507201806375e-13	2.7369846907493895e-11	2.895897689753226e-13	6.653367464705321e-09	4.2381996319796206e-15	2.1984478275895435e-11	6.694928056944967e-29	1.074100649625777e-15	3.001921618424475e-12	2.3316820473384644e-14	1.267689178028937e-16	5.68757912484892e-14	2.2423831143207938e-13	3.0574391516755214e-14	1.2586098053103413e-12	2.46344868777947e-22	1.5560803584909369e-15	6.701499981944365e-17	8.706262910507665e-23	0.0001745661590563	2.3814766042545682e-07	0.0211286599362235	1.3671394710919624e-23	2.8860419242029355e-26	5.875785698912481e-23	2.7902780628990808e-39	4.584333579746184e-36	8.423535702112878e-07	0.0003942503887613	4.12899765145335e-06	7.498481733149154e-10	2.835457232147859e-06	3.818671370318157e-08	1.1565962896441117e-07	5.350971201434614e-05	7.513691658427145e-06	8.81400501047199e-10	3.262210603186858e-18	1.1717936514124592e-11	1.3780255078666128e-06	6.885853879458949e-33	8.606996283971281e-32	1.487959160109472e-06	3.7967930804727085e-11	1.1510300673313194e-12	2.7375014661777327e-17	1.0923923205117707e-16	7.852324318357412e-15	0.0	0.0
